DOE_ID,DOE_Type,Qf_train_m3h,T_RO_in_C,Cf_kg_m3,R_target,Qp_train_m3h,Recovery_actual,Recovery_error,Cp_mg_L,W_RO_train_kW,SEC_kWh_m3,P1_opt_gauge_MPa,P2_opt_gauge_MPa,Javg_LMH,Jfirst_stage1_LMH,Jfirst_stage2_LMH,Jmax_local_stage1_LMH,Jmax_local_stage2_LMH,CPFmax_stage1,CPFmax_stage2,dP_stage1_MPa,dP_stage2_MPa,Cb_max_kg_m3,Qf_PV_stage1_m3h,Qf_PV_stage2_m3h,Qb_PV_stage1_m3h,Qb_PV_stage2_m3h,Qhpp_m3h,PXout_gauge_MPa,PX_excess_pressure_MPa,PX_booster_deltaP_MPa,PX_leakage_pct,PX_mix_pct,PX_iterations,PhysicalFeasible,RecoveryTargetMet,DatasetValid,FeasibilityMarginScaled,MaxConstraintViolationScaled,ExitFlag,FminconIterations,FminconFunctionCount,LocalStartsAttempted,OptimizerMethod,AnalyticScreenPassed,AnalyticRmax,AnalyticJavgTarget_LMH,RootEvalCountCoarse,RootEvalCountFinal,HybridSeedRankUsed,HybridSeedP1_N30_MPa,HybridSeedP2_N30_MPa,HybridN150SeedTrials,Runtime_s,FailureReason,ErrorMessage
1,ExternalVerification,61.7850809697701,27.8805858638692,38.8160938567939,0.472761877257086,29.2096308654594,0.472761877252389,-4.69779770639889e-12,485.584778603043,95.535280289078,3.2706774258503,6.72899620730194,6.3748220692143,19.1513446534614,34.0579194651395,13.7216296589532,36.4246561847957,15.1691737994846,1.14153775803049,1.07197724739178,0.354174138087718,0.242561448281655,75.2028585050033,12.357016193954,9.65348225222976,7.72278580178381,8.14386252607769,29.5847612352249,6.08351577729947,0,0.645480430002467,1.15157386487146,5.60699428936879,5,0,1,0,-0.0119261088220506,0.0119261088220506,-2,3,10,1,root_seeded_fmincon,1,0.493711419022415,19.1513446536517,34,9,1,6.68542110565532,6.37050696152982,3,38.1441703,Stage1_dP_max,
2,ExternalVerification,58.7974371005889,34.4390408455076,39.8989348377431,0.441569635733629,26.3045259250874,0.447375382707352,0.0058057469737226,500.177734111065,94.5129742013175,3.59303089021565,5.32943467406775,6.57878870139436,17.2466076088955,24.3087521107065,24.3932025224467,26.3881976232429,27.0659444684435,1.08562135918145,1.09686632274604,0.35012046823396,0.251965659371083,73.6622100947593,11.7594874201178,10.7383997796927,8.59071982375418,8.12322779387536,26.68653230966,6.27198540161877,0.94255072755102,0,1.17566069260248,5.59889265524147,5,0,0,0,-0.000355468222130728,0.000355468222130728,-2,2,31,1,root_seeded_fmincon,1,0.518798122915029,17.0227923436782,47,12,1,5.12545002395159,6.61462609039498,4,72.2384119,Stage1_dP_max;Product_salinity_max;Recovery_target_mismatch,
3,ExternalVerification,60.0058862843138,40.1871394475422,40.0453448186944,0.420718696178931,25.8781035182125,0.431259416711212,0.0105407205322814,500.000404483961,89.6464744086638,3.46418254125819,5.11520398866275,6.20775541470673,16.9670230253163,25.3934233900345,24.1978102045697,27.862513449824,27.1891616784257,1.0747863921788,1.07970771229244,0.349999998832836,0.258334499481829,71.7938610286489,12.0011772568628,11.0388512957672,8.83108103661379,8.53194569152533,26.2633851319753,5.90648546381046,0.791281475147707,0,1.12893830930484,5.61461667005063,5,1,0,0,-8.0896792176155e-07,8.0896792176155e-07,-2,3,16,1,root_seeded_fmincon,1,0.508350128443551,16.5523198535259,47,9,1,5.13421792109725,6.02200604400167,3,51.2557196,Recovery_target_mismatch,
4,ExternalVerification,55.6120458393531,30.0222707728981,39.9314729913412,0.529867101824774,29.4669935554444,0.529867101824773,-1.22124532708767e-15,500.000000000001,109.793977713695,3.72599863325414,5.99417439006923,7.67567413110687,19.3200849432497,27.5999614481545,26.746552908272,29.7750133192816,29.8601164904177,1.11757837801725,1.14141638825577,0.307160513400978,0.192614244416581,86.9485065611762,11.1224091678706,9.33669851802733,7.46935881442186,6.53626307097715,29.8117952406792,7.3939122903571,1.39973790028787,0,1.31880281397226,5.55094770174926,5,1,1,1,-2.88657986402541e-15,2.88657986402541e-15,1,3,12,1,root_seeded_fmincon,1,0.548514256931261,19.3200849432497,32,3,1,5.91933746784197,7.68226410652299,3,35.3379547,,
5,ExternalVerification,62.0819056277058,35.9349624555982,41.3512137285483,0.400782553811581,28.3020167210609,0.45588189400601,0.0550993401944294,508.033409374792,89.5482934180118,3.16402517532875,6.14828994704911,6.42974995336129,18.5562658805802,33.2699219201368,16.9859587606522,36.1734211588839,19.1376945192567,1.10854791869379,1.06794754283191,0.350074816274795,0.248925742302125,77.5781147985912,12.4163811255412,10.2135763737624,8.17086109900991,8.44497222666122,28.6930479984695,6.13054997758731,0,0.0177399694617915,1.15758603732912,5.60497117495864,5,0,0,0,-0.016066818749584,0.016066818749584,-2,2,42,1,root_seeded_fmincon,1,0.491350896715818,16.3134963827442,52,12,1,5.97241598273785,5.66988073919877,4,85.2637207,Stage1_dP_max;Product_salinity_max;Recovery_target_mismatch,
6,ExternalVerification,57.2892019197129,29.401660637079,40.3612972207679,0.474223538067099,27.257033584193,0.475779600183503,0.00155606211640441,500.005028662056,108.644458392685,3.98592378209824,5.4901044724841,7.35850648472016,17.8711208918129,22.3030469724775,27.9486201764469,24.0314573197109,30.7187362869784,1.0930801271665,1.1318465085512,0.350000351129994,0.241413942005693,78.6428384576394,11.4578403839426,10.5682485816401,8.45459886531205,7.50804208387999,27.6394920637137,7.03845269054381,1.54834821805971,0,1.27349605678805,5.56608580792503,5,0,0,0,-1.00573241110791e-05,1.00573241110791e-05,-2,3,24,1,root_seeded_fmincon,1,0.532456361370671,17.812672454371,42,9,1,5.93489265898658,6.93574400533507,3,56.0249143,Stage1_dP_max;Product_salinity_max;Recovery_target_mismatch,
7,ExternalVerification,56.7272538176182,32.5540364541043,38.6038221320647,0.494491955718835,28.0511706828328,0.494491955718836,1.66533453693773e-16,500,89.2031454948913,3.18001506972696,5.99558232815886,6.61071997865909,18.3917982447107,30.8549086905145,18.8917586276691,33.3567756707711,21.1719578057873,1.12001511369521,1.09227220188684,0.302204474524844,0.200917494290761,78.0587783914734,11.3454507635236,9.15481140812195,7.32384912649756,7.16902078369635,28.3912499728558,6.35239426102461,0.356811932865759,0,1.1859335475648,5.5954403328073,5,1,1,1,-2.22044604925031e-16,2.22044604925031e-16,1,3,12,1,root_seeded_fmincon,1,0.537730948479761,18.3917982447107,48,3,1,5.87132798571715,6.66086420418969,3,25.7370487,,
8,ExternalVerification,61.4705776610412,41.9941152025036,39.2901360963545,0.467124628342618,28.7144207439162,0.467124628342557,-6.11732886568461e-14,479.697613020839,87.1400280941485,3.03471307574997,5.69305955208637,6.13193330698078,18.826659286596,35.000000000001,18.3604477481467,38.4198757990975,21.0211634886303,1.09698702296547,1.06348791760601,0.325749809265457,0.228204308996649,75.3122746151142,12.2941155322082,10.0190534645546,8.01524277164365,8.18903922928127,29.0823646437952,5.86225798112474,0.169198429038374,0,1.12328164995044,5.61652285876961,5,1,1,1,-2.7203636169101e-14,2.7203636169101e-14,1,3,12,1,root_seeded_fmincon,1,0.496237405937586,18.8266592865984,49,12,1,5.09788718397133,6.48429608606165,4,46.4402493,,
9,ExternalVerification,58.4034559376538,42.2883021106527,41.0957126213186,0.451847730521265,26.3894690200275,0.451847730521264,-8.32667268468867e-16,500.000000000001,100.50823914923,3.80864954398862,4.90520031404822,6.63071280429902,17.3023006950089,22.6948375782576,31.1674373745804,25.1032097044022,35.2067101628632,1.06470170201536,1.09721764296196,0.339883430449577,0.243070267736775,76.518099039579,11.6806911875308,11.1512634705689,8.9210107764551,8.00349672940657,26.7682553585871,6.33091916011203,1.42571884606381,0,1.18319014602641,5.5963621139711,5,1,1,1,-2.66453525910038e-15,2.66453525910038e-15,1,4,15,1,root_seeded_fmincon,1,0.522297859095244,17.3023006950089,55,12,1,5.18598798043435,6.41855000096164,4,34.4714594,,
10,ExternalVerification,59.3593363942659,32.4257632108261,41.0581420419053,0.434361114534214,27.9388109496816,0.470672562174743,0.0363114476405288,503.495934606689,101.094186779227,3.61841407500485,5.80393325520863,7.0033596994792,18.3181293926577,26.9008414902832,23.9855978870284,29.1099575235049,26.6471780407906,1.10028158116436,1.10470849064712,0.35006480995713,0.242888323628518,79.2226476166647,11.8718672788532,10.4198588132289,8.33588705058315,7.85513136114606,28.3250780343744,6.6923846356511,0.88845138044247,0,1.22934635633031,5.58087048847815,5,0,0,0,-0.00699186921337835,0.00699186921337835,-2,2,39,1,root_seeded_fmincon,1,0.513887146537351,16.9049223145978,53,12,1,5.96096160307031,6.25901184886501,4,59.8281861,Stage1_dP_max;Product_salinity_max;Recovery_target_mismatch,
11,ExternalVerification,56.1448230058928,25.244499827518,38.5452212711605,0.535721247079148,30.077974597755,0.535721247079149,4.44089209850063e-16,499.999999999999,102.613044922046,3.41156764357747,6.76476619872153,7.44977961560629,19.7206757131884,31.6244133936588,19.7513947875322,33.7997630305249,21.8843766964193,1.15585890435592,1.12764215319999,0.302918058938801,0.186277381624231,84.9939885151632,11.2289646011786,8.65361406490942,6.92289125192754,6.51671210203447,30.4146596361254,7.18061947171532,0.415853272993795,0,1.29162157656698,5.56002548579506,5,1,1,1,1.4432899320127e-15,0,1,3,12,1,root_seeded_fmincon,1,0.543309220100282,19.7206757131884,28,3,1,6.67845553957942,7.46986042172186,2,19.155092,,
12,ExternalVerification,62.6889664433734,30.2388143307491,41.3991774753353,0.453193076385319,29.8590137152568,0.476304131481068,0.0231110550957486,502.18939247777,99.4937210870618,3.33211679514466,6.77290967545302,6.79036845594154,19.5771136344458,34.6111446717419,16.0101090406834,37.2435075027096,17.8322966670289,1.13277307547597,1.07738773880375,0.360961141029196,0.24710314034819,80.769496985922,12.5377932886747,9.92920539317502,7.94336431454001,8.20748818202916,30.253779532418,6.48175768306127,0,0.291151992391742,1.20245624607046,5.58989139062272,5,0,0,0,-0.0313175457977028,0.0313175457977028,-2,2,38,1,root_seeded_fmincon,1,0.486592804613457,18.6272000772938,33,6,1,5.97290967545302,6.98105854670784,2,55.8803106,Stage1_dP_max;Product_salinity_max;Recovery_target_mismatch,
13,ExternalVerification,57.8924873259976,36.7667390019492,40.3162406340521,0.406709929080076,25.5223916689282,0.440858440322479,0.0341485112424031,503.570673449852,99.3133993909198,3.89122620948676,4.92753656166467,6.65248545594311,16.7337999402886,20.7778164679546,28.8911164562636,22.7122357851027,32.0942135521559,1.06919145751789,1.10392077288575,0.350742974074593,0.255197269193348,73.5441730320196,11.5784974651995,11.159909413508,8.92792753080641,8.09252391426736,25.9057779925085,6.34026656766525,1.41273000600057,0,1.18438427751962,5.59596087101219,5,0,0,0,-0.00714134689970436,0.00714134689970436,-2,2,39,1,root_seeded_fmincon,1,0.526907745874337,15.4376143552489,47,9,1,4.35804935964522,6.58990519698491,3,53.8007764,Stage1_dP_max;Product_salinity_max;Recovery_target_mismatch,
14,ExternalVerification,60.5224703268973,40.8857489682532,39.1969481103581,0.498648543486848,30.1794416766573,0.498648543485593,-1.25505161818751e-12,469.174085724397,96.2830967828243,3.19035381152514,5.77057017016144,6.55805535004455,19.7872027777717,35.0000000000058,21.952519319302,38.3626108364892,25.1418314146022,1.10152265569758,1.08100598471857,0.316991539127416,0.210333961856104,79.9716115218128,12.1044940653795,9.75756159033159,7.80604927226528,7.58575716255999,30.5369577769095,6.29223477231641,0.521664602154967,0,1.17824790785773,5.59802302190535,5,1,1,1,-1.65860975747429e-13,1.65860975747429e-13,1,3,12,1,root_seeded_fmincon,1,0.504011152142999,19.7872027778215,52,12,1,5.09302817867103,6.94591080442303,4,46.9848339,,
15,ExternalVerification,56.5485510623711,33.2304585618162,40.1755552224634,0.400599409665935,25.280351957607,0.447055697850219,0.0464562881842838,506.438933636638,104.575121880703,4.1366165335066,4.88550409262955,6.95247936579881,16.5751061877833,18.5908083528263,30.2190693580187,20.209507626643,33.2757162629453,1.06969671363198,1.12098434838138,0.350518655779935,0.253016905559813,74.1201601046654,11.3097102124742,11.0991329707466,8.8793063765973,7.81704977619101,25.662384767008,6.63321208056306,1.74770798793351,0,1.22179345257759,5.58340305585003,5,0,0,0,-0.012877867273275,0.012877867273275,-2,2,40,1,root_seeded_fmincon,1,0.539430267034697,14.8526856628965,49,9,1,4.34822284759192,6.69153213600636,3,48.343052,Stage1_dP_max;Product_salinity_max;Recovery_target_mismatch,
16,ExternalVerification,61.8462050732648,35.3022365834376,40.2925533989267,0.482210463731365,29.8228872284039,0.482210463731362,-3.5527136788005e-15,487.025645595675,94.1839653204085,3.15811023255675,6.26939526077804,6.59346914932183,19.5534272412824,35,17.8095816942427,37.9692690329266,20.0822083968056,1.11682192969992,1.07527198165811,0.340607809805656,0.231684221974348,79.5334765326946,12.369241014653,9.8540661868631,7.88325294949048,8.00582946121521,30.2007588480841,6.3058621803739,0.0364669195958527,0,1.17998897400562,5.59743786557311,5,1,1,1,8.12048840868686e-16,0,1,3,12,1,root_seeded_fmincon,1,0.493223472060478,19.5534272412825,43,9,1,5.93365001253083,6.79684357566744,3,31.4064929,,
17,ExternalVerification,59.0906223949709,20.1292590319018,39.9508373722034,0.481637180761601,28.4529456936429,0.481513724859064,-0.000123455902536984,523.117471097862,99.846119268863,3.5091663388361,7.38401470680685,7.04443488857861,18.6552227207205,30.6190410126726,14.4692404509206,32.427743307221,15.7287837435515,1.1692770416982,1.09954576348662,0.350311126638363,0.235746951040164,78.7022022384676,11.8181244789942,9.32524758046178,7.46019806436942,7.65941917533201,28.8314176831996,6.73915628776971,0,0.64485841903714,1.23531556666726,5.57886962803683,5,0,0,0,-0.0462349421957247,0.0462349421957247,-2,3,40,1,root_seeded_fmincon,1,0.516224043065692,18.6600057564661,17,3,1,6.71196316546368,7.62221691104079,1,40.619243,Stage1_dP_max;Product_salinity_max;Recovery_target_mismatch,
18,ExternalVerification,59.6484877240915,35.0714137932696,39.953366131883,0.464631491212689,27.7145657998264,0.464631491212689,-5.55111512312578e-17,500,89.7901421000298,3.23981774596635,5.83622604317175,6.46999214889304,18.1711026749452,30.2333471942794,19.5888078172085,32.8177897504383,21.9611661489452,1.1042274604707,1.08150666040652,0.334575416741611,0.234224894546502,76.2010448166127,11.9296975448183,10.039858654804,8.03188692384321,7.98348048106628,28.0864005501993,6.18376962505717,0.347543581885416,0,1.1643879860881,5.60268303056127,5,1,1,1,1.11022302462516e-16,0,1,3,12,1,root_seeded_fmincon,1,0.511396033057845,18.1711026749452,52,12,1,5.92121082017458,6.37486919297734,4,43.0026619,,
19,ExternalVerification,55.2508046745171,43.843771383434,39.8890933822444,0.408507227221725,23.0499770638545,0.417188078972643,0.00868085175091748,500.023932877837,108.056464225184,4.68792068321104,3.84280831260827,6.46669855396311,15.1127570573397,10.4731805037672,40.8667973268509,11.7923981223686,45.4753657426456,1.02979485019878,1.11021664771452,0.349999365869935,0.262234528166027,69.7378622622079,11.0501609349034,12.2918815164063,9.83350521312506,8.05020690266565,23.4236717405196,6.1534473855779,2.31063907296962,0,1.16051264639368,5.60398658180898,5,0,0,0,-4.78657556739481e-05,4.78657556739481e-05,-2,3,27,1,root_seeded_fmincon,1,0.552100556357492,14.7982907286625,50,9,1,3.541457894061,6.51757079597338,3,42.0594625,Product_salinity_max;Recovery_target_mismatch,
20,ExternalVerification,62.5025253944967,30.8578008453744,39.8272612836916,0.415950408345026,27.8288389699519,0.44524343287419,0.0292930245291637,502.651708051998,90.2048456757049,3.24141606385747,6.45601360015518,6.09573349962665,18.2460260752373,33.4789447923183,12.6804264625328,35.9978683721206,14.1051924024962,1.12568364817336,1.05863216733186,0.361040206119204,0.259422922147599,73.2458622721615,12.5005050788993,10.0421886261442,8.03375090091534,8.66842160613618,28.2154281221975,5.7970095747969,0,0.659004025358284,1.11493524949191,5.61933642183453,5,0,0,0,-0.0315434460548672,0.0315434460548672,-2,2,39,1,root_seeded_fmincon,1,0.488044279930581,17.0456012066852,50,12,1,5.91570915555656,6.03140808176498,4,52.5528936,Stage1_dP_max;Product_salinity_max;Recovery_target_mismatch,
21,ExternalVerification,57.4669382448131,20.5742553192294,38.984690880745,0.471577646095852,27.688322663611,0.481813082605113,0.0102354365092608,507.8948520966,99.1321061617309,3.58028571705479,6.59816349173034,7.35324452534541,18.1538963176049,25.9574872598416,19.6770657566294,27.5010352580106,21.3077049199771,1.14310558818886,1.12959047014918,0.349999910572216,0.23689317944149,76.8409198076458,11.4933876489626,9.71868756558035,7.77495005246428,7.44465389530051,28.0675248338969,7.0377331062044,0.439569614474061,0,1.27340429662291,5.56611650225423,5,0,0,0,-0.0157897041932009,0.0157897041932009,-2,4,48,1,root_seeded_fmincon,1,0.530809556445323,17.7682425031633,23,6,1,6.68852188200383,7.01469145463701,2,45.9656768,Product_salinity_max;Recovery_target_mismatch,
22,ExternalVerification,60.888052707779,22.9458514109127,39.2420279577074,0.440630616175179,28.759112817764,0.472327682341691,0.031697066166512,500.064029419178,98.0557611159653,3.40955445104684,7.05724791225423,6.69483049815551,18.8559617215867,31.6529091836586,14.2952898422646,33.6193084642932,15.6090012143623,1.15524169292548,1.08693652525953,0.36242258600046,0.24776490688576,75.9494901247309,12.1776105415558,9.65797766100652,7.72638212880522,8.03223497250375,29.1416228578593,6.38850845076815,0,0.668739461486082,1.19054672019919,5.59389059482211,5,0,0,0,-0.0354931028584577,0.0354931028584577,-2,3,32,1,root_seeded_fmincon,1,0.500984982167164,17.5905718478465,36,9,1,6.69511544173666,6.35425271434654,3,36.6377595,Stage1_dP_max;Product_salinity_max;Recovery_target_mismatch,
23,ExternalVerification,57.1555010133976,27.4761297858177,40.1268818483652,0.480970700461806,27.4901213576598,0.480970700461815,8.60422844084496e-15,499.999999999996,109.044308472396,3.96667250223004,5.65378356519095,7.46114419805605,18.0239452908863,22.7766391787006,26.9996671681464,24.4523019790814,29.5858790131417,1.10102134756121,1.13690845661555,0.349516435043181,0.238931171336943,78.9812381389502,11.4311002026795,10.4020307179192,8.32162457433536,7.41634491393445,27.8717694253725,7.14052152799602,1.48673796280507,0,1.28650997270783,5.56173400715625,5,1,1,1,8.10462807976364e-15,0,1,3,12,1,root_seeded_fmincon,1,0.533701908987722,18.023945290886,37,9,1,5.92592789469664,7.19296390800836,3,17.9004455,,
24,ExternalVerification,61.2604078137558,31.2981987640419,39.434707169422,0.434590072925702,27.6284180454135,0.450999577564184,0.0164095046384819,500.821472123618,87.6311966650005,3.17177757050581,6.2713228055123,6.16754652727566,18.1146197517791,32.2772563066404,14.2509011843568,34.7417871335225,15.8494238304252,1.12153333838314,1.06576397249283,0.35036515521216,0.249621613188605,73.2989901779063,12.2520815627512,9.94893718446748,7.95914974757399,8.40799744208558,28.006791081883,5.87599837355873,0,0.395324431953561,1.12503910436398,5.61593057184219,5,0,0,0,-0.00164294424723677,0.00164294424723677,-2,2,35,1,root_seeded_fmincon,1,0.497939878114074,17.4555239307883,47,12,1,5.90145949077463,6.16550256624217,4,31.4870972,Stage1_dP_max;Product_salinity_max;Recovery_target_mismatch,
25,ExternalVerification,58.2917491387801,37.2702360503824,38.9026437413576,0.496449885629851,28.9389321931114,0.496449885629852,3.33066907387547e-16,493.693764142382,88.3448634989969,3.05280315491483,6.02227637360093,6.43059931703381,18.9738606039283,35,17.4088005322767,38.1502767367229,19.8281833077374,1.11655368213445,1.07514667676771,0.297654373387376,0.197970057693152,78.9898842081903,11.658349827756,9.0999593139128,7.27996745113024,7.33820423641718,29.2805988362719,6.18072986215361,0.158453488552687,0,1.16399950230637,5.60281369379666,5,1,1,1,6.09036630651514e-16,0,1,3,12,1,root_seeded_fmincon,1,0.52329875926997,18.9738606039283,56,3,1,5.88324214330437,6.48496593838667,4,24.0036008,,
26,ExternalVerification,59.4976066016715,43.2134469116241,41.018307312919,0.471052242316119,28.0264810021596,0.471052242316118,-3.33066907387547e-16,500,94.3445393270971,3.3662641884947,5.45572868157517,6.52996123802273,18.3756104131652,30.7022055443326,24.4808568582327,33.9400031647503,28.0877157083445,1.08477242057055,1.08095377181305,0.319913676080729,0.22266600788637,79.215557205724,11.8995213203343,10.268043330893,8.21443466471437,7.86778139987796,28.3957138273236,6.25306496295662,0.797336281381447,0,1.17324314949088,5.59970535879395,5,1,1,1,-4.44089209850063e-16,4.44089209850063e-16,1,4,15,1,root_seeded_fmincon,1,0.512692892072452,18.3756104131653,46,3,1,5.1824900525192,6.65875959657047,4,25.9638088,,
27,ExternalVerification,55.9477902104155,24.6129285738877,38.9965771993407,0.442731359619953,26.2087069499832,0.468449367730417,0.0257180081104644,501.804227742132,106.712607452855,4.07164716887813,5.47880761355923,7.40588958416616,17.1837837332698,20.3159177788996,26.4290241253537,21.7047691130607,28.6935486373977,1.09960385829449,1.14474717954357,0.350286733493141,0.244450220776965,74.8934145776921,11.1895580420831,10.4391713765461,8.35133710123688,7.43477081510808,26.5890657188647,7.08150884180878,1.60270122824954,0,1.27898619318758,5.5642495815764,5,0,0,0,-0.00360845548426325,0.00360845548426325,-2,2,38,1,root_seeded_fmincon,1,0.54522260638493,16.2403889506879,50,9,1,5.07873786077775,7.27812789726632,3,47.0147804,Stage1_dP_max;Product_salinity_max;Recovery_target_mismatch,
28,ExternalVerification,62.7761743192802,37.6004725028564,39.0341484835339,0.435608662295484,27.3458453192498,0.435608662295484,2.22044604925031e-16,490.47612936548,83.6132726090623,3.05762252484489,5.88916788309072,5.76960519957088,17.9293504584643,34.1076695980043,13.4089738766639,37.0671599687394,15.1400393627458,1.10453268331588,1.0503505643566,0.349999999999986,0.256665855484194,70.5384495052888,12.555234863856,10.2526890257338,8.20215122058701,8.8575822500076,27.7266865955871,5.48419983096805,0,0.404968052122675,1.07490189079793,5.63284789529368,5,1,1,1,3.90164091511126e-14,0,1,2,9,1,root_seeded_fmincon,1,0.485916835977553,17.9293504584643,52,12,1,5.88812521645573,5.7372446258803,4,28.9755304,,
29,ExternalVerification,58.0895413682893,37.3071498387733,40.603165614331,0.486476575736761,28.2592011709643,0.486476575736762,6.66133814775094e-16,499.999999999999,98.4738997083168,3.48466678560951,5.6255026106811,6.86148058134982,18.5281937916105,28.7741460674651,24.87582849421,31.4357441555888,28.1045301129894,1.09535491746969,1.09902572636728,0.319982646370709,0.216583294115466,80.8128197648226,11.6179082736579,9.99280516218598,7.99424412974878,7.45758504933125,28.6216512246569,6.58029697762224,0.954794366941131,0,1.21503828415961,5.58566894613617,5,1,1,1,1.33226762955019e-15,0,1,4,15,1,root_seeded_fmincon,1,0.525120344927563,18.5281937916105,52,3,1,5.16056516560845,7.13420616441826,4,24.5699133,,
30,ExternalVerification,60.1085468599429,40.3660014904049,41.4154318674587,0.476065620537558,28.6156126604896,0.476065620537558,1.66533453693773e-16,500,97.5598996571969,3.4093241621173,5.68148419857094,6.71552609600465,18.7618755969641,31.0825110059461,23.8267238524508,34.1522543711482,27.1470041966917,1.09200872625735,1.08518373305865,0.329640005758033,0.22740267548964,80.7669634850757,12.0217093719886,10.2552149278255,8.20417194226038,7.87323354986333,28.9921515287109,6.4283042667981,0.746820068227157,0,1.19562967945976,5.59218345185568,5,1,1,1,6.66133814775094e-16,0,1,4,15,1,root_seeded_fmincon,1,0.507481907208245,18.761875596964,53,12,1,5.20098007913404,6.98516607284071,4,34.1250601,,
31,ExternalVerification,61.6217798978268,39.4737602645559,41.0066502268233,0.436789023697703,27.183485332992,0.441134374535499,0.00434535083779575,513.698366479465,83.460761974161,3.07027450497183,5.83644957219649,6.12536096932572,17.8228988545712,32.9211576680703,16.4834499238809,36.0365352443994,18.7236983805356,1.09769644973809,1.05925176198771,0.34041253774121,0.248376313961624,74.8491702713693,12.3243559795654,10.2909586149345,8.23276689194763,8.60957364120869,27.5691841418129,5.83637314747919,0,7.64247172959642e-05,1.11997070033408,5.6176388364558,5,0,0,0,-0.02739673295893,0.02739673295893,0,6,90,1,root_seeded_fmincon,1,0.495019781164675,17.6473361395794,48,12,1,5.96062376642431,5.93863212845152,4,79.0140896,Product_salinity_max;Recovery_target_mismatch,
32,ExternalVerification,58.6568508083287,20.3906796009404,40.662086892878,0.514666651518346,30.1888666595848,0.514669066674446,2.41515609988863e-06,518.18936341833,107.378099496644,3.5568774643798,7.48092864922957,7.79161652635772,19.7933822840183,31.0352772736914,18.2423975842507,32.9155567112147,19.9086259482532,1.17180624019082,1.12881114770547,0.343382293169874,0.219024650942869,85.6976863061136,11.7313701616657,9.18326360750448,7.34661088600358,7.11699603718598,30.5674586441215,7.4809233138006,0,5.33542896796746e-06,1.32988687417636,5.54724949390473,5,0,1,0,-0.0363787268366609,0.0363787268366609,0,5,90,1,root_seeded_fmincon,1,0.520041556606526,19.793289400822,13,3,1,7.51463927153907,7.70958516012983,1,79.2529829,Product_salinity_max,
33,ExternalVerification,59.9505017062147,25.3349248030947,40.1195483751025,0.497466023370353,29.8233376828482,0.497466023370353,0,499.999999999999,100.145472349874,3.35795655787613,6.87378596007706,7.18241573902787,19.5537225825126,31.8048444298317,18.0560792394891,33.964132557759,19.8804161261153,1.14708855075921,1.10518583856133,0.347261303673337,0.228705957413966,81.6235097496894,11.9901003412429,9.52820007755179,7.62256006204143,7.53179100584163,30.2009121717659,6.87986633153489,0.00608037145782436,0,1.2532692709638,5.57285521093454,5,1,1,1,9.99200722162641e-16,0,1,3,12,1,root_seeded_fmincon,1,0.508819761834251,19.5537225825126,27,6,1,6.7168025287379,7.26684839803244,2,21.3204408,,
34,ExternalVerification,55.6634411092883,35.4993899815058,39.8569033133747,0.431794261914989,24.6166865547822,0.442241551442182,0.0104472895271929,500.282245968887,108.597382356894,4.41153532646324,4.46222779957848,6.92033448664125,16.1399728263717,15.3123296470719,34.4241816235437,16.7668967435361,37.9197203113329,1.05432811168368,1.12522274042888,0.350031582109073,0.2546706991175,72.8844734776949,11.1326882218577,11.4733534196875,9.17868273574997,7.76168863862655,24.9947146873659,6.60043463858587,2.13820683900739,0,1.21760917689544,5.58480649964726,5,0,0,0,-0.000564491937773415,0.000564491937773415,-2,2,31,1,root_seeded_fmincon,1,0.548007801747455,15.7586903156528,51,12,1,4.32962814777027,6.84165720137464,4,47.9829986,Stage1_dP_max;Product_salinity_max;Recovery_target_mismatch,
35,ExternalVerification,62.2014352769939,39.1264915665424,40.0873701739817,0.432266546014307,27.0522000218616,0.434912794236876,0.0026462482225687,501.282426013502,82.4758149805242,3.04876553159718,5.73556594449466,5.97080043914293,17.7368214148057,32.4167704876031,16.2428313564361,35.4000560634711,18.3807518159078,1.09598282224382,1.05776933721608,0.348683515422435,0.256414659355011,72.348912290135,12.4402870553988,10.4596953295552,8.36775626364419,8.78730881378308,27.4387857081618,5.67903716987709,0,0.0565287746175738,1.09984095953774,5.62442766364524,5,0,0,0,-0.00256485202700496,0.00256485202700496,-2,4,50,1,root_seeded_fmincon,1,0.490406690201928,17.6289008551788,51,12,1,5.92697298480152,5.75590675452273,4,48.5106415,Product_salinity_max;Recovery_target_mismatch,
36,ExternalVerification,57.4125989261006,20.0685167988228,41.2530706867013,0.505304448505802,29.0108395453467,0.505304412062731,-3.64430707833208e-08,539.669916619249,102.865339042962,3.54575533335304,7.41865822601205,7.7257191389936,19.0210067829443,29.8233914171893,17.5495059454488,31.6490788602154,19.143404635369,1.16999338783023,1.12606432921196,0.334631918636799,0.217185961479171,85.2490276366263,11.4825197852201,9.09266968595309,7.27413574876247,7.10043984518849,29.3862984232882,7.41866633644114,8.11042909809601e-06,0,1.32195640737629,5.54989529205601,5,0,1,0,-0.079339833238498,0.079339833238498,0,6,90,1,root_seeded_fmincon,1,0.531311951916053,19.0210081547588,19,14,2,7.52178643170953,7.58514417089854,2,88.6800452,Product_salinity_max,
37,ExternalVerification,60.7605303054347,32.8512090982882,40.0141123785189,0.464588064116013,28.2286270106292,0.464588226414876,1.62298863626287e-07,499.144137305503,88.7531958184939,3.14408475428417,6.16239523961775,6.45409723120732,18.5081477908663,31.9260708406748,17.1531931628608,34.4918184765054,19.1554579177239,1.11575762760101,1.07632365514911,0.344009331458885,0.240396376183679,76.3124817707089,12.1521060610869,9.96004868028421,7.96803894422737,8.13297582370135,28.6065358711224,6.16239450124517,0,7.38372574637935e-07,1.16165616585193,5.60360190897366,5,1,1,1,0.00171172538899467,0,2,5,79,1,root_seeded_fmincon,1,0.502036434617352,18.5081413252454,47,9,1,5.92295709156749,6.59896119666781,3,73.6051984,,
38,ExternalVerification,56.8671698410851,22.2791261599209,40.8409904660962,0.414899134906763,27.0616477518808,0.475874706399218,0.0609755714924544,518.667033235326,114.157378365721,4.21841934432048,5.96778844038746,7.90869920482892,17.7430158352222,21.4278337390124,26.0289461180676,22.8207907406485,28.2039018545773,1.11197091957543,1.15438076527601,0.361877474985185,0.249620874178931,79.5694709397122,11.373433968217,10.4308710109733,8.3446968087786,7.45138052230105,27.4612187620775,7.56499312183768,1.59720468145022,0,1.34059389733447,5.54367904471826,5,0,0,0,-0.0373340664706514,0.0373340664706514,-2,3,47,1,root_seeded_fmincon,1,0.536407914887328,15.4695381403502,36,9,1,5.16778844038746,7.47470657238794,3,54.2488007,Stage1_dP_max;Product_salinity_max;Recovery_target_mismatch,
39,ExternalVerification,61.3309337174255,31.6101983412504,40.1459110424728,0.409292103883373,27.8717606127829,0.454448659483949,0.0451565556005761,506.267418957756,89.0853644871158,3.19625895632364,6.32756186226787,6.30706137226661,18.2741677240906,32.4905051682587,14.8417321031369,35.0179047670382,16.5338312055627,1.12130062817865,1.06806116797471,0.350406838201128,0.248567571177294,75.10486904847,12.2661867434851,9.96159633787688,7.96927707030151,8.36479327616064,28.2540121027865,6.01208300534894,0,0.315478856918937,1.14244153257486,5.61006850886156,5,0,0,0,-0.0125348379155121,0.0125348379155121,-2,2,41,1,root_seeded_fmincon,1,0.497367285170373,16.4583444101343,51,12,1,5.92750497442109,5.86204793718166,4,54.1661892,Stage1_dP_max;Product_salinity_max;Recovery_target_mismatch,
40,ExternalVerification,58.6098470424348,36.6321822328387,38.6391530641033,0.455112229474976,26.6740581566698,0.455112229474976,5.55111512312578e-17,500,80.9390701645403,3.03437406071268,5.63943484362019,6.05808480765969,17.4888920513177,30.4475858262016,17.3416780736669,33.1133548891798,19.5141178796238,1.10179110993893,1.07017326613608,0.318684380817187,0.226532056603023,72.3688407492132,11.721969408487,9.79225558328463,7.8338044666277,7.98394722144124,27.0299334163246,5.79240530585145,0.152970462231261,0,1.11434623058082,5.61953502371781,5,1,1,1,-4.44089209850063e-16,4.44089209850063e-16,1,4,15,1,root_seeded_fmincon,1,0.520458618121191,17.4888920513177,48,3,1,5.06461491895348,6.44231887751409,4,26.4316184,,
41,ExternalVerification,59.1680819198174,24.8180853904788,38.6415681540009,0.43875351034421,27.3564392105321,0.462351293516741,0.0235977831725311,501.805771605584,88.7493368149761,3.24418452752462,6.43451944631497,6.5626125030585,17.9362963614818,28.7797984273522,16.1850685683755,30.6689901650375,17.6974453103892,1.13559062267386,1.09191878272341,0.350637588388586,0.244438737058272,73.3610757933126,11.8336163839635,9.78112082363499,7.82489665890799,7.95291067732134,27.7300955567102,6.26360502968768,0,0.170914416627298,1.17458991223083,5.59925260651713,5,0,0,0,-0.00361154321116852,0.00361154321116852,-2,2,38,1,root_seeded_fmincon,1,0.515548231584353,17.0208521129384,46,9,1,5.87111908990163,6.60055309569458,3,47.3394993,Stage1_dP_max;Product_salinity_max;Recovery_target_mismatch,
42,ExternalVerification,56.012728006971,42.1920452288288,40.4724187604708,0.45779026421025,25.6420815534481,0.45779026421025,9.43689570931383e-16,500,102.261197119079,3.98802245854832,4.6051489951432,6.69709308680423,16.8122748186783,19.2541171486869,34.5707214839443,21.3414498168978,38.9492556339763,1.05690878205683,1.10876985116228,0.326397188625585,0.231023064978443,76.1955166795937,11.2025456013942,11.0840050603669,8.86720404829349,7.59266161338071,26.0043728336336,6.40692822449408,1.80177922935088,0,1.19289946870203,5.59310035588535,5,1,1,1,-2.22044604925031e-16,2.22044604925031e-16,1,3,12,1,root_seeded_fmincon,1,0.544590508003889,16.8122748186783,54,3,1,4.36950708253888,6.81160111223545,4,27.4933437,,
43,ExternalVerification,62.6187465937924,23.7793534573634,38.8894000413735,0.444561974360968,27.8379903683104,0.44456320004128,1.22568031218906e-06,492.047251909103,94.1427004706563,3.3818066327742,6.74186370633936,6.3539162620868,18.2520262052914,30.3841234453235,13.9571605046451,32.2748845990937,15.2106722483589,1.14066067135909,1.07748986481951,0.387953432592548,0.277361850836287,71.4262634436251,12.5237493187585,10.2910956465353,8.23287651722822,8.69518905637052,28.2361178369328,6.02957094162254,0,0.712292764716818,1.14467743611281,5.60931570652251,5,0,1,0,-0.108438378835851,0.108438378835851,-2,2,15,1,root_seeded_fmincon,1,0.487138463468126,18.2519758836517,34,9,1,6.68664291212126,6.36420844655385,3,16.1485391,Stage1_dP_max,
44,ExternalVerification,57.720164966334,42.4465232636947,39.3981116739599,0.411366487114038,23.9577477027321,0.415067207737638,0.00370072062359972,500.047967680439,94.5394981131462,3.94609290014207,4.39556014169932,6.16948120172786,15.707938436095,17.9126018363056,31.3736729530511,19.8420724586444,35.0588937672435,1.05094446145161,1.09168277749106,0.350024143651973,0.263940458602191,68.6230673711319,11.5440329932668,11.7051753470615,9.36414027764922,8.44060431590048,24.3370704675264,5.8640115631445,1.46845142144518,0,1.12350594399896,5.61644726562286,5,0,0,0,-9.5935360877597e-05,9.5935360877597e-05,-2,2,26,1,root_seeded_fmincon,1,0.528480818060583,15.5678871609255,46,9,1,4.30410614156143,6.15726160002057,3,39.2740335,Stage1_dP_max;Product_salinity_max;Recovery_target_mismatch,
45,ExternalVerification,60.4435945269775,26.4474287568438,41.3640729259511,0.43641117705758,28.9811836108892,0.479474853169994,0.0430636761124142,515.603590606454,97.7306343896486,3.37220990356405,6.77079750872568,7.09283101357452,19.0015628185741,31.0439613433744,17.7813552678879,33.2383605859164,19.603953619048,1.13761362254597,1.09721665361652,0.355572699817282,0.241895938111879,81.1843745378213,12.0887189053955,9.82596267632248,7.86077014105798,7.86560272902209,29.3714892162394,6.78014204961838,0.00934454089269821,0,1.24054576234227,5.57711697500549,5,0,0,0,-0.0312071812129082,0.0312071812129082,-2,3,48,1,root_seeded_fmincon,1,0.504668860922646,17.2949516346114,33,6,1,5.97079750872568,6.93675430239289,2,48.6680225,Stage1_dP_max;Product_salinity_max;Recovery_target_mismatch,
46,ExternalVerification,56.680876553084,21.6242662309536,39.2721899311124,0.4931545341936,27.9524312742211,0.4931545341936,1.11022302462516e-16,500.676155188209,110.779688201204,3.96315036479025,6.17973352368248,7.80388653278064,18.3270595818392,23.5086502917111,24.50995309152,24.9682085025488,26.5707398606163,1.12615949754717,1.15422234982147,0.350000000000007,0.233946412593355,79.180847630844,11.3361753106168,9.9863552942823,7.98908423542584,7.18211131971573,28.3343927853031,7.47834594351133,1.29861241982885,0,1.32955858687919,5.54735899763163,5,0,1,0,-0.00135231037641814,0.00135231037641814,-2,4,13,1,root_seeded_fmincon,1,0.538170929156887,18.3270595818392,29,6,1,5.89349898345842,8.01728364415735,2,17.8144307,Product_salinity_max,
47,ExternalVerification,62.0235125186502,29.8295535450704,40.2004971490177,0.417812867489451,28.5006962220417,0.459514385185322,0.0417015176958713,505.465790444117,93.5191507261238,3.28129355148169,6.6676564625873,6.3146573827423,18.6865304366914,34.2091451952896,13.0094395088871,36.7498372225606,14.4647696651431,1.13380285838137,1.06368788858395,0.35434690003951,0.248831840412922,75.9301697637828,12.40470250373,9.79199178958305,7.83359343166644,8.38070407415213,28.8839790747039,6.01918217308012,0,0.648474289507178,1.14334920214038,5.60976289710174,5,0,0,0,-0.0124197143986003,0.0124197143986003,-2,2,41,1,root_seeded_fmincon,1,0.491813487519392,16.9907039189517,48,20,1,5.9291168478307,6.18666622346333,4,79.3734565,Stage1_dP_max;Product_salinity_max;Recovery_target_mismatch,
48,ExternalVerification,58.9715269943347,29.5354664746103,38.6870910704122,0.506822840399553,29.8881167407389,0.506822839157789,-1.24176358085037e-09,486.779051539194,94.7646124301721,3.17064515145592,6.54218032232852,6.8133570567622,19.5961950830966,33.6887628308564,17.3893255568268,36.1880074406179,19.3786199494629,1.13908967829122,1.09290659101904,0.320457748918361,0.207770414197825,80.2378349345504,11.7943053988669,9.13238916080677,7.30591132864542,7.27085256339893,30.2400759196027,6.54217958543384,0,7.36894688380119e-07,1.21017162634947,5.58730184725009,5,1,1,1,0.0201902458451716,0,0,10,90,1,root_seeded_fmincon,1,0.517266578546126,19.5961951311091,37,3,1,5.8737542198203,7.2838390131038,3,45.6340023,,
49,ExternalVerification,59.7751422741955,44.4761257150047,38.5965114572716,0.486981933906639,29.1094143842319,0.486981933906633,-5.82867087928207e-15,471.561819967182,89.5508539474655,3.07635367601122,5.49296883457693,6.22636205513489,19.085637545392,35.0000000000013,21.2552928079879,38.6389125271252,24.5708671225795,1.09297904873344,1.07130668320569,0.303764979469428,0.206121616920785,76.9122745202358,11.9550284548391,9.72324292497474,7.7785943399798,7.66643197249092,29.4583001386988,5.97504520922903,0.482076374652099,0,1.13770576625091,5.61166326284001,5,1,1,1,-3.71512344697424e-14,3.71512344697424e-14,1,3,12,1,root_seeded_fmincon,1,0.510312461659641,19.0856375453922,46,3,1,5.06468761777482,6.44422130397662,4,24.5369629,,
50,ExternalVerification,55.4424509813571,21.1960812326927,39.99286842963,0.526126694560246,29.1697533037673,0.52612669150532,-3.05492620089609e-09,513.269973641937,116.950134096509,4.00929458945424,6.55524003331718,8.3,19.125198861636,25.3449345042393,25.1135962309174,26.9342533811238,27.3986017189553,1.14180933511113,1.17221154992563,0.327999480040421,0.207068827942125,86.351813356371,11.0884901962714,9.38215757433006,7.50572605946405,6.56817441939747,29.5360748093573,7.98699854458555,1.43175851126837,0,1.39430487910077,5.52579721673347,5,0,1,0,-0.0265399472838737,0.0265399472838737,-2,3,10,1,root_seeded_fmincon,1,0.550192126431372,19.1251989726855,15,6,1,6.71313568055292,8.1116760664811,2,15.5784004,Product_salinity_max,
51,ExternalVerification,62.3279082065592,34.7679840583421,39.9142822266121,0.485965868366283,30.2892360350547,0.485965868366287,3.77475828372553e-15,476.88957097139,96.1954159405877,3.17589442761968,6.27775186955857,6.6331627425607,19.8591896374605,35.0000000000001,18.4161447852519,37.9014280279126,20.7146780573878,1.11766775801078,1.07842647867178,0.346602478549923,0.234018635461309,79.3805650506669,12.4655816413118,9.93113330181109,7.94490664144887,8.00966804287611,30.668770643975,6.34206512904122,0.0643132594826517,0,1.1846140404589,5.59588367056944,5,1,1,1,-2.63915873282323e-15,2.63915873282323e-15,1,3,12,1,root_seeded_fmincon,1,0.489411579463048,19.8591896374603,45,9,1,5.91971821211878,6.85438876399503,3,28.0389188,,
52,ExternalVerification,57.569258221017,34.280058189258,41.1984044145273,0.417070680986027,26.563350649656,0.461415544867284,0.0443448638812573,506.246703253336,107.070330807447,4.03075395945329,5.16706886551907,7.1161011050492,17.4163064841699,21.2346213584896,30.0612651658329,23.1186103197778,33.3277342167106,1.07646963931512,1.1190410990013,0.349984848939561,0.247047654858068,78.0918976835442,11.5138516442034,10.9547388206384,8.76379105651075,7.75147689284025,26.9486886016037,6.79772079276143,1.63065192724236,0,1.24278881713366,5.57636546195166,5,0,0,0,-0.0124934065066715,0.0124934065066715,-2,2,41,1,root_seeded_fmincon,1,0.52986612894838,15.7424926108707,53,12,1,5.18864153205759,6.40850033927445,4,55.1855969,Product_salinity_max;Recovery_target_mismatch,
53,ExternalVerification,60.9625975406585,20.8178103137496,38.6586004029519,0.423955022220918,26.8460321011236,0.440368901328703,0.0164138791077846,501.503548306662,91.5541267035267,3.41034110212864,6.67092034173858,6.59233879022176,17.601647063417,27.1567975133978,15.4758018247011,28.7284247779261,16.7135591837786,1.14069479505631,1.09371917909615,0.387498615025844,0.278934126493961,70.4429466214847,12.1925195081317,10.3421721663815,8.2737377331052,8.5291413598837,27.2465604079036,6.2589842754304,0,0.411936066308185,1.1739994973695,5.59945108737271,5,0,0,0,-0.107138900073841,0.107138900073841,-2,2,37,1,root_seeded_fmincon,1,0.500372379632538,16.9455805107492,32,6,1,5.87092034173858,7.02266885165789,2,40.8473896,Stage1_dP_max;Product_salinity_max;Recovery_target_mismatch,
54,ExternalVerification,56.9602784476517,28.8850760459189,40.6567396144234,0.505902821696979,28.8163655913127,0.50590282169698,3.33066907387547e-16,499.999999999999,112.510485486049,3.90439540786391,5.86732060422929,7.68401310760837,18.8934996009131,25.1668965983323,27.6714444485345,27.0939314919203,30.5954434693615,1.10799330211421,1.14084266206711,0.33483026830912,0.219480929907453,84.1561268659522,11.3920556895303,10.0129477429806,8.01035819438446,7.03597821408477,29.1868827605467,7.37590870971847,1.50858810548918,0,1.31650908359937,5.55171326495146,5,1,1,1,1.11022302462516e-15,0,1,3,12,1,root_seeded_fmincon,1,0.535531089933736,18.8934996009131,36,9,1,5.94555705933971,7.57723408210133,3,23.8675586,,
55,ExternalVerification,61.1354287500361,44.7207811957455,38.5095039888823,0.45156075538315,27.6063603870391,0.451560755383151,1.49880108324396e-15,481.298842262118,80.0902991751069,2.90115386643682,5.45614051340489,5.77852389312187,18.1001576101751,35,16.7916128130619,38.6007503568259,19.344481231868,1.09033098718584,1.05365822900872,0.317651139469693,0.228675768628896,71.6673170471293,12.2270857500072,10.0349146777224,8.02793174217796,8.38226709074924,27.9682970229125,5.51989034946579,0.0637498360608975,0,1.07947119781223,5.63130436846064,5,1,1,1,-8.12048840868686e-16,8.12048840868686e-16,1,3,12,1,root_seeded_fmincon,1,0.498957815847198,18.1001576101751,48,3,1,5.06050034507051,5.99881235742107,3,17.1640983,,
56,ExternalVerification,58.1743337005043,26.0842104272508,39.7813034880388,0.409644066711564,24.7726797906302,0.425835213139975,0.0161911464284103,540.899266335103,79.6870732357172,3.21673205762168,6.0740703834596,6.27354947316859,16.2422500594219,25.8973021872771,15.3331874012993,27.6994995556401,16.7798847730503,1.11862023530835,1.08106908962903,0.350036779192685,0.258840966537343,70.5938593831822,11.6348667401009,10.0800896797376,8.06407174379008,8.35041347746849,25.1524635809138,5.96968935801373,0,0.104381025445869,1.13702091312095,5.611893916098,5,0,0,0,-0.0817985326702051,0.0817985326702051,-2,3,44,1,root_seeded_fmincon,1,0.524354952770788,15.6246857037177,49,20,1,5.91302064047893,6.10620820643079,4,97.040904,Stage1_dP_max;Product_salinity_max;Recovery_target_mismatch,
57,ExternalVerification,59.4505860546576,44.5853913492981,41.1746315240991,0.50834211074154,30.2212363998333,0.508342110741323,-2.17270645919143e-13,490.492613339442,101.780283574415,3.36783982719437,5.71317444763958,6.88934954918581,19.8146055598173,35.0000000000016,25.7570958203226,38.8295686155217,30.0071004640127,1.0938500287903,1.08781218349244,0.302465554047847,0.198093884078765,85.6949227593606,11.8901172109315,9.73405703781427,7.78724563025142,7.30733741370608,30.5780617095928,6.62525299940513,0.912078551765547,0,1.22077745134025,5.58374380478789,5,1,1,1,-4.66928083499494e-14,4.66928083499494e-14,1,3,12,1,root_seeded_fmincon,1,0.513098390181642,19.8146055598258,54,3,1,5.19050223886345,7.13218384063661,4,28.6554344,,
58,ExternalVerification,55.8134444171456,24.0681599930344,39.255517631075,0.513112711319062,28.6385877929369,0.513112711319054,-8.10462807976364e-15,499.999999999998,110.10865925856,3.84476567261868,6.15558616424955,7.78266324035093,18.77693928202,25.1510669024614,25.0929074608807,26.8353383246106,27.4727240109736,1.12733828500234,1.15327535078821,0.328204138424945,0.211943019763632,82.4635616391805,11.1626888834291,9.57805160865344,7.66244128692275,6.79371415605219,28.9999196771624,7.47910415937198,1.32351799512242,0,1.32965516330871,5.54732678334626,5,1,1,1,4.32986979603811e-15,0,1,3,12,1,root_seeded_fmincon,1,0.546534984868795,18.7769392820203,28,3,1,5.89339979578302,7.95511283805799,2,19.863884,,
59,ExternalVerification,62.910520065806,37.449368755976,39.340261517533,0.475512564706143,29.9147427434887,0.475512564706144,5.55111512312578e-16,467.949186938242,92.8676899951702,3.10441212185867,6.00877723425658,6.37392849848384,19.6136524675379,35,18.4994766816366,38.0421313828129,20.8971733666784,1.10775967205448,1.07136550994062,0.348574036629982,0.239788072225096,76.6506764563957,12.5821040131612,10.1568010888065,8.12544087104518,8.24894433057931,30.2947902793835,6.08533627637143,0.0765590421148534,0,1.15180658477083,5.60691596711332,5,1,1,1,-1.01506105108586e-15,1.01506105108586e-15,1,3,12,1,root_seeded_fmincon,1,0.484879158018278,19.6136524675378,51,12,1,5.89929658498979,6.4145751248059,4,33.8163064,,
60,ExternalVerification,58.0239719286593,41.1303886981866,38.8712245594432,0.433962127653547,25.1802063130707,0.433962127653548,1.66533453693773e-16,500,84.5325529962982,3.35710327172413,4.93999241705972,6.01845589148378,16.5094455239121,24.8622798301211,23.759424442562,27.325641665493,26.7711884217765,1.0733944994194,1.07865552548362,0.327317682543887,0.240518845346222,70.0209142227819,11.6047943857319,10.6530450893819,8.52243607150556,8.21094140389715,25.5440195314314,5.74052382392367,0.800531406863953,0,1.10770860631183,5.6217734612082,5,1,1,1,5.55111512312578e-16,0,1,3,12,1,root_seeded_fmincon,1,0.525713752197192,16.5094455239121,49,9,1,5.0771899485355,5.89438897986751,3,30.9154411,,
61,ExternalVerification,60.2781887621036,38.1480114100136,39.4857154036047,0.426755464641764,25.8482422024238,0.428815840907854,0.00206037626609051,500.082701493503,84.8803825683505,3.28379709164096,5.29520470804731,6.07193185751014,16.9474444023235,26.8572083294284,20.872906659065,29.3070563123595,23.3780511251929,1.08340892594866,1.07386712802305,0.350123675532767,0.259215962373351,70.4765492269759,12.0556377524207,10.7991480308778,8.63931842470223,8.60748663991994,26.2311081067976,5.77417694248693,0.47897223443962,0,1.11201422781793,5.6203213717197,5,0,0,0,-0.000353358665049962,0.000353358665049962,-2,2,30,1,root_seeded_fmincon,1,0.506053692495446,16.8660152458271,48,9,1,5.10635315717988,6.15039118139325,3,41.3801462,Stage1_dP_max;Product_salinity_max;Recovery_target_mismatch,
62,ExternalVerification,56.384652733257,24.4051521037803,38.7216816483935,0.539314287948053,30.4090488400347,0.539314287948051,-1.33226762955019e-15,500.000000000002,105.390810078579,3.46577134434496,6.88400523373869,7.59666021469634,19.9377451088609,31.674281772414,20.0570808779541,33.8068315163381,22.1838819526064,1.15973700898101,1.13294649038053,0.306711223352293,0.187310993668089,86.061765772259,11.2769305466514,8.67340671228148,6.93872536982518,6.49390097330559,30.749245462456,7.32229177586119,0.438286542122498,0,1.3096774335633,5.5539939432267,5,1,1,1,-3.33066907387547e-15,3.33066907387547e-15,1,3,12,1,root_seeded_fmincon,1,0.540998277391323,19.937745108861,17,3,1,6.68264214297267,7.70616886793858,1,18.4514299,,
63,ExternalVerification,61.6703206599103,37.0108426305197,39.9203149152904,0.454047985073058,28.0012848344413,0.454047985073052,-5.55111512312578e-15,494.031798479229,85.9565157456648,3.0697347015998,5.91280504547771,6.20111418920685,18.3590905025186,32.8689206320931,17.004477100794,35.7537919608641,19.1700389910836,1.10423337906272,1.06590512768156,0.344039522161396,0.245187086756834,74.6367699959552,12.3340641319821,10.1839546267163,8.14716370137306,8.41725895636725,28.3816586708775,5.91278353812239,0,2.15073553286871e-05,1.12974377528331,5.61434528675812,5,1,1,1,0.011936403041542,0,0,19,90,1,root_seeded_fmincon,1,0.494630150671968,18.3590905025188,48,3,1,5.92041577149724,6.16149871785377,4,61.9537914,,
64,ExternalVerification,58.8491967345904,30.6786859335039,38.7421739534198,0.400677297892165,25.6672056472492,0.436152183402063,0.0354748855098983,504.214848071263,84.4173293666372,3.2889177936549,5.59846457199425,6.26437581306645,16.8287474739373,25.6146834092458,19.129904028927,27.5692164358995,21.0686152644103,1.10062764490751,1.08617419874536,0.35069427776378,0.25592141781794,70.0578269602169,11.7698393469181,10.4044435980053,8.32355487840424,8.29549777183531,26.0442349107533,5.9636344032144,0.365169831220151,0,1.13624665413177,5.61215469005032,5,0,0,0,-0.00842969614252653,0.00842969614252653,-2,2,40,1,root_seeded_fmincon,1,0.518341824402004,15.4599640248755,50,9,1,5.06800688476446,6.1428347160785,3,53.3456797,Stage1_dP_max;Product_salinity_max;Recovery_target_mismatch,
65,ExternalVerification,60.0583582527263,24.7080090984499,41.1259610958981,0.444376947912629,29.023864640178,0.483261039505029,0.0388840915924002,520.915912969362,99.1190518650752,3.41508800064702,7.04107035820185,7.06411942826602,19.0295467087451,31.8853693803244,16.0127961291771,34.0474127721697,17.6156395602392,1.15048246945221,1.09454390507255,0.350016011896416,0.23607133041843,81.3143178507162,12.0116716505453,9.53902841226715,7.63122272981372,7.7586234031371,29.4079824017811,6.75793787142663,0,0.283132486775223,1.23771235451353,5.57806640075776,5,0,0,0,-0.0418318259387238,0.0418318259387238,-2,3,44,1,root_seeded_fmincon,1,0.507905991563053,17.4983936119786,33,9,1,6.7411645818515,6.5196014378368,3,51.4512271,Stage1_dP_max;Product_salinity_max;Recovery_target_mismatch,
66,ExternalVerification,55.4988367107967,34.8568459397286,38.8038373274895,0.508252717942633,28.2074346009169,0.508252717942634,1.22124532708767e-15,499.999999999999,93.3176917951943,3.3082658212442,5.76165344113215,6.80966555675093,18.4942529510339,29.921880834544,22.2702746123308,32.5255817379169,25.1551774406526,1.11095961345277,1.10351676691816,0.289542577209757,0.188397641905085,80.7058844410621,11.0997673421593,9.10048118025145,7.28038494420116,6.82285052746998,28.5382372250009,6.55738441126587,0.795730970133717,0,1.21211296785792,5.5866504246529,5,1,1,1,2.99760216648792e-15,0,1,4,15,1,root_seeded_fmincon,1,0.549633142023422,18.4942529510338,47,3,1,5.07216649821209,7.23835698388268,3,24.7534535,,
67,ExternalVerification,62.136480808019,22.831305655876,41.3602706670276,0.4361722903857,30.2861387050836,0.487413163913445,0.0512408735277455,511.752309758787,108.116655781286,3.56983955049835,7.53872093447126,7.16983664135401,19.8571588677443,33.8566346288092,14.8440786676141,36.009280236183,16.2643291722597,1.16500889520834,1.09179433884129,0.369983699537583,0.246997799621171,82.4652975931065,12.4272961616038,9.63463245834823,7.70770596667858,7.96258552573385,30.6840919918611,6.84990896225461,0,0.688811972216649,1.24944744860653,5.57413505202631,5,0,0,0,-0.0570962843930941,0.0570962843930941,-2,2,39,1,root_seeded_fmincon,1,0.490919337615003,17.7696112972336,31,17,1,6.74657670885112,6.77937937932912,3,50.9580697,Stage1_dP_max;Product_salinity_max;Recovery_target_mismatch,
68,ExternalVerification,57.2340355189529,41.8351228225913,40.2993114055804,0.525927725226324,30.100966105872,0.525927725223991,-2.33357777545962e-12,496.920134288087,100.168839642276,3.32776161701785,5.83171223218305,6.99278737620959,19.7357501349803,35.0000000000048,24.4176430681354,38.6342268302599,28.3856551164033,1.1047646413337,1.09558358782063,0.282271200529863,0.178888247197713,87.0301378330155,11.4468071037906,9.09969536799581,7.27975629439665,6.78326735327023,30.4363201838239,6.74421165359226,0.912499421409209,0,1.23596071217167,5.57865341314717,5,1,1,1,-1.37642278527242e-13,1.37642278527242e-13,1,3,12,1,root_seeded_fmincon,1,0.532969582232214,19.7357501350679,53,3,1,5.14706747889087,7.32900172406009,4,24.2130712,,
69,ExternalVerification,60.655501316724,39.1758300354644,40.181980453242,0.406930168849291,26.2960469794716,0.433531112737192,0.026600943887901,502.269528040593,87.3033483068173,3.32001796220443,5.35819502473756,6.17706982359862,17.2410483736373,27.6330858581616,21.4816125536581,30.232785248181,24.1580387588038,1.08312575567893,1.07408765198474,0.350158005174364,0.257662919383998,72.3350958217312,12.1311002633448,10.8194439197611,8.65555513580889,8.58986358431309,26.6826673162325,5.87743283721147,0.519237812473907,0,1.12522257474177,5.61586874272815,5,0,0,0,-0.00453905608118688,0.00453905608118688,-2,2,37,1,root_seeded_fmincon,1,0.502905743713463,16.1831585316371,49,9,1,5.14058849835428,5.94193511112727,3,28.6901147,Stage1_dP_max;Product_salinity_max;Recovery_target_mismatch,
70,ExternalVerification,56.8107146049164,39.5749246845954,40.6169062985186,0.420551672504527,25.0111847349477,0.440254710909467,0.0197030384049401,501.134498593449,106.367670762451,4.25280417100055,4.50848640610895,6.75877037326662,16.3986262358692,16.8180714006298,34.9320387199976,18.5637742538155,38.8809459844229,1.05252363061974,1.11242826573634,0.350035862616276,0.254849213793439,74.014087213674,11.3621429209833,11.604598265304,9.28367861224323,7.94988246749218,25.3920112745135,6.44361751429542,1.93513110818648,0,1.19758543954278,5.59152671350077,5,0,0,0,-0.00226899718689744,0.00226899718689744,-2,2,35,1,root_seeded_fmincon,1,0.53694096636764,15.664726621607,46,9,1,4.37736100814109,6.56212811826028,3,40.408237,Stage1_dP_max;Product_salinity_max;Recovery_target_mismatch,
71,ExternalVerification,61.4933104953927,36.5800482877223,41.4892096873933,0.412705509979336,26.9939721990817,0.438974125504337,0.0262686155250011,521.75482850549,84.7695279882765,3.14031322856442,5.96248527262421,6.26071401557344,17.6986442427758,31.5677049475248,16.6334799636037,34.3846161899291,18.7357811020732,1.10176808544668,1.06427362374414,0.349189286048214,0.255067810004467,75.427210580762,12.2986620990785,10.3581229883417,8.28649839067339,8.62483457407773,27.3858498378822,5.96091566867626,0,0.00156960394794847,1.13589900024944,5.61227178473688,5,0,0,0,-0.0435096570109808,0.0435096570109808,-2,5,88,1,root_seeded_fmincon,1,0.496053956995623,16.6395410885908,53,12,1,5.97758897482985,5.81296018229903,4,47.8911064,Product_salinity_max;Recovery_target_mismatch,
72,ExternalVerification,58.5019905067816,36.8718942237206,39.6481035597085,0.518164676606936,30.3136649918085,0.518164676606936,-2.22044604925031e-16,488.532860671862,98.7709963474677,3.25829939646552,6.12058374771714,6.91028026211218,19.8752065249204,35,21.0433507138034,38.157284214974,24.0063736123434,1.11770650421469,1.09254363594998,0.301058247703903,0.192721307008376,84.2179450467496,11.7003981013563,9.15319741677694,7.32255793342155,7.04708137874326,30.658699623383,6.65076292925279,0.530179181535653,0,1.22403379864185,5.58265174448119,5,1,1,1,6.09036630651514e-16,0,1,3,12,1,root_seeded_fmincon,1,0.521418155788459,19.8752065249204,42,3,1,5.91043483500137,7.00469869607147,4,16.2169709,,
73,ExternalVerification,56.1992794092211,33.5157361989933,38.5530078931872,0.480260688554437,26.9903046253357,0.480260688554436,-6.66133814775094e-16,500.000000000001,89.0884674958432,3.30075813268948,5.60159609272092,6.55506799487827,17.6962395917491,27.5585200323441,21.4110033814005,29.8500114979261,23.9206109914681,1.10441274643489,1.09754680356867,0.307753023449215,0.209831578119736,75.7747407529423,11.2398558818442,9.56121612883015,7.64897290306412,7.30224369597135,27.3343689013003,6.28982691343635,0.688230820715435,0,1.17794026839471,5.59812642199593,5,1,1,1,-1.33226762955019e-15,1.33226762955019e-15,1,4,15,1,root_seeded_fmincon,1,0.542782760218007,17.6962395917491,51,3,1,5.05955370023143,6.91662182595993,4,24.9743092,,
74,ExternalVerification,62.740348252696,41.0002820678531,41.3152168327157,0.483806822466581,30.354208528422,0.483806822464006,-2.57460719410574e-12,480.952097263609,100.737253668841,3.31872443896917,5.92697625380209,6.72348996400018,19.901788964347,34.9999999999855,22.4206820027714,38.418953257812,25.638443688053,1.09822836350527,1.07843513782011,0.343030862937282,0.233792984919561,81.8258190166627,12.5480696505392,10.3240405645075,8.25923245160597,8.0965349310685,30.7414899173183,6.42982953964698,0.502853285844896,0,1.19582448601018,5.59211803352025,5,1,1,1,4.14956957683898e-13,0,1,2,9,1,root_seeded_fmincon,1,0.486194304774029,19.9017889644529,57,12,1,5.97221896333674,6.6591458718653,4,31.8309437,,
75,ExternalVerification,57.8416968523805,21.991113027588,40.347272393666,0.452032751545166,28.2514931277217,0.488427806670734,0.0363950551255681,516.392135585516,103.897119550179,3.67757976827886,6.64729741388182,7.5612285474292,18.5231399998176,26.6632326798222,20.7476983055181,28.3447957532265,22.5844985426445,1.14018013527511,1.13125994903089,0.349998936329424,0.234772925763362,80.5831584098134,11.5683393704761,9.75684895896513,7.8054791671721,7.39755093116469,28.6359927343952,7.24176454132112,0.594467127439299,0,1.29941520596223,5.55742135916892,5,0,0,0,-0.0327842711710322,0.0327842711710322,-2,3,46,1,root_seeded_fmincon,1,0.527370420647412,17.1428936416358,29,9,1,5.93279250260227,7.44622029952266,3,49.1315231,Product_salinity_max;Recovery_target_mismatch,
76,ExternalVerification,60.5143746189729,24.2343620648511,39.5394661602539,0.470068813727605,29.4352811029636,0.486418000488348,0.0163491867607428,500.75138740691,99.7279003738336,3.38803968017118,7.08848229863328,6.82296641260792,19.2992926193048,32.9655729892695,14.7366838403787,35.1105028788024,16.1815574058196,1.15669868717297,1.08871082457169,0.350289171162811,0.23419854708105,78.6737810609525,12.1028749237946,9.4192109021369,7.53536872170952,7.76977337900232,29.8107443565387,6.52587247999136,0,0.562609818641926,1.20808946175223,5.5880005938022,5,0,0,0,-0.00150277481381988,0.00150277481381988,-2,2,36,1,root_seeded_fmincon,1,0.504078579545233,18.6506165031527,31,17,1,6.70253522580335,6.79023231570331,3,46.6943111,Stage1_dP_max;Product_salinity_max;Recovery_target_mismatch,
77,ExternalVerification,56.4960989863066,31.9111164007683,41.279604625344,0.44896044371271,26.9951109931113,0.477822566114775,0.0288621224020648,502.494918212583,117.036260517154,4.33546135620703,5.11247890865,7.58232562483812,17.6993908950376,19.2755687103451,33.2884338120873,20.9190907780744,36.7129725778969,1.07540139935757,1.14211803774145,0.350008830654825,0.241382327896241,80.7582311701487,11.2992197972613,10.9557025455301,8.76456203642406,7.37524699829881,27.3789804391132,7.25583742911435,2.14335852046435,0,1.3012087801614,5.55682220717294,5,0,0,0,-0.00498983642516548,0.00498983642516548,-2,2,38,1,root_seeded_fmincon,1,0.539931084576185,16.6302869583854,48,12,1,5.19189461363657,7.02291660736778,4,49.1143206,Stage1_dP_max;Product_salinity_max;Recovery_target_mismatch,
78,ExternalVerification,61.8551091588048,29.5899488434555,41.4441759865875,0.468788331521593,30.4705781426206,0.492612147274551,0.0238238157529579,502.929728286568,101.988183712323,3.34710366291566,6.89245408441857,7.02939934832419,19.9780869017969,34.9998377174278,16.9093167871619,37.6469533633673,18.8497131374227,1.13888722501292,1.08594360758562,0.350610783559465,0.233513478558423,83.5113039329502,12.371021831761,9.65834550093568,7.72667640074854,7.84613275404606,30.8577787276154,6.7267373093242,0,0.165716775094378,1.233730670677,5.57940082179532,5,0,0,0,-0.0058594565731358,0.0058594565731358,-2,2,33,1,root_seeded_fmincon,1,0.493152472202175,19.0119023201168,37,9,1,6.74960380999871,6.6547169005645,3,39.4757751,Stage1_dP_max;Product_salinity_max;Recovery_target_mismatch,
79,ExternalVerification,59.0154766016635,31.7008915564083,39.2169676568063,0.486241145870719,28.6957529668896,0.486241145870551,-1.6769918786963e-13,497.533442787352,89.4597494356657,3.11752577250328,6.29131191084353,6.56347030172479,18.8144197265208,32.7768264300615,16.8656959229519,35.3523183921727,18.8547858092478,1.12651753204315,1.08228908209637,0.32180326985904,0.216719526064144,78.0085217439682,11.8030953203327,9.37193710560722,7.49754968448578,7.57993090869349,29.0529580435495,6.29129427762911,0,1.76332144183888e-05,1.17812774602679,5.59806340907111,5,1,1,1,0.0049331144252962,0,0,13,90,1,root_seeded_fmincon,1,0.516881363271752,18.8144197265273,41,3,1,5.89358381596929,6.82459458711128,3,80.7891752,,
80,ExternalVerification,59.729302594384,43.12897699618,39.190177367162,0.467717718761924,27.9364531526838,0.467717718761888,-3.54716256367738e-14,493.013094526225,83.3682527106114,2.98421035250863,5.62350801932084,6.05043569949223,18.3165834990059,34.9999999999992,17.5316586860888,38.5646470227244,20.1972713426899,1.09665571357952,1.06084007355824,0.305496800274951,0.214288366656888,75.1940955005204,11.9458605188768,9.67251555469765,7.73801244375812,7.94821236042504,28.2909164126919,5.79685159791832,0.173343578597481,0,1.11491503980502,5.61934323591965,5,1,1,1,2.35494163851919e-14,0,1,3,12,1,root_seeded_fmincon,1,0.510704104602556,18.3165834990073,50,3,1,5.09332355617497,6.34561534328401,4,25.2989231,,
81,ExternalVerification,55.3325799396358,32.7605248148655,39.0673219261181,0.40325663265954,24.073134357626,0.43506256863295,0.0318059359734101,503.025204875507,104.65056689987,4.34719323812183,4.51378929897553,6.83726613313618,15.7835918945882,15.448679114725,31.6671691709053,16.8044766692085,34.6660833135906,1.05946180515168,1.1256669318777,0.350084095848454,0.257505419162571,70.501430565671,11.0665159879272,11.3058574664098,9.04468597312787,7.81486139550245,24.4504278560024,6.51713963239636,2.00335033342083,0,1.20697437638993,5.58837483146302,5,0,0,0,-0.00605040975101501,0.00605040975101501,-2,2,38,1,root_seeded_fmincon,1,0.551284614476279,14.6297074893931,47,9,1,4.28055296385789,6.55370865131365,3,49.0500455,Stage1_dP_max;Product_salinity_max;Recovery_target_mismatch,
82,ExternalVerification,62.4302025199245,22.5073616716531,39.151950600524,0.412679442757774,26.9996152724136,0.432476817030936,0.0197973742731611,501.758240951137,92.3053797704835,3.41876648386152,6.68929231193219,6.38515200808135,17.7023441334996,28.5908864332765,14.2647416468522,30.3191543658319,15.477437073225,1.1377186583931,1.08064120028789,0.396611482703456,0.288941622370594,70.3338146765302,12.4860405039849,10.5086686909693,8.40693495277545,8.85764681187773,27.4060433814431,6.04860455468163,0,0.640687757250558,1.14711084575099,5.60849650165372,5,0,0,0,-0.133175664867017,0.133175664867017,-2,2,38,1,root_seeded_fmincon,1,0.488609659567654,16.8919887143833,28,6,1,5.88929231193219,6.75076137596581,2,39.7603618,Stage1_dP_max;Product_salinity_max;Recovery_target_mismatch,
83,ExternalVerification,57.492581087977,32.9210837708559,40.9914702668679,0.45888776688044,27.1101673854512,0.471542012420113,0.0126542455396734,500.415627421018,110.003844041952,4.0576600829468,5.25369295461779,7.27977025044342,17.77482781632,21.5408561118103,30.3550877072417,23.3823638407073,33.5829173992405,1.08077571419452,1.12642752160499,0.350013000404062,0.243260202640615,79.2239840452724,11.4985162175954,10.8470428581251,8.67763428650007,7.59560342563144,27.4940552420263,6.96022772294068,1.70653476832289,0,1.26351994391799,5.56942370620849,5,0,0,0,-0.000831254842036389,0.000831254842036389,-2,2,33,1,root_seeded_fmincon,1,0.530572804747134,17.2978246444101,45,9,1,5.1781851577577,7.09834809247374,3,43.1345392,Stage1_dP_max;Product_salinity_max;Recovery_target_mismatch,
84,ExternalVerification,60.8529567992779,35.5780432448229,40.7803549825924,0.456979004034721,27.9116248301248,0.458673272396454,0.00169426836173264,500.000017942946,93.3162099165676,3.34327401161727,5.82332276747425,6.56840312028463,18.3003047666698,29.805167531961,20.8304466422161,32.3923483290971,23.340471526731,1.09944296901168,1.08269403501463,0.350000004376129,0.247544084323981,76.9095896650061,12.1705913598556,10.421934298556,8.33754743884477,8.23533299228828,28.2986599013739,6.26620679575626,0.442884028282017,0,1.17492234865193,5.59914085332782,5,1,0,0,-3.58858915916471e-08,3.58858915916471e-08,-2,3,10,1,root_seeded_fmincon,1,0.501273916740262,18.2327062619341,53,12,1,5.95151642602734,6.41527193613972,4,30.3113363,Recovery_target_mismatch,
85,ExternalVerification,57.1224228340013,40.0319311895785,39.8954930900629,0.452615959518972,25.8545202210605,0.452615959518981,9.49240686054509e-15,499.99999999999,95.2564829155975,3.68432607146211,4.90486042326824,6.50282311876177,16.9515605960271,22.6225613154056,28.7120862914536,24.8754967867536,32.2649429367985,1.06980343400911,1.09788433469183,0.32857437155987,0.234667919094542,74.3794766966402,11.4244845668003,10.766507574428,8.61320605954241,7.81697565323522,26.21985364905,6.21514509115199,1.31028466788374,0,1.1683976137188,5.60133457434092,5,1,1,1,2.04281036531029e-14,0,1,3,12,1,root_seeded_fmincon,1,0.534010962536465,16.9515605960267,50,12,1,5.12686839079048,6.32073674642755,4,33.6713993,,
86,ExternalVerification,61.1898705095267,20.5075394501987,38.6070534515306,0.430754909818672,27.4185505753576,0.448089697641846,0.017334787823174,500.006147302803,94.4140196920851,3.44343583854282,6.93199710527844,6.54892478303104,17.977019784525,28.8056056196509,14.1995894480213,30.4523690045817,15.3554328374051,1.15086068908424,1.08861834718124,0.383072731456959,0.271934744667027,71.3586866203598,12.2379741019053,10.1022413066173,8.0817930452938,8.4428299835423,27.813503246425,6.22370418599623,0,0.708292919282207,1.16949136674946,5.60096678705184,5,0,0,0,-0.0944935184484552,0.0944935184484552,-2,3,25,1,root_seeded_fmincon,1,0.498513883850282,17.2815612071515,34,9,1,6.6793153404953,6.40085848192304,3,32.8776432,Stage1_dP_max;Product_salinity_max;Recovery_target_mismatch,
87,ExternalVerification,59.5774789061722,35.157842117101,40.1877346321669,0.47338927761162,28.2033397013146,0.473389277611623,3.49720252756924e-15,499.999999999997,91.9248599417974,3.25936080319994,5.92370235270666,6.58323812963667,18.4915681230754,31.0166778066329,19.8580598674228,33.6858030469611,22.3131623907747,1.10699567837882,1.08369080416813,0.330726688164884,0.228352335296245,77.95356361303,11.9154957812344,9.91514337601969,7.93211470081575,7.84353480121439,28.5732831141243,6.29917693965983,0.375474586953168,0,1.17913486133934,5.59772491862762,5,1,1,1,6.32827124036339e-15,0,1,2,9,1,root_seeded_fmincon,1,0.512005552434341,18.4915681230753,45,9,1,5.92979095501918,6.5417889422061,3,24.341617,,
88,ExternalVerification,55.8782949078471,40.482682342642,39.3623138753878,0.409599810097382,23.4428496929217,0.419534091574966,0.00993428147758402,500.000973604644,102.835335002968,4.3866396939796,4.12613515337205,6.44416541813416,15.3703446714671,13.681016175203,35.6763666794725,15.1700629536334,39.5360984894995,1.04209393321632,1.10855378911855,0.35000000071114,0.262336735044618,69.097552538013,11.1756589815694,11.8849190673506,9.50793525388045,8.10886130373134,23.8183582125311,6.1315228766598,2.00538772328775,0,1.15771039096649,5.60492933598958,5,0,0,0,-1.94720928869963e-06,1.94720928869963e-06,-2,3,18,1,root_seeded_fmincon,1,0.545900694541706,15.0063853808154,46,9,1,4.30123398494322,6.16683650545317,3,33.1007942,Product_salinity_max;Recovery_target_mismatch,
89,ExternalVerification,62.8589146299124,27.2967674502525,39.4184017097109,0.415952723190706,27.2878230688365,0.434112221464466,0.0181594982737597,500.458165910498,90.3168606193041,3.30978621458627,6.49756670464106,6.1163669619348,17.8913080703098,31.1125007118851,13.1479513330482,33.2423309922572,14.4569987586358,1.12881113138609,1.06525799849631,0.38155714772207,0.277989376101618,71.0302506679951,12.5717829259825,10.3603857161868,8.28830857294941,8.89277289026898,27.6845087321503,5.79900988814335,0,0.698556816497709,1.11519114512615,5.61925014228702,5,0,0,0,-0.0901632792059145,0.0901632792059145,-2,3,39,1,root_seeded_fmincon,1,0.485277230438913,17.1428905829558,44,9,1,5.90002436498312,6.30338028926258,3,47.2920918,Stage1_dP_max;Product_salinity_max;Recovery_target_mismatch,
90,ExternalVerification,58.0964508426142,27.7862668584931,40.9456579976169,0.5131380244895,29.8114980152285,0.513138024489468,-3.2085445411667e-14,500.000000000049,113.138766360168,3.79513858385694,6.2742255280592,7.75610811904098,19.5459598840995,27.8876031178237,25.4713678464783,29.9530554555045,28.1811650962003,1.12224521463479,1.13654989459365,0.338644121444172,0.218719055098657,86.0433447994276,11.6192901685228,9.81726007529849,7.85380806023879,7.07123820684643,30.1864232014378,7.44670938106466,1.17248385300545,0,1.32552876611606,5.54870333482163,5,1,1,1,-9.72555369571637e-14,9.72555369571637e-14,1,3,12,1,root_seeded_fmincon,1,0.525057891791646,19.5459598841007,29,6,1,5.95585014550394,7.95696900851176,2,20.4482186,,
91,ExternalVerification,60.2054534732193,24.4978568755289,40.3165423191,0.498215158102267,30.0052967218904,0.498381707817174,0.00016654971490615,502.382252347806,102.092386850976,3.40247882889603,7.03354103986537,7.2346623995934,19.6730243390312,32.186996870639,17.5491808494613,34.3280076169335,19.2942076521698,1.15243117288947,1.10511438940144,0.350181913978057,0.230071096494876,82.1763413581492,12.0410906946439,9.49987436889581,7.59989949511665,7.55003918783222,30.3856883540843,6.92924716586674,0,0.104293873998632,1.2595684033236,5.5707463107834,5,0,0,0,-0.00476450469561174,0.00476450469561174,-2,3,50,1,root_seeded_fmincon,1,0.506665065043798,19.6664499873975,23,6,1,6.72147270529039,7.4475674951411,2,30.4531536,Stage1_dP_max;Product_salinity_max;Recovery_target_mismatch,
92,ExternalVerification,56.3298209669919,29.711029189636,40.8051764235985,0.526132840800226,29.6369687271314,0.526132840800223,-2.99760216648792e-15,500.000000000064,116.160110382511,3.919432903277,5.94187722731929,7.9069507282747,19.4315294565509,26.2374488655396,28.958984730101,28.3031852350201,32.2287735128388,1.11130329060431,1.1492347047559,0.321875171445937,0.203691173270387,88.143990639386,11.2659641933984,9.72291180315244,7.77832944252195,6.67321305996512,29.9962714770256,7.60794685475658,1.6660696274373,0,1.34606353290953,5.54185583972838,5,1,1,1,-1.27453603226968e-13,1.27453603226968e-13,1,2,9,1,root_seeded_fmincon,1,0.541524888173792,19.431529456551,28,6,1,5.9511480075461,7.85044733931007,2,16.4026593,,
93,ExternalVerification,61.5673234948365,31.7904157213351,40.9693936407016,0.400333333543411,28.3444221834296,0.460380938693994,0.0600476051505829,511.515828694453,91.7519150503266,3.23703600152997,6.45459989202149,6.47623066884653,18.5840690948267,33.209772457773,15.2207199609793,35.8346434239773,16.9922243380512,1.12325630931732,1.06993756085992,0.350621807037342,0.246637547787482,77.5099228022384,12.3134646989673,9.93379436344503,7.94703549075603,8.30572532785171,28.7310117131249,6.17778879018662,0,0.27681110183487,1.16362362838711,5.60294011822477,5,0,0,0,-0.0230316573889069,0.0230316573889069,-2,2,43,1,root_seeded_fmincon,1,0.495457627008234,16.1601441463634,47,12,1,5.95758736150814,5.85537682407485,4,43.8908878,Stage1_dP_max;Product_salinity_max;Recovery_target_mismatch,
94,ExternalVerification,58.7121350584805,38.3420924694043,40.739821278828,0.46777741441517,27.4642107324505,0.467777414415175,4.71844785465692e-15,499.999999999991,97.4629425832987,3.54872541333004,5.40528156573138,6.71100167687748,18.0069569449584,26.8722036622702,25.825548874884,29.4159610100698,29.0959074014276,1.08536793266085,1.0952598531753,0.332894904916871,0.232340188317478,78.1757539576946,11.7424270116961,10.4607249166894,8.36857993335149,7.8119810815075,27.8374541557293,6.41913280748841,1.01385124175704,0,1.19445829228373,5.59257683091707,5,1,1,1,1.73194791841524e-14,0,1,3,12,1,root_seeded_fmincon,1,0.519551877471606,18.0069569449582,49,3,1,5.16751646189848,6.83490962637806,4,22.7020962,,
95,ExternalVerification,59.8521999204552,32.3409118252972,39.1362492335838,0.448047291989848,26.8166160939967,0.448047291989876,2.8199664825479e-14,499.999999999962,84.3052768140065,3.14377013559439,5.84661741062007,6.24747901876494,17.5823604078132,29.0123964315945,17.5915229877468,31.3019528117689,19.5318399927342,1.10754172728214,1.0774517677153,0.345573404158452,0.247695957149007,72.3417082387146,11.970439984091,10.159672415887,8.1277379327096,8.25889595661462,27.1916271692372,5.95523935735107,0.108621946731001,0,1.13517314302805,5.61251627013939,5,1,1,1,7.56061879769732e-14,0,1,2,9,1,root_seeded_fmincon,1,0.50965545193895,17.5823604078121,51,12,1,5.89076552003596,6.17685657312519,4,27.3470461,,
96,ExternalVerification,55.701491633819,40.9264313724452,40.9339523654815,0.49222878415828,27.4178775027174,0.492228784158281,1.22124532708767e-15,499.999999999999,105.568662981893,3.85035869284302,5.00519136962937,7.06674214481355,17.9765784832923,23.1437076592754,33.5876495946245,25.5589677623956,38.1395293938326,1.07161035628775,1.11769751907871,0.310206159836115,0.207925707134223,82.4148387098836,11.1402983267638,10.3926365845854,8.31410926766834,7.07090353277541,27.7690246460568,6.78778857786362,1.78259720823425,0,1.2415214749847,5.57679006186487,5,1,1,1,2.88657986402541e-15,0,1,4,15,1,root_seeded_fmincon,1,0.547633449397243,17.9765784832922,51,3,1,4.39714580790766,7.4058477296339,4,22.6553774,,
97,ExternalVerification,62.2392493276849,33.5883955463338,39.1919612984434,0.470392482340468,29.2768749904619,0.470392482343761,3.29286597988698e-12,478.527819363631,91.744830083427,3.13369613776458,6.23728607952129,6.33665145231865,19.1954333795318,34.1985440007814,16.2358306466932,36.92302654369,18.1698639951787,1.1188223007881,1.07060520353715,0.350000000004242,0.242034667722914,75.5951530744637,12.447849865537,9.96259424306184,7.97007539444947,8.24059358430573,29.6549249307522,6.0470613763882,0,0.190224703133094,1.14691355793295,5.60856291469038,5,1,1,1,-1.21214149828575e-11,1.21214149828575e-11,1,4,15,1,root_seeded_fmincon,1,0.49010873893094,19.1954333793974,51,9,1,5.89306341075511,6.56164900818726,3,26.3310932,,
98,ExternalVerification,57.3141197485159,27.0603460882528,39.5146443238404,0.445376973143734,26.8229483338811,0.467998958224875,0.0226219850811408,501.592131072796,101.758302278924,3.79370310125041,5.66913408555355,7.14721371351453,17.586512151771,23.133591069484,24.5114533335058,24.798136423,26.8056970597633,1.10359305064928,1.12531454459744,0.350121121204168,0.243898231543719,75.8337753088317,11.4628239497032,10.3591294865716,8.2873035892573,7.62279285365868,27.2031825280165,6.83096455853371,1.16183047298016,0,1.24703045666799,5.57494457413467,5,0,0,0,-0.00318426214559175,0.00318426214559175,-2,2,37,1,root_seeded_fmincon,1,0.532224871180891,16.736420910039,47,9,1,5.90349012728124,6.51908508916471,3,40.2036964,Stage1_dP_max;Product_salinity_max;Recovery_target_mismatch,
99,ExternalVerification,60.7242851712175,25.8876889299692,40.075184122458,0.47893827161131,29.7131875890268,0.489313089569484,0.0103748179581741,500.297835701942,99.7832996298479,3.3582159211588,6.95246880021187,6.93085703347126,19.4815024842819,33.0729820978202,16.038138777823,35.3329919204711,17.6839326335974,1.14886647232935,1.091401377788,0.35011684880936,0.233528490685883,80.2071318337133,12.1448570342435,9.52450465171216,7.61960372136973,7.75277439554765,30.091997224057,6.63114255754057,0,0.321326242671296,1.22152927359683,5.58349165516342,5,0,0,0,-0.00059567140388439,0.00059567140388439,-2,2,33,1,root_seeded_fmincon,1,0.502336090313641,19.0684396700335,33,17,1,6.71580211237677,6.88238480040262,3,41.5233444,Stage1_dP_max;Product_salinity_max;Recovery_target_mismatch,
100,ExternalVerification,56.9375908550969,36.4566083539473,40.7572129315698,0.463638173818228,26.3984406456659,0.463638173818216,-1.22124532708767e-14,500.000000000013,106.758303883655,4.04411401857492,4.94972607949635,7.02151609101811,17.3081829567702,20.3711735946419,31.961292583126,22.2807669655264,35.5715134377623,1.06953016286631,1.11869794550948,0.342185180876861,0.240647846800264,77.5858026708209,11.3875181710194,10.9915607519842,8.79324860158736,7.63478755235774,26.774643729967,6.71216957949715,1.7624435000008,0,1.23187148863417,5.58002399905698,5,1,1,1,-2.55351295663786e-14,2.55351295663786e-14,1,3,12,1,root_seeded_fmincon,1,0.535744479910136,17.3081829567706,50,12,1,5.16781694632378,6.82745802948442,4,27.7835758,,
101,ExternalVerification,61.3662328117954,39.6479401581035,40.130983265611,0.44668579593556,27.4114245471038,0.446685795935562,1.33226762955019e-15,499.999999999999,84.2993416284161,3.07533603310386,5.71747963522177,6.1024973259953,17.9723475918593,32.4818752882114,17.5444370092544,35.5324427327644,19.9040552419226,1.09604694021782,1.0627735684079,0.338244239726685,0.244404681230076,74.0067485618082,12.2732465623591,10.2801981783893,8.2241585427114,8.4887020661729,27.7909143054711,5.81808933254704,0.100609697325273,0,1.11763186942193,5.61842726603533,5,1,1,1,2.99760216648792e-15,0,1,4,18,1,root_seeded_fmincon,1,0.4970811894801,17.9723475918593,48,12,1,5.92867863941438,5.92061964482957,4,32.2608317,,
102,ExternalVerification,58.5561962602839,28.2835556435231,39.7197435091546,0.42118424489087,24.7934015742049,0.423412092274531,0.00222784738366061,535.304257801243,78.595887937236,3.17003246617872,5.9071119312283,6.18508755895817,16.2558363324186,26.0735272007238,15.8366302755713,27.9806061329658,17.4015509934147,1.1109457013454,1.07758463314809,0.3500195840896,0.260058409215141,70.1860963398655,11.7112392520568,10.2056624442799,8.16452995542391,8.44069867151977,25.1735431624055,5.88287482933149,0,0.0242371018968086,1.12591860873819,5.61563418594351,5,0,0,0,-0.0706085156024852,0.0706085156024852,-2,4,57,1,root_seeded_fmincon,1,0.520935476484997,16.1703037670924,47,12,1,5.91123793372691,6.11012640944948,4,59.2416656,Stage1_dP_max;Product_salinity_max;Recovery_target_mismatch,
103,ExternalVerification,59.204700807561,40.2960234491333,39.8109876271803,0.406120218642422,25.3020985026244,0.427366377289303,0.0212461586468805,500.007662588182,91.1345609793913,3.60185780519109,4.90719118033653,6.22118305782587,16.5893643473803,23.050406431198,26.245752001668,25.3228664945955,29.4024947945719,1.06829905098158,1.08488239834819,0.350000025459881,0.259679949074176,70.8736301390743,11.8409401615122,11.2083436537264,8.9666749229811,8.47565057623413,25.6853450747352,5.91818126679674,1.01099008646021,0,1.13043408486346,5.61411271144695,5,0,0,0,-1.53251763637119e-05,1.53251763637119e-05,-2,3,24,1,root_seeded_fmincon,1,0.5152293582084,15.7646381042656,50,9,1,5.12282271702059,5.76104457948176,3,37.5969217,Product_salinity_max;Recovery_target_mismatch,
104,ExternalVerification,56.0669562276243,22.9043226200345,40.8859689529869,0.433625143149737,26.7630441366998,0.477340771417045,0.0437156282673075,526.110291574693,110.750589268811,4.13819103324424,5.94321037145556,7.81261523530086,17.5472358619852,21.5979895112085,25.5279405270823,23.0352957886491,27.7337219579875,1.11221377438479,1.15126550267109,0.350103595492866,0.240811301139437,79.8807094711708,11.2133912455249,10.2261913052568,8.18095304420543,7.32597802273111,27.1527244320928,7.48015747346051,1.53694710200494,0,1.32978932704918,5.5472820315996,5,0,0,0,-0.0522205831493854,0.0522205831493854,-2,3,44,1,root_seeded_fmincon,1,0.544063777533381,15.9402320483698,35,6,1,5.17015321123957,7.66488715416994,2,43.4846557,Stage1_dP_max;Product_salinity_max;Recovery_target_mismatch,
105,ExternalVerification,62.5756728757422,25.7618607667691,39.1314806504306,0.407449299241386,25.6675566477206,0.410184269191787,0.00273496995040107,501.434202714267,85.0689406617194,3.31425939092157,5.9609367955831,6.26538699662261,16.8289776079994,25.4323786615643,17.1076315740975,27.1245884170278,18.5998518867287,1.10954257007688,1.08276336743354,0.407234515988379,0.307911735024006,67.5754232626663,12.5151345751484,11.1897540443605,8.95180323548844,9.2270290570054,26.0845945322526,5.91428219153682,0,0.0466546040462736,1.12993543738591,5.61428071221271,5,0,0,0,-0.163527188538226,0.163527188538226,-2,2,46,1,root_seeded_fmincon,1,0.487473783311486,16.7167676781926,45,9,1,5.88922136175749,6.24837668879306,3,43.0570499,Stage1_dP_max;Product_salinity_max;Recovery_target_mismatch,
106,ExternalVerification,60.3697152746715,29.3469773861695,41.1337357168586,0.482918333831681,29.1536392648434,0.482918283318043,-5.051363766162e-08,511.395935901084,95.7793164973186,3.28532968481982,6.62861447211827,6.92756081686404,19.1146336643348,32.4635927317813,17.4625965497877,34.9193425267559,19.4126643821933,1.13208448549144,1.08887162022111,0.343766967747738,0.232839245050584,81.2867755600353,12.0739430549343,9.68699577114642,7.74959661691713,7.804019002457,29.5348520236696,6.62861427118199,0,2.00936274730168e-07,1.22120653059051,5.58359989704184,5,0,1,0,-0.0227918718021676,0.0227918718021676,0,8,90,1,root_seeded_fmincon,1,0.505286464599215,19.1146356637407,39,9,1,6.7420291819804,6.79827256147299,3,82.0175031,Product_salinity_max,
107,ExternalVerification,56.63691597538,21.2767508167411,39.4988764590312,0.434247051721129,27.5853832892914,0.487056592228339,0.0528095405072098,508.343020444977,108.114191503349,3.91925645438896,6.24055741037463,7.7273644456913,18.0864039400022,23.5539558549869,23.5013669352652,25.0069913518509,25.4599100423854,1.12798053787929,1.14945416176563,0.350000031871996,0.236127856898616,78.6670455249768,11.327383195076,9.9613208535831,7.96905668286648,7.26288317152216,27.9688098014693,7.40185794880862,1.16130053843399,0,1.31981508969253,5.55060986929466,5,0,0,0,-0.0166860408899536,0.0166860408899536,-2,3,39,1,root_seeded_fmincon,1,0.53858864796346,16.1253696439064,33,6,1,5.90170065409496,6.969073915916,2,41.3279099,Product_salinity_max;Recovery_target_mismatch,
108,ExternalVerification,61.9320443619659,33.8892595645978,39.2370565739713,0.429591048331872,27.1848846425188,0.438946992991785,0.00935594465991391,500.218046706136,85.0020544369932,3.12681313732871,6.11595046538823,5.88938229348936,17.8238163142662,33.1683652783651,12.8855013105737,35.8354932334229,14.4244495478211,1.11455449882359,1.05450454167441,0.350146614725291,0.254686661871717,71.3297291671169,12.3864088723932,10.0589656941476,8.0471725553181,8.6867899298618,27.5636201075817,5.60194976678187,0,0.514000698606361,1.08997531919426,5.62775737194897,5,0,0,0,-0.000436093412272909,0.000436093412272909,-2,2,31,1,root_seeded_fmincon,1,0.492539852579665,17.443910216885,50,12,1,5.89477566469158,5.88782557832436,4,44.4601758,Stage1_dP_max;Product_salinity_max;Recovery_target_mismatch,
109,ExternalVerification,58.94072443152,33.5966998398771,40.3754469169963,0.463623444042916,27.3263016553263,0.463623444042926,1.02140518265514e-14,499.999999999985,97.6427324253963,3.57321432138857,5.59077458908593,6.79635619554882,17.9165366216406,26.0930605920504,24.0820520580631,28.2840516139238,26.7737140794422,1.09435038959746,1.1008128773621,0.346069712018172,0.242815299949712,76.8568314559685,11.788144886304,10.4722954056052,8.37783632448419,7.90360569404841,27.7068534290426,6.49171943500715,0.90094484592122,0,1.20372836287517,5.58946435621409,5,1,1,1,3.04201108747293e-14,0,1,3,12,1,root_seeded_fmincon,1,0.517536903290711,17.9165366216403,45,9,1,5.9363101953433,6.50182880304391,3,24.690686,,
110,ExternalVerification,59.8059471757887,21.5857578989846,40.4659350208832,0.472954209105875,29.1654702128339,0.48766839403291,0.0147141849270345,520.914403826818,102.438525739837,3.51232210529422,7.43279525342703,7.08279525247441,19.1223906457081,32.1648056854914,14.4705911253337,34.1520158980174,15.8079688950143,1.16842982575356,1.09568556789353,0.35023050089961,0.233465014549772,80.7043719623552,11.9611894351577,9.30372093577525,7.4429767486202,7.66011924073871,29.5455184752006,6.77858504851866,0,0.654210204908369,1.24034708345507,5.5771835444528,5,0,0,0,-0.0418288076536351,0.0418288076536351,-2,3,46,1,root_seeded_fmincon,1,0.510049609453371,18.5454199097515,24,6,1,6.72468649805517,7.36164520023893,2,43.9215442,Stage1_dP_max;Product_salinity_max;Recovery_target_mismatch,
111,ExternalVerification,55.3948226463284,21.713733204411,39.7625236969063,0.443285041604166,25.1606324186525,0.454205487384481,0.0109204457803155,531.370977458999,101.957408987262,4.05225939041489,5.75288961345055,7.42523009492959,16.4966118664126,20.0831427411554,23.4745902977733,21.3644562237076,25.3541315463553,1.10889487859121,1.14195248355035,0.350171142360963,0.249445958626705,74.3077100356251,11.0789645292657,10.279561419149,8.22364913531921,7.55854755691897,25.5478604610968,7.09543714968809,1.34254753623754,0,1.2807620760743,5.56365572968745,5,0,0,0,-0.0627419549179973,0.0627419549179973,-2,3,50,1,root_seeded_fmincon,1,0.550665180295903,16.0999844357678,32,6,1,5.1152161763897,7.78487323226085,2,49.0556819,Stage1_dP_max;Product_salinity_max;Recovery_target_mismatch,
112,ExternalVerification,62.3755347554768,33.5293546359233,39.7710728180862,0.436637557179862,27.9837406262689,0.448633278030724,0.0119957208508623,500.319108680678,88.9001596789537,3.17685047421792,6.32595041755286,6.0346783701343,18.3475876122927,34.6023100474059,12.6815943414114,37.3768108789082,14.2151644293949,1.12041161892432,1.05494464037153,0.350501472452567,0.251189207245193,73.605643017801,12.4751069510954,9.94511425765801,7.95609140612641,8.59794853230197,28.3649378824065,5.74589603181226,0,0.5800543857406,1.10839595836567,5.62154162786204,5,0,0,0,-0.00143277843590647,0.00143277843590647,-2,2,34,1,root_seeded_fmincon,1,0.48903789153201,17.8570030969177,50,12,1,5.91422251973815,6.13575175635478,4,44.5621747,Stage1_dP_max;Product_salinity_max;Recovery_target_mismatch,
113,ExternalVerification,57.6132187876974,34.017234287942,41.3430782800134,0.49009605528476,28.2360112601088,0.490096055284768,8.10462807976364e-15,499.999999999995,110.360876888005,3.90851511820724,5.49593471290883,7.3802438980646,18.5129892867223,24.3868301343463,29.7427604239728,26.5170651359609,33.1795286370489,1.08894295792738,1.1250712422697,0.337797130562501,0.22761136968843,82.8814665757394,11.5226437575395,10.4576412914554,8.36611303316436,7.34430188189717,28.6114213926985,7.07295793975087,1.57702322684204,0,1.27789590701297,5.56461419746703,5,1,1,1,9.10382880192628e-15,0,1,3,12,1,root_seeded_fmincon,1,0.529461825634254,18.512989286722,44,12,1,5.19559631207549,7.55398669994154,4,27.1409042,,
114,ExternalVerification,61.0444018494909,21.2338251235589,40.2959919949439,0.485957777414582,29.904188799803,0.489876022923999,0.00391824550941705,507.678334592725,106.212230000711,3.5517509172966,7.52050769771434,7.15786910656891,19.6067327562307,32.6436177013088,14.9760412293454,34.6131147654403,16.3307286768283,1.16963908244865,1.09834054772969,0.363710248897497,0.241359801946004,80.7308752991676,12.2088803698982,9.49359727331365,7.59487781865092,7.78505326242199,30.2930253835629,6.8437670229984,0,0.676740674715939,1.24866385191232,5.57439749099102,5,0,0,0,-0.0391721397071357,0.0391721397071357,-2,2,42,1,root_seeded_fmincon,1,0.499701841214034,19.4499094193425,17,3,1,6.72050769771434,7.75332343769571,1,38.3701809,Stage1_dP_max;Product_salinity_max;Recovery_target_mismatch,
115,ExternalVerification,57.0563885711296,29.1819773059563,39.0244177421749,0.4223181461025,25.6350049961442,0.449292456780475,0.0269743106779751,502.09119158122,96.9602136327837,3.78233644375601,5.30553365081212,6.80917768672982,16.8076350617258,21.5200243440214,24.7969561829467,23.1521360773824,27.1418446254323,1.09035298860908,1.11563191305427,0.350108086516533,0.251210945310283,72.2895903788672,11.4112777142259,10.6158962004967,8.49271696039735,7.85534589374633,26.0134052661988,6.49601018943753,1.19047653862541,0,1.20427628258774,5.58928043449137,5,0,0,0,-0.00418238316243991,0.00418238316243991,-2,2,38,1,root_seeded_fmincon,1,0.534629000606515,15.7985498588141,47,12,1,5.08135846084211,6.54087650375422,4,44.3604692,Stage1_dP_max;Product_salinity_max;Recovery_target_mismatch,
116,ExternalVerification,61.1151771786234,44.3994628926347,40.2346140094093,0.439088753062221,26.8349869405384,0.439088753062219,-1.38777878078145e-15,500.000000000002,84.5423269489516,3.15045157787043,5.35689601377414,6.00945476108802,17.5944052849058,31.3379338104927,20.2599565703022,34.6395325028516,23.2162420852394,1.0815666333586,1.06236088132012,0.332769927696277,0.243818249384365,73.1706719557095,12.2230354357247,10.5767320312447,8.46138562499576,8.57004755952126,27.2141895372161,5.72862213772995,0.37172612395581,0,1.10618580014891,5.62228710873239,5,1,1,1,-3.99680288865056e-15,3.99680288865056e-15,1,3,12,1,root_seeded_fmincon,1,0.499123154152771,17.5944052849059,54,3,1,5.14464869582273,6.11316811301776,4,25.6293574,,
117,ExternalVerification,58.256196444409,25.7315195938696,41.4251168359827,0.518441688675693,30.1883449521572,0.518199724572894,-0.00024196410279842,500.321987640633,121.44085487894,4.02277286387847,6.34734893164965,8.15852199582314,19.7930402256472,26.6199959784144,27.3674425315574,28.5069472631097,30.1203654786636,1.12377580060904,1.15419332766486,0.349803436570457,0.224391504021055,87.982009817292,11.6512392888818,10.0035732058144,8.00285856465153,7.01696287306297,30.5741783689115,7.83248097695973,1.48513204531009,0,1.3746453548851,5.53233677695073,5,0,0,0,-0.000643975281266806,0.000643975281266806,-2,2,44,1,root_seeded_fmincon,1,0.523618118960246,19.8022822321415,20,6,1,6.74857489373038,7.7929673083241,2,37.0027879,Product_salinity_max;Recovery_target_mismatch,
118,ExternalVerification,59.368701559438,38.5961130470739,38.7389003208971,0.419305788566158,24.893640223529,0.419305788566158,-4.9960036108132e-16,500,82.7482449709504,3.3240716997564,5.03594456807012,5.92991589950274,16.3215579750387,24.7426824658294,21.7206502887144,27.0259655601066,24.2690591634165,1.07661510568597,1.07490018663621,0.347002867936393,0.260386626485467,67.9773638192682,11.8737403118876,10.9107338566496,8.72858708531967,8.61876533397724,25.2708965875692,5.63564382119448,0.599699253124359,0,1.09428772399954,5.62630171026089,5,1,1,1,-8.88178419700125e-16,8.88178419700125e-16,1,3,12,1,root_seeded_fmincon,1,0.5138060829823,16.3215579750387,48,9,1,5.07002680211487,5.87330666074712,3,16.1706756,,
119,ExternalVerification,55.7439912906307,30.5491028755551,40.5642574057205,0.415037386997358,25.8545450384255,0.463808644480236,0.0487712574828787,506.514081791855,113.685475005717,4.39711759912059,4.94939377645559,7.43211048673924,16.9515768675751,17.5799830008307,32.3284813394621,19.037059599162,35.4438636072182,1.0721218205561,1.14198314938219,0.350494339307042,0.247199814688787,77.2279975569815,11.1487982581261,11.0151937449011,8.81215499592086,7.47236156305128,26.2376954412018,7.10429897986124,2.15490520340565,0,1.28189194119985,5.56327793249785,5,0,0,0,-0.0130281635837093,0.0130281635837093,-2,2,41,1,root_seeded_fmincon,1,0.547215929353933,15.16905355761,45,12,1,4.37090604945455,7.13448357975451,4,41.9960773,Stage1_dP_max;Product_salinity_max;Recovery_target_mismatch,
120,ExternalVerification,62.9932175558056,44.1225269350529,40.6553870506985,0.419127804634082,26.9385615829711,0.427642254646006,0.00851445001192364,500.281217876536,83.6199140023159,3.10409721561286,5.4703911425515,5.93496964340827,17.6623141771381,32.3842025478854,18.5580679903738,35.7404963135618,21.240144013669,1.08268124131058,1.0560120777385,0.350405479010623,0.26138198183296,72.4254964982545,12.5986435111611,10.8625114706984,8.69000917655868,9.01366399320864,27.3332844060805,5.63956963016135,0.169178487609849,0,1.09479015250302,5.62613213473952,5,0,0,0,-0.00115851145892425,0.00115851145892425,-2,2,33,1,root_seeded_fmincon,1,0.484242608705874,17.3106536723065,48,9,1,5.16507803141326,5.99669756140161,3,39.1991381,Stage1_dP_max;Product_salinity_max;Recovery_target_mismatch,
121,ExternalVerification,57.9434898144876,30.437388232212,39.4941621249938,0.452690765896766,26.4110979463365,0.455807857464134,0.00311709156736867,500.003079393434,96.9417300461968,3.67049223940513,5.47217727507204,6.80484824740475,17.3164817376977,23.5274596372554,24.1611994803324,25.3567059001164,26.5789840734045,1.09424367644961,1.10959327854893,0.350000362205085,0.248489281048993,74.0641020780978,11.5886979628975,10.5371275122542,8.42970200980333,7.88309796703777,26.7907723000595,6.49445148345934,1.0222742083873,0,1.20407724003484,5.58934724707135,5,0,0,0,-6.15878686849314e-06,6.15878686849314e-06,-2,3,22,1,root_seeded_fmincon,1,0.526443955958847,17.1980610954969,41,9,1,5.90345149479882,6.37231539899771,3,28.5308965,Stage1_dP_max;Product_salinity_max;Recovery_target_mismatch,
122,ExternalVerification,60.2543545476295,21.1066842319166,38.8679053236043,0.445642863590068,28.4025852805307,0.47137813513676,0.0257352715466917,501.787256567585,97.6144297593395,3.43681495170976,7.11874366286781,6.75634681072689,18.622203829354,30.4840264305527,14.4379638186266,32.2805481444393,15.6841874059023,1.15971934520303,1.09303547287592,0.362704373260082,0.248062996110959,75.0798876994463,12.0508709095259,9.62819134643991,7.70255307715193,7.9629423167747,28.7842094618671,6.44784648058835,0,0.670897182279456,1.19812553624945,5.59134536197397,5,0,0,0,-0.036298209314521,0.036298209314521,-2,2,38,1,root_seeded_fmincon,1,0.506253867110756,17.6055095098196,29,9,1,6.68575141501684,6.5943856509365,3,39.6832923,Stage1_dP_max;Product_salinity_max;Recovery_target_mismatch,
123,ExternalVerification,56.4045734329472,35.5865206624925,39.5496975217192,0.51389708521145,28.9861458797867,0.513897085211449,-1.4432899320127e-15,500.000000000002,97.114691028888,3.35038302200122,5.89237380058876,6.95945701540594,19.0048163387009,31.2800983900799,22.7399938173579,34.062353032448,25.7910031481244,1.11230081490502,1.10353244139578,0.293819423094435,0.189454990898517,83.2403020579891,11.2809146865894,9.15507465744249,7.32405972595399,6.85460688829012,29.3235368283395,6.70162923030491,0.809255429716154,0,1.23052625063402,5.58047494416874,5,1,1,1,-3.99680288865056e-15,3.99680288865056e-15,1,4,15,1,root_seeded_fmincon,1,0.540807210185937,19.004816338701,44,6,2,5.10875369206786,7.43858111917415,4,22.2216397,,
124,ExternalVerification,61.7547774186627,43.0092522797391,40.1104891756365,0.428824942967895,26.4819889045532,0.428824942967896,1.33226762955019e-15,499.999999999997,83.1839315688679,3.14115121295009,5.35896906542836,5.93575572029337,17.3629615162295,30.5454343694845,19.494646856135,33.6416544135136,22.2007658985991,1.0816088328333,1.0608751692012,0.344877763825317,0.256309864761663,71.6013548456869,12.3509554837325,10.7817143821104,8.6253715056883,8.8181971285274,26.8684077336464,5.64523651875621,0.286267453327854,0,1.09551539691483,5.62588736371099,5,1,1,1,4.9960036108132e-15,0,1,3,12,1,root_seeded_fmincon,1,0.493953687067804,17.3629615162294,49,9,1,5.13819876184259,6.0531225463551,3,26.4688752,,
125,ExternalVerification,58.7671938375961,23.9994005060834,41.1830762827261,0.502323939997213,29.5201650363586,0.502323883592909,-5.64043041162421e-08,511.953449377636,109.527746106314,3.71026875938581,6.7359009643065,7.73021683824373,19.3549469160494,28.590436878115,21.850942427223,30.5100407545159,23.9632296363182,1.13979344115739,1.13124581269982,0.350000081920071,0.229564397953306,84.6126183915716,11.7534387675192,9.74130360932673,7.79304288746138,7.31175720030938,29.9065126632358,7.41100794477881,0.675106980472312,0,1.32098077210795,5.55022086088912,5,0,1,0,-0.0239068987552726,0.0239068987552726,-2,2,10,1,root_seeded_fmincon,1,0.519065111128127,19.354949089353,17,3,1,6.74244770735781,7.67740540537591,1,11.3229259,Product_salinity_max,
126,ExternalVerification,59.9756454987644,31.4839486933319,38.690890693673,0.476869633799576,28.600564105701,0.476869633796442,-3.13399306506312e-12,485.241672206408,88.8658727975459,3.10713706446903,6.16969491694317,6.45087820038141,18.7520089861664,31.9277994452717,17.2567109483694,34.3760997076824,19.2075574163853,1.12175691953152,1.08172998455505,0.33601275198327,0.229633402259233,75.5598473187001,11.9951290997529,9.69726329016885,7.75781063213508,7.84377034826584,28.9653276977286,6.16970198182551,7.06488233781499e-06,0,1.16259010600753,5.60328775361045,5,1,1,1,0.0295166555871842,0,0,14,91,1,root_seeded_fmincon,1,0.508606447605944,18.7520089862896,49,3,1,5.87429457991841,6.64133009371696,3,77.980347,,
127,ExternalVerification,55.5818006713289,41.6369336919467,41.2386858829451,0.457775485306161,25.4439857765079,0.457775485306161,-2.77555756156289e-16,500,112.544770389524,4.42323664924522,4.38082884724502,6.99352417282126,16.682392982237,15.3379477891082,39.7654264827707,17.0581331522784,44.5404838549408,1.04623519168317,1.12218634605806,0.338677222756908,0.239813200702276,77.6391093590042,11.1163601342658,11.5845987785651,9.26767902285209,7.53445372370525,25.8142316709751,6.68582727336598,2.30499842612095,0,1.22850941834833,5.58115107529398,5,1,1,1,-6.66133814775094e-16,6.66133814775094e-16,1,3,12,1,root_seeded_fmincon,1,0.544819152145865,16.682392982237,56,12,1,4.41594415900527,6.93158919951752,4,32.3338837,,
128,ExternalVerification,62.0516030081331,22.3451451204082,39.6349431985887,0.447328960874311,28.5115588108423,0.459481422375266,0.0121524615009555,500.461573444654,98.7011573853921,3.46179449675891,7.06216918175128,6.6807982569165,18.6936525116984,30.9151599241961,14.3733980661734,32.795080971234,15.6441098679176,1.15159409206743,1.08578921331252,0.381597791858826,0.266391775206211,74.8491382653746,12.4103206016266,10.0342815256111,8.02742522048887,8.38501104932269,28.9095126166697,6.35685612274469,0,0.705313059006596,1.18650352243573,5.59524883747864,5,0,0,0,-0.090279405310931,0.090279405310931,-2,2,34,1,root_seeded_fmincon,1,0.491590845703081,18.1992388501268,32,17,1,6.70459360967164,6.72696503034627,3,45.9072343,Stage1_dP_max;Product_salinity_max;Recovery_target_mismatch,
129,ExternalVerification,57.2589577260877,41.4274522916354,38.6552806292743,0.411843815949749,23.5817476472174,0.41184381594975,9.43689570931383e-16,499.999999999998,90.5355836012803,3.83922281570015,4.39011873264547,6.0420208847744,15.461413353801,18.1639156191827,29.505366074555,20.0514569914402,32.8923989564516,1.05339825359636,1.0896499335641,0.345014982555787,0.26140178854674,66.9454575534991,11.4517915452175,11.5172545814978,9.21380366519821,8.41930251971761,23.9549048226945,5.74311895646991,1.35300022382443,0,1.10804064411298,5.62166146893984,5,1,1,1,3.44169137633799e-15,0,1,3,12,1,root_seeded_fmincon,1,0.532737604933771,15.461413353801,41,9,1,4.25840180509772,6.10420090254886,3,27.1344553,,
130,ExternalVerification,60.6192297038865,38.8117869385103,38.8199673282993,0.496686942761291,30.1087798741679,0.496686942761292,5.55111512312578e-16,468.079159247366,94.6208754723656,3.14263400469265,5.88229231689506,6.50786714303947,19.7408732455861,35,20.3716065173087,38.1811286692723,23.1854294992138,1.10733667544296,1.0797410567819,0.320573517622798,0.213048503826299,78.8843596612367,12.1238459407773,9.68113426387721,7.74490741110177,7.62761245742968,30.4662703716689,6.24097691588762,0.358684598992555,0,1.17169854753459,5.60022465781731,5,1,1,1,-4.06024420434343e-16,4.06024420434343e-16,1,2,9,1,root_seeded_fmincon,1,0.503206658167817,19.7408732455861,56,3,1,5.88053410322286,6.47251671803319,4,22.8471736,,
131,ExternalVerification,56.7382629513292,26.6950427286525,38.5617150839835,0.479652124944343,27.2146283902559,0.479652124944343,-1.66533453693773e-16,500,94.204381949733,3.46153475251797,5.95329845936517,6.91344642782226,17.8433178535641,26.029122336929,21.0441083764745,27.8564294253443,23.0923807497114,1.11958793208892,1.11500711236684,0.330563472883399,0.225137335045918,75.6948301349416,11.3476525902658,9.71681538941936,7.77345231153549,7.38090864026831,27.57493856581,6.62239540638402,0.669096947018851,0,1.22041266568571,5.58386615170881,5,1,1,1,-2.22044604925031e-16,2.22044604925031e-16,1,3,12,1,root_seeded_fmincon,1,0.537626610567312,17.8433178535641,33,3,1,5.86858394173276,6.94216064825033,2,18.1198223,,
132,ExternalVerification,61.4446910410581,23.6358841072795,39.4252723256519,0.454333592318212,28.5385668814411,0.464459441457217,0.0101258491390048,500.299787609059,97.0250547628642,3.39978721306993,6.96850048058185,6.60004248706212,18.7113603995811,31.5728361026553,14.124763863958,33.5673692942741,15.437154227029,1.15014340071091,1.08265165544997,0.368595118604294,0.25540386284139,75.1607835572349,12.2889382082116,9.8290489460378,7.86323915683024,8.22653103990424,28.9261570159433,6.28924767357292,0,0.679252807008931,1.17786626167853,5.59815129648398,5,0,0,0,-0.0531289102979815,0.0531289102979815,-2,2,33,1,root_seeded_fmincon,1,0.496446470527728,18.3034272289317,34,9,1,6.69967220144853,6.60286011149566,3,40.1800327,Stage1_dP_max;Product_salinity_max;Recovery_target_mismatch,
133,ExternalVerification,58.4532227700899,23.1465322203525,40.9386039366746,0.434330545935292,28.7921888521041,0.492568031113536,0.058237485178244,517.505612658665,104.960350565901,3.64544533606136,6.73759736424548,7.57339510807878,18.87764808032,27.9997105862473,20.5911092026987,29.8322404871589,22.5107075360808,1.14110115599339,1.1263724338412,0.35000091783231,0.233160409029171,82.4525198217148,11.690644554018,9.72923743586887,7.7833899486951,7.41525847949646,29.1781148097619,7.25514910674457,0.517551742499093,0,1.30112105574234,5.55685151067555,5,0,0,0,-0.0350112253173305,0.0350112253173305,-2,3,45,1,root_seeded_fmincon,1,0.521853176855266,16.6456990279376,32,6,1,5.9545842942783,7.09733418558395,2,44.4595581,Stage1_dP_max;Product_salinity_max;Recovery_target_mismatch,
134,ExternalVerification,59.3171299218515,38.2855201303907,41.0292071408576,0.44610634345375,26.848327490464,0.452623509024051,0.00651716557030119,500.116342401944,99.714076263029,3.7139772039225,5.22024883755578,6.70274612557605,17.6031520393811,24.4215055645517,27.585681976513,26.7449835536784,30.9070900508673,1.07671619830792,1.09706475223544,0.350004399772398,0.250177381151094,76.5032144833833,11.8634259843703,10.9834848241874,8.78678785934991,8.11720060784688,27.23510495972,6.39384221338043,1.17359337582465,0,1.19122801055981,5.59366175409616,5,0,0,0,-0.000232684803888716,0.000232684803888716,-2,2,29,1,root_seeded_fmincon,1,0.514252797466568,17.3496904888593,45,12,1,5.18158281384936,6.60130739677848,4,42.3646891,Stage1_dP_max;Product_salinity_max;Recovery_target_mismatch,
135,ExternalVerification,56.1104214332827,43.60501903461,38.6671737057579,0.51698165139483,29.0080583330309,0.516981651394696,-1.33559829862406e-13,491.907540923923,90.8939628135807,3.13340388970749,5.58379892731496,6.54222462806596,19.0191832763119,35.0000000000004,22.2677950921232,38.7258848537377,25.9810774116903,1.10133297402982,1.084362382673,0.267672452977333,0.172508636869958,81.9189842079105,11.2220842866565,8.8775465434367,7.10203723474936,6.77559077506297,29.3281293381172,6.3135475019905,0.729748574675542,0,1.18097083971006,5.59710789199085,5,1,1,1,-1.11656715619444e-14,1.11656715619444e-14,1,3,12,1,root_seeded_fmincon,1,0.543642325628766,19.0191832763168,50,3,1,5.06790233534397,6.78166737345311,4,27.0642272,,
136,ExternalVerification,62.6477134087143,36.8805832202441,41.441284501073,0.462688818270238,29.122038176459,0.464853968196198,0.00216514992596034,500.037222173231,92.5742843235403,3.17883946729983,6.19287355452793,6.52114258099741,19.093914356451,34.5332133326133,17.6338737164386,37.6049111609119,19.9400601612897,1.10894732378064,1.06906838579409,0.350157198082698,0.24563515815998,79.0888445263476,12.5295426817429,10.1988556316433,8.15908450531465,8.38141880806382,29.5140565183046,6.2222678311045,0.029394276576566,0,1.16930781894727,5.60102850575046,5,0,0,0,-0.000449137379137416,0.000449137379137416,-2,2,31,1,root_seeded_fmincon,1,0.486913222211186,19.0049806480531,49,9,1,5.97590824227503,6.60314317014111,3,41.4873281,Stage1_dP_max;Product_salinity_max;Recovery_target_mismatch,
137,ExternalVerification,57.8739325831392,30.9077458054623,40.27412202728,0.419916735919149,26.6478087723661,0.460445792828836,0.0405290569096873,504.857363772209,100.905716844801,3.78664218535825,5.47673869751402,6.98646906762733,17.4716815974076,23.2202878790747,25.5869591530325,25.0715377316207,28.1989580549399,1.09192452683706,1.11442973660384,0.350255585933818,0.247146604033209,76.1927875034168,11.5747865166278,10.5972804772489,8.47782438179913,7.80653095269324,27.0308684142491,6.67187127815005,1.19513258063603,0,1.22672812099295,5.58174830155442,5,0,0,0,-0.00971472754441716,0.00971472754441716,-2,2,40,1,root_seeded_fmincon,1,0.527076675775908,15.9338007245717,47,12,1,5.14271287115068,6.58926770281605,4,33.5923792,Stage1_dP_max;Product_salinity_max;Recovery_target_mismatch,
138,ExternalVerification,60.5554224848898,36.3700026267812,41.2343064155663,0.41185440365604,26.7734458380768,0.442131269825712,0.0302768661696722,509.377796633205,93.6445671432353,3.49766584807905,5.54538719034517,6.53880362512243,17.5540557553611,26.8495760428876,22.7598713792646,29.2579202815631,25.442246138764,1.08764517713704,1.08504487968351,0.357764000343315,0.259767212915923,75.4015777270156,12.111084496978,10.8432671111472,8.67461368891776,8.44549416170325,27.1686087221036,6.22568671755606,0.680299527210888,0,1.16974470783117,5.60088160100748,5,0,0,0,-0.0221828581237576,0.0221828581237576,-2,2,43,1,root_seeded_fmincon,1,0.503736886776929,16.3519652607224,51,12,1,5.19099859557439,6.33313889709741,4,50.4003925,Stage1_dP_max;Product_salinity_max;Recovery_target_mismatch,
139,ExternalVerification,56.5685173976391,43.92754016455,39.5877284552032,0.526212820911006,29.7670791145447,0.526212820910647,-3.58602036953926e-13,492.436457823969,97.2130304027536,3.26579003699606,5.64158978607876,6.83018117068028,19.516836555563,34.9999999999994,24.8851002706294,38.7959041467887,29.1192662790758,1.09990282621741,1.09291341093422,0.272609200675318,0.172758242849241,85.5445335414001,11.3137034795278,9.02067532011307,7.21654025609046,6.70035957077359,30.0931424534068,6.59244319846403,0.950853412385266,0,1.21658895846548,5.58514873471056,5,1,1,1,1.70530256582424e-14,0,1,3,12,1,root_seeded_fmincon,1,0.539239870572833,19.5168365555763,52,3,1,5.11295686243779,7.06578927510255,4,26.0349546,,
140,ExternalVerification,61.805432339287,43.321394908458,39.377265573742,0.404548684558644,25.4749051864797,0.412179062944382,0.00763037838573771,500.191092728405,78.9414961867766,3.09879450419596,5.17052938298735,5.7003642093301,16.7026653464986,29.0836962776903,18.910467038152,32.0245209891983,21.4748918403317,1.076705050732,1.0571137482753,0.350018679598671,0.266353085427886,68.2476521893437,12.3610864678574,11.0013629309258,8.80109034474065,9.08263178820182,25.8618727400201,5.40788788707316,0.237358504085813,0,1.06513057713909,5.63614985402559,5,0,0,0,-0.000382185456810236,0.000382185456810236,-2,2,30,1,root_seeded_fmincon,1,0.493548849113219,16.3934607601868,46,9,1,5.10251263850491,5.62259935390512,3,40.2125033,Stage1_dP_max;Product_salinity_max;Recovery_target_mismatch,
141,ExternalVerification,59.1160201380609,31.2474893626352,40.4909406668568,0.442117314699599,27.664848573319,0.467975491393194,0.0258581766935944,501.787851465288,98.9089834407037,3.5752584431673,5.80975422730419,6.92885541307848,18.138505489981,26.5939652408925,23.1207215380003,28.7026597314429,25.5958629375789,1.10286660503182,1.10459841550852,0.350043123867101,0.243715561049807,77.719378530639,11.8232040276122,10.3621457888198,8.28971663105586,7.86279289118548,28.0485592552996,6.61932189254828,0.809567665244092,0,1.22002031368115,5.58399774671356,5,0,0,0,-0.00357570293057607,0.00357570293057607,-2,2,37,1,root_seeded_fmincon,1,0.516002260110884,17.1362549692938,45,19,1,5.94001953694546,6.36663448437108,4,62.0896697,Stage1_dP_max;Product_salinity_max;Recovery_target_mismatch,
142,ExternalVerification,59.6136194488097,42.6724751742505,40.5412370768723,0.454161311467696,27.0741995902075,0.454161311467695,-6.66133814775094e-16,500.000000000001,91.0186009493331,3.36182056448508,5.29735546062733,6.33677877289956,17.7512454695827,28.7835703332463,24.0597970625489,31.7593040566473,27.4181580836087,1.08017630388607,1.07817729312499,0.328732016548924,0.234761456531873,75.8126787343924,11.9227238897619,10.536291736212,8.42903338896961,8.13485496465056,27.4476967297935,6.0542278014971,0.756872340869764,0,1.14782974376632,5.60825450440723,5,1,1,1,-2.66453525910038e-15,2.66453525910038e-15,1,3,12,1,root_seeded_fmincon,1,0.511695150907484,17.7512454695827,50,3,1,5.15909724241152,6.39063441843328,4,21.2922755,,
143,ExternalVerification,55.2934694990084,33.1192237975086,40.4293795757275,0.535832106609953,29.6280162434268,0.535832106609952,-9.99200722162641e-16,500.000000000002,112.168983258667,3.78590933449865,5.78441782044884,7.72866745839556,19.4256597452313,27.3368700236234,29.5100850220277,29.6845929592764,33.2486094776254,1.10687106274635,1.14257909144573,0.300630799243996,0.186756247316382,89.1933690001504,11.0586938998017,9.41446937409461,7.53157549927569,6.4163633138954,29.9683628952231,7.45110432782655,1.66668650737772,0,1.3260886079316,5.54851655680427,5,1,1,1,-3.33066907387547e-15,3.33066907387547e-15,1,4,15,1,root_seeded_fmincon,1,0.551674551739732,19.4256597452313,35,3,1,5.15090148166194,8.11397096474155,3,20.6611105,,
144,ExternalVerification,62.4844511772669,22.8630567661004,40.4149489165732,0.467529189595019,29.7568684596128,0.476228372002393,0.008699182407374,500.544347431531,104.552758885997,3.51356726356807,7.31181473807377,6.9344542263418,19.510141922117,32.8373823781177,14.7613360023348,34.8852155410341,16.1289684256215,1.15829459766103,1.08877131341547,0.377992339762402,0.25691147427416,78.8250778231155,12.4968902354534,9.85709388429141,7.88567510743313,8.18189567941352,30.1558438071649,6.61195436239299,0,0.699860375680778,1.21907979270597,5.58431320832021,5,0,0,0,-0.0799781136068632,0.0799781136068632,-2,2,35,1,root_seeded_fmincon,1,0.488185451344701,19.153753488852,23,6,1,6.72363060435413,7.2422639295582,2,23.0303528,Stage1_dP_max;Product_salinity_max;Recovery_target_mismatch,
145,ExternalVerification,60.9369109430765,41.3048446226805,39.0951817623878,0.430274660252966,26.2196086528974,0.430274660252965,-8.88178419700125e-16,500.000000000002,77.4494872788447,2.95387655491517,5.45801924494312,5.75217519678691,17.1909314535126,31.629297924344,16.3418572451193,34.6752390733334,18.5751863664309,1.08958184491636,1.05522549760198,0.333342115345727,0.247101644540417,69.9636915423763,12.1873821886153,10.3419660002925,8.27357280023401,8.67932557254475,26.5924475197562,5.47659409445237,0.0185748495092461,0,1.07392810576812,5.63317688839854,5,1,1,1,-3.10862446895044e-15,3.10862446895044e-15,1,3,12,1,root_seeded_fmincon,1,0.500583300464557,17.1909314535126,49,9,1,5.08817622677146,5.97998946185618,3,32.0391908,,
146,ExternalVerification,57.1596213244677,33.3351230732581,40.0855070432932,0.496324340554023,28.369711360184,0.496324340554022,-1.33226762955019e-15,500.000000000002,100.297387335891,3.53536862122097,5.77702042282387,7.06210922682975,18.6006499870076,27.9300310189095,24.4793399127184,30.2817609490451,27.399944923039,1.10510923814429,1.11139280175723,0.318405218325712,0.211695023076627,81.3670171330541,11.4319242648935,9.75577659996526,7.80462127997221,7.19747749107091,28.7268448033663,6.77963670318467,1.0026162803608,0,1.24048127842464,5.5771385809465,5,1,1,1,-3.77475828372553e-15,3.77475828372553e-15,1,4,15,1,root_seeded_fmincon,1,0.533663437461271,18.6006499870077,39,3,1,5.13422363617641,7.48786851929617,4,24.2189666,,
147,ExternalVerification,61.2872630846497,37.9392047777486,39.2775956268192,0.447813250829958,27.4452485166178,0.447813250833383,3.4252045644223e-12,491.67855370717,82.7416419805636,3.01478931518745,5.74612939877343,6.02835850227573,17.9945243355742,32.3122400779673,16.7587456784445,35.1893412357669,18.9111444492136,1.10015116465158,1.06303103910074,0.339899903745665,0.244647342250341,72.5838249463736,12.2574526169299,10.1973490597517,8.15787924780133,8.46050364200798,27.8203613392033,5.74611083698314,0,1.85617902923596e-05,1.10842344161114,5.62153235834827,5,1,1,1,0.0166428925856605,0,0,12,90,1,root_seeded_fmincon,1,0.497721687422523,17.9945243354366,48,3,1,5.89710627511718,5.88484239588012,4,85.8725829,,
148,ExternalVerification,58.3261798403687,31.4120057289566,39.05974406624,0.512548893011593,29.895018910776,0.512548893011593,-3.33066907387547e-16,495.825845759251,93.9974517975435,3.14425129076138,6.53893356558126,6.80375293719203,19.600720502738,35,16.8840628464807,37.75805830816,18.9746049799728,1.1384819097308,1.08804524996738,0.305875853847773,0.196714443877779,81.9781658637902,11.6652359680737,8.87769957566465,7.10215966053172,7.10779023239815,30.239135855307,6.54358729928187,0.00465373370061428,0,1.2103513654723,5.58724153262277,5,1,1,1,-0,0,1,5,29,1,root_seeded_fmincon,1,0.522989849214976,19.600720502738,37,3,1,5.88777408511598,7.23135542291387,3,35.5797767,,
149,ExternalVerification,59.5388887112888,24.0739668197534,41.0721475276961,0.458737693546666,27.9769040799192,0.469892950397219,0.0111552568505532,531.124230777326,95.2888398313215,3.40598229021761,6.96454110001003,6.89651395110444,18.3431052189347,30.6631411311301,15.1219228760651,32.7101688965355,16.5885438571196,1.14842375314039,1.09009767459303,0.349999865218361,0.241228430117686,79.1066530279851,11.9077777422578,9.58683830497346,7.66947064397877,7.89049615784241,28.3608001835441,6.59037050977794,0,0.374170590232096,1.21632434749816,5.58523750203927,5,0,0,0,-0.0622484615546512,0.0622484615546512,-2,5,69,1,root_seeded_fmincon,1,0.512337409384941,17.9076399709863,31,9,1,6.73976602387461,6.82941564995623,3,70.9059824,Product_salinity_max;Recovery_target_mismatch,
150,ExternalVerification,55.9175487391692,34.4606225262533,40.6772792810129,0.515342646722524,28.8166975654792,0.515342646722524,-2.22044604925031e-16,500.000000000001,109.283384780373,3.79236324814989,5.58220941002848,7.47908648367669,18.8937172603456,26.022627503298,29.6498252402173,28.3248037383723,33.3392190926312,1.09657597435105,1.13175674381508,0.310849653876614,0.200442497872314,85.8787428518162,11.1835097478338,9.80611488766488,7.84489191013191,6.7752127934225,29.1672460253728,7.1953253991265,1.61311598909802,0,1.29349612544258,5.55939903965788,5,1,1,1,-1.33226762955019e-15,1.33226762955019e-15,1,4,15,1,root_seeded_fmincon,1,0.54551747506472,18.8937172603456,46,3,1,5.16335034653585,7.72015270673869,4,25.1226127,,
151,ExternalVerification,62.8064169001992,21.4731188332444,40.7265693695139,0.478337288850016,30.2204506284995,0.4811682009582,0.0028309121081837,500.964951649806,108.597325150065,3.59350449419348,7.53099991350794,7.14726746014149,19.8140903674925,32.8303628354544,15.2056503025801,34.8052296546602,16.5635952704803,1.16483653201095,1.0954082343722,0.38481719996573,0.259243270181442,80.2058644942546,12.5612833800398,9.88626243995079,7.90900995196063,8.14649156792492,30.6261906799784,6.81612737016961,0,0.714872543338336,1.24513739471705,5.57557868512667,5,0,0,0,-0.0994777141878005,0.0994777141878005,-2,2,37,1,root_seeded_fmincon,1,0.485682857031496,19.6975158552486,18,3,1,6.73099991350794,7.77627661475518,1,35.6249395,Stage1_dP_max;Product_salinity_max;Recovery_target_mismatch,
152,ExternalVerification,58.059237131492,20.9851512644655,38.88584222648,0.42615461397288,25.3606196375475,0.436805939769947,0.0106513257970666,535.823300307614,84.8753083493391,3.3467363795669,6.67925727742666,6.32828699348851,16.6277338300207,27.0538315252768,12.9750971889611,28.6684720315985,14.0645411444186,1.14612092594208,1.08263917097322,0.351430471726725,0.254216134536098,70.3758046335632,11.6118474262984,9.68246250317184,7.74597000253747,8.17465437348611,25.734812797518,6.02716609199711,0,0.652091185429549,1.14436997233831,5.60941922096695,5,0,0,0,-0.0716466006152281,0.0716466006152281,-2,3,51,1,root_seeded_fmincon,1,0.5253944334631,16.2222736607205,33,6,1,5.87925727742666,6.85694618478352,2,53.5656728,Stage1_dP_max;Product_salinity_max;Recovery_target_mismatch,
153,ExternalVerification,60.1388530089953,30.5115477557887,39.7581212522412,0.420474080457023,27.4239010265509,0.456009711765686,0.0355356313086633,503.544109078458,87.7276852451018,3.19894989265629,6.09984395281937,6.46684593491627,17.980527817041,29.5785282749652,17.5513381935051,31.8294981141913,19.4369074291587,1.11554788708188,1.08223766651543,0.35007723734991,0.247654584479004,74.5932348398453,12.0277706017991,10.0893769893867,8.07150159150932,8.17873799561111,27.8041586545722,6.16771288513168,0.0678689323123072,0,1.16233588918413,5.60337326468137,5,0,0,0,-0.00708821815691696,0.00708821815691696,-2,2,38,1,root_seeded_fmincon,1,0.507226168670649,16.5793528184483,50,12,1,5.91311052329888,6.00211563771876,4,49.2749691,Stage1_dP_max;Product_salinity_max;Recovery_target_mismatch,
154,ExternalVerification,56.2337653696637,30.112500837194,39.443359089831,0.403618281015631,25.1565566585907,0.44735678810087,0.043738507085239,505.375310874774,102.745839272114,4.08425686657029,5.0069059374165,6.97574230458272,16.4939395873267,18.8411621143058,28.1970333460156,20.3427980320471,30.8508841793822,1.07766100413738,1.12533238415696,0.35080025477896,0.253057886123264,72.8025509718536,11.2467530739327,10.8974494049981,8.7179595239985,7.76930217776826,25.5371493918356,6.65573399412963,1.64882805671314,0,1.22466833100528,5.58243896617134,5,0,0,0,-0.010750621749549,0.010750621749549,-2,2,40,1,root_seeded_fmincon,1,0.542449892861983,14.8813111156176,50,9,1,4.3025446688241,6.89024009960647,3,51.8087894,Stage1_dP_max;Product_salinity_max;Recovery_target_mismatch,
155,ExternalVerification,61.6520250663056,32.1362436391866,39.3255361257137,0.483387227951665,29.8017951952578,0.483387125779024,-1.02172640403797e-07,477.357498555263,94.258991941817,3.1628628854149,6.31936336604717,6.61127470399279,19.5395982135181,33.5612872866482,17.9103885751735,36.165228278474,19.9832141404363,1.12277088500198,1.08225818390548,0.348240760525694,0.235556945442242,77.8033073671084,12.3304050132611,9.8727805987059,7.89822447896472,7.96255746776194,30.1781737756109,6.31936340744718,4.14000123072356e-08,0,1.18171385850856,5.59685819796129,5,1,1,1,0.00502639849801811,0,2,10,86,1,root_seeded_fmincon,1,0.494776935018655,19.5396023435668,40,9,1,5.89764442577628,6.89444848457837,3,65.5902504,,
156,ExternalVerification,58.6871525694342,38.6702740605734,39.0146642302384,0.452484747030883,26.5550413843433,0.452484747030883,-1.66533453693773e-16,500,82.9922568701843,3.12529194246017,5.46573507327536,6.09733274185127,17.4108585000939,29.5939693073329,19.2999728065761,32.3288527798374,21.7963001719708,1.09321134708128,1.07249487309436,0.320151508358435,0.228812544834154,72.7166483318343,11.7374305138868,10.0199497200202,8.01595977601619,8.03302779627273,26.9145749026401,5.82818108080672,0.362446007531367,0,1.11892280039072,5.61799207650011,5,1,1,1,-8.88178419700125e-16,8.88178419700125e-16,1,4,15,1,root_seeded_fmincon,1,0.519773045112557,17.4108585000939,51,3,1,5.0835127855808,6.32976393370092,4,25.2384807,,
157,ExternalVerification,59.9299225340229,29.7587404656385,38.9051849577683,0.495895473754205,29.7189773269809,0.495895473752851,-1.35469413464762e-12,483.627706438186,94.4638039838391,3.17856845962456,6.46770351560795,6.74927976781243,19.4852985359172,33.1013377257426,17.6329347757737,35.5519517383027,19.6068065345071,1.13349806002737,1.09043803075936,0.333576245245965,0.220512180971222,78.9107235609719,11.9859845068046,9.45102678417251,7.560821427338,7.55273630176047,30.0817084928899,6.46770316795408,0,3.47653869248177e-07,1.20066142725094,5.59049393608965,5,1,1,1,0.0257350732041395,0,0,11,90,1,root_seeded_fmincon,1,0.508994484060655,19.4852985359704,37,9,1,6.68785215345687,6.53902749349169,3,79.4499033,,
158,ExternalVerification,55.6277287897795,39.9197355372283,41.0713023873091,0.429252290531915,24.8955030836996,0.447537651191569,0.0182853606596546,500.005788164378,115.341338153157,4.6330189739639,4.26323004250035,7.02637802510336,16.3227793625096,13.4727107434099,40.0791035979272,14.9567246023547,44.5408776952926,1.04240829512022,1.12576875033327,0.349999981883516,0.252125602472757,75.8543230646802,11.1255457579559,11.8598561456595,9.48788491652762,7.68305642652,25.2738329011697,6.70575212769792,2.44252208519757,0,1.23105244992167,5.58029855020233,5,0,0,0,-1.15763287558135e-05,1.15763287558135e-05,-2,3,23,1,root_seeded_fmincon,1,0.546689358801016,15.6558680829406,47,9,1,4.40513486447316,6.6556796386384,3,38.1870372,Product_salinity_max;Recovery_target_mismatch,
159,ExternalVerification,62.1614675823347,34.7057287781274,39.0605010515563,0.430963472818228,26.9521923368184,0.43358359101029,0.00262011819206148,499.999949733925,83.8836859343694,3.11231401461094,6.06268088546288,5.76410914103574,17.6712512043131,33.4956791759642,12.137681125598,36.2272695064458,13.6179967921684,1.11256388552254,1.0499489318888,0.350000014508696,0.256849444622961,70.3199655185947,12.4322935164669,10.0887963339298,8.07103706714387,8.80231881137908,27.3304099315362,5.47870794626405,0,0.583972939198826,1.0741987504159,5.6330854495523,5,1,0,0,-4.14534175239924e-08,4.14534175239924e-08,-2,3,11,1,root_seeded_fmincon,1,0.490722004907567,17.5644649519805,46,12,1,5.88848707299498,5.83193976233342,4,29.8810554,Recovery_target_mismatch,
160,ExternalVerification,57.3915466651338,28.3981520049768,39.2769757446641,0.503432403496542,28.8927642780123,0.503432403496542,1.11022302462516e-16,500,97.5368240846817,3.3758218198218,6.3176939499569,7.07079035825925,18.943590531086,30.0301757074566,20.1923074035463,32.2445210623452,22.3957811199186,1.13090640362363,1.11014954829949,0.319355093136967,0.208803913220253,80.881343940704,11.4783093330268,9.30337061430138,7.4426964914411,7.12469559678039,29.2466946240487,6.7908641739285,0.473170223971606,0,1.24191392189583,5.57665857678822,5,1,1,1,2.22044604925031e-16,0,1,4,15,1,root_seeded_fmincon,1,0.531506846783267,18.9435905310859,38,3,1,5.89508757025113,7.35568126244489,3,21.8881131,,
161,ExternalVerification,60.8151616165647,40.9794772765636,38.9872776889459,0.46585770900462,28.3312118634323,0.465857709004517,-1.02362562870439e-13,484.482241842613,84.200965446918,2.97202131178857,5.73832651543264,6.05400001917936,18.5754077258276,34.9999999999992,16.9144523360873,38.3440972856755,19.3310677603338,1.10071464040393,1.06105998273601,0.319783861847644,0.224383002502306,74.5437644843095,12.1630323233129,9.81909537704691,7.85527630163753,8.12098743828311,28.6931176872407,5.7905320624391,0.0522055470064586,0,1.11410658666462,5.61961582709223,5,1,1,1,2.2534355334106e-14,0,1,3,12,1,root_seeded_fmincon,1,0.501585446608291,18.5754077258317,48,12,1,5.08281643568898,6.45571073699684,4,30.6542092,,
162,ExternalVerification,56.8461194364051,26.4553426399525,39.8053252569609,0.412747127936416,26.466932469473,0.465589080343155,0.0528419524067389,508.340158600264,103.303531307608,3.9031168960271,5.61776416441452,7.24563677646865,17.3530897387051,22.0752989052584,25.1438547691852,23.6570403762651,27.4504089907825,1.10130357408531,1.13043050113521,0.350472429686876,0.24530704768372,76.0345034987414,11.369223887281,10.4132435488653,8.33059483909227,7.59479674173301,26.8494188342995,6.92511103963555,1.30734687522103,0,1.25904082042357,5.57092291582619,5,0,0,0,-0.0166803172005279,0.0166803172005279,-2,2,42,1,root_seeded_fmincon,1,0.536606549443106,15.3836038104555,47,12,1,5.11863461717934,6.76171594874778,4,55.61301,Stage1_dP_max;Product_salinity_max;Recovery_target_mismatch,
163,ExternalVerification,61.3368492876384,23.4849830392815,38.9315591698184,0.410752888445412,26.179316384318,0.426812213023047,0.0160593245776348,503.52874734936,87.3069716508195,3.33495994964629,6.27344407942966,6.42175507644449,17.1645137584042,26.2805632319179,16.2784450434209,27.9264349450206,17.653312115064,1.12406400352296,1.08821016009565,0.391601510142775,0.288454267680415,69.225168229158,12.2673698575277,10.6722474934972,8.53779799479772,8.78938322583008,26.5842266189684,6.08452314703303,0,0.188920932396632,1.15170264012499,5.60695094973819,5,0,0,0,-0.118861457550785,0.118861457550785,-2,2,46,1,root_seeded_fmincon,1,0.497319317087056,16.5186782146855,39,9,1,5.88144407942966,6.46865593331908,3,41.4944894,Stage1_dP_max;Product_salinity_max;Recovery_target_mismatch,
164,ExternalVerification,58.6299590860821,27.1662402880294,39.9625436696633,0.489149831190005,28.6788345896339,0.489149831190005,5.55111512312578e-17,500,100.701973548652,3.511369098138,6.29224119680759,7.17655665054537,18.8033271634107,28.3954819280293,21.2302224590639,30.4240206983554,23.3858643847609,1.12563966222879,1.11405927658066,0.343012752637454,0.230022969856766,79.9493809463459,11.7259918172164,9.8204527335794,7.85636218686352,7.48778112411204,29.0539367430783,6.87290238769635,0.580661190888767,0,1.25238086966925,5.57315269436351,5,1,1,1,-8.88178419700125e-16,8.88178419700125e-16,1,4,15,1,root_seeded_fmincon,1,0.520280083348058,18.8033271634107,39,9,1,5.9198649539703,7.43733070493807,3,26.0940009,,
165,ExternalVerification,59.130939768325,40.5474028578271,39.9417043643314,0.471720371823026,27.8932688937592,0.471720371823026,-1.11022302462516e-16,500,88.0879175039679,3.15803493091756,5.6606336316852,6.33592256723144,18.2882696654598,32.4610031547441,19.9418012761274,35.6319341215647,22.7719532718305,1.0969947525706,1.07342102287467,0.312340144616355,0.217043481925211,77.2274312772115,11.826187953665,9.80416405969318,7.84333124775455,7.80941771864146,28.2524762536342,6.07055666540103,0.40992303371583,0,1.14991723076091,5.60755185852804,5,1,1,1,-2.22044604925031e-16,2.22044604925031e-16,1,4,15,1,root_seeded_fmincon,1,0.515872064937825,18.2882696654598,47,3,1,5.12926786989938,6.64178177060966,4,24.3995739,,
166,ExternalVerification,55.9897658181768,20.0055425771266,41.1163132866972,0.497909730092973,27.877847561816,0.497909701075506,-2.90174667627596e-08,528.812302495378,117.002194588944,4.19695940762659,6.43828842663678,8.3,18.2781586426803,22.9601357830319,25.0471115053616,24.3680154106323,27.1367600670173,1.13158929083178,1.16868217056095,0.348083062741487,0.231280640893393,83.6858646805573,11.1979531636354,9.89660843299873,7.91728674639899,7.02797956409018,28.2689707767263,7.96343578283635,1.52514735619958,0,1.3913074566574,5.52679386226281,5,0,1,0,-0.0576246049907552,0.0576246049907552,-2,3,10,1,root_seeded_fmincon,1,0.544813852214703,18.2781597079053,18,6,1,6.7402464431752,7.97653129148873,2,12.6118003,Product_salinity_max,
167,ExternalVerification,62.5826096151175,39.2881641390852,39.5096685079788,0.426037210320007,26.6625204149706,0.426037210320006,-7.7715611723761e-16,499.750792063621,80.9907693960926,3.03762615595101,5.7180225907681,5.74832617902808,17.4813273111531,32.9851182256653,14.3048100558525,35.9917053533047,16.1987915484016,1.09660071355959,1.05044157781123,0.350000000000004,0.260866889941691,70.1748179194873,12.5165219230235,10.4544584487764,8.36356675902112,8.98002230003671,27.047493058599,5.45956272933625,0,0.258459861431856,1.07174745998889,5.63391367698109,5,1,1,1,-1.17366434031802e-14,1.17366434031802e-14,1,4,15,1,root_seeded_fmincon,1,0.487419751071413,17.4813273111531,53,12,1,5.90588140209795,5.56915261658645,4,31.0067007,,
168,ExternalVerification,57.6953115538506,20.6758395226316,39.1995354563979,0.51155360000401,29.5142443287251,0.511553600004007,-2.33146835171283e-15,500.000000000003,107.786170052239,3.65200507428661,6.91503792064109,7.75133589083728,19.3510649939189,28.1578650538405,20.7781860891073,29.8435252696443,22.5999403419534,1.15518864583827,1.1421058481126,0.342877759618752,0.220550095668544,82.0776271879406,11.5390623107701,9.41143823812325,7.5291505904986,7.04526680628139,29.8875621054871,7.44029194068604,0.525254020044952,0,1.32471128144189,5.54897607875994,5,1,1,1,-5.10702591327572e-15,5.10702591327572e-15,1,3,12,1,root_seeded_fmincon,1,0.528708471771206,19.351064993919,18,6,1,6.69376594542104,7.89943266120518,2,10.8866676,,
169,ExternalVerification,60.4210915313432,35.7425266619293,40.0404995498275,0.458684768574684,27.714234386084,0.458684768574684,5.55111512312578e-17,500,87.8656980099955,3.17041765563313,5.87354426236987,6.35528360050955,18.1708853829557,31.1631061954097,18.4238255443549,33.8538623212318,20.6933661017805,1.1042609284283,1.07464065802039,0.338676722969273,0.23943724532983,75.5114696894383,12.0842183062686,10.1050800392961,8.08406403143685,8.17671428631483,28.0902133734917,6.06761973183548,0.194075469465616,0,1.14954177877125,5.6076782298649,5,1,1,1,-2.22044604925031e-16,2.22044604925031e-16,1,3,12,1,root_seeded_fmincon,1,0.504856817824553,18.1708853829557,52,12,1,5.92453742209885,6.28288065668028,4,27.5517913,,
170,ExternalVerification,56.6460857135905,43.7855678497836,39.1441032169665,0.454023754456756,25.7186685109636,0.454023754456756,-6.66133814775094e-16,500,87.2886316845571,3.39397942188753,4.88567035399525,6.17317393012861,16.8624891889349,25.3269833358972,26.3373543436407,28.0362629959213,30.0071077564991,1.07129499740156,1.08421331484042,0.306771970703019,0.218683632729609,73.1685158465306,11.3292171427181,10.3475331115648,8.27802648925181,7.73185430065674,26.0680140690696,5.91139268321613,1.02572232922088,0,1.129565898818,5.61440521721676,5,1,1,1,-8.88178419700125e-16,8.88178419700125e-16,1,4,15,1,root_seeded_fmincon,1,0.538501462470539,16.862489188935,48,3,1,4.28907060496929,6.51423991307249,3,25.3994526,,
171,ExternalVerification,61.983544874517,24.8749104627436,39.1765334345015,0.419242029932257,27.3499922337126,0.441246016004432,0.0220039860721747,501.864174560205,91.4411780719774,3.34337126279926,6.64266930965539,6.26557746833271,17.9320693900554,30.3856335694976,13.5026813658155,32.353388943212,14.7663196767017,1.13729172168625,1.07318934216037,0.378237491974001,0.272129144794439,71.5121180115774,12.3967089749034,10.1882183169995,8.15057465359962,8.65838816020112,27.7428714113954,5.94910657320834,0,0.693562736447054,1.13438890245404,5.6127804303455,5,0,0,0,-0.0806785484971471,0.0806785484971471,-2,2,38,1,root_seeded_fmincon,1,0.492130614048519,17.0378358088052,39,9,1,5.8906828178656,6.52735723324884,3,41.5584472,Stage1_dP_max;Product_salinity_max;Recovery_target_mismatch,
172,ExternalVerification,58.9807537451992,25.1668100659331,40.4610548130422,0.508498009273195,29.9915958648662,0.508498009273193,-1.11022302462516e-15,500.000000000002,108.350887645532,3.61270831114593,6.68425754201235,7.59296444811956,19.6640413485879,29.7462746175157,21.6600302279521,31.7833132619997,23.8343902368251,1.13990740085833,1.12681917067844,0.345095723821816,0.223736759943648,84.2023622563101,11.7961507490398,9.63287709085064,7.70630167268051,7.24728947008323,30.3698204190656,7.28331350186489,0.599055959852544,0,1.30471038779618,5.55565263422994,5,1,1,1,-3.5527136788005e-15,3.5527136788005e-15,1,3,12,1,root_seeded_fmincon,1,0.517185659101261,19.6640413485879,23,6,1,6.72508077715216,7.51341028247423,2,16.1169113,,
173,ExternalVerification,59.7507807335266,37.1807964978601,40.3821710287148,0.488797036493404,29.206004550715,0.488797036493403,-2.77555756156289e-16,500,92.5628677378261,3.16930950199281,6.1164862806921,6.60971033741732,19.14896705397,34.6711185594238,18.4582451896523,37.8132682536638,20.9861212024406,1.11331926780913,1.07690934184693,0.315900021834847,0.213060336498336,80.7484541619431,11.9501561467053,9.50953022976868,7.60762418381495,7.63619404570291,29.5677479447925,6.33964810750366,0.223161826811556,0,1.18430527011377,5.59598741773819,5,1,1,1,-4.44089209850063e-16,4.44089209850063e-16,1,3,12,1,root_seeded_fmincon,1,0.51052052584953,19.14896705397,47,3,1,5.93732667853532,6.69060740506074,3,18.2007815,,
174,ExternalVerification,55.4781651779611,28.7355259289405,41.0285379531858,0.525792055240574,29.1699784898936,0.525792055240527,-4.74065231514942e-14,500.000000000063,123.690227538553,4.2403263197951,5.65500877852047,8.21666271572508,19.1253465053066,22.7226300741443,32.758411473529,24.4947812111489,36.2538765860928,1.09997635424832,1.1690191380664,0.328407618469161,0.208876773128683,88.557399784312,11.0956330355922,10.0586190326038,8.04689522608307,6.57704667201689,29.534021679947,7.90414215984555,2.24913338132507,0,1.38376389969343,5.5293027693519,5,1,1,1,-1.26787469412193e-13,1.26787469412193e-13,1,3,12,1,root_seeded_fmincon,1,0.547167173707422,19.1253465053083,28,6,1,5.95907704898964,7.93572622613947,2,16.84523,,
175,ExternalVerification,62.2770555968364,38.990228921268,40.9382100779331,0.487705922981805,30.3728888804443,0.487705922981804,-1.11022302462516e-15,481.37724054392,99.8744310347901,3.28827565359102,6.0389758595801,6.7420609548522,19.9140367692396,35,21.3211599002582,38.2575377671,24.2690356374416,1.10456117894151,1.08006426600545,0.340513276820654,0.230230988814655,81.7053199502644,12.4554111193673,10.1231681054278,8.0985344843422,7.97604167909805,30.7552809126146,6.4512839980989,0.412308138518803,0,1.19856454979545,5.59119795536002,5,1,1,1,4.06024420434343e-16,0,1,3,12,1,root_seeded_fmincon,1,0.489811210688476,19.9140367692397,51,3,1,5.95802022298159,6.75699082141538,3,23.1505303,,
176,ExternalVerification,57.5903048526172,39.4788163785342,39.424476490738,0.41900956708826,24.3861609279855,0.423442122600211,0.00443255551195032,500.168829823379,95.4471508969982,3.91398839607687,4.57265810520298,6.32142306767615,15.9888283031638,18.79296703237,29.9228909314356,20.6657629585668,33.282559213901,1.05807710192036,1.09677386118467,0.350186814866792,0.261184772083641,69.6902095164637,11.5180609705234,11.4618796734075,9.16950373872599,8.30103598115794,24.7655705691812,6.01377215012714,1.44111404492415,0,1.14265750099435,5.60999579117857,5,0,0,0,-0.000533756762262083,0.000533756762262083,-2,2,32,1,root_seeded_fmincon,1,0.529672487028235,15.8214586315081,47,9,1,4.30467394738695,6.42791495358633,3,44.7186751,Stage1_dP_max;Product_salinity_max;Recovery_target_mismatch,
177,ExternalVerification,60.9929017788011,37.5235558398318,40.3528522880421,0.472114805491099,28.7956519596364,0.472114805491099,4.9960036108132e-16,498.897764879222,88.6301424377662,3.07790018305546,6.10011625555942,6.37682311536468,18.8799186727225,34.9590365419775,16.7352020471901,38.1100825514384,18.9956503788795,1.11093521648161,1.06698073711754,0.327946285455691,0.227423739479238,78.0873851741359,12.1985803557602,9.76015290612544,7.80812232490035,8.04931245479116,29.1671102278805,6.10011413636303,0,2.1191963845979e-06,1.15369564273462,5.60628023529369,5,1,1,1,0.00117038451492968,0,2,10,89,1,root_seeded_fmincon,1,0.50012377031391,18.8799186727225,56,3,1,5.93632957496732,6.45345508205462,4,81.7605799,,
178,ExternalVerification,56.9905790011338,42.0537512457244,39.0111479729847,0.440930517177745,25.1288854732291,0.440930517177746,7.7715611723761e-16,499.999999999999,87.6617689096833,3.48848614886137,4.79720188122955,6.1398587386007,16.4757969271106,23.3281037102447,26.5565671503051,25.726394008633,29.9720160056828,1.06819366887661,1.08593691871459,0.320535488727572,0.23297049598775,71.1702535238154,11.3981158002268,10.6699451572415,8.53595612579318,7.96542338197616,25.4869066456901,5.86531580851833,1.06811392728878,0,1.12367276443548,5.6163910431823,5,1,1,1,1.99840144432528e-15,0,1,4,15,1,root_seeded_fmincon,1,0.53524636062029,16.4757969271106,47,3,1,4.2803506641525,6.45365309367828,3,27.5803744,,
179,ExternalVerification,61.1657311986385,26.8402038481844,40.2268273652982,0.400465070261055,28.1085831755184,0.459547897567586,0.0590828273065314,511.367791775163,93.4742746625865,3.3254708741065,6.72943838262348,6.503769193589,18.4294408441637,31.9796713252242,14.1501088196229,34.2063041341444,15.5970457200206,1.13839013176752,1.07536625186367,0.358587356716466,0.251337857333183,75.9763130394303,12.2331462397277,9.83259325838231,7.86607460670585,8.26428700578001,28.4941786090167,6.19991245331955,0,0.52952592930393,1.16645099942847,5.60198919594958,5,0,0,0,-0.024535304904189,0.024535304904189,-2,2,43,1,root_seeded_fmincon,1,0.498710624433425,16.0600175990241,42,9,1,5.92943838262348,6.12671380105312,3,48.0372273,Stage1_dP_max;Product_salinity_max;Recovery_target_mismatch,
180,ExternalVerification,58.2045781814862,33.0257620941783,41.4854432583905,0.470937415357823,27.9465795150862,0.48014400908373,0.00920659372590737,500.342885928164,111.248093489693,3.98074095005575,5.47692394063905,7.37726614905005,18.3232228659102,23.5002048463934,29.627648454705,25.5045554230265,32.8857858953626,1.0872401538081,1.12491791705047,0.350198651304511,0.239942916173793,81.5403905321677,11.6409156362972,10.7126543683782,8.5701234947026,7.56449966660001,28.3326717645284,7.05809399290518,1.58117005226613,0,1.27600061623008,5.56524807229372,5,0,0,0,-0.000685771856327566,0.000685771856327566,-2,2,33,1,root_seeded_fmincon,1,0.524082485485699,17.9718814652383,39,9,1,5.20222222422391,7.39480195248424,3,40.3203435,Stage1_dP_max;Product_salinity_max;Recovery_target_mismatch,
181,ExternalVerification,59.480887528861,26.3407967774605,39.902254425447,0.449316533451187,28.4482101780708,0.478274809942392,0.0289582764912052,502.456662340799,95.9108559578983,3.37141969064299,6.45686127108511,6.96629788614134,18.652117871801,29.2891195890158,18.8257956543415,31.3223789793395,20.6913044291244,1.13137666309734,1.10271343730323,0.35061414706759,0.238916450719213,78.1284898285776,11.8961775057722,9.84734477362469,7.87787581889975,7.75816933769755,28.8284380019817,6.66028957513417,0.203428304049062,0,1.22524982170526,5.58224398031004,5,0,0,0,-0.004913324681598,0.004913324681598,-2,2,39,1,root_seeded_fmincon,1,0.512837001384672,17.5227813998609,31,6,1,5.91748946537091,6.86160607878568,2,40.8394611,Stage1_dP_max;Product_salinity_max;Recovery_target_mismatch,
182,ExternalVerification,55.8437498678746,34.3094234359436,40.9834609796071,0.437159179772679,25.8795192782319,0.463427318893564,0.0262681391208858,501.7730726921,116.226254674836,4.49105153095318,4.70371803508698,7.35977894919599,16.9679512708051,16.4329866888153,35.763088360399,17.9525087751958,39.4616378799245,1.06034505622229,1.13765059811024,0.350156191422456,0.247046152742206,77.9798029745668,11.1687499735749,11.3186971055831,9.05495768446651,7.49105764741068,26.2609508453223,7.0342200888202,2.33050205373321,0,1.27295632020098,5.56626635510284,5,0,0,0,-0.00354614538420073,0.00354614538420073,-2,2,37,1,root_seeded_fmincon,1,0.546238389652772,16.0061682977122,46,12,1,4.39774950437513,7.17565203953979,4,49.5990778,Stage1_dP_max;Product_salinity_max;Recovery_target_mismatch,
183,ExternalVerification,62.8802158186932,20.9282549031406,40.986173558614,0.432199053742314,29.9021670265481,0.475541736573663,0.0433426828313488,505.383740042299,108.175764283864,3.61765634536863,7.53722274171655,7.16899827302947,19.605407177123,32.1434202731726,15.2664553121212,34.0525999069712,16.5979637116153,1.16388601353642,1.09632671105188,0.390151222286566,0.265366980986184,79.8297966088918,12.5760431637386,10.0006501305409,8.00052010443269,8.24451219803627,30.3134262325234,6.83127099602824,0,0.705951745688319,1.24706955395496,5.5749314785156,5,0,0,0,-0.114717777961616,0.114717777961616,-2,2,41,1,root_seeded_fmincon,1,0.485112838797409,17.8184957880617,23,6,1,6.73722274171655,6.95777715823129,2,39.973265,Stage1_dP_max;Product_salinity_max;Recovery_target_mismatch,
184,ExternalVerification,57.9826824011119,22.7721577255612,38.7133948553631,0.447096428640843,27.4359336399546,0.473174618762179,0.0260781901213358,501.957120158441,94.7515944859611,3.45355823240422,6.37595790854695,7.02792512466139,17.9884170206888,26.3806208116562,19.1996444893498,28.0351761706267,20.8704041470596,1.13441970416404,1.11636452726892,0.35044976244162,0.240560290479396,75.0351442596577,11.5965364802224,9.83294022693913,7.8663521815513,7.63668719028931,27.8124760093784,6.71847147830701,0.342513569760058,0,1.23267576647173,5.57975440689278,5,0,0,0,-0.0039142403168817,0.0039142403168817,-2,2,38,1,root_seeded_fmincon,1,0.526088113498783,16.9970169319128,33,6,1,5.87332437048405,6.95370649084919,2,41.3034142,Stage1_dP_max;Product_salinity_max;Recovery_target_mismatch,
185,ExternalVerification,60.3343418596415,32.2890175612331,39.5490742894253,0.441220549183998,26.7665252539801,0.44363664919472,0.00241610001072268,505.322614674483,83.414499490299,3.11637385498499,5.92756037854292,6.22373614332218,17.5495182625099,29.4785485897025,16.7965590089904,31.8072499502462,18.6589801829684,1.10879026770598,1.07370854731304,0.349669998370195,0.252381865596403,72.5115090205713,12.0668683719283,10.2065197187657,8.16521577501254,8.39195415141534,27.14639667904,5.92771765566635,0.000157277123429722,0,1.13165365958245,5.61370183859867,5,0,0,0,-0.0106452293489665,0.0106452293489665,-2,3,53,1,root_seeded_fmincon,1,0.505582708948129,17.4539414174968,50,12,1,5.90584778275651,6.16737761015644,4,61.0105563,Product_salinity_max;Recovery_target_mismatch,
186,ExternalVerification,56.3587361181055,42.7633831466217,38.8685278434592,0.520207453397142,29.3182345926514,0.520207453396614,-5.27244914394487e-13,491.155493325759,92.9336177976205,3.16982311823489,5.65306990461208,6.6413540879655,19.2225508737552,34.9999999999963,22.5908418439496,38.6575019821186,26.2974123237403,1.10329471912539,1.0873872839644,0.271231184530535,0.173674579951967,82.9125932052828,11.2717472236211,8.90292954802439,7.12234363841951,6.76012538136351,29.6408544710693,6.40848823635645,0.755418331744371,0,1.19309872309208,5.5930334347811,5,1,1,1,1.06784422574232e-13,0,1,3,12,1,root_seeded_fmincon,1,0.541247055932478,19.2225508737747,51,3,1,5.0775101850532,6.91730703162214,4,26.7092951,,
187,ExternalVerification,61.7274271950975,30.3713622417885,39.8672213604476,0.466266651869463,28.7814408067741,0.466266651869463,-4.9960036108132e-16,498.640202030849,93.3053415116691,3.2418579089935,6.58261308251792,6.37218096898239,18.8706011059364,34.1391927873245,13.9883722653615,36.7007260827243,15.5681563574334,1.13184747285839,1.06784446296826,0.35,0.243182959580376,76.2774756840044,12.3454854390195,9.74782696913714,7.79826157530971,8.23649659708084,29.1607051029818,6.08035611872863,0,0.502256963789285,1.15116995356397,5.60713022852729,5,1,1,1,9.51619735392991e-16,0,1,4,15,1,root_seeded_fmincon,1,0.494172548348535,18.8706011059364,39,9,1,5.91706539102188,6.87023062907343,3,25.5584601,,
188,ExternalVerification,58.8533170440779,36.5384420152379,38.795278731691,0.416807951696716,24.9131264002267,0.423308789572015,0.00650083787529876,500.000066329397,85.9502926655331,3.4500002643085,5.03970278064161,6.09817466064168,16.334334120264,23.4422981393706,22.8517367654248,25.5214646086395,25.3831455218052,1.07740121802796,1.08333340355688,0.349999999916076,0.26098161645201,68.5590369090482,11.7706634088156,10.9322989178785,8.7458391343028,8.4850476609628,25.2915746289072,5.79786356617903,0.758160785537422,0,1.11504449887068,5.61929958642141,5,1,0,0,-1.32658793727813e-07,1.32658793727813e-07,-2,3,11,1,root_seeded_fmincon,1,0.51830553538986,16.0834844792155,47,9,1,5.07221249112264,5.95205786795984,3,26.2765684,Recovery_target_mismatch,
189,ExternalVerification,60.0693447516306,43.8490152343913,41.2837907776127,0.433197086683086,26.3682821903062,0.438964038967488,0.00576695228440111,500.000757860577,97.3958124731044,3.6936730185977,4.96397111157034,6.43615931281363,17.2884095137072,24.278523485252,29.2572218446247,26.9126102728633,33.1608049248675,1.06480220320695,1.08576094068036,0.350000073491717,0.255398673125275,75.0652423537289,12.0138689503261,11.3646324093703,9.09170592749623,8.42526564033109,26.7583983326283,6.13048840449907,1.16651729292874,0,1.15757816719342,5.60497382288643,5,0,0,0,-1.51572115458798e-06,1.51572115458798e-06,-2,3,18,1,root_seeded_fmincon,1,0.507813097115096,17.0612805831159,49,12,1,5.19559977904856,6.18258015276932,4,35.7669596,Product_salinity_max;Recovery_target_mismatch,
190,ExternalVerification,55.5486040053423,28.9970899274773,38.7397433181581,0.492387289577483,27.3514265660034,0.492387289577483,-8.88178419700125e-16,500.000000000002,97.6066066233829,3.56861117967074,5.72121401362447,7.05529814341534,17.9330098124858,25.3361062789193,23.7088963530816,27.2445397250709,26.1882654302942,1.11057329131227,1.12310250437143,0.316245147243825,0.211389915848097,77.9947900102471,11.1097208010685,9.62028224362425,7.6962257948994,7.04929435983473,27.7009801618784,6.77332470189304,1.05211068826857,0,1.23967583857282,5.57740845700376,5,1,1,1,-3.10862446895044e-15,3.10862446895044e-15,1,4,15,1,root_seeded_fmincon,1,0.549140712826308,17.9330098124859,40,3,1,5.06742598850223,7.53670734945741,3,13.4449572,,
191,ExternalVerification,62.0937485341004,30.7911573579723,38.9479370320932,0.450189783116902,27.9434692286513,0.450020652454335,-0.000169130662567352,492.767337389006,89.3040781969871,3.19588371315831,6.3891370758103,6.0336141627283,18.3211836012662,33.4779612801148,12.7760046465824,35.9656892539444,14.2011348019173,1.1264998142476,1.05974018104529,0.35555490244146,0.253318980330715,72.266172827904,12.4187497068201,9.92406584739929,7.93925267791943,8.53756982636228,28.32185450899,5.74280553883195,0,0.646331536978342,1.10800054358082,5.62167499425802,5,0,0,0,-0.0158711498327427,0.0158711498327427,-2,3,32,1,root_seeded_fmincon,1,0.491257183213024,18.3280692273027,47,9,1,5.88355582125136,6.41988932803621,3,39.3003837,Stage1_dP_max;Recovery_target_mismatch,
192,ExternalVerification,57.2140923172486,36.9834866391458,39.3862439127561,0.414918423438574,24.5759616565722,0.429543852942734,0.0146254295041598,500.694646875121,97.0809295777503,3.95023930027123,4.6687735577241,6.47054629678644,16.1132714769028,18.775614379528,29.4225614549546,20.5394468752479,32.5722820110032,1.06252948526221,1.10331616897542,0.350310385206083,0.259124475933437,70.383209550583,11.4428184634497,11.3111045068669,9.04888360549354,8.15953266516909,24.9550124271429,6.16018692984387,1.49141337211977,0,1.1613740214216,5.60369681856417,5,0,0,0,-0.00138929375024133,0.00138929375024133,-2,2,34,1,root_seeded_fmincon,1,0.533155360236377,15.5646347906778,49,9,1,4.30146844268886,6.52494902373549,3,28.3462845,Stage1_dP_max;Product_salinity_max;Recovery_target_mismatch,
193,ExternalVerification,60.6962675626197,37.7864307618395,39.5977934440516,0.499102810042239,30.2936776995791,0.499102810042239,1.66533453693773e-16,476.103244443429,97.2089341469103,3.20888520406556,6.02541540428576,6.67818277684796,19.8621018224358,35,20.5432363381831,38.1462178609359,23.3495319849859,1.11058292365591,1.08297804039708,0.323536387681533,0.214153240466724,80.8596651350796,12.1392535125239,9.67866578265511,7.74293262612409,7.60064746576015,30.6562732319068,6.40495047099398,0.379535066708214,0,1.192646856604,5.593185198541,5,1,1,1,2.03012210217171e-16,0,1,3,12,1,root_seeded_fmincon,1,0.502567970403276,19.8621018224358,51,3,1,5.90878821489826,6.71624177864957,3,23.8483402,,
194,ExternalVerification,56.7907030281135,38.168728843851,39.7018248243303,0.509580216992878,28.9394187722442,0.509580216992878,1.11022302462516e-16,500,95.2616731326854,3.29176179668304,5.81205677623991,6.81721617040833,18.9741796303725,32.34438807964,22.468931068423,35.3993403708726,25.6786241591142,1.10739132548529,1.09491058904602,0.290852103855856,0.18926835682718,82.814463552202,11.3581406056227,9.19370657661926,7.35496526129541,6.96282106396735,29.2772381225975,6.56386153513883,0.751804758898922,0,1.21293993932135,5.5863729512853,5,1,1,1,4.44089209850063e-16,0,1,4,15,1,root_seeded_fmincon,1,0.537130170494621,18.9741796303725,56,3,1,5.11689817674614,7.21273689549404,4,27.2237025,,
195,ExternalVerification,61.5263356390471,41.4576186383848,39.0302072196865,0.47501105582862,29.2256896531637,0.47501105582852,-9.96425164601078e-14,471.790108565574,89.6069858899243,3.06603494916071,5.70703997870508,6.21719462452769,19.1618736252057,35.0000000000018,19.28115210393,38.3619993897764,22.0382768389594,1.09828808832566,1.0678319279407,0.326900774717465,0.22583143726673,75.9676787212104,12.3052671278094,10.0016438677618,8.00131509420947,8.07516149647086,29.5920212158026,5.94708793317702,0.240047954471937,0,1.13413076258291,5.61286738332449,5,1,1,1,-5.13620891849444e-14,5.13620891849444e-14,1,3,12,1,root_seeded_fmincon,1,0.495787692915047,19.1618736252097,44,12,1,5.0850457625491,6.58897127838637,4,30.3652602,,
196,ExternalVerification,58.4593321717261,41.7509964369466,40.6072896524528,0.409238530439877,25.2917813340528,0.432638902883076,0.0234003724431985,501.705014809287,98.5535389595745,3.89666262165892,4.70827415680076,6.45584297630799,16.5825998780834,20.4087437911066,31.0913806568105,22.5583245552739,34.8794984083416,1.05875282046633,1.09493595412679,0.350306471304554,0.257779351242028,72.9830160059875,11.6918664343452,11.4939029572781,9.19512236582249,8.29188770941832,25.6764321464296,6.1472478551268,1.43897369832604,0,1.15972027678317,5.60425314290408,5,0,0,0,-0.0034100296185744,0.0034100296185744,-2,2,36,1,root_seeded_fmincon,1,0.521798639614862,15.685687902212,48,9,1,4.37756130710956,6.35893470114186,3,48.1159322,Stage1_dP_max;Product_salinity_max;Recovery_target_mismatch,
197,ExternalVerification,59.293989550131,26.8103675694002,40.6105286722551,0.422638353461881,28.4099118681538,0.479136453520879,0.0564981000589984,509.252201496986,98.6107715069087,3.47099885295479,6.41492758615591,7.10786101872357,18.6270075191148,28.7567855827241,19.9079220394888,30.8019874721312,21.9106201269068,1.12752962619596,1.10681158638964,0.350448014832362,0.238846577909307,79.6491172998809,11.8587979100262,9.91880368250626,7.93504294600501,7.72101942049428,28.7937342403568,6.79768294436896,0.382755358213053,0,1.24278398777281,5.57636707988988,5,0,0,0,-0.0185044029939714,0.0185044029939714,-2,2,42,1,root_seeded_fmincon,1,0.514453492359625,16.4305757367252,43,9,1,5.94342417256966,6.46542066145954,3,48.8177694,Stage1_dP_max;Product_salinity_max;Recovery_target_mismatch,
198,ExternalVerification,56.180724667938,27.6559802082046,38.606833668783,0.500507503277013,28.1188742358419,0.500507503276994,-1.86517468137026e-14,500.000000000026,95.7903466028215,3.40662096922507,6.11737172450023,7.03032791901875,18.4361881955428,28.0831644747847,20.895596371765,30.1150177006581,23.0920610176863,1.12709416320286,1.11645580504079,0.314100539410153,0.206462096508646,79.0174135741894,11.2361449335876,9.28870407563725,7.4309632605098,7.01546260802403,28.4660539309124,6.75388050581965,0.636508781319416,0,1.23719458882675,5.57823990962178,5,1,1,1,-5.10702591327572e-14,5.10702591327572e-14,1,3,12,1,root_seeded_fmincon,1,0.542962024436265,18.4361881955435,37,3,1,5.87043160258084,7.18219412318259,3,19.1515841,,
199,ExternalVerification,62.7135229790488,21.8592758409611,41.4723255171057,0.474060842204461,30.4423373898055,0.485419028364515,0.0113581861600535,507.081335210655,109.883851959168,3.60957342243915,7.54915223590579,7.32942211381741,19.9595708037015,32.8648879210114,16.0183042576534,34.8885038774632,17.4794990943099,1.16343082017976,1.09977460654824,0.383443535870466,0.25690925972283,82.3639677606602,12.5427045958098,9.89000688391978,7.91200550713583,8.06779639731081,30.8515286301799,6.99517527490092,0,0.55397696100488,1.26797709133691,5.5679321867881,5,0,0,0,-0.0955529596299029,0.0955529596299029,-2,2,35,1,root_seeded_fmincon,1,0.486402271009248,19.4925423033417,17,3,1,6.74915223590579,7.76375898899038,1,35.9809255,Stage1_dP_max;Product_salinity_max;Recovery_target_mismatch,
200,ExternalVerification,57.8072952813528,40.3493431896704,40.190174932617,0.437973181623765,25.3180450354385,0.437973181623764,-1.22124532708767e-15,500.000000000001,98.1001854653643,3.87471407559511,4.73020217279775,6.49147069313694,16.5998197190129,20.3794289897118,30.5764309770332,22.4498552033144,34.2096684956282,1.06151115531583,1.09853216491657,0.345087218559484,0.251986262149434,72.9327616800713,11.5614590562706,11.2956648579206,9.03653188633651,8.12231256147857,25.6964954732052,6.18737046975652,1.45716829695877,0,1.16484817255625,5.60252825401414,5,1,1,1,-2.66453525910038e-15,2.66453525910038e-15,1,4,15,1,root_seeded_fmincon,1,0.52768426288645,16.599819719013,49,12,1,5.14132323155316,6.17823031632327,4,35.1988863,,
201,ExternalVerification,60.4572389546936,43.3761312046377,39.4980772736284,0.456556857090393,27.6021670055166,0.456556857090373,-1.99840144432528e-14,497.164089161042,81.6828346440879,2.95929064655549,5.62753714614845,5.96244559810035,18.0974082123765,34.9999999999997,16.6352435433077,38.5762810488764,19.1537278157391,1.09494996130413,1.05622300323234,0.31311592828854,0.223744050358217,74.1930032526268,12.0914477909387,9.85501669949694,7.88401335959755,8.21376798729425,27.9645095777256,5.70256182746503,0.07502468131658,0,1.10285125161048,5.62341199897053,5,1,1,1,8.72952503933837e-15,0,1,3,12,1,root_seeded_fmincon,1,0.504554963597652,18.0974082123773,48,3,1,5.10842566010509,6.25809780332445,4,26.1103213,,
202,ExternalVerification,56.4851193890914,38.5528855230956,41.1327496233947,0.469456690307811,26.5173172000444,0.46945669030781,-1.11022302462516e-15,500.000000000001,109.220365198496,4.11883164403651,4.83351561869685,7.08211357742488,17.3861245738555,19.6947472033395,34.5339857589069,21.6606392328841,38.6423707431988,1.06388515796923,1.12092061552903,0.336455692380192,0.23437922477552,79.1828883880102,11.2970238778183,11.0484370438831,8.83874963510649,7.49195054726175,26.8889627529061,6.77703673904798,1.94352112035113,0,1.24014951285799,5.57724974321347,5,1,1,1,-1.99840144432528e-15,1.99840144432528e-15,1,4,15,1,root_seeded_fmincon,1,0.540036036568793,17.3861245738555,48,12,1,4.40837268321756,7.33760074203085,4,34.54759,,
203,ExternalVerification,61.9039669317689,36.2294296818425,41.3903501886264,0.455487454463437,28.860672340001,0.466216847973757,0.0107293935103197,500.309932195461,94.5629016517123,3.27653148678203,6.0788759087495,6.62573975943656,18.9225493968011,32.6660866211845,19.4253736802057,35.544102408265,21.8881434132879,1.10587781986291,1.07700826041353,0.35003351674573,0.244833372544289,79.1953191486107,12.3807933863538,10.2752057592268,8.22016460738146,8.260823647942,29.2513617858257,6.3243914255562,0.245515516806701,0,1.18235621069726,5.59664234076823,5,0,0,0,-0.000619864390922542,0.000619864390922542,-2,2,33,1,root_seeded_fmincon,1,0.492763251079236,18.4870707572385,52,12,1,5.97390767650976,6.49402911276837,4,49.9719458,Stage1_dP_max;Product_salinity_max;Recovery_target_mismatch,
204,ExternalVerification,59.0457173885743,40.0187848035277,40.5476178571114,0.425766757445693,25.946565199767,0.4394317885752,0.0136650311295075,500.002403728109,96.814138316326,3.73128919265181,4.9668720780866,6.48438455573134,17.0119100444315,22.8529637234161,28.286270561571,25.1211073364533,31.7107710201076,1.06850457077419,1.09274282702221,0.350000017972206,0.255141804603445,73.7815268193089,11.8091434777149,11.2057423637697,8.96459389101578,8.27478804720181,26.3317003984106,6.1774493923345,1.2105773142479,0,1.16358025258963,5.60295470773877,5,0,0,0,-4.80745621889156e-06,4.80745621889156e-06,-2,3,21,1,root_seeded_fmincon,1,0.51661663790544,16.4828898725334,47,9,1,5.15864261214721,6.13539298542159,3,37.3187178,Product_salinity_max;Recovery_target_mismatch,
205,ExternalVerification,59.699059330037,28.5907425742975,40.4856713749179,0.410975897974394,26.6866007565239,0.447018781468417,0.0360428834940233,525.233736206229,86.2409444308271,3.23161968875876,6.29018578615853,6.45344515092506,17.4971156284578,29.2379462701805,15.7901190888794,31.3947510915539,17.4328004536165,1.12202232976063,1.07875823044128,0.350075093467617,0.250992674237473,74.6830887245975,11.9398118660074,9.99107603186644,7.99286082549315,8.25311464337827,27.0696323023022,6.15149895624736,0,0.138686829911161,1.16026361661392,5.60407035679142,5,0,0,0,-0.0504674724124576,0.0504674724124576,-2,3,45,1,root_seeded_fmincon,1,0.510962824914265,16.0863326228617,47,12,1,5.9392552004728,6.10756321473689,4,54.3247397,Stage1_dP_max;Product_salinity_max;Recovery_target_mismatch,
206,ExternalVerification,55.362826212484,25.6174625284849,40.4217760400481,0.476173982435615,27.162686885144,0.490630423759309,0.0144564413236937,502.82202366725,122.687999994138,4.51678438561389,5.33251441679415,8.06657422258081,17.8092623165119,18.6373263204948,32.1138704367504,19.9912364773882,34.9947321386674,1.08936865276456,1.17056150542938,0.349999894145538,0.237023645423389,81.0933324117698,11.0725652424968,10.6299909016934,8.50399272135475,7.05003483183498,27.5466877202916,7.73075539089852,2.39824097410437,0,1.36169836145209,5.53664702155088,5,0,0,0,-0.00564404733449986,0.00564404733449986,-2,3,36,1,root_seeded_fmincon,1,0.550983432148584,17.2845118256552,37,9,1,5.14838129518733,7.91811939979589,3,44.810637,Product_salinity_max;Recovery_target_mismatch,
207,ExternalVerification,62.399957349644,35.8705735146381,40.4243735187618,0.455767894212894,28.4398971602216,0.455767894212893,-5.55111512312578e-16,497.132685726681,89.1951613919582,3.13626877373924,6.13882956177626,6.26747446948841,18.6466674273679,34.0263404218771,15.8778145965235,36.9393986448495,17.8805436961403,1.11058388542744,1.06375921271892,0.350000000000002,0.248664426985322,75.8255093181603,12.4799914699288,10.1479007868717,8.11832062949736,8.49001504735559,28.8262025857293,5.97366033563826,0,0.165169226138001,1.13752868326188,5.61172290227114,5,1,1,1,-6.66133814775094e-15,6.66133814775094e-15,1,5,18,1,root_seeded_fmincon,1,0.488846487972384,18.646667427368,47,12,1,5.93858573569835,6.38210809221864,4,34.2130935,,
208,ExternalVerification,60.8227123187364,23.581147904957,39.4493843127904,0.40903060981401,25.9474719007892,0.426608267069933,0.0175776572559224,512.549975721082,86.6880366916019,3.34090492603887,6.23661346218232,6.51735947644951,17.0125045245143,25.6836792225502,16.8406295622564,27.3170518558086,18.2691901910623,1.1217984161692,1.09125671349341,0.388116580811643,0.286268271645407,70.1169871451067,12.1645424637473,10.6637559096079,8.53100472768632,8.71881010448681,26.3533531193353,6.17923996375313,0,0.0573734984291896,1.16380909115475,5.60287773790353,5,0,0,0,-0.108904516604695,0.108904516604695,-2,3,56,1,root_seeded_fmincon,1,0.501523178383534,16.3115336416699,39,9,1,5.90037714778232,6.48115657081559,3,60.6426129,Stage1_dP_max;Product_salinity_max;Recovery_target_mismatch,
209,ExternalVerification,61.2431548487729,40.3284033023662,40.2513344223103,0.420452017584121,26.5201596276039,0.433030592448902,0.0125785748647803,500.563303100007,86.425350161671,3.25885482498053,5.39231619788827,6.11618466804628,17.3879882163676,28.8332353547383,20.7975608168465,31.6043378694339,23.4821437964897,1.08339631836861,1.06955699812493,0.350227357666062,0.25811260007713,72.39744689132,12.2486309697546,10.8188168577659,8.65505348621275,8.68074880529222,26.9082340036775,5.81806941865694,0.425753220768672,0,1.11762932201458,5.618428124827,5,0,0,0,-0.00112660620001481,0.00112660620001481,-2,2,34,1,root_seeded_fmincon,1,0.498080154024123,16.882905861122,47,9,1,5.14429767437508,6.08908440236665,3,47.1250216,Stage1_dP_max;Product_salinity_max;Recovery_target_mismatch,
210,ExternalVerification,58.3691055232507,21.8802157165754,41.417025625968,0.479481400867378,28.0493191723747,0.480550779747714,0.00106937888033642,535.77490904792,98.6757986510164,3.51793917152187,6.9711729158662,7.40631452190666,18.3905842986983,28.3205975618051,17.9832124993491,30.1240393810166,19.6131327899974,1.14909831012908,1.11517586463699,0.349985015216702,0.237393998678799,81.4350022974374,11.6738211046501,9.62209741443806,7.69767793155045,7.57994658771899,28.4373858656403,7.08877274213487,0.117599826268674,0,1.27991236077561,5.5639398662706,5,0,0,0,-0.0715498180958394,0.0715498180958394,-2,4,60,1,root_seeded_fmincon,1,0.522605233137401,18.3496593782219,24,6,1,6.7478141486495,7.53604800905407,2,59.4494054,Product_salinity_max;Recovery_target_mismatch,
211,ExternalVerification,59.5848948342247,27.6341939495021,38.644551322203,0.488589782081041,29.1125707823206,0.488589782080118,-9.2237328885858e-13,485.704076217566,93.220305464801,3.2020636776403,6.46204635328741,6.75010581614617,19.087707043221,31.3787762554629,17.650021520813,33.5808881325402,19.4836899161999,1.13527127313183,1.09503441840173,0.339800354992164,0.227174960775683,77.2320941554,11.9169789668449,9.55582225212229,7.64465780169783,7.61808101297603,29.478220034038,6.46204501681441,0,1.3364730007126e-06,1.19993883989487,5.59073653392512,5,1,1,1,0.0285918475648685,0,0,12,90,1,root_seeded_fmincon,1,0.511941828291672,19.087707043257,37,3,1,6.68120456282586,6.53134993525181,3,58.1625735,,
212,ExternalVerification,55.8861838297151,20.4538835769432,41.0051311924511,0.466556078910163,26.0749478688699,0.466572345471291,1.62665611279089e-05,543.918535058842,104.290410785765,3.99964024128593,6.25128937311885,7.70542024166716,17.0960843619656,22.0780451330395,22.3103621767625,23.4487381133264,24.1249863003005,1.12457149676757,1.14421683415917,0.349993370542897,0.24422651779676,78.4466156733397,11.177236765943,10.0338525167868,8.02708201342943,7.4528089902113,26.4672922882153,7.37266478603399,1.12137541291514,0,1.31609578301516,5.5518512189495,5,0,1,0,-0.0878370701176847,0.0878370701176847,-2,5,81,1,root_seeded_fmincon,1,0.545823634924609,17.0954883247079,27,6,1,5.95642101780856,7.9335976643894,2,68.2348494,Product_salinity_max,
213,ExternalVerification,62.8358945034298,35.5898135944453,40.9615867979917,0.428091716541177,28.6697770017593,0.456264325165204,0.0281726086240272,502.374331290112,91.2193053746379,3.18172357493538,6.29128618440762,6.3076045669774,18.7973885403615,34.994789125766,15.0128892059647,37.9862885418801,16.9242951720669,1.11421792072742,1.06104534696251,0.352060840623333,0.250047997484076,76.9055413146356,12.567178900686,10.1076384948671,8.08611079589368,8.54152937541761,29.0600652754695,6.01117551350143,0,0.280110670906187,1.14232550330327,5.61010757684054,5,0,0,0,-0.00588811606666446,0.00588811606666446,-2,2,38,1,root_seeded_fmincon,1,0.485455013270082,17.636720389702,47,12,1,5.95813119905451,6.07964299779696,4,52.3828082,Stage1_dP_max;Product_salinity_max;Recovery_target_mismatch,
214,ExternalVerification,58.149262130754,35.1004557470537,39.4010082627577,0.467652512049049,27.1936485092457,0.467652512049048,-7.7715611723761e-16,500.000000000001,89.5235257594341,3.29207482875998,5.63862098961829,6.47967457595312,17.8295623585403,28.4952625102878,21.0029475258628,30.9453063272498,23.5228269253281,1.10014415542182,1.08813087269462,0.324077247179693,0.225756808214219,75.5773980511385,11.6298524261508,9.94352103048084,7.95481682438467,7.73890340537706,27.5547875383006,6.20135242185971,0.562731432241419,0,1.16663501964608,5.6019273095681,5,1,1,1,-1.55431223447522e-15,1.55431223447522e-15,1,4,15,1,root_seeded_fmincon,1,0.524581033056085,17.8295623585403,51,3,1,5.10136759214199,6.83528448952036,4,25.2853108,,
215,ExternalVerification,60.1677992148025,44.5197651231035,38.5857901491934,0.456562696407028,27.4703726463869,0.456562696407028,-5.55111512312578e-17,487.840867292916,79.7557497306291,2.90333701538334,5.48152079106484,5.82217144843514,18.0109970144158,35.0000000000001,16.6786523435005,38.6234614689452,19.2436799220793,1.09226142321701,1.05480561558266,0.3077577814667,0.21993416990553,72.4806089849628,12.0335598429605,9.81096113142481,7.84876890513985,8.17435664210391,27.8254526308789,5.57055593710026,0.0890351460354148,0,1.08595697508197,5.62911405400285,5,1,1,1,-1.62409768173737e-15,1.62409768173737e-15,1,3,12,1,root_seeded_fmincon,1,0.506982146564792,18.0109970144158,46,3,1,5.06417540982853,6.05121662692302,4,18.4292208,,
216,ExternalVerification,56.3064915776558,20.0085538308408,40.0860281879365,0.442846012455628,27.4838164722028,0.488110974456616,0.0452649620009877,519.7449967361,110.23183645643,4.01079073453714,6.38426975530981,7.93257292644458,18.0198114819059,23.2360765452082,23.4252538634338,24.6347527840244,25.3318543859314,1.13229169941285,1.15615174123908,0.349997854184829,0.235819189277902,79.9965291790911,11.2612983155312,9.90981014390415,7.92784811512332,7.20566877636326,27.8715558473449,7.60162148967798,1.21735173436817,0,1.34525811266123,5.54212428057719,5,0,0,0,-0.0394899934722002,0.0394899934722002,-2,3,38,1,root_seeded_fmincon,1,0.54174925741786,16.3487446043347,29,9,1,5.92284755901786,7.40682389343425,3,30.2722465,Product_salinity_max;Recovery_target_mismatch,
217,ExternalVerification,61.6038906034879,22.7211475356376,40.203370581409,0.462072484516765,28.465377744544,0.46207110404375,-1.3804730153999e-06,499.928655623238,97.94640233612,3.44089592680334,6.75562206974834,7.05811490500303,18.6633738162497,28.499385741369,18.0537128082749,30.2733223593224,19.6191269674636,1.13835510575589,1.10435026996169,0.386993487893934,0.27014854335437,76.2970029211813,12.3207781206976,10.356895789111,8.28551663128877,8.28462821473597,28.8738928398777,6.71905498426539,0,0.0365670854829485,1.2327502355721,5.57972944556364,5,0,1,0,-0.105695679696953,0.105695679696953,-2,3,47,1,root_seeded_fmincon,1,0.495163531088293,18.6634295745166,23,6,1,6.71846873012365,7.04904353091724,2,42.7855583,Stage1_dP_max,
218,ExternalVerification,58.7336314567964,41.1625052389497,41.4620823075076,0.427043227876392,26.4365391429992,0.450109051446028,0.0230658235696359,500.018167204741,104.214333182724,3.94205658384454,4.89970340581444,6.7575375094651,17.3331623019927,21.6550338494073,32.2107029006378,23.9122958470446,36.2205207497489,1.0632806966874,1.10177300316957,0.350000107688237,0.251053426788582,76.9518809769091,11.7467262913593,11.36448885609,9.09159108487198,8.07427307844929,26.8234268933545,6.4461018938858,1.54639848807136,0,1.19790272943535,5.59142017456714,5,0,0,0,-3.63344094818085e-05,3.63344094818085e-05,-2,3,27,1,root_seeded_fmincon,1,0.519361722464552,16.4449249686682,49,12,1,5.20348370993038,6.21404973176446,4,39.3850668,Product_salinity_max;Recovery_target_mismatch,
219,ExternalVerification,59.8907838344553,22.8535731395814,39.8788347901315,0.49186036899578,29.4847571698466,0.492308754070505,0.000448385074724167,505.968180099075,101.155830406721,3.43078390722414,7.15830124408274,7.10895099321488,19.331731687547,31.7985683892125,16.0977834925623,33.8104661875684,17.61708616891,1.15923693848874,1.10156583575583,0.35034474489986,0.232042632918844,80.2837168318501,11.9781567668911,9.41652645173582,7.53322116138865,7.60150666615218,29.8629355486874,6.8053420030006,0,0.35295924108214,1.24376125500465,5.57603968264323,5,0,0,0,-0.0119363601981501,0.0119363601981501,-2,3,53,1,root_seeded_fmincon,1,0.509327112570715,19.3141247287318,23,6,1,6.71059733715662,7.44543200348367,2,48.0861062,Stage1_dP_max;Product_salinity_max;Recovery_target_mismatch,
220,ExternalVerification,55.7238685183418,37.6940670319633,40.1443115421849,0.405224493811924,24.293464824752,0.435961563163113,0.030737069351189,503.196938092379,108.05361421296,4.44784698240603,4.34641536091865,6.81230717084754,15.9280519438448,14.5857782683721,35.6297090458124,16.0664379447366,39.3877256663003,1.04864108888456,1.12003490021487,0.349991705625546,0.256709601859194,72.5749166211584,11.1447737036684,11.6541333319538,9.32330666556306,7.85760092339742,24.6718815354667,6.49371332603187,2.14729796511323,0,1.20398297904076,5.58937888787548,5,0,0,0,-0.00639387618475706,0.00639387618475706,-2,2,38,1,root_seeded_fmincon,1,0.547413537700805,14.8050592798238,45,9,1,4.34791252734417,6.38016723115209,3,44.1298229,Product_salinity_max;Recovery_target_mismatch,
221,ExternalVerification,62.2602135736429,42.68205413605,39.9171520379735,0.434088001432318,27.0266646403598,0.434092064403088,4.06297077065743e-06,498.202916164734,80.6144411721733,2.98277431732324,5.57482637523291,5.85758155104282,17.7200790980592,33.4394344597837,16.5018757880334,36.768412649421,18.8629070765971,1.08974194244135,1.05343511143628,0.339765843972185,0.250936287803285,71.937117951277,12.4520427147286,10.4640317267467,8.37122538139734,8.80838723332077,27.4094780950436,5.57481920524901,0,7.16998390348778e-06,1.08650268358905,5.6289297947948,5,1,1,1,0.00359416767053233,0,0,7,90,1,root_seeded_fmincon,1,0.489943709619935,17.7199132434644,53,12,1,5.12867718662533,6.12830944369481,4,86.0367381,,
222,ExternalVerification,57.3502729646035,24.2155432640252,38.7515509279006,0.523028415515278,29.9958223980453,0.523028415515279,1.33226762955019e-15,499.999999999998,100.204419769553,3.34061251729783,6.94919277960954,7.30251140427866,19.6668124823271,32.0897656597168,18.0177040438627,34.2177418745553,19.8694226709471,1.16029173709682,1.11710908488986,0.31628751380982,0.198699011523249,83.1360050848758,11.4700545929207,8.82012658209378,7.05610126567503,6.83861264163954,30.343730517614,7.02555997764249,0.076367198032953,0,1.27185197422312,5.56663578490641,5,1,1,1,3.77475828372553e-15,0,1,3,12,1,root_seeded_fmincon,1,0.531889360296978,19.6668124823271,23,3,1,6.68334405375037,7.47173844466216,2,13.4661238,,
223,ExternalVerification,60.731538497799,42.7851664367797,38.8073671468155,0.464176971961612,28.1901816424776,0.464176971961599,-1.26565424807268e-14,481.992480704985,83.6131742562123,2.96603886121195,5.60510360491055,5.98874161823117,18.4829410191959,35.0000000000007,17.5015975218134,38.4776272476769,20.0904297682818,1.09590429011547,1.05995562825013,0.31625143765137,0.2227943235373,73.9628454962027,12.1463076995598,9.87117418889559,7.89693935111647,8.13533921383034,28.5501620314526,5.72892283898211,0.123819234071562,0,1.1062242750831,5.6222741305309,5,1,1,1,-1.92861599706313e-14,1.92861599706313e-14,1,3,12,1,root_seeded_fmincon,1,0.502276094999726,18.4829410191964,50,3,1,5.0745277841455,6.29513370433607,4,24.4685278,,
224,ExternalVerification,56.8994358582859,32.2679853362564,39.5875299191636,0.415676162078099,25.3773737042161,0.446003959818181,0.0303277977400814,502.970771069734,100.316834092153,3.95300298846477,5.01684839198473,6.81941821680316,16.6387186626122,19.9619255597927,27.8363322014612,21.6257904954238,30.6122762733953,1.07658494127045,1.11585919483047,0.35001710358361,0.252801309601979,72.892153956982,11.3798871716572,10.9252581257077,8.7402065005662,7.88051553851745,25.7573239892966,6.50439646108385,1.48754806909912,0,1.20534717311151,5.58892098027453,5,0,0,0,-0.00594154213946707,0.00594154213946707,-2,2,38,1,root_seeded_fmincon,1,0.536103733540935,15.5073033844619,52,12,1,5.10966503340717,6.26181641089783,4,49.4104444,Stage1_dP_max;Product_salinity_max;Recovery_target_mismatch,
225,ExternalVerification,61.4194894064628,22.7504652946031,38.7752865992538,0.409410987149475,26.4121974007123,0.430029582726116,0.0206185955766411,502.416540300271,88.6664035399877,3.35702486978976,6.4355818848237,6.3971479073225,17.3172025968478,27.0394596713114,15.3758845947263,28.6903972696898,16.6642773218328,1.13068696865667,1.08611288993412,0.390309404530494,0.285743479990225,69.3459507996184,12.2838978812926,10.5350405943109,8.42803247544876,8.75182300143765,26.8144283391016,6.06331815394232,0,0.37226373088138,1.14899186810374,5.60786332557082,5,0,0,0,-0.115169727229982,0.115169727229982,-2,2,43,1,root_seeded_fmincon,1,0.496650172360278,16.4868960058462,41,9,1,5.8755818848237,6.52085801815546,3,48.0558748,Stage1_dP_max;Product_salinity_max;Recovery_target_mismatch,
226,ExternalVerification,58.5484698965813,32.6743605608793,41.3625481697081,0.433934892081166,27.6993229216233,0.473100714169828,0.0391658220886617,504.411083785475,106.420712188289,3.84199687802523,5.58537171936412,7.20536943463892,18.161108655667,24.528416365773,27.2098165766732,26.5870508970937,30.1916541620248,1.0916256799134,1.11637286747873,0.350377598681148,0.242545576375369,80.1851454541048,11.7096939793163,10.6175153441722,8.49401227533777,7.7122867437395,28.0862938789396,6.88871113665434,1.30333941729022,0,1.25439759365303,5.57247740833177,5,0,0,0,-0.00882216757094945,0.00882216757094945,-2,2,40,1,root_seeded_fmincon,1,0.521004221867482,16.6576343863693,51,12,1,5.19614834550487,6.85277439267632,4,52.1401113,Stage1_dP_max;Product_salinity_max;Recovery_target_mismatch,
227,ExternalVerification,59.2275583181362,22.618035237864,41.3541599915461,0.446722866950108,27.5403939684093,0.464992897739905,0.0182700307897969,543.366824479001,95.3700171021421,3.46291404587523,7.13779492560042,6.87843764661971,18.0569066144829,30.3891768129851,14.0229091159749,32.3512595679245,15.3362941264259,1.15486741231147,1.08771189841305,0.349999163123365,0.242864676551772,78.8958543581977,11.8455116636272,9.5104806200343,7.60838449602744,7.92179108743169,27.9250393654941,6.57125535508797,0,0.566539570512449,1.21388393369441,5.5860562273158,5,0,0,0,-0.0867336489580013,0.0867336489580013,-2,5,56,1,root_seeded_fmincon,1,0.51503051731679,17.3474328968873,31,17,1,6.74639727033595,6.81898029324112,3,63.2235483,Product_salinity_max;Recovery_target_mismatch,
228,ExternalVerification,56.0748174617514,39.5946851388398,39.5288089682766,0.449973731892993,25.2321948784826,0.449973731892993,5.55111512312578e-17,500,96.4011255224599,3.82056043823078,4.70325796326643,6.5191459574524,16.5435319161307,20.2269952622913,30.4891461719047,22.2457925629571,34.123901320439,1.06400203302342,1.10411672350382,0.326843344346576,0.234325890089692,73.328949233484,11.2149634923503,10.8674292744091,8.6939434195273,7.71065564581719,25.593195662176,6.23128999057774,1.52803202731131,0,1.1704607243395,5.60064084598823,5,1,1,1,5.55111512312578e-16,0,1,4,15,1,root_seeded_fmincon,1,0.543987504209118,16.5435319161307,48,3,1,4.31107720911115,6.75595136560899,4,25.0304288,,
229,ExternalVerification,62.5443966526008,44.4168301330497,39.6897614896097,0.424565859623564,26.5542155295894,0.424565859625816,2.2511437158812e-12,497.86941706815,78.4648725023437,2.95489326035296,5.4313810575534,5.7141078599399,17.4103170270059,33.1778691595297,16.4194420027863,36.5941655330794,18.8290451154536,1.08449614902681,1.0499646931146,0.341080329127705,0.255798520966929,70.313514575332,12.5088793305202,10.6311925911164,8.50495407289312,8.99754528075283,26.9386405809842,5.43137907008459,0,1.98746881707734e-06,1.06813869616485,5.63513316833859,5,1,1,1,0.00426116586370062,0,2,18,90,1,root_seeded_fmincon,1,0.487717551572728,17.4103170269136,46,9,1,5.11807485760655,5.89455346106584,3,82.1682102,,
230,ExternalVerification,57.732785418631,25.6084375670713,38.5951980591863,0.508571367560118,29.3611212021193,0.508569281548021,-2.08601209694681e-06,497.55967523513,95.2534891933229,3.24420476103779,6.72986802454301,7.00535933987178,19.2506695529237,31.7908177250799,17.3608107019131,33.9580157050844,19.1638511752219,1.15075391992871,1.10555021997576,0.319731671484004,0.206244207560503,80.3207338078044,11.5465570837262,8.99929844568564,7.19943875654851,7.09291605412794,29.711264550346,6.72986990176483,1.87722182598549e-06,0,1.23413045338014,5.57926682664008,5,1,1,1,0.00488064952973899,0,0,7,90,1,root_seeded_fmincon,1,0.528365291555048,19.2507485139051,24,3,1,6.67972379083849,7.00259006375368,2,77.4759067,,
231,ExternalVerification,60.3384398640926,35.4974286120106,40.5725046546367,0.460855551415282,27.8073049751042,0.460855551415281,-7.21644966006352e-16,500.000000000001,93.0521663176011,3.34632091822312,5.78648764701384,6.57086263347255,18.2319072745241,29.4905642143051,21.0531236608559,32.0487435991664,23.5874557418976,1.09932891134152,1.0843745292358,0.345298030683217,0.24335004699011,76.8323722004828,12.0676879728185,10.3423046404347,8.2738437123478,8.1327837222471,28.1897885112514,6.27265351610832,0.486165869094479,0,1.17574605820653,5.59886395974876,5,1,1,1,-1.77635683940025e-15,1.77635683940025e-15,1,3,12,1,root_seeded_fmincon,1,0.505548371298757,18.2319072745242,53,12,1,5.94391318296667,6.42383193606987,4,30.9176273,,
232,ExternalVerification,56.6076436308198,39.9302478105987,38.5626481264829,0.452340882668033,25.6059514857227,0.452340882668037,3.99680288865056e-15,499.999999999995,84.8130041794966,3.31223794697832,5.04429434339809,6.14232610836991,16.7885860777096,25.6297295838618,23.4890713734813,28.108117064385,26.4966257186668,1.08008361207606,1.08428102383434,0.310375254743329,0.221728382860556,71.8488778127974,11.321528726164,10.1570211272694,8.12561690181555,7.75042303627429,25.9548352281255,5.87858547348688,0.834291130088788,0,1.12536999841806,5.61581906168306,5,1,1,1,1.0547118733939e-14,0,1,3,12,1,root_seeded_fmincon,1,0.538867157215359,16.7885860777095,50,12,1,5.06178335041959,6.09815450218847,4,31.0028536,,
233,ExternalVerification,61.9614331145971,27.7387844337351,39.7949856470369,0.404382928850892,27.7446038608408,0.447772145772152,0.0433892169212601,506.076841903482,91.5949895381665,3.3013623116618,6.61357572888174,6.24919759197296,18.1907971812489,32.1610284407373,13.144287888291,34.4165039588294,14.5027563146354,1.13358027470647,1.06673095277773,0.36548301253748,0.260928613206573,73.5240134995672,12.3922866229194,10.0085727261708,8.00685818093661,8.55420731343908,28.1325363753715,5.94409242027413,0,0.669483308607601,1.13374769957128,5.61299641803136,5,0,0,0,-0.0442371786785136,0.0442371786785136,-2,2,41,1,root_seeded_fmincon,1,0.492306237390977,16.4281050345394,48,20,1,5.91387006175224,6.07974507710696,4,94.5754033,Stage1_dP_max;Product_salinity_max;Recovery_target_mismatch,
234,ExternalVerification,58.9094481685968,27.2501909927206,41.3175169667119,0.497325549607589,29.2971735334777,0.497325546992567,-2.6150220322485e-09,505.515325960155,109.948410869798,3.75286751618416,6.32879242815128,7.60122690185388,19.2087421541291,27.7580778707787,23.9562429674859,29.7835523856263,26.4184723453688,1.12210521252784,1.12729551639591,0.349999999997177,0.232138922221928,84.0376623430122,11.7818896337194,10.017565596099,8.01405247687922,7.4030686587798,29.6835228349901,7.28317778115575,0.954385353004469,0,1.30469309187844,5.55565841073803,5,0,1,0,-0.0110306519203098,0.0110306519203098,-2,4,13,1,root_seeded_fmincon,1,0.517811674499116,19.2087422551319,27,6,1,6.74618577514298,7.2278938507504,2,20.1495668,Product_salinity_max,
235,ExternalVerification,59.8353360582225,40.4330056987969,41.4021692431589,0.504461815664536,30.1846422688048,0.504461815664139,-3.96793709001031e-13,497.319211803888,101.186182735381,3.3522405809644,5.99766851452972,6.94554267913346,19.7906125549468,34.999999999998,22.8741552755219,38.4789406393041,26.3156847751423,1.10453914447115,1.08731394835932,0.312103667098478,0.205499451467968,85.4733843946949,11.9670672116445,9.64849877692732,7.71879902154186,7.4126734473544,30.5484021250788,6.67257036434065,0.674901849810935,0,1.22681735158499,5.58171838340976,5,1,1,1,5.76554677016767e-14,0,1,2,9,1,root_seeded_fmincon,1,0.509799092133756,19.7906125549623,44,6,2,5.97526606540148,6.92175145885466,4,23.0847815,,
236,ExternalVerification,55.4057780034212,37.1536577303697,40.4433305183728,0.506831566039685,28.0813972331209,0.506831566039682,-3.10862446895044e-15,500.000000000004,105.525524129578,3.75784449945797,5.31651665894414,7.23682658787097,18.4116163343305,25.0503483345594,30.6034494208474,27.4184908696218,34.5759275282902,1.08665034800595,1.12450658456495,0.304899197362079,0.199484331018018,83.8819800042387,11.0811556006842,9.91316155925466,7.93052924740373,6.83109519257507,28.4266743853268,6.9610355040409,1.64451884509676,0,1.2636229713984,5.56938922579561,5,1,1,1,-8.65973959207622e-15,8.65973959207622e-15,1,3,12,1,root_seeded_fmincon,1,0.550556297542044,18.4116163343306,47,3,1,5.15273923869614,7.29986365219624,3,19.9693907,,
237,ExternalVerification,62.355119129607,25.1396817380714,40.399899816049,0.451803743852627,29.5479176561106,0.473865146415555,0.0220614025629281,501.329748110643,101.439770688401,3.43305988154544,7.11248253390054,6.74383759995307,19.3731429688635,33.6257995997021,14.2366891268024,35.8608961396111,15.6540186472333,1.15131698570158,1.08037351907949,0.368948356130496,0.252141614394803,78.4362480900973,12.4710238259214,9.79066435148389,7.83253148118711,8.20180036837409,29.940315394784,6.43176721392257,0,0.680715319977977,1.19607196301211,5.5920349287459,5,0,0,0,-0.0541381603728465,0.0541381603728465,-2,2,38,1,root_seeded_fmincon,1,0.489198006928614,18.4712013317159,39,9,1,6.7235905441077,6.61142573262064,3,42.9623242,Stage1_dP_max;Product_salinity_max;Recovery_target_mismatch,
238,ExternalVerification,57.6683385318366,24.8471160528862,39.2142510879571,0.439672647366503,27.1920722565289,0.471525154856285,0.0318525074897818,502.696324507011,98.5015503496237,3.62243632704282,6.02789419213449,7.11167885909334,17.8285288857389,24.9281922533574,21.7724556684515,26.6061349483056,23.7488926099489,1.1192795467991,1.12170853444124,0.350028131939716,0.241761937781803,75.7671329374851,11.5336677063673,10.0768970930873,8.06151767446983,7.61906656882694,27.5708604641135,6.79855856648268,0.770664374348182,0,1.24289571485837,5.57632964904922,5,0,0,0,-0.00539264901402126,0.00539264901402126,-2,2,39,1,root_seeded_fmincon,1,0.528955762843069,16.6241745813797,45,9,1,5.89205487845729,6.6178719002646,3,38.74163,Stage1_dP_max;Product_salinity_max;Recovery_target_mismatch,
239,ExternalVerification,61.0183988550881,37.4352112391897,39.5214982948398,0.413194481145674,26.2343238696454,0.429941203995683,0.0167467228500092,501.09978681469,82.0213963448478,3.12649171948934,5.52850391081311,5.99528265022053,17.2005795106513,29.1240768627488,18.141952430509,31.7103403995577,20.349461777703,1.09154012231893,1.06653174381679,0.350592794122211,0.259139251213294,70.6839858515119,12.2036797710176,10.6010997980107,8.48087983840854,8.69601874636068,26.6178303152308,5.70008684036098,0.171582929547876,0,1.1025345527971,5.62351884515645,5,0,0,0,-0.00219957362937939,0.00219957362937939,-2,2,35,1,root_seeded_fmincon,1,0.499914789184219,16.530596417039,47,9,1,5.10789816601444,6.04800920234377,3,38.5400851,Stage1_dP_max;Product_salinity_max;Recovery_target_mismatch,
240,ExternalVerification,57.0142173621157,41.8922534804276,41.1561692588418,0.512080490870607,29.1958684133987,0.512080490870659,5.21804821573824e-14,499.999999999966,103.722487090391,3.55264264181951,5.51940308330507,7.1004935458629,19.1423212781266,30.1118024775387,28.9683947066547,33.2777429106014,33.3912707587846,1.08978158999855,1.10608817552603,0.297493308109702,0.192977919981914,86.3114654486782,11.4028434724231,9.73499872530929,7.78799898024744,6.95458723717925,29.5429163465747,6.83504007086262,1.31563698755755,0,1.24755043448407,5.5747704098944,5,1,1,1,6.89448498292222e-14,0,1,3,12,1,root_seeded_fmincon,1,0.535024444977632,19.1423212781246,57,3,1,5.18881461308285,7.2462664745757,4,21.3286079,,
241,ExternalVerification,61.0720304257392,27.0261007784814,39.5597134387356,0.458925291292599,28.475116410594,0.466254621175865,0.00732932988326673,501.080206664675,93.8021016898638,3.29417798815268,6.70512890416515,6.4811137152162,18.6697589893745,32.430200818007,14.2977056840378,34.6769730928813,15.7665774957109,1.13969004208056,1.07644784413956,0.354661098000038,0.245744072852355,75.6796075195323,12.2144060851478,9.73160573427922,7.78528458742338,8.14922850378631,28.8546549155983,6.18338445863674,0,0.521744445528415,1.16433876172464,5.60269958661946,5,0,0,0,-0.0133174228572502,0.0133174228572502,-2,2,37,1,root_seeded_fmincon,1,0.499475779458348,18.3762780966187,33,6,1,5.90512890416515,6.99446759495708,2,54.49979,Stage1_dP_max;Product_salinity_max;Recovery_target_mismatch,
242,ExternalVerification,58.2358104257223,32.9501097169035,39.1557388237695,0.405553731985346,25.4353093169524,0.436764065460964,0.0312103334756174,503.018074802935,90.3360624219012,3.55160070185161,5.25541315895745,6.41999507540894,16.676704246625,23.245194562454,23.1098075738612,25.1548091785169,25.5082161293342,1.08595796901057,1.09533899286733,0.350066015629597,0.255806507671369,70.8873965316814,11.6471620851445,10.7184874847091,8.57478998776724,8.20012527719246,25.8143278140543,6.11443758830693,0.859024429349478,0,1.15552654468591,5.60566413214826,5,0,0,0,-0.00603614960586896,0.00603614960586896,-2,2,38,1,root_seeded_fmincon,1,0.52380141663705,15.4850185243528,49,9,1,5.0888071323274,6.06742557923048,3,66.3322416,Stage1_dP_max;Product_salinity_max;Recovery_target_mismatch,
243,ExternalVerification,59.4103928203658,37.7959029500513,38.567052000257,0.411609275971481,24.7261474394201,0.416192290028825,0.00458301405734335,500.000015251494,82.111037364777,3.32081807592355,5.03633690776221,5.90565185563664,16.2117410434173,24.4305866753411,21.3587718433009,26.6384475677297,23.8037085850054,1.07724332594977,1.07496650290055,0.350000000044694,0.263730327064115,67.3043130292258,11.8820785640732,10.941900789034,8.75352063122723,8.67106134523642,25.1045074272027,5.60893902607876,0.572602118316553,0,1.09086988523728,5.6274553835388,5,1,0,0,-3.05029883573837e-08,3.05029883573837e-08,-2,3,10,1,root_seeded_fmincon,1,0.513445519409918,16.033221068694,46,9,1,5.06141283504122,5.79430891440415,3,35.7136371,Recovery_target_mismatch,
244,ExternalVerification,55.7704161871323,29.7975423690279,40.3982763407718,0.425055594457186,26.0349829077776,0.466824253568769,0.0417686591115833,504.450867178613,113.99937242342,4.37869972210982,5.00802409787968,7.4766637911538,17.0698812665733,17.9071058723697,31.9434786477181,19.3563441417557,34.982237936854,1.07509198882095,1.14429174831257,0.350614779309723,0.246142694868998,77.3564037902899,11.1540832374265,10.9475955609498,8.75807644875986,7.43385831983866,26.4178380628761,7.14858956195324,2.14056546407356,0,1.28753851172006,5.5613901891998,5,0,0,0,-0.00890173435722597,0.00890173435722597,-2,2,40,1,root_seeded_fmincon,1,0.546956649877719,15.5425697649791,49,12,1,4.36054466066531,7.3320335815912,4,72.5289845,Stage1_dP_max;Product_salinity_max;Recovery_target_mismatch,
245,ExternalVerification,62.9592249332302,44.9350513532789,40.4478403163404,0.403734418655923,26.5422515194607,0.42157843505236,0.0178440163964365,501.081576607839,81.982481541506,3.08875384898665,5.37679096602618,5.8414627109934,17.4024728032132,31.9530598246952,18.5141291127989,35.3183799319511,21.2124571546104,1.07977662526134,1.05424007090644,0.350213658866848,0.26365576093951,71.2798353251725,12.591844986646,10.9432721227409,8.75461769819272,9.10424335344239,26.9366227602265,5.54692852254594,0.170137556519764,0,1.08293250041667,5.63013536262556,5,0,0,0,-0.00216315321567895,0.00216315321567895,-2,2,35,1,root_seeded_fmincon,1,0.484504058497388,16.6658838692927,46,9,1,5.1551979259127,5.73435112660555,3,64.6603342,Stage1_dP_max;Product_salinity_max;Recovery_target_mismatch,
246,ExternalVerification,57.9624655888152,29.6399319627561,39.309318132632,0.44411461671843,26.419559161682,0.45580461240386,0.0116899956854307,500.002945910881,95.7345638222035,3.62362457436661,5.54494122259287,6.78235017315837,17.3220293480737,23.86526458014,23.3194547774158,25.6772710376055,25.6176624271785,1.09789786637036,1.10886460129731,0.350000146622699,0.248334657642849,73.7153266215546,11.592493117763,10.4603008124431,8.36824064995452,7.8857266067833,26.7984876044212,6.47279060193872,0.927849379345857,0,1.20131112082082,5.59027581873553,5,0,0,0,-5.89182176269354e-06,5.89182176269354e-06,-2,3,22,1,root_seeded_fmincon,1,0.526271608533614,16.8777722194019,47,19,1,5.89652915312668,6.26552625378584,4,112.219316,Product_salinity_max;Recovery_target_mismatch,
247,ExternalVerification,60.2204656744294,20.2942671036941,38.6728110016757,0.439014427035923,28.0584768019174,0.46592925656886,0.0269148295329365,501.957922241601,96.7480000365748,3.44808453857208,7.10217194642977,6.73531771762411,18.3965885142391,29.6979388217615,14.4353221198543,31.4023264543018,15.6363946909176,1.15948434312257,1.09439110082343,0.367132410242638,0.253238551581533,73.9211755514543,12.0440931348859,9.71897984107437,7.7751838728595,8.04049721812799,28.4427744250683,6.42244554031391,0,0.679726406115851,1.19488140075607,5.59243473859064,5,0,0,0,-0.048949743550394,0.048949743550394,-2,2,38,1,root_seeded_fmincon,1,0.50653875984477,17.333892757603,29,9,1,6.68088809233912,6.54181408955407,3,53.6201858,Stage1_dP_max;Product_salinity_max;Recovery_target_mismatch,
248,ExternalVerification,56.4385620843222,34.8244329495958,39.3470860642921,0.522692540153745,29.5000153784791,0.522692540153743,-1.77635683940025e-15,500.000000000001,97.1704930086907,3.29391330011233,6.09269222512349,6.99299489762806,19.3417357582475,33.000194161794,21.2653561788968,35.8814496458333,24.1523914429717,1.12142848139466,1.10183139589621,0.28874255451712,0.183123534542338,84.3686111125702,11.2877124168644,8.88440306144762,7.10752244915809,6.73463667646078,29.8328309065186,6.74030432059307,0.647612095469577,0,1.23546207475001,5.57882052651689,5,1,1,1,-2.66453525910038e-15,2.66453525910038e-15,1,3,12,1,root_seeded_fmincon,1,0.540481523154779,19.3417357582476,42,3,1,5.89899570740201,7.076117789523,4,29.8021936,,
249,ExternalVerification,61.7649343193884,28.3703605754447,39.3322772898282,0.465196819654363,28.7327864374602,0.465195774173127,-1.04548123652792e-06,494.751834633347,94.0870146351965,3.27455239470026,6.68827988132451,6.33336059117685,18.8387007851169,33.7374087616873,13.4096664532894,36.1288824126595,14.8421538249457,1.13818432480419,1.06880611425012,0.354919462958983,0.246386838108381,75.0978937819814,12.3529868638777,9.72924968944155,7.78339975155324,8.25803697048204,29.1113240673989,6.03966026214197,0,0.648619619182543,1.14596735062988,5.60888144572799,5,0,1,0,-0.014055608454237,0.014055608454237,-2,3,17,1,root_seeded_fmincon,1,0.49387245912483,18.8387431232233,32,6,1,5.89710260917192,6.96055000484505,2,27.8952202,Stage1_dP_max,
250,ExternalVerification,58.8151299500843,34.7335202193494,38.9993403548605,0.415183470887569,25.3614242461882,0.431205784425064,0.0160223135374951,500.776649435779,87.3371743588781,3.44370148581087,5.21501042325033,6.23460491705381,16.6282613730581,24.0946945622446,22.2967904182108,26.1422326078569,24.7088954621386,1.08392843330264,1.08688285985593,0.350049789161782,0.257917518591034,69.900273274315,11.7630259900169,10.7688931817262,8.61511454538093,8.36342642597404,25.7402252059149,5.93288046227027,0.717870039019942,0,1.13231389992969,5.613479415066,5,0,0,0,-0.00155329887155831,0.00155329887155831,-2,2,35,1,root_seeded_fmincon,1,0.51864205733947,16.0104050572905,49,9,1,5.08167311919562,6.07919302597147,3,61.6575196,Stage1_dP_max;Product_salinity_max;Recovery_target_mismatch,
251,ExternalVerification,60.0318598002447,39.892599750052,41.1031592352586,0.431052385222906,26.865732404907,0.447524572690275,0.0164721874673697,500.785905483536,96.7447936900519,3.60104806494616,5.25192351893133,6.55041769650428,17.6145636014339,25.789242753811,26.3174741882912,28.3174548462413,29.6273980815645,1.07677396628705,1.08843096252549,0.350012119984702,0.25220986925842,75.9193982482732,12.0063719600489,10.9963226306549,8.79705810452389,8.29153184883443,27.2544785967993,6.24426052102821,0.992337002096888,0,1.17211812901304,5.6000835895145,5,0,0,0,-0.00157181096707215,0.00157181096707215,-2,2,35,1,root_seeded_fmincon,1,0.508130184563692,16.9662184344758,50,12,1,5.18565009383972,6.33477520600956,4,65.1391022,Stage1_dP_max;Product_salinity_max;Recovery_target_mismatch,
252,ExternalVerification,55.5858672274251,29.730849154665,38.9670767017055,0.488902113996259,27.1760479958035,0.488902113996259,5.55111512312578e-17,500,98.9649491104912,3.64162401853917,5.5948719112013,7.0740366680715,17.8180225516677,24.4781335534065,24.8676282894695,26.3631605083478,27.4770831420323,1.10427218698205,1.12440060533838,0.319245599527425,0.214876608296917,77.9083226288721,11.117173445485,9.79214393903925,7.8337151512314,7.10245480790541,27.5287740882235,6.78812196479293,1.19325005359164,0,1.24156401540009,5.57677580903553,5,1,1,1,-2.22044604925031e-16,2.22044604925031e-16,1,4,15,1,root_seeded_fmincon,1,0.548772584138974,17.8180225516677,41,3,1,5.07871461284298,7.44119284835981,3,31.6591591,,
253,ExternalVerification,62.0693250419287,36.2264139110325,40.5472002890109,0.442899905293305,28.0662827224352,0.45217638025669,0.00927647496338529,500.238572041563,87.60824006004,3.12147643228894,6.02896074273089,6.27877003971666,18.4017064794356,32.9575640946077,16.7405603132408,35.8165277805334,18.8450003603208,1.10639784358578,1.06598275811678,0.350022566166497,0.250176083810333,75.5435583939345,12.4138650083857,10.2477248412338,8.19817987298703,8.50076057987335,28.4534889433342,5.98313297661459,0,0.045827766116302,1.1387399317412,5.6113149788033,5,0,0,0,-0.000477144083125491,0.000477144083125491,-2,2,32,1,root_seeded_fmincon,1,0.491450486683948,18.0241923568644,49,12,1,5.94314696626878,6.16383212281587,4,54.2739409,Stage1_dP_max;Product_salinity_max;Recovery_target_mismatch,
254,ExternalVerification,57.2993287055625,29.8884551196018,40.7870265635929,0.521019014495395,29.8540397734196,0.52101901449539,-5.55111512312578e-15,500.000000000007,111.949529801232,3.74989551333371,6.14233471878403,7.69994959478843,19.573852460936,28.338774328875,26.2153537466107,30.5588873384062,29.2129525179233,1.118170523528,1.13500329481986,0.324096489953695,0.20650990908876,87.1492390685216,11.4598657411125,9.62662648768076,7.70130119014461,6.86132223303572,30.2163416933691,7.40399882214505,1.26166410336101,0,1.32008783308962,5.5505188480548,5,1,1,1,-1.4432899320127e-14,1.4432899320127e-14,1,3,12,1,root_seeded_fmincon,1,0.532362257797948,19.5738524609362,26,3,1,5.95052477247743,7.79293245768193,2,27.3829205,,
255,ExternalVerification,60.5997008074389,32.3576204744152,40.9977977206264,0.405986469483093,27.1168851107994,0.447475560926707,0.0414890914436146,520.168745996443,86.4073599144775,3.18647807671927,6.13566139908643,6.42209665012671,17.7792323044842,30.3996766991525,16.691327928126,32.854942039226,18.598325598187,1.11203812631843,1.07380369564458,0.349999989678747,0.25147438712221,75.7024436398159,12.1199401614878,10.1604462778072,8.12835702224579,8.37070392415989,27.5040546218546,6.12066883984779,0,0.0149925592386362,1.15632303615996,5.60539612832789,5,0,0,0,-0.0403374919928861,0.0403374919928861,-2,4,43,1,root_seeded_fmincon,1,0.5033688218516,16.1307753622763,45,12,1,5.95874665397265,5.86345224301789,4,61.856059,Product_salinity_max;Recovery_target_mismatch,
256,ExternalVerification,56.7071057778705,33.040818294011,39.4975794240482,0.508955332127412,28.8613838551603,0.508955332127411,-9.99200722162641e-16,500.000000000001,97.4731072451143,3.37728460056799,5.99566076954507,7.00162588795886,18.9230159029375,30.4247910956611,22.10683680546,32.959416253688,24.8497209804544,1.11683013279449,1.10663060290768,0.303663665309689,0.197252699835968,82.2746662222895,11.3414211555741,9.25390352457955,7.40312281966364,6.96143048067754,29.2052176503497,6.73497060847075,0.739309838925678,0,1.23478140068961,5.57904865439747,5,1,1,1,-2.44249065417534e-15,2.44249065417534e-15,1,3,12,1,root_seeded_fmincon,1,0.537922004333784,18.9230159029375,39,3,1,5.9041238003804,7.0263796833818,4,31.4772109,,
257,ExternalVerification,61.4739615666349,42.2886541434655,38.8581876216629,0.477059149454822,29.3267158185955,0.477059149454794,-2.76445533131664e-14,467.978413532948,90.1266238692884,3.07319184414576,5.63872799793722,6.21167763217533,19.2281116041146,35.0000000000018,19.9750605615758,38.4186631248475,22.8767740533587,1.0960994450641,1.06867736530467,0.325008864972192,0.223832671154091,75.9378118813106,12.294792313327,10.0199971689775,8.01599773518197,8.03681143700984,29.6911676025581,5.94368192917981,0.30495393124259,0,1.13369520617443,5.61301410061474,5,1,1,1,-5.11590769747272e-14,5.11590769747272e-14,1,3,12,1,root_seeded_fmincon,1,0.49621008997338,19.2281116041157,49,12,1,5.0768735864981,6.53580810431321,4,22.3125232,,
258,ExternalVerification,58.4220647921886,41.9968499309913,40.0056888028013,0.410498928705733,24.7899557733082,0.424325224750062,0.013826296044329,500.641153650101,95.2153987588164,3.84088618912894,4.62666524492343,6.28374295358398,16.2535770871415,20.1141924277777,30.1658442291045,22.2310483770024,33.8042448224731,1.05745786005451,1.09086540077427,0.350237690648364,0.260817523985543,70.8348461747914,11.6844129584377,11.5282429340813,9.22259434726502,8.40802725472012,25.1727020107084,5.97764476457834,1.35097951965491,0,1.13803816818429,5.61155131527006,5,0,0,0,-0.00128230730020129,0.00128230730020129,-2,2,33,1,root_seeded_fmincon,1,0.522131494470537,15.7239673550816,49,23,1,4.34099995897829,6.28028812501633,3,181.6358878,Stage1_dP_max;Product_salinity_max;Recovery_target_mismatch,
259,ExternalVerification,59.3464005774564,31.9359892557576,40.0904090844243,0.424140379482917,25.1712727111181,0.424141522757822,1.14327490524646e-06,530.947280902339,78.646622714553,3.12445952245454,5.80452594288206,6.10178325473349,16.5035881924456,27.4685151956017,16.0716669125083,29.659320406402,17.8219157356272,1.10378341548255,1.07046329524432,0.347514075172919,0.258475787486166,70.941649089608,11.8692801154913,10.2899030314357,8.23192242514856,8.54378196658459,25.5525992883267,5.80378074161059,0,0.000745201271471707,1.11580146444522,5.61904436723163,5,0,1,0,-0.0618945618046773,0.0618945618046773,-2,7,73,1,root_seeded_fmincon,1,0.513999159227651,16.503543706968,45,12,1,5.92554813513782,5.96937200599705,4,86.711217,Product_salinity_max,
260,ExternalVerification,56.1396929839787,24.7547251158531,39.6033786472629,0.479787026836486,27.1258225528081,0.483184376525702,0.00339734968921546,500.001336921579,112.756728774284,4.15680403994278,5.59451526931307,7.69574398819325,17.7850921536901,20.926961770896,27.8713167329416,22.3715390245805,30.3313723470402,1.10209809109726,1.15376907252268,0.350000051445943,0.238815770617572,78.2813020823062,11.2279385967957,10.3926904228007,8.31415233824057,7.25346760779267,27.5075196645896,7.36852009942019,1.77400483010712,0,1.31556771333587,5.55202748545409,5,0,0,0,-2.67384315866259e-06,2.67384315866259e-06,-2,3,21,1,root_seeded_fmincon,1,0.543358867471992,17.6600422136745,39,9,1,5.90624540663285,7.31658263863243,3,37.5879643,Product_salinity_max;Recovery_target_mismatch,
261,ExternalVerification,62.6769785215137,30.7286240864755,40.4991935412918,0.476404178537662,29.8595744657904,0.476404178538076,4.13558076672871e-13,492.595142269532,98.0365223253353,3.28325249369023,6.68677223421072,6.6240981125261,19.5774812914964,34.9999999999914,15.4498247518079,37.6553890921329,17.2198206478039,1.13215675527377,1.07383888962279,0.357596117286979,0.244561859389692,79.0310172787706,12.5353957043027,9.86387777406666,7.89110221925333,8.20435101393084,30.2475374151122,6.32306369694687,0,0.363708537263845,1.18218658813829,5.59669934036665,5,0,1,0,-0.0217031922485122,0.0217031922485122,-2,3,10,1,root_seeded_fmincon,1,0.486685872860473,19.5774812914794,37,9,1,6.72680589518875,6.55268752009904,3,26.3565776,Stage1_dP_max,
262,ExternalVerification,57.9032040040252,37.0612786997136,40.8320346047494,0.458466971727884,26.5467065930674,0.458466971727885,1.22124532708767e-15,499.999999999999,103.66954845859,3.90517551000707,5.06046335061273,6.88320395180624,17.4053937798763,21.9425432927264,30.104028598365,24.0031394275217,33.575765045472,1.07266696876725,1.10969064773461,0.345832630519676,0.24504117309356,76.9717499183322,11.580640800805,10.9927371173455,8.79418969387638,7.83912435273947,26.9274386119803,6.5737666247238,1.51330327411107,0,1.21420455200463,5.58594865857207,5,1,1,1,2.44249065417534e-15,0,1,3,12,1,root_seeded_fmincon,1,0.526810226216143,17.4053937798763,48,12,1,5.17163307520317,6.76638248011667,4,35.9887566,,
263,ExternalVerification,60.5358854715621,33.3560599221232,40.0236196579868,0.477455306799958,28.9031797849759,0.477455307043517,2.43558673229671e-10,496.92610670307,90.7620022694923,3.14020820355105,6.26285651230647,6.54668651032046,18.9504194761185,33.351964219407,17.1402224918118,36.0734276049661,19.2197057056543,1.11989941284036,1.07724093557438,0.334929133758155,0.22929376896061,78.2551820059884,12.1071770943124,9.71460655650295,7.77168524520236,7.90817642164657,29.274703769004,6.26284829587158,0,8.21643488535528e-06,1.17449322138035,5.59928511085811,5,1,1,1,0.00614778659386039,0,0,10,90,1,root_seeded_fmincon,1,0.503899460004262,18.9504194664515,44,3,1,5.9234119059376,6.75878002299682,3,80.9787211,,
264,ExternalVerification,56.5318259296918,41.3258664663231,39.1504773619899,0.42842479169804,24.2196357482382,0.428424791698042,2.27595720048157e-15,499.999999999997,93.9435627263465,3.87881814998726,4.46082260095871,6.25768190767639,15.8796457830043,18.4546047777736,30.9634035599066,20.3824680535189,34.6084127010153,1.05512624232635,1.09663842606701,0.336029356910978,0.248607860973506,69.8227923693434,11.3063651859384,11.2961177816928,9.0368942253542,8.07804754536342,24.5868067156536,5.96423431818961,1.5034117172309,0,1.13632336698182,5.6121288523637,5,1,1,1,6.77236045021345e-15,0,1,3,12,1,root_seeded_fmincon,1,0.539589859311065,15.8796457830042,58,3,1,4.28860259199949,6.34374977012697,3,35.4572466,,
265,ExternalVerification,61.8288736207179,38.9129917612056,38.8931288438934,0.475650266901106,29.4089202398885,0.475650266901094,-1.25455201782643e-14,470.491888962617,89.6490171879638,3.04836139704202,5.86923602658141,6.2473835545874,19.2820090741466,34.9999999999988,18.1942339952427,38.1537802800921,20.6503071643637,1.10500428434544,1.0686376511858,0.333784104274694,0.229831549379147,75.7944967757158,12.3657747241436,9.95917393889892,7.96733915111914,8.10498834520738,29.7776560162335,5.97244233928447,0.103206312703066,0,1.13737293824478,5.61177535576415,5,1,1,1,3.3090990265399e-14,0,1,2,9,1,root_seeded_fmincon,1,0.493361729135214,19.2820090741472,50,12,1,5.88323460721611,6.20307104121171,4,34.224715,,
266,ExternalVerification,59.0775620099902,29.0120204524058,40.7817195018129,0.458109922878813,28.5797056875446,0.483765827755581,0.0256559048767683,501.68201983882,104.013603787098,3.63942179546057,6.0946525031868,7.24667323753752,18.7383331284714,27.4251440189519,23.265153234929,29.4934669389549,25.6949132511058,1.11378363681138,1.11508530625626,0.350042202385483,0.237431525440858,80.7254050689608,11.815512401998,10.1554909915776,8.12439279326206,7.62446408061141,28.9640226319249,6.93376073107827,0.839108227891471,0,1.26014412395757,5.57055359727392,5,0,0,0,-0.00336403967763999,0.00336403967763999,-2,2,38,1,root_seeded_fmincon,1,0.516338165661638,17.7445694835201,38,9,1,5.95014121926679,6.87398166693265,3,53.7617362,Stage1_dP_max;Product_salinity_max;Recovery_target_mismatch,
267,ExternalVerification,59.6691153929442,39.4635128472589,40.814438533516,0.469093200988192,27.99037633981,0.469093200988192,2.77555756156289e-16,500,94.3285331529452,3.3700344721262,5.60438044676162,6.58248724942589,18.3519383292748,30.0562844721428,23.044113856636,32.9468583768954,26.1360654188523,1.09159355273467,1.08400432900563,0.329530395150637,0.229699129713536,78.5209125624238,11.9338230785888,10.2530797955214,8.2024638364171,7.91968476328356,28.3638291284295,6.29714432168352,0.692763874921895,0,1.17887516922039,5.59781219925714,5,1,1,1,7.7715611723761e-16,0,1,4,15,1,root_seeded_fmincon,1,0.51121924297217,18.3519383292748,49,12,1,5.17147369259157,6.83219094455413,4,39.6706961,,
268,ExternalVerification,55.2714470388247,36.5236068201337,40.9369449354306,0.434469682682287,25.2522606607766,0.456877140253602,0.0224074575713151,500.008858706795,118.117375486741,4.67749707930934,4.39540723456483,7.27088094221251,16.556688080761,13.9646984946238,38.8699869361138,15.3705149729994,42.9491463515434,1.04850383537472,1.13684679154456,0.349999968514449,0.249328472167885,76.9323208257098,11.0542894077649,11.6290060753158,9.30320486025262,7.50479659451201,25.6310031879439,6.94570948450851,2.55030224994368,0,1.26166819579152,5.57004346486248,5,0,0,0,-1.77174135900238e-05,1.77174135900238e-05,-2,3,25,1,root_seeded_fmincon,1,0.548190559380663,15.7446682771761,51,12,1,4.39572648798659,6.92349505730059,4,49.9477046,Product_salinity_max;Recovery_target_mismatch,
269,ExternalVerification,62.4894501408389,24.9032956676293,40.8463417202465,0.409344925468768,26.9949296382382,0.431991793453085,0.0226468679843173,510.831232671888,92.8002154189149,3.43769058347401,6.34360520654395,6.75329302920862,17.6992719894035,26.7606700606582,18.1526535533404,28.542404633327,19.7644486170382,1.11927734141526,1.09288503401204,0.402890971759666,0.295289896269756,73.3176411771635,12.4978900281678,10.9462620594603,8.75700964756821,8.8736301256502,27.417989107755,6.39910940015128,0.0555041936073364,0,1.19190078785783,5.59343578050141,5,0,0,0,-0.151117062170474,0.151117062170474,-2,2,46,1,root_seeded_fmincon,1,0.488146398011984,16.7714000199882,37,9,1,5.95160520654395,6.66786194438816,3,63.4522732,Stage1_dP_max;Product_salinity_max;Recovery_target_mismatch,
270,ExternalVerification,57.4761107167224,28.689786404873,40.1892769146204,0.49359275071651,28.3697915891537,0.49359275071651,3.88578058618805e-16,499.999999999999,105.643366664443,3.72379777033092,5.92978919699409,7.36564949195914,18.6007025892694,26.0213671768909,24.9262402691907,27.9790510883575,27.5168142103391,1.11145486521274,1.12689856265899,0.337214058369974,0.225224383034895,81.1231712988683,11.4952221433445,9.98255758507294,7.98604606805835,7.27657978189217,28.7413001724157,7.06110558902328,1.13131639202919,0,1.27638462848482,5.56511963556884,5,1,1,1,1.22124532708767e-15,0,1,2,9,1,root_seeded_fmincon,1,0.530724845846694,18.6007025892694,37,3,1,5.92846374033372,7.32202819212049,3,19.4023684,,
271,ExternalVerification,60.8978019356513,26.5616602232269,40.0722901796185,0.436533012878255,28.0936586220607,0.461324673947121,0.0247916610688665,503.028514161518,92.6932110084661,3.29943537278118,6.48374111225776,6.72693461013751,18.4196555350516,29.6967761126486,17.2201857293402,31.7491843624841,18.9073741432058,1.12947644669069,1.09042202847754,0.365694697818431,0.255923630907345,75.9418379364488,12.1795603871303,10.1221353524023,8.09770828192186,8.20103582839762,28.4851797331978,6.41171732078793,0,0.0720237914698316,1.1935111592287,5.59289491708301,5,0,0,0,-0.0448419937669458,0.0448419937669458,-2,2,43,1,root_seeded_fmincon,1,0.500904778668902,17.4297803282409,37,9,1,5.92374111225776,6.73305745236489,3,56.6996271,Stage1_dP_max;Product_salinity_max;Recovery_target_mismatch,
272,ExternalVerification,57.1348734382629,21.7168418337653,39.105400389808,0.48808530790924,27.8866922943687,0.488085307907467,-1.77297065917514e-12,501.386869801238,105.530519793503,3.78426091841711,6.30654420456318,7.56901070813268,18.283957706772,24.6611987446728,22.5662072363653,26.1845346470937,24.4762370236811,1.13132069872588,1.1420139654215,0.350000000000962,0.2353129615903,78.0483844456175,11.4269746876526,9.89734856965813,7.91787885572651,7.31204528597354,28.2670098395174,7.24879925756,0.942255052996821,0,1.30031178102195,5.55712184724835,5,0,1,0,-0.00277373960247673,0.00277373960247673,-2,4,13,1,root_seeded_fmincon,1,0.533894592992511,18.2839577068385,27,6,1,6.69161868586989,7.17766876171356,2,29.1627329,Product_salinity_max,
273,ExternalVerification,61.2510134538334,24.5574845736695,41.391239595505,0.441974216107333,30.2831289484776,0.494410251208379,0.0524360351010461,517.056151479808,106.175210864118,3.50608456096989,7.45414752424317,7.10346772619586,19.8551855156554,34.967893312848,14.3746868298605,37.3264274631351,15.8580451707548,1.16400964548725,1.08706547239178,0.351624862617843,0.232283311863665,83.6910558081168,12.2502026907667,9.33251951393462,7.46601561114769,7.74197112633895,30.6680760514298,6.79978834146426,0,0.654359182778911,1.24305263049433,5.57627707948137,5,0,0,0,-0.0341123029596162,0.0341123029596162,-2,2,39,1,root_seeded_fmincon,1,0.498016249526904,17.7493893633869,34,9,1,6.74758077307453,6.61676488574686,3,53.0471167,Stage1_dP_max;Product_salinity_max;Recovery_target_mismatch,
274,ExternalVerification,58.3012617542049,43.2186376182783,40.3179186403948,0.520540390239862,30.348161544962,0.520540390239036,-8.26005930321116e-13,487.3104457459,101.269223720935,3.33691461246841,5.73456682520294,6.92959940079828,19.8978242492539,35.0000000000004,25.4626550605616,38.7059615624442,29.6221474062427,1.09905259983778,1.09311347221165,0.291560108545546,0.186613011292914,86.0844230307763,11.660252350841,9.39494122319036,7.51595297855229,6.98827505231072,30.6911968795112,6.67542502001713,0.940858194814192,0,1.22718171502076,5.58159621730223,5,1,1,1,-1.03536227210757e-14,1.03536227210757e-14,1,3,12,1,root_seeded_fmincon,1,0.523213376214794,19.8978242492854,56,3,1,5.1483713278154,7.20901403890608,4,34.3240411,,
275,ExternalVerification,59.5182345160996,37.2538880992419,39.8080900633108,0.465886625287137,27.7287494217541,0.465886625287138,1.72084568816899e-15,499.999999999998,87.5786262867579,3.15840519724447,5.7848316031344,6.34652809762479,18.1804021910268,31.5068856864712,18.9244560664349,34.3386490207008,21.3733396257959,1.10242875022902,1.07514850637149,0.324713911350947,0.227188579500937,76.1071018915097,11.9036469032199,9.89790210011164,7.91832168008932,7.94737127358639,28.0943203089338,6.07100255621764,0.286170953083241,0,1.14997423234373,5.60753267288333,5,1,1,1,3.33066907387547e-15,0,1,3,12,1,root_seeded_fmincon,1,0.512515202240226,18.1804021910268,50,12,1,5.91636515571962,6.22087644505229,4,38.0763347,,
276,ExternalVerification,55.9716237834587,38.3072110361737,40.9680462877066,0.409796901115268,24.9495300956005,0.445753194370856,0.0359562932555876,504.259038546615,111.786212424691,4.48049370053678,4.43859204705063,6.9925498498261,16.3582022656704,15.1139619225629,36.9898602564299,16.6764006040459,41.034715064241,1.04947963542353,1.12323615571033,0.34999088372276,0.253001024503086,75.4099342637352,11.1943247566917,11.6491022876972,9.31928183015777,7.75552342196455,25.3300955360921,6.67209083163082,2.2334987845802,0,1.22675614457499,5.58173890550708,5,0,0,0,-0.00851807709322916,0.00851807709322916,-2,2,39,1,root_seeded_fmincon,1,0.544990442264333,15.0386821248695,48,9,1,4.3982666835006,6.51605003167837,3,61.9811341,Product_salinity_max;Recovery_target_mismatch,
277,ExternalVerification,62.7655917973619,23.1682365227145,40.9997574807707,0.416572885043726,28.3801936301115,0.452161651271236,0.0355887662275096,504.138629687049,98.879576464253,3.4841050682382,6.7568158563884,7.04884307413665,18.6075227052921,28.4591570465792,18.0600863617809,30.2595251370176,19.632440008262,1.13396752700189,1.10017975011771,0.40185492649158,0.285163578979796,76.3728621655949,12.5531183594724,10.6681853974034,8.53454831792273,8.59634954181262,28.8030458364154,6.69549644142892,0,0.0613194149594714,1.22974352150042,5.58073734137885,5,0,0,0,-0.148156932833085,0.148156932833085,-2,2,40,1,root_seeded_fmincon,1,0.485998763438443,17.1429606979438,32,6,1,5.9568158563884,7.07453967025327,2,49.8471704,Stage1_dP_max;Product_salinity_max;Recovery_target_mismatch,
278,ExternalVerification,58.0674881103303,23.6569193474125,39.3875560803904,0.513105769265789,29.794763156183,0.513105769265788,-5.55111512312578e-16,500.000000000001,103.341911491874,3.46845890165863,6.85885830627542,7.44379129846636,19.534987645019,30.4362750023965,19.4996417772469,32.4218107906369,21.4076061709272,1.15240732070484,1.12364140764913,0.332830284098867,0.213301406618577,82.7490439747331,11.6134976220661,9.23529697239337,7.3882375779147,7.06818123853684,30.158784286074,7.14855925875599,0.289700952480578,0,1.28753464861076,5.56139148051897,5,1,1,1,-2.44249065417534e-15,2.44249065417534e-15,1,3,12,1,root_seeded_fmincon,1,0.525319778634841,19.5349876450191,23,3,1,6.69875708871245,7.53096561211329,2,23.9079378,,
279,ExternalVerification,60.1135787510368,26.7167320513207,38.5005599528744,0.49829971366497,29.9545790217244,0.498299712711876,-9.53093937106075e-10,477.483184332373,97.194367937885,3.2447248838782,6.61367238996429,6.90565565692238,19.6397711917941,32.0525483592211,18.1248585405686,34.2391248485432,19.9772943390574,1.14115365189594,1.10073959163559,0.344555216896826,0.226349197171333,78.4707274861365,12.0227157502074,9.53676680945519,7.62941344756415,7.53974993232811,30.3223071443812,6.61366476170462,0,7.62825966393876e-06,1.21929813971718,5.5842399708842,5,1,1,1,0.0155565231519269,0,0,9,90,1,root_seeded_fmincon,1,0.5074394277262,19.639771229359,32,3,1,6.67756751041495,6.80909307673572,3,94.3238922,,
280,ExternalVerification,56.2684409349371,27.1204047038176,39.1935951310938,0.521114713831056,29.3223124955294,0.521114713831056,-2.22044604925031e-16,500,103.538031833644,3.53103227616955,6.33811970358671,7.43345320179889,19.2252245577822,29.127871656853,22.3269662672053,31.2310102401086,24.7395816945865,1.13434612639729,1.12969733105597,0.312099712034064,0.197983086181868,83.7449677817027,11.2536881869874,9.14193875546505,7.31355100437204,6.73653210985191,29.6694193724597,7.15339567480373,0.815275971217025,0,1.28815120031339,5.56118538933336,5,1,1,1,-0,0,1,4,15,1,root_seeded_fmincon,1,0.542115606779858,19.2252245577822,23,3,1,5.89177394139852,7.73787033086809,2,23.3815335,,
281,ExternalVerification,61.6268043934303,28.1186442134703,39.0289094185249,0.422978788524736,26.0937823588582,0.423416119263193,0.000437330738456754,500.003865638291,84.0064636107393,3.21940539150014,5.9427556968189,6.19713648657469,17.1084332276804,26.9931549611708,16.747697575007,28.8943287776905,18.3406720536997,1.11002040631963,1.07841526844526,0.383128553749581,0.284309151213968,68.9862579443027,12.3253608786861,10.7656266022245,8.61250128177962,8.88325550864302,26.4933185098264,5.87106431156723,0,0.071691385251671,1.12440802411766,5.61614324881601,5,0,0,0,-0.0946530107130873,0.0946530107130873,-2,3,51,1,root_seeded_fmincon,1,0.494979421701961,17.0907625642434,44,9,1,5.88596228761346,6.20379686259991,3,69.1400985,Stage1_dP_max;Product_salinity_max;Recovery_target_mismatch,
282,ExternalVerification,58.6505255552036,34.0914530119904,39.2585683222376,0.480085952573837,28.157293430126,0.480085952573836,-1.11022302462516e-15,500.000000000001,87.5525417802986,3.1094090061449,6.05110635793887,6.44558158894951,18.461377806272,32.2943110354007,17.4613798621658,34.9887651689973,19.6231252944253,1.11671711101595,1.07900455521082,0.316188428357478,0.215609882696659,77.1461400573366,11.7301051110407,9.45115411859735,7.56092329487788,7.62330803126938,28.5121341760187,6.17815552005559,0.127049162116717,0,1.1636704972341,5.6029243538539,5,1,1,1,-2.88657986402541e-15,2.88657986402541e-15,1,3,12,1,root_seeded_fmincon,1,0.520097641261351,18.461377806272,45,3,1,5.89560473926891,6.51992657425887,3,25.2888964,,
283,ExternalVerification,59.9610869972709,35.909930714223,39.847255211411,0.479892041142202,28.7748484282254,0.479892041142201,-1.16573417585641e-15,498.954209255056,88.4118355265737,3.07253870501191,6.15328584673354,6.42302543908282,18.8662788016165,34.5301185834324,16.6108992117704,37.5330490234221,18.7916051154113,1.1164830593613,1.07117496778056,0.320036504922043,0.218735042506248,78.2819387727506,11.9922173994542,9.50942659861711,7.60754127889369,7.79655964226137,29.136761967179,6.15327920422796,0,6.64250557491641e-06,1.16049115109618,5.60399381290376,5,1,1,1,0.00209158148988831,0,2,13,85,1,root_seeded_fmincon,1,0.508729936823666,18.8662788016165,45,3,1,5.91751146214666,6.55025180259693,3,87.6587407,,
284,ExternalVerification,55.6571130817239,21.0732563616203,40.1295783341744,0.463154598113634,25.8392313138363,0.464257484499697,0.00110288638606243,531.591908712402,104.329608528355,4.03764366134566,5.98237719261736,7.60211976140759,16.9415363977421,21.1119318052377,23.2977596873506,22.4344255277009,25.1752758918346,1.11672226068366,1.14589949335173,0.349989938277925,0.245336458876286,76.4348316672155,11.1314226163448,10.1514074211831,8.12112593694647,7.45447044197191,26.2278089359405,7.27122451482988,1.28884732221253,0,1.30316977285338,5.55616719007927,5,0,0,0,-0.0631838174248045,0.0631838174248045,-2,4,59,1,root_seeded_fmincon,1,0.548070108401231,16.9012902186801,27,6,1,5.92466162974458,7.58902856183602,2,68.1078195,Product_salinity_max;Recovery_target_mismatch,
285,ExternalVerification,62.1908564651083,28.551480780207,39.9963405169263,0.402381734572043,27.8373602256347,0.447611784237971,0.0452300496659285,506.637109118537,91.7597512396913,3.29628062775838,6.60057565267836,6.23661884092491,18.2516130511636,32.6211367616593,13.0435373956794,34.9570078035911,14.4252330645271,1.1318436255393,1.06462273776735,0.365030724185413,0.260874321370555,73.8759850016952,12.4381712930217,10.0228021423831,8.01824171390651,8.5883740598684,28.2263095383765,5.93196768934504,0,0.668607963333315,1.13219717152083,5.61351873831141,5,0,0,0,-0.042944926244037,0.042944926244037,-2,2,41,1,root_seeded_fmincon,1,0.490490109540685,16.4073332670805,47,12,1,5.92139293626687,6.01941452256225,4,58.9230001,Stage1_dP_max;Product_salinity_max;Recovery_target_mismatch,
286,ExternalVerification,60.7858975579819,22.3267489068194,39.9289961876294,0.49810337983208,30.4582522810012,0.501074319943174,0.00297094011109467,501.802250675,106.914396872045,3.51019473755999,7.50173863460442,7.14988422255676,19.9700054294527,33.8887310235236,14.9788764423305,35.9948326930501,16.4040972603213,1.17110070537318,1.09744443044637,0.352964923462197,0.229731069402757,81.8326188482315,12.1571795115964,9.27045866592434,7.41636693273947,7.58191131924517,30.8370794352811,6.84730286149575,0,0.654435773108669,1.24911496036047,5.57424640635496,5,0,0,0,-0.00847120989199273,0.00847120989199273,-2,2,33,1,root_seeded_fmincon,1,0.501826924097043,19.8516004587971,17,3,1,6.71174270670883,7.73427178310762,1,41.2165423,Stage1_dP_max;Product_salinity_max;Recovery_target_mismatch,
287,ExternalVerification,56.8755091413533,32.8041580383861,39.2386060346727,0.437319008359723,25.1492356658953,0.442180404985768,0.0048613966260449,500.00024615153,99.0393802510563,3.93806720676457,4.92804745500924,6.71941369080808,16.4891395658899,19.6295507148159,27.9016896391018,21.2827705704554,30.6840888944747,1.07408188387751,1.11356152880205,0.350000006226414,0.254214821468805,71.7427962023757,11.3751018282707,10.9831920021598,8.78655360172785,7.93156836886449,25.5276639972565,6.40608385316656,1.47803639815732,0,1.1927916200242,5.59313657796331,5,1,0,0,-4.92303060095622e-07,4.92303060095622e-07,-2,3,15,1,root_seeded_fmincon,1,0.536329264748876,16.3078555321603,45,12,1,5.09280738188792,6.48007818885747,4,39.1113169,Recovery_target_mismatch,
288,ExternalVerification,61.305572934351,42.1346655557889,39.8677904221172,0.42494008412068,26.0511953197896,0.42494008412068,-5.55111512312578e-17,500,83.4199435191423,3.20215416203083,5.25674341265209,5.93654104336564,17.0805109623588,28.7972504936281,20.433580339643,31.6653368763973,23.1538369130694,1.07911107193128,1.0645316909341,0.347831563193743,0.259622308682787,70.6726896934331,12.2611145868702,10.8949954604009,8.7159963683207,8.81359440364037,26.4373021586576,5.6427919134505,0.386048500798407,0,1.09520253935374,5.62599295250254,5,1,1,1,-2.22044604925031e-16,2.22044604925031e-16,1,3,12,1,root_seeded_fmincon,1,0.497573035206198,17.0805109623588,49,9,1,5.12611421496804,5.99545435164211,3,26.0834923,,
289,ExternalVerification,58.588612274027,44.1496626641042,40.5934996653564,0.431550798075285,25.2839623849805,0.431550798075297,1.21014309684142e-14,499.999999999982,97.3783278639194,3.85138715131792,4.64065148307255,6.3569061367556,16.5774733706927,20.7107366769117,31.7814239057411,23.0126221822329,35.8638824420303,1.05583263793945,1.09070757144185,0.346382224513925,0.255127236550181,72.8178511671501,11.7177224548054,11.5429331278652,9.23434650229217,8.32616247226163,25.6662332322901,6.05399692526418,1.41334544219163,0,1.14780022784543,5.60826443995937,5,1,1,1,3.66373598126302e-14,0,1,3,12,1,root_seeded_fmincon,1,0.520647252359018,16.5774733706922,46,9,1,4.37758793792778,6.49423019565596,3,39.0838161,,
290,ExternalVerification,59.1817473255247,30.5762281882594,40.626149283727,0.444254234782988,27.9850781288886,0.472866709645439,0.0286124748624514,502.179270112247,100.170317951382,3.57941891353798,5.9205193496068,7.01654876048523,18.3484645481829,27.0781227037155,22.9330200267648,29.1926319496169,25.3772630318382,1.10687706237687,1.10671977136432,0.349995753602399,0.241717481619563,78.7190092794122,11.8363494651049,10.281910998598,8.22552879887838,7.79916729915901,28.3691478456102,6.70631362317188,0.785794273565084,0,1.23112411232357,5.58027452769558,5,0,0,0,-0.00435854022449389,0.00435854022449389,-2,2,38,1,root_seeded_fmincon,1,0.515429188533672,17.2382257220175,46,9,1,5.94480700720666,6.48061412654714,3,59.7757571,Product_salinity_max;Recovery_target_mismatch,
291,ExternalVerification,56.0222397780333,38.5690846034267,38.7011785212344,0.446308613131781,25.0032081398702,0.446308613131781,4.44089209850063e-16,500,89.8981982439863,3.59546653937718,4.80869150737088,6.3058252391557,16.3933963676044,21.7934536862604,26.9448646894842,23.8720833888194,30.1239964530067,1.07101503977636,1.09664820264515,0.321064342248141,0.231402733148985,71.3013792320362,11.2044479556067,10.5678457186083,8.4542765748866,7.75475790954078,25.3581941274433,6.02750659460288,1.21881508723199,0,1.14441350624363,5.60940456422338,5,1,1,1,8.88178419700125e-16,0,1,4,15,1,root_seeded_fmincon,1,0.54449804436346,16.3933963676043,44,3,1,4.26022117563663,6.66472424413989,4,33.9295681,,
292,ExternalVerification,62.6324119923381,32.0765594991107,40.2842011854169,0.459804827293054,28.7876774576699,0.459629072902246,-0.000175754390807692,499.505208545887,93.2759256153805,3.2401337604444,6.53653258336828,6.28371543752992,18.8746901768095,34.9812316960636,13.492362048799,37.7104566870597,15.0825725669444,1.12684233732469,1.06141114171793,0.354742343748951,0.24957619869152,76.1117000782825,12.5264823984676,9.90327151811514,7.92261721449211,8.46118363366707,29.1733133107504,5.98850194100681,0,0.548030642361471,1.13942643776819,5.61108378869781,5,0,0,0,-0.0135495535684314,0.0135495535684314,-2,2,29,1,root_seeded_fmincon,1,0.487032177584532,18.8819075393945,49,9,1,5.93265306823075,6.72688716252597,3,53.527382,Stage1_dP_max;Recovery_target_mismatch,
293,ExternalVerification,57.7073273572073,38.0422157811058,41.3810455306734,0.417588940841526,26.1779470547528,0.45363298308223,0.0360440422407038,503.779872197943,107.309226867611,4.09922239674363,4.89039841759451,6.95813005717068,17.1636159551224,19.9658799404548,32.6820393709117,21.9251355138577,36.4502779957708,1.06444448231856,1.11315096976952,0.350492826345988,0.250276746329495,77.3011940807893,11.5414654714415,11.2941248665663,9.03529989325307,7.88234507561364,26.5634984821262,6.64134983093943,1.75095141334492,0,1.22283223988214,5.58305468279586,5,0,0,0,-0.0075597443958868,0.0075597443958868,-2,2,39,1,root_seeded_fmincon,1,0.528598384242971,15.7998568777153,52,12,1,4.42328017519851,6.77014662156856,4,66.3804045,Stage1_dP_max;Product_salinity_max;Recovery_target_mismatch,
294,ExternalVerification,60.4340828641259,23.0392363329522,39.403638778555,0.44395141141094,29.0036974623503,0.479922852929851,0.0359714415189104,503.417807386167,99.020301400441,3.41405786379406,7.13153538604584,6.77727966396184,19.016324063959,32.1695375279144,14.3124254177573,34.1890949769256,15.654145395504,1.15872167690308,1.08852942467106,0.354587266076708,0.239412006749888,77.3988910414466,12.0868165728252,9.47775259127322,7.58220207301858,7.85759635044392,29.3814240674797,6.47652497815938,0,0.655010407886462,1.20178801596284,5.59011571837545,5,0,0,0,-0.0131064745048794,0.0131064745048794,-2,2,40,1,root_seeded_fmincon,1,0.504748290274913,17.5910020881553,34,9,1,6.69906238247273,6.40851120476681,3,59.3180763,Stage1_dP_max;Product_salinity_max;Recovery_target_mismatch,
295,ExternalVerification,56.7012689017492,27.5909768563331,41.4134980335858,0.481465917740587,27.8255067956737,0.490738696587006,0.00927277884641869,508.948511761303,118.115424028822,4.24486155440613,5.62438684483678,7.88741258432353,18.2438413294478,21.5932848537443,30.0636080403446,23.2288282237378,32.9970411425211,1.09616106117315,1.15195321959567,0.3499985195703,0.236170334236976,83.1110309907797,11.3402537803498,10.512881788343,8.41030543067443,7.21894052651887,28.2123333745524,7.55737524915986,1.93298840432308,0,1.33962379056072,5.54400246490142,5,0,0,0,-0.0178970235226059,0.0178970235226059,-2,3,45,1,root_seeded_fmincon,1,0.537977378475546,17.899113866271,39,9,1,5.19713127368016,8.02953614108868,3,52.9389382,Product_salinity_max;Recovery_target_mismatch,
296,ExternalVerification,62.0025141388293,25.6385836590327,38.9731916854356,0.40272655770369,26.8239820509077,0.432627328479719,0.0299007707760291,502.923535966274,88.7916522837998,3.310159249111,6.4935733385508,6.11549224745463,17.5871899101152,29.9538235055995,13.1839568069143,31.9238229998071,14.4321307878452,1.13189366543419,1.06907035939834,0.378857584756896,0.276314297218863,70.0330084117186,12.4005028277659,10.284392339729,8.22751387178321,8.79463302198039,27.2163247824259,5.79978443041387,0,0.693788908136932,1.11529023023919,5.61921673435827,5,0,0,0,-0.0824502421625607,0.0824502421625607,-2,2,39,1,root_seeded_fmincon,1,0.49198004990086,16.3716621348709,42,9,1,5.88341129258563,6.1186162866866,3,39.7365979,Stage1_dP_max;Product_salinity_max;Recovery_target_mismatch,
297,ExternalVerification,58.9544311652936,25.9318660901627,40.6393120276739,0.501264857039524,29.5517845099175,0.501264857039526,2.1094237467878e-15,499.999999999997,108.718441327918,3.67891290258403,6.46996760067999,7.57011431488091,19.3756782782045,28.4527866847849,22.8129993301839,30.4417937539817,25.0946447908641,1.13033093535724,1.12767037420511,0.349233785781496,0.229663865606152,83.3232379945449,11.7908862330587,9.86170677533604,7.88936542026884,7.35066166384403,29.9343563899071,7.25535868345384,0.78539108277385,0,1.30114776562022,5.55684258848278,5,1,1,1,6.10622663543836e-15,0,1,3,12,1,root_seeded_fmincon,1,0.517416577465982,19.3756782782044,28,6,1,6.72952249999082,7.31310269921287,2,26.9806205,,
298,ExternalVerification,59.7846687262172,36.3788097168411,40.5774563270802,0.508455310968606,30.3978323283437,0.508455310968604,-2.22044604925031e-15,492.514143381504,100.313200276562,3.30001163217901,6.22830373648949,6.95613343528745,19.930390983703,35,20.7606861326206,38.1259356352574,23.6067282647674,1.11713398702668,1.08977803837806,0.316344924360677,0.206107924084507,84.4606160358867,11.9569337452434,9.44431420647583,7.55545136518066,7.34670909946836,30.7587183008484,6.68225254810375,0.453948811614254,0,1.22805315828692,5.58130404326614,5,1,1,1,4.06024420434343e-16,0,1,3,12,1,root_seeded_fmincon,1,0.510231145374285,19.930390983703,42,3,1,5.94428446721727,7.09970802222143,4,23.7077346,,
299,ExternalVerification,55.4591919425612,27.9245869944712,40.8217257964119,0.538004751193044,29.70160163126,0.535557778447652,-0.00244697274539218,500.026168321388,123.524788585133,4.15885951601773,5.85877883022173,8.29548971005919,19.4739061311697,24.1776512763082,31.6089628350738,26.0168971589307,35.0205950386072,1.10938245430909,1.17172005099951,0.323207588687583,0.201720141076075,89.996912085065,11.0918383885122,9.79296846324819,7.83437477059855,6.4393975778253,30.0607677044239,7.98781449208802,2.12903566186629,0,1.39440867264011,5.52576270799659,5,0,0,0,-5.23366427758187e-05,5.23366427758187e-05,-2,2,26,1,root_seeded_fmincon,1,0.549477924062437,19.5628827448367,23,6,1,5.95136366023262,8.22158126280475,2,26.7502166,Product_salinity_max;Recovery_target_mismatch,
300,ExternalVerification,62.3187363915193,39.7402039444479,40.7714972908123,0.471009432046516,29.3527126336269,0.471009432046529,1.23789867245705e-14,488.869664591511,92.9914271567774,3.16806927923401,5.96776948734963,6.45121902080038,19.2451564605474,35,19.0096027674551,38.3024782249613,21.657955447226,1.10226424410678,1.06927498883039,0.339684348891015,0.236298645600406,78.7418292113483,12.4637472783039,10.1586329521507,8.12690636172053,8.24150593947311,29.7357142522278,6.16357578658821,0.195806299238577,0,1.16180714244976,5.60355112302661,5,1,1,1,1.21807326130303e-15,0,1,2,9,1,root_seeded_fmincon,1,0.48948360904428,19.2451564605469,53,3,1,5.95209764931965,6.42653546504461,4,24.0558727,,
