State_ID,State_Type,Probe_Index,Probe_Phase,R_target,DatasetValid,PhysicalFeasible,RecoveryTargetMet,Recovery_actual,Recovery_error,P1_MPa,P2_MPa,W_kW,Cp_mg_L,dP1_MPa,Jfirst1_LMH,ExitFlag,Runtime_s,FailureReason
1,Core3D,1,Coarse,0.34,0,0,0,0.344204305594917,0.00420430559491652,4.29673652613555,6.05851747438398,76.5657783988361,662.717470803038,0.31693841740864,10.8659816179465,-2,62.8138609,Product_salinity_max;Recovery_target_mismatch
1,Core3D,2,Coarse,0.367781137514269,0,0,0,0.38588617396937,0.0181050364551012,4.07746274908988,6.83191154500405,98.5401304133819,597.54345870023,0.325518049674491,8.97594878829258,-2,42.9721502,Product_salinity_max;Recovery_target_mismatch
1,Core3D,3,Coarse,0.395562275028537,0,0,0,0.452735642937112,0.0571733679085746,3.51746274908988,8.27282272841101,144.258809209239,511.581872422378,0.346332463515325,4.44617700313108,-2,33.356623,Product_salinity_max;Recovery_target_mismatch
1,Core3D,4,Coarse,0.423343412542806,0,0,0,0.439038703338141,0.0156952907953354,3.51746274908988,8.06315002844513,139.082264187786,521.75617498216,0.346250894336062,4.46160295305873,-2,40.5085539,Product_salinity_max;Recovery_target_mismatch
1,Core3D,5,Coarse,0.451124550057074,0,0,0,0.454489316431702,0.00336476637462735,3.51746274908988,8.3,144.928493406624,510.342048311467,0.346342863289105,4.44421017689663,-2,42.5385128,Product_salinity_max;Recovery_target_mismatch
1,Core3D,6,Coarse,0.478905687571343,0,0,1,0.478905687021953,-5.49389478354811e-10,4.01202968512981,8.3,135.081760624607,514.352327600728,0.328641899292267,8.31056708630356,-2,37.7284149,Product_salinity_max
1,Core3D,7,Coarse,0.506686825085611,0,0,1,0.506686251271155,-5.73814456727995e-07,4.56985483444727,8.3,125.529301189428,518.340104398307,0.307933439319675,12.9370162608671,-2,37.314732,Product_salinity_max
1,Core3D,8,Coarse,0.53446796259988,0,0,1,0.534464637957473,-3.32464240704322e-06,5.18760133521474,8.3,117.394541189696,526.283798415103,0.28597246875053,18.1212876955669,-2,19.9019381,Product_salinity_max
1,Core3D,9,Coarse,0.562249100114148,0,0,0,0.540004417628632,-0.022244682485516,6.70873137454494,7.29818432061144,88.562333685722,582.302758505309,0.238099843943258,30.8757182516805,-2,15.9963887,Product_salinity_max;Recovery_target_mismatch
2,Core3D,1,Coarse,0.34,0,0,0,0.317471524279678,-0.0225284757203216,5.16820967589154,4.99446280544547,60.3160467762381,648.677010462725,0.357581815027426,22.1760565116563,-2,57.7913524,Stage1_dP_max;Product_salinity_max;Recovery_target_mismatch
2,Core3D,2,Coarse,0.362533827109096,0,0,0,0.428665821202148,0.0661319940930519,5.16820967589154,6.54674706410207,94.2523162859391,515.876744977985,0.358696459240984,21.9592135452302,-2,40.7332483,Stage1_dP_max;Product_salinity_max;Recovery_target_mismatch
2,Core3D,3,Coarse,0.385067654218193,0,0,0,0.442978112008089,0.0579104577898965,5.35842121199837,6.61136821381544,94.2088972799071,511.551757091885,0.3500856834619,23.9689579553505,-2,35.6546449,Stage1_dP_max;Product_salinity_max;Recovery_target_mismatch
2,Core3D,4,Coarse,0.407601481327289,0,0,0,0.450488336837399,0.0428868555101098,5.35972221663136,6.72368925890083,97.1625670916791,505.759794836675,0.350099460422036,23.9684775828378,-2,36.3021919,Stage1_dP_max;Product_salinity_max;Recovery_target_mismatch
2,Core3D,5,Coarse,0.430135308436385,0,0,0,0.45570221284597,0.0255669044095849,5.36055009125918,6.80244757769354,99.229105052574,501.882349992066,0.350112317483072,23.9673636857222,-2,34.3615359,Stage1_dP_max;Product_salinity_max;Recovery_target_mismatch
2,Core3D,6,Coarse,0.452669135545482,0,0,0,0.458057273772528,0.00538813822704631,5.36086144042845,6.83827134776465,100.168214765981,500.166980152107,0.350120933483717,23.9661977662431,-2,31.606501,Stage1_dP_max;Product_salinity_max;Recovery_target_mismatch
2,Core3D,7,Coarse,0.475202962654578,1,1,1,0.475202962654569,-9.6034291630076e-15,5.67302320409596,6.87530183544735,98.6266338116238,500.000000000012,0.336387489989477,27.2694671059095,1,17.7460052,
2,Core3D,8,Coarse,0.497736789763675,1,1,1,0.497736789763676,1.66533453693773e-15,6.05494438244364,6.97464435525409,98.9538068906551,499.999999999998,0.320386320675206,31.2925327486065,1,14.1789505,
2,Core3D,9,Coarse,0.520270616872771,1,1,1,0.520270616872771,1.11022302462516e-16,6.39948865367245,7.13404640232132,101.588145319488,500,0.306712944640066,34.9001161838203,1,15.4327076,
2,Core3D,10,LowerBisect,0.46393604910003,1,1,1,0.463936049100048,1.84852133600089e-14,5.4675954697604,6.8489659086099,99.5135730144958,499.999999999998,0.345360718207814,25.0966969390767,1,52.3962876,
2,Core3D,11,LowerBisect,0.458302592322756,0,0,0,0.458152877375992,-0.000149714946763801,5.64764303138291,6.62553932375699,92.3968998540152,511.115801090888,0.337333501208159,27.0314844430208,-2,62.9859769,Product_salinity_max;Recovery_target_mismatch
2,Core3D,12,LowerBisect,0.461119320711393,1,1,1,0.461119320711385,-7.60502771868232e-15,5.41469323007875,6.84487976380476,99.8595774376471,500.000000000012,0.347712685851923,24.5363113336191,1,22.3802974,
2,Core3D,13,LowerBisect,0.459710956517074,1,1,1,0.459710956517077,2.16493489801906e-15,5.3880078499377,6.8432156257083,100.052250551089,500.000000000004,0.348905436562807,24.2535177195444,1,21.6461574,
2,Core3D,14,LowerBisect,0.459006774419915,1,1,1,0.459006774419915,-2.22044604925031e-16,5.37460640953006,6.84247860867879,100.153589295427,500,0.349506039946332,24.1114692682556,1,23.2675106,
3,Core3D,1,Coarse,0.34,0,0,0,0.394428603605898,0.0544286036058983,3.46636008224262,6.17253362363696,103.166644147454,514.095749604053,0.338786887294311,6.72635225892661,-2,63.5867348,Product_salinity_max;Recovery_target_mismatch
3,Core3D,2,Coarse,0.368896521923161,0,0,0,0.403944217331162,0.0350476954080015,3.46636008224262,6.27367231164035,105.974715704238,504.99019188217,0.33886974082078,6.70754837236382,-2,44.9155439,Product_salinity_max;Recovery_target_mismatch
3,Core3D,3,Coarse,0.397793043846321,0,0,0,0.409396816419722,0.0116037725734007,3.46636008224262,6.33228381747107,107.598264207371,500.000791553399,0.338917075313255,6.69680435225284,-2,29.2457308,Product_salinity_max;Recovery_target_mismatch
3,Core3D,4,Coarse,0.426689565769482,1,1,1,0.426689565769481,-8.32667268468867e-16,3.7451088030782,6.35576237331722,102.613552270484,500.000000000001,0.324867385416139,10.2335314198204,1,24.2799445,
3,Core3D,5,Coarse,0.455586087692642,1,1,1,0.455586087692641,-8.32667268468867e-16,4.20090462997358,6.40697545437156,95.990610321905,500.000000000001,0.301339498049532,16.2855240978447,1,25.4287649,
3,Core3D,6,Coarse,0.484482609615803,1,1,1,0.484482609615804,1.27675647831893e-15,4.61728615445301,6.52071385886567,93.1029870736673,499.999999999999,0.280833107508521,21.8724455424245,1,24.1019217,
3,Core3D,7,Coarse,0.513379131538964,1,1,1,0.513379131538964,3.33066907387547e-16,4.98828822372371,6.707560055156,93.5725003186104,500,0.263737963521809,26.8356337453724,1,23.456226,
3,Core3D,8,Coarse,0.542275653462124,1,1,1,0.542275653462121,-3.44169137633799e-15,5.31355921183023,6.96784147320254,96.7103620324047,500.000000000004,0.249726331949367,31.1579467678772,1,22.5803715,
3,Core3D,9,Coarse,0.571172175385285,0,0,0,0.557471507295843,-0.0137006680894417,5.48799008034783,7.1243356458244,98.8844371513119,501.017740700864,0.242572534003739,33.4661842766035,-2,37.9921685,Product_salinity_max;Bulk_brine_concentration_max;Recovery_target_mismatch
3,Core3D,10,LowerBisect,0.412241304807901,1,1,1,0.412241304807902,1.11022302462516e-16,3.51166623833063,6.33726257549909,106.795810211104,500,0.336715403129111,7.2530667344329,1,22.9320266,
3,Core3D,11,LowerBisect,0.405017174327111,0,1,0,0.409397677088237,0.00438050276112528,3.46636008224262,6.33229310788561,107.598521332472,500.000016703787,0.338917082776557,6.69680265815244,-2,24.9393828,Recovery_target_mismatch
3,Core3D,12,LowerBisect,0.408629239567506,0,1,0,0.409397695625446,0.000768456057940015,3.46636008224262,6.3322933079841,107.598526870474,500.000000015,0.338917082937303,6.69680262166468,-2,25.3334129,Recovery_target_mismatch
3,Core3D,13,LowerBisect,0.410435272187704,1,1,1,0.410435272187706,2.05391259555654e-15,3.48284748222701,6.3341913241216,107.308227069653,499.999999999997,0.33812141489905,6.8980708785274,1,23.575417,
3,Core3D,14,LowerBisect,0.409532255877605,1,1,1,0.409532255877605,1.66533453693773e-16,3.46849522071851,6.33254533251386,107.561067988853,500,0.338814424823135,6.72278756531193,1,24.2103014,
3,Core3D,15,UpperBisect,0.556723914423704,1,1,1,0.556723914423705,9.99200722162641e-16,5.45885268789142,7.12567398611504,99.106292981229,499.999999999999,0.243765512606875,33.0769828252609,1,25.2497758,
3,Core3D,16,UpperBisect,0.563948044904494,0,0,0,0.557237237232359,-0.00671080767213528,5.47632483065322,7.1259005926485,98.9944805999341,500.581037670726,0.243049855919979,33.3102412566613,-2,39.1505412,Product_salinity_max;Recovery_target_mismatch
3,Core3D,17,UpperBisect,0.560335979664099,0,0,0,0.557151590649162,-0.00318438901493789,5.47265474309731,7.12620467308941,99.0253043524603,500.449022138544,0.243200161912437,33.2611993951452,-2,38.3777283,Product_salinity_max;Recovery_target_mismatch
3,Core3D,18,UpperBisect,0.558529947043902,0,0,0,0.557116457156577,-0.00141348988732481,5.47137615775647,7.12622615389852,99.0342599893809,500.405402658082,0.243252506316733,33.2441257045101,-2,38.6730507,Product_salinity_max;Recovery_target_mismatch
3,Core3D,19,UpperBisect,0.557626930733803,0,1,0,0.557462055858133,-0.000164874875669629,5.46596845196744,7.13423552519686,99.2418836781729,500.000394549078,0.243478306433719,33.1707574879974,-2,28.9803193,Recovery_target_mismatch
4,Core3D,1,Coarse,0.34,0,0,0,0.423331036013498,0.0833310360134983,4.41525208899046,8.29999999809311,141.347419666783,526.221416838834,0.401085906984829,9.70229425984083,-2,29.3837541,Stage1_dP_max;Product_salinity_max;Recovery_target_mismatch
4,Core3D,2,Coarse,0.365873687773388,0,0,0,0.352932539304593,-0.0129411484687947,5.19604340749205,6.33545993503946,79.0289068496985,629.462168598615,0.370956072258508,15.6661727557612,-2,31.8696822,Stage1_dP_max;Product_salinity_max;Recovery_target_mismatch
4,Core3D,3,Coarse,0.391747375546776,0,0,0,0.378753966746714,-0.0129934088000619,5.19604340749205,6.76998576428866,90.1761283017264,596.888219355428,0.371161603042547,15.6311708243682,-2,21.6497927,Stage1_dP_max;Product_salinity_max;Recovery_target_mismatch
4,Core3D,4,Coarse,0.417621063320164,0,0,0,0.413054834422738,-0.00456622889742597,5.79295552516952,6.80132484510292,85.7382008526958,581.375825662443,0.349953004262247,20.0928899789228,-2,35.7973338,Product_salinity_max;Recovery_target_mismatch
4,Core3D,5,Coarse,0.443494751093552,0,0,0,0.429639862127486,-0.0138548889660659,5.97683472599364,6.93239017706685,87.7556744937325,572.172532213282,0.343703890167925,21.4562754555271,-2,19.058595,Product_salinity_max;Recovery_target_mismatch
4,Core3D,6,Coarse,0.46936843886694,0,0,1,0.469368263320593,-1.75546347180866e-07,5.803954914171,7.83732437193469,110.893442795665,534.894969955509,0.34999999795886,20.099501556908,-2,16.4961814,Product_salinity_max
4,Core3D,7,Coarse,0.495242126640328,0,0,1,0.495226213497506,-1.5913142822177e-05,5.85651620015321,8.3,121.524082514019,519.920721690207,0.348360757342898,20.4613136475567,-2,31.3326055,Product_salinity_max
4,Core3D,8,Coarse,0.521115814413716,0,0,1,0.521115788510811,-2.59029059312965e-08,6.47251065745749,8.3,117.057211612021,524.546586380638,0.327777597435924,25.0568743508285,-2,11.6217307,Product_salinity_max
4,Core3D,9,Coarse,0.546989502187105,0,0,0,0.470296989288927,-0.0766925128981772,6.74308650588986,7.02630410816923,87.0991863424716,565.124885860557,0.318701583428569,27.1519401604351,-2,35.1939089,Product_salinity_max;Recovery_target_mismatch
5,Core3D,1,Coarse,0.34,0,0,0,0.343237108802571,0.00323710880257111,4.44755817124012,5.87319208471268,73.4920535381539,668.327924094988,0.319449157005464,13.1228038496243,-2,41.333865,Product_salinity_max;Recovery_target_mismatch
5,Core3D,2,Coarse,0.365345293667859,0,0,0,0.41924732049335,0.0539020268254902,3.72205138607549,7.40134592160195,125.496523207183,540.028930566517,0.350997367662605,5.88503297028655,-2,39.9365354,Stage1_dP_max;Product_salinity_max;Recovery_target_mismatch
5,Core3D,3,Coarse,0.390690587335718,0,0,0,0.453445125772876,0.0627545384371578,3.75631106510384,7.85085976932787,136.538983568427,513.633081479838,0.349878565642123,6.14828004362593,-2,36.3238704,Product_salinity_max;Recovery_target_mismatch
5,Core3D,4,Coarse,0.416035881003578,0,0,0,0.463304446521064,0.047268565517486,3.75816915901503,7.99095997231481,140.134817712401,506.6488112505,0.349878025020801,6.15052284272836,-2,37.5873359,Product_salinity_max;Recovery_target_mismatch
5,Core3D,5,Coarse,0.441381174671437,0,0,0,0.470268185628967,0.0288870109575297,3.75952162310065,8.09139947661407,142.704932639862,501.972024000329,0.349875840657424,6.1525138695036,-2,34.9858527,Product_salinity_max;Recovery_target_mismatch
5,Core3D,6,Coarse,0.466726468339296,0,0,0,0.47218296553645,0.00545649719715369,3.76004885521798,8.11914093179053,143.410420507794,500.728942209791,0.349868930000379,6.15450259998432,-2,32.3437544,Product_salinity_max;Recovery_target_mismatch
5,Core3D,7,Coarse,0.492071762007155,1,1,1,0.492071762007154,-1.16573417585641e-15,4.03448783264241,8.22662689793512,140.363796396191,500,0.338516346457061,8.74617169475792,1,16.7034565,
5,Core3D,8,Coarse,0.517417055675015,0,0,1,0.517417055659869,-1.51456625019364e-11,4.48735179285951,8.3,133.455337691041,503.798805916769,0.319247411740553,13.2171895358592,-2,22.2090341,Product_salinity_max
5,Core3D,9,Coarse,0.542762349342874,0,0,0,0.529081779206487,-0.0136805701363871,4.7599091008702,8.3,128.896318532003,508.456576949658,0.307856420493174,15.950684445945,-2,15.4933714,Product_salinity_max;Recovery_target_mismatch
5,Core3D,10,LowerBisect,0.479399115173226,1,1,1,0.479399115173226,2.22044604925031e-16,3.84914241468747,8.16562984139586,142.702964549192,499.999999999999,0.346265521480086,6.97793133549934,1,22.6351108,
5,Core3D,11,LowerBisect,0.473062791756261,0,0,0,0.473294869461447,0.000232077705186406,3.77285184047301,8.12696310888685,143.338166111203,500.57451820928,0.349358234848275,6.27140666378972,-2,31.5381627,Product_salinity_max;Recovery_target_mismatch
5,Core3D,12,LowerBisect,0.476230953464743,1,1,1,0.476230953464743,-1.11022302462516e-16,3.80280987151599,8.1501795897373,143.295216032296,500,0.348156662464244,6.54625011556298,1,37.2840166,
5,Core3D,13,LowerBisect,0.474646872610502,0,0,0,0.474949780893448,0.000302908282945658,3.79223275889485,8.13836493630789,143.217292363659,500.360200757491,0.348580423621204,6.44930779288902,-2,32.3823561,Product_salinity_max;Recovery_target_mismatch
5,Core3D,14,LowerBisect,0.475438913037623,0,0,0,0.475780160998853,0.000341247961230584,3.80193992570056,8.14408944962436,143.157069176734,500.252379219611,0.348188929702145,6.53879376639978,-2,31.8572183,Product_salinity_max;Recovery_target_mismatch
5,Core3D,15,UpperBisect,0.504744408841085,1,1,1,0.504744408841085,-3.33066907387547e-16,4.21600764303396,8.29283625511925,138.360745530039,500,0.330800979202446,10.5186327048693,1,16.614043,
5,Core3D,16,UpperBisect,0.51108073225805,0,0,1,0.511080732245809,-1.22409860026096e-11,4.34527056318651,8.3,136.051507372897,501.618140545112,0.325282023441297,11.7996503393251,-2,15.6086388,Product_salinity_max
5,Core3D,17,UpperBisect,0.507912570549568,0,0,1,0.507912570495368,-5.41993117053607e-11,4.27541443238629,8.3,137.381114576925,500.596373371943,0.328264348370225,11.1058058472251,-2,16.055072,Product_salinity_max
5,Core3D,18,UpperBisect,0.506328489695326,0,0,1,0.506328489644536,-5.07898167967369e-11,4.24072251603723,8.3,138.053991780495,500.098808980551,0.329747574691925,10.7622108455311,-2,15.9441287,Product_salinity_max
5,Core3D,19,UpperBisect,0.505536449268206,1,1,1,0.505536449268205,-5.55111512312578e-16,4.22713406445667,8.29730214535275,138.252971789629,500,0.330327361110946,10.6281105917885,1,16.570977,
6,Core3D,1,Coarse,0.34,0,0,0,0.393665794321017,0.0536657943210173,5.65061798262734,6.10779487432178,78.251087387013,535.712538708097,0.382789180595682,22.6606884188678,-2,36.4995299,Stage1_dP_max;Product_salinity_max;Recovery_target_mismatch
6,Core3D,2,Coarse,0.361414255297619,0,0,0,0.272798918286416,-0.0886153370112025,4.73506621001737,5.12028476921352,58.9484457283575,675.98692631226,0.420615994310701,14.9708143116921,-2,48.6353584,Stage1_dP_max;Stage2_dP_max;Product_salinity_max;Recovery_target_mismatch
6,Core3D,3,Coarse,0.382828510595237,0,0,0,0.449766106824165,0.0669375962289275,6.48784650628777,6.32425446370791,87.3315252345028,515.049097151236,0.350707371144508,29.7359575491605,-2,35.7530089,Stage1_dP_max;Product_salinity_max;Recovery_target_mismatch
6,Core3D,4,Coarse,0.404242765892856,0,0,0,0.45806523891331,0.0538224730204546,6.4892860660358,6.47565534219492,88.9187567488693,509.040867750613,0.350723231980698,29.7354417600402,-2,60.4249181,Stage1_dP_max;Product_salinity_max;Recovery_target_mismatch
6,Core3D,5,Coarse,0.425657021190474,0,0,0,0.440744476396552,0.0150874552060772,6.49914811537717,6.14914811314737,85.7264406387094,522.305963455768,0.350212812953627,29.8461718314831,-2,28.4334808,Stage1_dP_max;Product_salinity_max;Recovery_target_mismatch
6,Core3D,6,Coarse,0.447071276488093,0,0,0,0.4688169323114,0.0217456558233066,6.49089352858148,6.67376922983326,91.0762021666859,501.648017471059,0.350752945431673,29.7326513875043,-2,32.0323563,Stage1_dP_max;Product_salinity_max;Recovery_target_mismatch
6,Core3D,7,Coarse,0.468485531785712,0,0,1,0.468474173041783,-1.13587439289908e-05,6.51028641845606,6.65074608889312,91.0400416180722,502.499462472465,0.350031598403743,29.8983247244032,-2,26.0297302,Stage1_dP_max;Product_salinity_max
6,Core3D,8,Coarse,0.48989978708333,1,1,1,0.489901611116881,1.82403355092342e-06,6.64587181581206,6.94271433470368,95.8071210718573,493.194259149001,0.345229158744952,31.0192080082637,0,49.6762772,
6,Core3D,9,Coarse,0.511314042380949,1,1,1,0.51130277404263,-1.12683383186596e-05,6.8809929779128,7.17123481776406,101.057215704826,488.499408636304,0.336954259158561,32.9827170501539,0,48.3929565,
6,Core3D,10,LowerBisect,0.479192659434521,1,1,1,0.47919088063402,-1.77880050111767e-06,6.53273669222302,6.83307066435656,93.3174451060064,496.210964984911,0.349290320348949,30.0730946806615,0,50.2564369,
6,Core3D,11,LowerBisect,0.473839095610116,1,1,1,0.473839095610115,-9.99200722162641e-16,6.51233976154539,6.74947156373152,92.1538967612514,499.006141803285,0.35000000000001,29.9076081209649,1,14.0089255,
6,Core3D,12,LowerBisect,0.471162313697914,0,0,0,0.472214062086647,0.00105174838873318,6.50997620682388,6.72098758940263,91.8106466005129,499.997222349093,0.350074033110102,29.889964688535,-2,21.7231386,Stage1_dP_max;Recovery_target_mismatch
6,Core3D,13,LowerBisect,0.472500704654015,1,1,1,0.472500704654016,4.9960036108132e-16,6.51204081406423,6.7246014260589,91.8736720072352,499.874288972725,0.349999999999995,29.9071064937825,1,14.0667049,
6,Core3D,14,LowerBisect,0.471831509175964,0,0,0,0.47221007712013,0.000378567944165409,6.50997801465313,6.72091132942373,91.8098200075717,499.999907467631,0.350073933248761,29.8899861696132,-2,21.6341126,Stage1_dP_max;Recovery_target_mismatch
7,Core3D,1,Coarse,0.34,0,0,0,0.374578515076602,0.0345785150766021,4.73025464269753,8.03104431416333,124.317920190639,583.247673611634,0.405087224752391,9.97964587845134,-2,32.7257877,Stage1_dP_max;Product_salinity_max;Recovery_target_mismatch
7,Core3D,2,Coarse,0.367143229797498,0,0,0,0.36047360699622,-0.00666962280127836,5.93060371415803,6.4452414115041,71.5858348072032,636.778813203419,0.36759737537882,17.0943519617227,-2,19.6188138,Stage1_dP_max;Product_salinity_max;Recovery_target_mismatch
7,Core3D,3,Coarse,0.394286459594996,0,0,0,0.387453414574899,-0.00683304502009657,5.93060371415803,6.99754823983834,84.9135644746006,604.520172622688,0.367776461325045,17.0658739678558,-2,13.885272,Stage1_dP_max;Product_salinity_max;Recovery_target_mismatch
7,Core3D,4,Coarse,0.421429689392494,0,0,0,0.419431172635569,-0.00199851675692514,6.62944420652269,6.94368635128113,79.9386420688935,592.938547315064,0.347620137020107,21.1601575180562,-2,29.2100935,Product_salinity_max;Recovery_target_mismatch
7,Core3D,5,Coarse,0.448572919189992,0,0,1,0.448572715441184,-2.03748808491611e-07,6.55228943545815,7.66342461953888,96.7713582555513,565.801058017989,0.34999999758793,20.6746007870806,-2,33.3375721,Product_salinity_max
7,Core3D,6,Coarse,0.47571614898749,0,0,1,0.475715347900816,-8.01086674329099e-07,6.55830565182521,8.27487909455157,110.781648334769,546.603268885701,0.349999993423811,20.6818883695112,-2,14.8013923,Product_salinity_max
7,Core3D,7,Coarse,0.502859378784988,0,0,1,0.502859359771084,-1.90139043398929e-08,7.18462796882151,8.3,108.661942449719,547.027405851295,0.332782883127461,24.3351983113517,-2,28.6659078,Product_salinity_max
7,Core3D,8,Coarse,0.530002608582486,0,0,0,NaN,NaN,NaN,NaN,NaN,NaN,NaN,NaN,-11,0.6462783,Recovery_root_not_found_N30
7,Core3D,9,Coarse,0.557145838379984,0,0,0,NaN,NaN,NaN,NaN,NaN,NaN,NaN,NaN,-11,0.1038217,Recovery_root_not_found_N30
8,Core3D,1,Coarse,0.34,0,0,0,0.411394582184132,0.0713945821841318,4.29535027983817,6.38623780111257,99.7849431930668,504.188671334728,0.35884336784976,15.1102011463529,-2,34.1846686,Stage1_dP_max;Product_salinity_max;Recovery_target_mismatch
8,Core3D,2,Coarse,0.364581305745056,0,0,0,0.413995443800508,0.0494141380554518,4.46717574259148,6.28959948134876,94.5554053856427,509.36902128257,0.350048765015971,17.1499398563478,-2,35.3468486,Stage1_dP_max;Product_salinity_max;Recovery_target_mismatch
8,Core3D,3,Coarse,0.389162611490112,0,0,0,0.42087311318989,0.0317105016997775,4.46828974704874,6.37672133500174,96.922842075402,503.349694177084,0.350060903955452,17.1492353992078,-2,32.624145,Stage1_dP_max;Product_salinity_max;Recovery_target_mismatch
8,Core3D,4,Coarse,0.413743917235168,0,0,0,0.424425004789641,0.0106810875544725,4.46882062664431,6.42208173516333,98.1538484899965,500.332844456647,0.350069371709713,17.1483547425837,-2,29.7991624,Stage1_dP_max;Product_salinity_max;Recovery_target_mismatch
8,Core3D,5,Coarse,0.438325222980224,1,1,1,0.438325222980225,3.33066907387547e-16,4.72835552760085,6.41368669460326,94.5056373841812,500,0.337199317537304,20.2149513734691,1,23.1863319,
8,Core3D,6,Coarse,0.46290652872528,1,1,1,0.46290652872528,0,5.16848093851374,6.44138043030755,90.738400712256,500,0.316379252645301,25.4097150012703,1,17.4910303,
8,Core3D,7,Coarse,0.487487834470336,1,1,1,0.487487834470338,1.77635683940025e-15,5.56768244197285,6.53540385515525,90.2922106971583,499.999999999998,0.29867406312139,30.0981494053543,1,18.0827057,
8,Core3D,8,Coarse,0.512069140215392,1,1,1,0.512069140215393,9.99200722162641e-16,5.92755997939377,6.69289876029388,92.4266633087469,499.999999999999,0.283690614097514,34.2974446390202,1,17.0272599,
8,Core3D,9,Coarse,0.536650445960448,1,1,1,0.536650445960449,1.11022302462516e-16,5.99162458143578,7.05911117125378,100.634457682961,489.557646447148,0.28129695645607,35,1,14.0820203,
8,Core3D,10,LowerBisect,0.426034570107696,1,1,1,0.426034570107692,-3.71924713249427e-15,4.49268815332168,6.42514390362527,97.8972006880216,500.000000000004,0.348872567205003,17.4295107315836,1,19.7718344,
8,Core3D,11,LowerBisect,0.419889243671432,0,0,0,0.42471121451163,0.00482197084019736,4.46885753755304,6.42575135465767,98.2534531308657,500.092216271707,0.350070350695763,17.1482142512445,-2,28.3491141,Stage1_dP_max;Product_salinity_max;Recovery_target_mismatch
8,Core3D,12,LowerBisect,0.422961906889564,0,1,0,0.424892365920122,0.00193045903055733,4.47027569163741,6.42703600532182,98.2681415511046,500.000054947679,0.350000005143121,17.1647447148336,-2,17.9050535,Recovery_target_mismatch
8,Core3D,13,LowerBisect,0.42449823849863,0,0,0,0.424749738959186,0.000251500460556164,4.46885764612267,6.42624902928182,98.267031084043,500.059649102997,0.350070729722545,17.1481374405676,-2,28.2048412,Stage1_dP_max;Product_salinity_max;Recovery_target_mismatch
8,Core3D,14,LowerBisect,0.425266404303163,1,1,1,0.425266404303165,1.4432899320127e-15,4.47762355722566,6.42640204904591,98.1456358987877,499.999999999997,0.349630066477435,17.2515421833406,1,19.4850442,
9,Core3D,1,Coarse,0.34,0,0,0,0.403001683179209,0.0630016831792092,3.56493602610041,6.42934082359768,99.6634215454375,563.776017728754,0.305868052146488,6.22159014431414,-2,42.4407415,Product_salinity_max;Recovery_target_mismatch
9,Core3D,2,Coarse,0.366990533950436,0,0,0,0.422052844406484,0.0550623104560476,3.56493602610041,6.64398413755734,105.165599738945,545.159800532099,0.30601705191389,6.18701729878064,-2,46.1259436,Product_salinity_max;Recovery_target_mismatch
9,Core3D,3,Coarse,0.393981067900872,0,0,0,0.457762691871644,0.0637816239707717,3.56493602610041,7.06561741765726,115.872649877684,515.500574809466,0.306293005420685,6.12297040531768,-2,42.6576939,Product_salinity_max;Recovery_target_mismatch
9,Core3D,4,Coarse,0.420971601851308,0,0,0,0.449450096511879,0.0284784946605713,3.57434044503647,6.9598838379006,113.012804090884,522.373698678993,0.305830011470491,6.24142404142559,-2,55.944791,Product_salinity_max;Recovery_target_mismatch
9,Core3D,5,Coarse,0.447962135801744,0,0,0,0.467555861565572,0.0195937257638283,3.56493602610041,7.18621659419065,118.910165132258,508.426041375702,0.306367885029324,6.10558763427493,-2,51.4142266,Product_salinity_max;Recovery_target_mismatch
9,Core3D,6,Coarse,0.47495266975218,0,0,1,0.475004520856598,5.18511044179659e-05,3.62761094849822,7.24542451828237,119.116064465257,506.657162851507,0.303737207989275,6.78948221238669,-2,39.4038291,Product_salinity_max
9,Core3D,7,Coarse,0.501943203702616,0,0,1,0.501943263062738,5.93601219289752e-08,3.88171389481643,7.45182922009925,119.075788018752,502.52363956101,0.292545818630517,9.69605572259848,-2,52.1645797,Product_salinity_max
9,Core3D,8,Coarse,0.528933737653052,1,1,1,0.52893373765305,-1.77635683940025e-15,4.13682092071831,7.68175764924893,119.652823383726,500.000000000002,0.281085651989236,12.7188526198403,1,25.7937511,
9,Core3D,9,Coarse,0.555924271603488,0,0,0,0.542308908167372,-0.0136153634361164,4.28447397333305,7.79619467558017,119.621445251405,500.407147615217,0.274500477008801,14.4934286408007,-2,36.2395705,Product_salinity_max;Bulk_brine_concentration_max;Recovery_target_mismatch
9,Core3D,10,LowerBisect,0.515438470677834,0,0,1,0.515438451127743,-1.95500904354162e-08,4.00643767543811,7.56467293397182,119.354492239659,500.906847047119,0.286940577080765,11.1656123466155,-2,46.0065083,Product_salinity_max
9,Core3D,11,LowerBisect,0.522186104165443,0,0,1,0.522186089692327,-1.44731162610157e-08,4.06887384803046,7.62378226417116,119.564882707048,500.267220366524,0.284135216643491,11.9072645377444,-2,46.7538048,Product_salinity_max
9,Core3D,12,LowerBisect,0.525559920909247,1,1,1,0.525559920909248,2.22044604925031e-16,4.10030204985522,7.65397333548375,119.683440959246,500,0.282725409419424,12.2817734533264,1,24.91274,
9,Core3D,13,LowerBisect,0.523873012537345,0,0,1,0.523872999999821,-1.25375241299963e-08,4.08451641473953,7.63885388170445,119.624746626539,500.126657692846,0.283433318956471,12.0935648198168,-2,45.7267692,Product_salinity_max
9,Core3D,14,LowerBisect,0.524716466723296,0,0,1,0.52471645513124,-1.15920567589356e-08,4.09234412576424,7.64643478845482,119.655764018318,500.05937061066,0.283082271169254,12.1868578403797,-2,45.9353442,Product_salinity_max
9,Core3D,15,UpperBisect,0.54242900462827,0,1,0,0.542196145318636,-0.000232859309633571,4.2745405383645,7.80009870852085,119.886926032837,500.000000504424,0.274947328331193,14.3721828589003,-2,26.1110202,Recovery_target_mismatch
9,Core3D,16,UpperBisect,0.535681371140661,1,1,1,0.535681371140662,1.55431223447522e-15,4.20808085480301,7.74010177389182,119.700808827992,499.999999999998,0.277899405959409,13.5735254718965,1,25.7137876,
9,Core3D,17,UpperBisect,0.539055187884465,1,1,1,0.539055187884467,1.77635683940025e-15,4.24279170397114,7.77071256795867,119.779989785476,499.999999999998,0.276354999560718,13.990502626535,1,25.0685638,
9,Core3D,18,UpperBisect,0.540742096256368,1,1,1,0.540742096256366,-1.11022302462516e-15,4.25991151860718,7.78638740116431,119.83343807142,500.000000000002,0.275595335573475,14.1962848225618,1,26.2527665,
9,Core3D,19,UpperBisect,0.541585550442319,1,1,1,0.541585550442319,7.7715611723761e-16,4.26841186187857,7.79431827426349,119.863628719554,499.999999999999,0.275218675020998,14.2984863636683,1,24.9430055,
10,Core3D,1,Coarse,0.34,0,0,0,0.357478531063997,0.0174785310639965,6.15435785567851,5.92668687077156,74.3493553037549,590.296962945936,0.401124820063074,20.9263957396164,-2,45.2544532,Stage1_dP_max;Product_salinity_max;Recovery_target_mismatch
10,Core3D,2,Coarse,0.361897046153925,0,0,0,0.442385630261935,0.0804885841080101,6.70315785567851,7.09610061320898,92.2396744588551,523.378162929623,0.383463592137322,24.4753026206214,-2,36.7627161,Stage1_dP_max;Product_salinity_max;Recovery_target_mismatch
10,Core3D,3,Coarse,0.383794092307849,0,0,0,0.453048271934752,0.0692541796269022,6.70315785567851,7.32549664436824,97.9305180089501,515.537298070137,0.38354138621871,24.4627299383543,-2,32.2263879,Stage1_dP_max;Product_salinity_max;Recovery_target_mismatch
10,Core3D,4,Coarse,0.405691138461774,0,0,0,0.398771622536893,-0.00691951592488116,6.59605001664961,6.29171531048076,82.3221804658987,558.017803291064,0.386644993859947,23.8161673303503,-2,41.3867912,Stage1_dP_max;Product_salinity_max;Recovery_target_mismatch
10,Core3D,5,Coarse,0.427588184615699,0,0,0,0.448518638332743,0.0209304537170448,7.11794523711901,6.81683891071722,93.3256977437569,530.201306256248,0.370245041682548,27.2158191654883,-2,40.1983671,Stage1_dP_max;Product_salinity_max;Recovery_target_mismatch
10,Core3D,6,Coarse,0.449485230769623,0,0,0,0.448515707201589,-0.000969523568033814,7.14956420241191,6.78559162997171,93.4073818200829,531.079273530039,0.369254141567124,27.4248840240615,-2,39.4333498,Stage1_dP_max;Product_salinity_max;Recovery_target_mismatch
10,Core3D,7,Coarse,0.471382276923548,0,0,0,0.408807464636132,-0.0625748122874163,6.37305832701648,6.72793490540984,84.329989565847,542.187860344188,0.394119979571695,22.3215650729979,-2,46.4231649,Stage1_dP_max;Product_salinity_max;Recovery_target_mismatch
10,Core3D,8,Coarse,0.493279323077473,0,0,0,0.504347153832821,0.0110678307553486,7.79252298259458,7.44252298267292,107.950475375005,512.808894568048,0.350118733706744,31.594865197104,-2,26.8502713,Stage1_dP_max;Product_salinity_max;Recovery_target_mismatch
10,Core3D,9,Coarse,0.515176369231397,0,0,1,0.515096501039524,-7.98681918733335e-05,7.79491275485901,7.6978952749406,110.563483020288,507.21077714302,0.350122514273921,31.5977741162153,-2,23.2593951,Stage1_dP_max;Product_salinity_max
11,Core3D,1,Coarse,0.34,0,0,0,0.332253575218801,-0.00774642478119891,4.43537147139486,6.49075969455479,87.4448383198841,674.399603834628,0.355998050978158,10.0266786726331,-2,38.5889204,Stage1_dP_max;Product_salinity_max;Recovery_target_mismatch
11,Core3D,2,Coarse,0.365495128521065,0,0,0,0.444206270720131,0.0787111421990654,4.43537147139486,8.29999999843171,132.778445988502,546.383984401532,0.356829009617376,9.88089153392133,-2,19.4665054,Stage1_dP_max;Product_salinity_max;Recovery_target_mismatch
11,Core3D,3,Coarse,0.39099025704213,0,0,0,0.444206270793679,0.0532160137515485,4.43537147139486,8.29999999970866,132.77844602008,546.383984343467,0.356829009617905,9.88089153382798,-2,19.4554509,Stage1_dP_max;Product_salinity_max;Recovery_target_mismatch
11,Core3D,4,Coarse,0.416485385563196,0,0,0,0.416349033897854,-0.000136351665341372,5.21280955949572,7.11218920168548,93.2417923981037,599.464721412951,0.328651321091499,15.8617439558006,-2,32.3383123,Product_salinity_max;Recovery_target_mismatch
11,Core3D,5,Coarse,0.441980514084261,0,0,0,0.441867526167652,-0.000112987916609075,4.62140719722465,8.08898559241296,124.507903283502,554.791593616797,0.349998909848498,11.2978107082316,-2,35.3770322,Product_salinity_max;Recovery_target_mismatch
11,Core3D,6,Coarse,0.467475642605326,0,0,0,0.467354526961278,-0.000121115644048375,4.88562993070575,8.3,125.636346878337,544.540654513436,0.340617868657595,13.2840843097652,-2,38.3395097,Product_salinity_max;Recovery_target_mismatch
11,Core3D,7,Coarse,0.492970771126391,0,0,1,0.492970244081852,-5.27044539178068e-07,5.42196702000554,8.3,118.856118652297,545.576541722766,0.321977669023884,17.3628522732164,-2,36.9612445,Product_salinity_max
11,Core3D,8,Coarse,0.518465899647456,0,0,1,0.518464292908132,-1.60673932458888e-06,6.01391422320921,8.3,113.457428094976,550.638311996707,0.302494594664695,21.8602342821048,-2,25.2537309,Product_salinity_max
11,Core3D,9,Coarse,0.543961028168522,0,0,0,0.50562137029024,-0.0383396578782819,6.99984308188694,7.2544196994395,87.4650861754874,593.657522916766,0.272450097820639,29.3678297467416,0,62.1232636,Product_salinity_max;Recovery_target_mismatch
12,Core3D,1,Coarse,0.34,0,0,0,0.31474001959901,-0.0252599804009899,4.9835930711268,4.98316339686859,56.7089266411854,649.660148157764,0.35001908218872,19.2583480107536,-2,46.291571,Stage1_dP_max;Product_salinity_max;Recovery_target_mismatch
12,Core3D,2,Coarse,0.365109466402962,0,0,0,0.428483850142497,0.0633743837395343,4.98797337332547,6.60958592403881,94.1300153925236,513.882518279746,0.350841355180463,19.1097430676166,-2,38.4618221,Stage1_dP_max;Product_salinity_max;Recovery_target_mismatch
12,Core3D,3,Coarse,0.390218932805924,0,0,0,0.437401797625195,0.0471828648192706,4.98950325971672,6.74379902146897,97.5728364547639,506.6651414864,0.350853041579076,19.1098199042041,-2,37.6099782,Stage1_dP_max;Product_salinity_max;Recovery_target_mismatch
12,Core3D,4,Coarse,0.415328399208887,0,0,0,0.443648437894099,0.0283200386852128,5.01046408176815,6.82206531532046,99.359246560611,502.559626657213,0.350006290914639,19.300946605726,-2,37.9790169,Stage1_dP_max;Product_salinity_max;Recovery_target_mismatch
12,Core3D,5,Coarse,0.440437865611849,0,1,0,0.447059542809205,0.00662167719735585,5.01129754764178,6.8741191578952,100.684441861395,500.000118882101,0.350000000004423,19.3033818094372,-2,22.6493617,Recovery_target_mismatch
12,Core3D,6,Coarse,0.465547332014811,1,1,1,0.465547332014811,3.33066907387547e-16,5.37846794572442,6.86395324543822,96.9672059873704,499.999999999999,0.334724864714234,22.7968584599551,1,17.2396834,
12,Core3D,7,Coarse,0.490656798417773,1,1,1,0.490656798417773,0,5.83136189887038,6.92378622338913,95.4535048432399,500,0.316830769405921,27.0880752030837,1,18.2010781,
12,Core3D,8,Coarse,0.515766264820735,1,1,1,0.51576626482071,-2.54241072639161e-14,6.23379207202409,7.0644940938683,97.1469641530474,500.000000000036,0.301827813877142,30.8780072943999,1,14.705165,
12,Core3D,9,Coarse,0.540875731223698,1,1,1,0.540875731223699,1.11022302462516e-15,6.58753431012962,7.28284644034719,101.322212728565,499.999999999999,0.28933923625821,34.1873988885921,1,14.3917012,
12,Core3D,10,LowerBisect,0.45299259881333,1,1,1,0.45299259881333,4.9960036108132e-16,5.13230705199178,6.86573730019147,99.2191777328403,499.999999999999,0.344891717386339,20.4557434879503,1,17.3187625,
12,Core3D,11,LowerBisect,0.446715232212589,0,1,0,0.447059698763169,0.000344466550579348,5.01129757532066,6.87412155241606,100.684502897747,500.000002670626,0.350000000163463,19.3033818208016,-2,23.8486688,Recovery_target_mismatch
12,Core3D,12,LowerBisect,0.44985391551296,1,1,1,0.44985391551296,6.10622663543836e-16,5.0686652815334,6.86956738897574,99.9606921579734,499.999999999999,0.347569380509881,19.8497824602118,1,23.738885,
12,Core3D,13,LowerBisect,0.448284573862774,1,1,1,0.448284573862774,-5.55111512312578e-16,5.03652768890191,6.87199251277673,100.359725708634,500.000000000001,0.348929058612132,19.5437053081247,1,22.4516035,
12,Core3D,14,LowerBisect,0.447499903037682,1,1,1,0.447499903037683,1.49880108324396e-15,5.0203797085408,6.8733326019348,100.566428825469,499.999999999997,0.349614137446707,19.3898946427663,1,21.8326023,
13,Core3D,1,Coarse,0.34,0,0,0,0.43513750396415,0.0951375039641499,4.23624209874467,8.29999999960083,131.738635098721,533.339387711244,0.353131281303808,8.80906633350416,-2,15.4888161,Stage1_dP_max;Product_salinity_max;Recovery_target_mismatch
13,Core3D,2,Coarse,0.369276309500929,0,0,0,0.35448370137921,-0.0147926081217187,4.23624209874467,6.90777042126707,98.1998956726398,615.870143816823,0.352620002068835,8.89529161841298,-2,17.108751,Stage1_dP_max;Product_salinity_max;Recovery_target_mismatch
13,Core3D,3,Coarse,0.398552619001858,0,0,0,0.403428762739199,0.00487614373734063,4.83208030734641,7.13916018662153,95.7832156617202,581.33529449887,0.333175507076038,12.8698401220876,-2,31.4585504,Product_salinity_max;Recovery_target_mismatch
13,Core3D,4,Coarse,0.427828928502787,0,0,0,0.427650829908161,-0.000178098594625753,5.04686841562056,7.35786764911321,98.4679307280661,565.925369077571,0.326384958569781,14.3023967754268,-2,26.4330706,Product_salinity_max;Recovery_target_mismatch
13,Core3D,5,Coarse,0.457105238003716,0,0,1,0.457105199061399,-3.89423167601599e-08,4.64353986817773,8.3,125.295106920946,529.798250036157,0.339702456565782,11.531550199312,-2,30.2171247,Product_salinity_max
13,Core3D,6,Coarse,0.486381547504645,0,0,1,0.486380854160028,-6.93344617219704e-07,5.22032976117266,8.3,117.926712168542,528.251121960219,0.321232050085757,15.4158509891145,-2,29.1408328,Product_salinity_max
13,Core3D,7,Coarse,0.515657857005574,0,0,1,0.515657610192348,-2.46813225746045e-07,5.85547624079567,8.29999999995154,112.105425411377,531.154601151458,0.301905318662233,19.6938520080752,-2,11.9014103,Product_salinity_max
13,Core3D,8,Coarse,0.544934166506503,0,0,1,0.544917562342098,-1.66041644042991e-05,6.57168670454815,8.29999999970475,108.192782776341,539.376366808996,0.28151413014133,24.4958793849077,-2,16.8538752,Product_salinity_max
13,Core3D,9,Coarse,0.574210476007432,0,0,0,0.511621756372631,-0.0625887196348009,6.96952879939822,7.23048880670835,85.9973646805782,569.502606110115,0.270562612330415,27.2048261177809,-2,23.5465034,Product_salinity_max;Recovery_target_mismatch
14,Core3D,1,Coarse,0.34,0,0,0,0.412093891484565,0.0720938914845646,5.18052524002331,6.01823037002969,84.0197356944691,522.784257231356,0.351853892401523,26.2269765832708,-2,37.4363974,Stage1_dP_max;Product_salinity_max;Recovery_target_mismatch
14,Core3D,2,Coarse,0.360396461836937,0,0,0,0.421206674090516,0.0608102122535794,5.18212485492233,6.13701194774796,87.3466855678273,514.552883943032,0.351873171768259,26.2260700231188,-2,36.0655261,Stage1_dP_max;Product_salinity_max;Recovery_target_mismatch
14,Core3D,3,Coarse,0.380792923673873,0,0,0,0.430433455248273,0.0496405315744,5.22040723579037,6.2337411677672,89.7063210584583,508.215928761271,0.349988143379945,26.7001832090748,-2,35.263204,Product_salinity_max;Recovery_target_mismatch
14,Core3D,4,Coarse,0.40118938551081,0,0,0,0.4357873751308,0.0345979896199893,5.22141366743343,6.30511997302211,91.6872262693291,503.800889286345,0.349995842173846,26.7005570678339,-2,35.0674895,Product_salinity_max;Recovery_target_mismatch
14,Core3D,5,Coarse,0.421585847347747,0,0,0,0.439342306356925,0.017756459009178,5.22202459600163,6.35284252634051,93.0098226587871,500.940051732219,0.350003860873676,26.7000759063954,-2,32.7040919,Stage1_dP_max;Product_salinity_max;Recovery_target_mismatch
14,Core3D,6,Coarse,0.441982309184684,1,1,1,0.441982309184683,-1.66533453693773e-16,5.24957120762233,6.3703440061523,93.2393726712612,500,0.348609626400953,27.0505774923463,1,22.0518203,
14,Core3D,7,Coarse,0.46237877102162,1,1,1,0.462378771021619,-1.11022302462516e-15,5.61771169186026,6.41645939018475,91.6485165762009,500.000000000001,0.330380965428362,31.7596480628819,1,23.333695,
14,Core3D,8,Coarse,0.482775232858557,1,1,1,0.482775232857973,-5.83644244045445e-13,5.87324676257036,6.55853175730431,93.9777849159977,496.477382212664,0.318420304958477,35.0000000000054,1,22.9735255,
14,Core3D,9,Coarse,0.503171694695494,1,1,1,0.503171694693661,-1.8330892359586e-12,5.87702077726663,6.86982489568966,101.953823804808,483.956672135872,0.318458031695221,34.9999999999988,1,54.0233612,
14,Core3D,10,LowerBisect,0.431784078266215,0,0,0,0.440262973573359,0.00847889530714396,5.22216914304311,6.36524985581702,93.35350114386,500.207924179812,0.350006637442648,26.6997759391825,-2,32.0982221,Stage1_dP_max;Product_salinity_max;Recovery_target_mismatch
14,Core3D,11,LowerBisect,0.436883193725449,0,0,0,0.44047572836883,0.00359253464338088,5.22219848647819,6.36812205824737,93.4330803403579,500.039110134524,0.350007488821735,26.6996541446812,-2,29.5840818,Stage1_dP_max;Product_salinity_max;Recovery_target_mismatch
14,Core3D,12,LowerBisect,0.439432751455067,0,0,0,0.440515586498757,0.00108283504369089,5.22220223874193,6.36866141034533,93.4480398279997,500.007432654375,0.350007738671357,26.699608730725,-2,27.8392998,Stage1_dP_max;Product_salinity_max;Recovery_target_mismatch
14,Core3D,13,LowerBisect,0.440707530319875,1,1,1,0.440707530319874,-1.22124532708767e-15,5.22563992508652,6.36896996929827,93.4241894960442,500.000000000002,0.349831894834484,26.7436789663247,1,22.2045065,
14,Core3D,14,LowerBisect,0.440070140887471,0,0,0,0.440518378027129,0.000448237139658303,5.2222019553679,6.36869955162772,93.4491028908016,500.00519117336,0.350007784454426,26.6995984763441,-2,26.1356627,Stage1_dP_max;Product_salinity_max;Recovery_target_mismatch
15,Core3D,1,Coarse,0.34,0,0,0,0.41679472372839,0.07679472372839,4.00455995703907,6.72597497814943,108.426849068106,518.046243421017,0.348548015680275,10.7557793124133,-2,36.9121158,Product_salinity_max;Recovery_target_mismatch
15,Core3D,2,Coarse,0.367400119252104,0,0,0,0.429049050180806,0.0616489309287021,4.00797644270732,6.87952216197464,112.50577818838,507.594767336439,0.348494669634855,10.7711678373558,-2,34.9497139,Product_salinity_max;Recovery_target_mismatch
15,Core3D,3,Coarse,0.394800238504208,0,0,0,0.437899935652467,0.0430996971482591,4.01077620606107,6.99204018903367,115.477637061246,500.522171770523,0.348439679515181,10.7860716644067,-2,33.6499166,Product_salinity_max;Recovery_target_mismatch
15,Core3D,4,Coarse,0.422200357756312,0,0,0,0.436747010202225,0.0145466524459126,3.97852245513892,7.00040588813246,116.31935188186,500.004636080125,0.349999978199597,10.4264203269978,-2,26.7564033,Product_salinity_max;Recovery_target_mismatch
15,Core3D,5,Coarse,0.449600477008416,1,1,1,0.449600477008416,-5.55111512312578e-16,4.20563250471437,7.00482665985699,112.263485138834,500.000000000001,0.339066652507391,12.9664551102244,1,21.7589149,
15,Core3D,6,Coarse,0.47700059626052,1,1,1,0.477000596260495,-2.4757973449141e-14,4.66251865422839,7.05712340595876,106.477464963268,500.000000000045,0.317592367310804,18.1321639695517,1,16.5986599,
15,Core3D,7,Coarse,0.504400715512624,1,1,1,0.504400715512625,7.7715611723761e-16,5.07210653038465,7.18510989438261,104.610536970017,499.999999999999,0.299342145657974,22.7687282014477,1,18.9660795,
15,Core3D,8,Coarse,0.531800834764728,1,1,1,0.531800834764728,-5.55111512312578e-16,5.43257486786868,7.39177096981352,105.991606545687,500.000000000032,0.284191701798441,26.8309150303866,1,14.8604216,
15,Core3D,9,Coarse,0.559200954016832,0,0,0,0.549575669520687,-0.00962528449614508,5.69939057389809,7.53364269154795,107.130630262171,502.446123376131,0.273502929085852,29.830682364401,-2,32.0146425,Product_salinity_max;Bulk_brine_concentration_max;Recovery_target_mismatch
15,Core3D,10,LowerBisect,0.435900417382364,0,1,0,0.436752758052858,0.000852340670494056,3.97852329708524,7.00047998524196,116.321329712634,500.000104666892,0.349999989822229,10.4264190808206,-2,20.9834724,Recovery_target_mismatch
15,Core3D,11,LowerBisect,0.44275044719539,1,1,1,0.44275044719539,-4.44089209850063e-16,4.08523202023305,7.00148501965637,114.336658929426,500.000000000001,0.344856605830108,11.6155711441291,1,21.8791289,
15,Core3D,12,LowerBisect,0.439325432288877,1,1,1,0.439325432288875,-2.44249065417534e-15,4.02440553430508,7.00075467208303,115.453064000315,500.000000000004,0.347788722257317,10.9365791475091,1,21.437468,
15,Core3D,13,LowerBisect,0.437612924835621,1,1,1,0.437612924835623,2.44249065417534e-15,3.99387739947523,7.00055279949605,116.028496256638,499.999999999996,0.349260216988269,10.5969255762194,1,21.8916222,
15,Core3D,14,LowerBisect,0.436756671108992,1,1,1,0.436756671108993,4.9960036108132e-16,3.97859083443487,7.00048197232696,116.320082656044,500,0.349996737675465,10.4271683385353,1,21.890404,
15,Core3D,15,UpperBisect,0.54550089439078,0,0,1,0.54545738034467,-4.35140461106931e-05,5.59394186420387,7.52398192950648,107.683959947443,500.001101548782,0.277696236951199,28.6407334321928,-2,29.0991479,Product_salinity_max
15,Core3D,16,UpperBisect,0.538650864577754,1,1,1,0.538650864577753,-1.22124532708767e-15,5.51502856639659,7.45566645075731,106.764614254114,500.000000000002,0.28085035982807,27.7564453944563,1,16.2172608,
15,Core3D,17,UpperBisect,0.542075879484267,1,1,1,0.542075879484266,-1.22124532708767e-15,5.55510385352275,7.48944667513652,107.209075598177,500.000000000001,0.279243221409463,28.2057103513813,1,15.2229457,
15,Core3D,18,UpperBisect,0.543788386937524,1,1,1,0.543788386937524,3.33066907387547e-16,5.57485306508509,7.50679531239347,107.445362798651,499.999999999999,0.278455287041723,28.4269652243613,1,15.1557388,
15,Core3D,19,UpperBisect,0.544644640664152,1,1,1,0.544644640664153,4.44089209850063e-16,5.58465547675989,7.51558434091593,107.566968889553,499.999999999999,0.278065198670222,28.5367477761999,1,14.2684211,
16,Core3D,1,Coarse,0.34,0,0,0,0.32163900213711,-0.0183609978628899,5.17255338741071,5.31886788238203,60.8432967796205,652.315617934558,0.365277465869309,19.3053691438798,-2,20.1382009,Stage1_dP_max;Product_salinity_max;Recovery_target_mismatch
16,Core3D,2,Coarse,0.363888780660472,0,0,0,0.436642080228178,0.0727532995677063,5.17255338741071,7.05363645166141,104.021698121964,518.259281285705,0.366329226186454,19.1125365535309,-2,35.894727,Stage1_dP_max;Product_salinity_max;Recovery_target_mismatch
16,Core3D,3,Coarse,0.387777561320943,0,0,0,0.457028224427324,0.0692506631063813,5.55949430724257,7.06247665660043,100.497150858094,516.308093493541,0.350318249857228,22.6789435260155,-2,36.0086815,Stage1_dP_max;Product_salinity_max;Recovery_target_mismatch
16,Core3D,4,Coarse,0.411666341981415,0,0,0,0.466855287544648,0.0551889455632335,5.56118987623324,7.22598881827953,104.630888484025,509.296097409414,0.35033505414654,22.6784355241421,-2,37.1137437,Stage1_dP_max;Product_salinity_max;Recovery_target_mismatch
16,Core3D,5,Coarse,0.435555122641886,0,0,0,0.474358557699992,0.0388034350581062,5.56239305785837,7.35259952135969,107.821276287553,504.213156874299,0.350351361394019,22.6772481465309,-2,31.5487761,Stage1_dP_max;Product_salinity_max;Recovery_target_mismatch
16,Core3D,6,Coarse,0.459443903302358,0,0,0,0.479033416043214,0.0195895127408565,5.56305820955123,7.43233024512325,109.826013119357,501.159671437566,0.350364859556836,22.6757459699357,-2,29.907979,Stage1_dP_max;Product_salinity_max;Recovery_target_mismatch
16,Core3D,7,Coarse,0.483332683962829,1,1,1,0.483332683962829,-1.66533453693773e-16,5.60936403851911,7.46934721875806,110.341788328305,500,0.348511931869407,23.0988601649209,1,18.1678065,
16,Core3D,8,Coarse,0.507221464623301,1,1,1,0.507221464623301,7.7715611723761e-16,6.02461579185842,7.5696622079574,109.687253512789,499.999999999999,0.332224569085366,26.9092647851659,1,13.3498677,
16,Core3D,9,Coarse,0.531110245283772,1,1,1,0.531110245283772,-5.55111512312578e-16,6.39227275602684,7.74596288561122,111.929512006551,500.000000000001,0.318517599868274,30.2639845832947,1,14.0268441,
16,Core3D,10,LowerBisect,0.471388293632593,0,0,0,0.481328860175203,0.00994056654260994,5.57246107156895,7.46436519039419,110.547124408818,500.005018919663,0.35000015622809,22.759342080491,-2,27.888388,Product_salinity_max;Recovery_target_mismatch
16,Core3D,11,LowerBisect,0.477360488797711,0,0,0,0.481332157324945,0.00397166852723413,5.57246161627501,7.46442181024998,110.54854373178,500.002927431981,0.350000162605653,22.7593417327793,-2,22.1331485,Product_salinity_max;Recovery_target_mismatch
16,Core3D,12,LowerBisect,0.48034658638027,0,0,0,0.481332809871326,0.000986223491056148,5.57246173474447,7.46443300742887,110.548824320169,500.002513873489,0.350000163431771,22.7593417630532,-2,21.5616286,Product_salinity_max;Recovery_target_mismatch
16,Core3D,13,LowerBisect,0.48183963517155,1,1,1,0.481839635171551,1.22124532708767e-15,5.5817921259731,7.46566990228595,110.495507305416,499.999999999999,0.349623281021236,22.8451930049705,1,17.9197126,
16,Core3D,14,LowerBisect,0.48109311077591,0,0,0,0.48084823464499,-0.00024487613091978,5.57322109873095,7.45543627541307,110.315610285895,500.339300611922,0.349964905794496,22.7671917427495,-2,33.6984316,Product_salinity_max;Recovery_target_mismatch
17,Core3D,1,Coarse,0.34,0,0,0,0.41509609052595,0.0750960905259505,3.47835939211847,6.89840410734779,113.947043914906,527.086863710089,0.329735391245698,5.44059401506678,-2,39.8670482,Product_salinity_max;Recovery_target_mismatch
17,Core3D,2,Coarse,0.36859454902101,0,0,0,0.429056415518956,0.0604618664979457,3.47835939211847,7.07325635944597,118.41490402999,514.95792381547,0.329833891536774,5.41988257077127,-2,42.9322644,Product_salinity_max;Recovery_target_mismatch
17,Core3D,3,Coarse,0.397189098042021,0,0,0,0.439652935337592,0.0424638372955716,3.47835939211847,7.20853729028869,121.85968078544,506.410514780281,0.329908236632269,5.40424828688167,-2,40.3817686,Product_salinity_max;Recovery_target_mismatch
17,Core3D,4,Coarse,0.425783647063031,0,0,0,0.448060665281354,0.0222770182183231,3.47835939211847,7.31754499341594,124.627764471329,500.009025885555,0.329966960631163,5.39189785987315,-2,31.5523503,Product_salinity_max;Recovery_target_mismatch
17,Core3D,5,Coarse,0.454378196084041,1,1,1,0.454378196084041,-5.55111512312578e-17,3.57153381424389,7.34037626025127,123.314650168642,500,0.326256348253587,6.27529245021495,1,22.4666006,
17,Core3D,6,Coarse,0.482972745105051,1,1,1,0.482972745105044,-7.38298311375729e-15,3.99944548034579,7.43047909963819,117.276812411037,500.000000000008,0.308122046382241,10.5890473990957,1,24.1441803,
17,Core3D,7,Coarse,0.511567294126062,1,1,1,0.511567294126063,1.33226762955019e-15,4.39806742326704,7.56438857467485,113.766097446517,499.999999999999,0.291175037801122,14.7460579986852,1,19.9937853,
17,Core3D,8,Coarse,0.540161843147072,1,1,1,0.540161843147072,-2.22044604925031e-16,4.74736597028873,7.77608202128795,113.573320666812,500,0.276893448839662,18.4073405259165,1,18.3238629,
17,Core3D,9,Coarse,0.568756392168082,0,0,0,0.555156800900906,-0.013599591267176,4.91885318371382,7.91486374569571,114.433364800841,500.405960843286,0.270125912364077,20.2032663514716,-2,31.6257578,Product_salinity_max;Bulk_brine_concentration_max;Recovery_target_mismatch
17,Core3D,10,LowerBisect,0.440080921573536,0,1,0,0.448072604793475,0.00799168321993871,3.47835939211847,7.31770087968626,124.631718029302,500.000166645993,0.329967043854225,5.39188035624782,-2,23.8024507,Recovery_target_mismatch
17,Core3D,11,LowerBisect,0.447229558828789,0,1,0,0.448072829361333,0.000843270532544016,3.47835939211847,7.31770381174952,124.631792391597,500.00000002055,0.329967045419542,5.39188002702662,-2,23.7628374,Recovery_target_mismatch
17,Core3D,12,LowerBisect,0.450803877456415,1,1,1,0.450803877456415,3.33066907387547e-16,3.51849237212417,7.32793741809865,124.075575492577,499.999999999999,0.328388851638914,5.76831213500266,1,19.5172556,
17,Core3D,13,LowerBisect,0.449016718142602,1,1,1,0.449016718142601,-3.33066907387547e-16,3.49218616897816,7.32132067451032,124.442457443097,500,0.329427133740413,5.52080278974737,1,19.386807,
17,Core3D,14,LowerBisect,0.448123138485695,1,1,1,0.448123138485694,-8.88178419700125e-16,3.47909512540892,7.31789883143446,124.621783874994,500.000000000002,0.329938422533361,5.39871879167792,1,16.8515976,
17,Core3D,15,UpperBisect,0.554459117657577,1,1,1,0.554459117657579,1.99840144432528e-15,4.90180900440561,7.91388031787326,114.621431048071,499.999999999999,0.270797275000207,20.0234510091202,1,27.1425126,
17,Core3D,16,UpperBisect,0.56160775491283,0,0,0,0.555051080740637,-0.0065566741721923,4.91128976554016,7.91789307752219,114.591590348362,500.139292305746,0.270425194034423,20.1231175477035,-2,29.4267068,Product_salinity_max;Recovery_target_mismatch
17,Core3D,17,UpperBisect,0.558033436285203,0,1,0,0.555124563530113,-0.00290887275509,4.90866091585139,7.92082556808804,114.687410751403,500.000026292614,0.270530140734473,20.0950658582131,-2,17.3466568,Recovery_target_mismatch
17,Core3D,18,UpperBisect,0.55624627697139,0,1,0,0.555124563139039,-0.00112171383235093,4.90866085941547,7.92082559750265,114.687412083138,500.000024135709,0.270530142972757,20.0950652594483,-2,25.0357571,Recovery_target_mismatch
17,Core3D,19,UpperBisect,0.555352697314484,0,1,0,0.555124561904387,-0.000228135410096808,4.90866083665117,7.92082559101604,114.687412222957,500.00002372091,0.270530143867326,20.0950650198145,-2,24.4585903,Recovery_target_mismatch
18,Core3D,1,Coarse,0.34,0,0,0,0.400687224244793,0.0606872242447931,4.98124041539927,6.97503534436272,104.790216354947,542.325718729679,0.39283061004004,16.2748034943492,-2,41.6875414,Stage1_dP_max;Product_salinity_max;Recovery_target_mismatch
18,Core3D,2,Coarse,0.362955813412613,0,0,0,0.376249849958301,0.0132940365456884,5.99699233231941,5.67409062339022,71.8525785913834,607.213627463258,0.350513397595337,25.4482271730507,-2,46.7728535,Stage1_dP_max;Product_salinity_max;Recovery_target_mismatch
18,Core3D,3,Coarse,0.385911626825226,0,0,0,0.360557509914968,-0.0253541169102575,5.85613618794112,5.54915037855822,69.2050430835695,621.345839405963,0.355933714922841,24.2112781840789,-2,49.0127656,Stage1_dP_max;Product_salinity_max;Recovery_target_mismatch
18,Core3D,4,Coarse,0.408867440237839,0,0,0,0.390662516002295,-0.0182049242355435,5.99699233231941,5.91258991268833,74.1242700831124,590.790536400104,0.350644105609954,25.4237079754492,-2,47.5522074,Stage1_dP_max;Product_salinity_max;Recovery_target_mismatch
18,Core3D,5,Coarse,0.431823253650452,0,0,0,0.411962110301531,-0.0198611433489213,5.97346438195169,6.28606899234513,77.820511202765,567.817378873037,0.351759419132502,25.1768013567859,-2,49.2809929,Stage1_dP_max;Product_salinity_max;Recovery_target_mismatch
18,Core3D,6,Coarse,0.454779067063065,0,0,0,0.465242773632626,0.0104637065695615,6.03061298888309,7.15055763423249,99.4771334930855,524.844125405226,0.349993672325565,25.6001694985056,-2,39.0096081,Product_salinity_max;Recovery_target_mismatch
18,Core3D,7,Coarse,0.477734880475678,0,0,0,0.477473485573924,-0.000261394901753698,6.03326322948401,7.36700997619284,104.887943207155,516.410703393004,0.349997035509019,25.6038273756564,-2,34.5201358,Product_salinity_max;Recovery_target_mismatch
18,Core3D,8,Coarse,0.500690693888291,0,0,1,0.500690693671628,-2.16662243701649e-10,6.0383350860488,7.78982814898944,115.373478511936,502.058380370439,0.350000000133326,25.6114802199697,-2,14.053102,Product_salinity_max
18,Core3D,9,Coarse,0.523646507300904,1,1,1,0.523646507300747,-1.56319401867222e-13,6.3555182412955,7.98397204255757,118.061770293668,500.000000000286,0.338047161209003,28.409261671787,1,14.8027607,
18,Core3D,10,LowerBisect,0.512168600594597,1,1,1,0.512168600594595,-2.1094237467878e-15,6.17151222770871,7.90261702772847,117.221291763437,500.000000000006,0.344941516192141,26.7843984292623,1,15.8611579,
18,Core3D,11,LowerBisect,0.506429647241444,1,1,1,0.506429647241444,5.55111512312578e-16,6.07520360278522,7.86879874869665,117.05693821673,499.999999999999,0.348613571179132,25.9322154616807,1,15.493494,
18,Core3D,12,LowerBisect,0.503560170564867,0,0,1,0.503560170342802,-2.22065255073289e-10,6.03896687140466,7.84327839825384,116.690804675138,500.428468791807,0.350000000150058,25.6125029417478,-2,13.9875101,Product_salinity_max
18,Core3D,13,LowerBisect,0.504994908903156,1,1,1,0.504994908903155,-2.22044604925031e-16,6.05067445622177,7.86106519372741,117.044134530738,500,0.349555770575948,25.7149915591164,1,15.5522464,
18,Core3D,14,LowerBisect,0.504277539734011,0,0,1,0.504277539508374,-2.25637841744231e-10,6.03912466043765,7.85668493938065,117.020928376086,500.025781849074,0.350000000122102,25.6127583750218,-2,14.0199297,Product_salinity_max
19,QfLowBoundary,1,Coarse,0.34,0,0,0,0.344645254214078,0.00464525421407802,4.29600057763733,6.39571570778284,79.2170717936068,691.650484287542,0.30554246672216,9.28179407580179,-2,44.9395144,Product_salinity_max;Recovery_target_mismatch
19,QfLowBoundary,2,Coarse,0.368146376583775,0,0,0,0.373184129314849,0.00503775273107393,4.29600057763733,6.83486069003562,89.1981905516409,651.395840369879,0.305722071163578,9.24852658704459,-2,43.2283164,Product_salinity_max;Recovery_target_mismatch
19,QfLowBoundary,3,Coarse,0.39629275316755,0,0,0,0.420421417416423,0.0241286642488729,3.49600057763733,8.29999999894393,136.220824109775,565.237388496764,0.330893952660309,3.87115706872712,-2,20.8179977,Product_salinity_max;Recovery_target_mismatch
19,QfLowBoundary,4,Coarse,0.424439129751325,0,0,1,0.424448964227072,9.83447574620655e-06,3.58061169576732,8.3,134.62010924434,565.687729879699,0.328496087387907,4.38560709507937,-2,28.9436369,Product_salinity_max
19,QfLowBoundary,5,Coarse,0.452585506335101,0,0,1,0.452585506047692,-2.87408818966384e-10,4.12189488905651,8.3,124.882805499679,564.545396447227,0.311790411086175,7.95249094181326,-2,39.9942934,Product_salinity_max
19,QfLowBoundary,6,Coarse,0.480731882918876,0,0,0,0.480472910656832,-0.000258972262044077,4.65970763536136,8.3,116.730682868297,563.879351029925,0.294826793600817,11.6714878329518,-2,40.3512425,Product_salinity_max;Recovery_target_mismatch
19,QfLowBoundary,7,Coarse,0.508878259502651,0,0,1,0.508877162012398,-1.09749025301031e-06,5.25401687446787,8.3,109.740481373924,567.023605031084,0.276771296042908,15.8224022724987,-2,20.2727442,Product_salinity_max
19,QfLowBoundary,8,Coarse,0.537024636086426,0,0,1,0.537022926555338,-1.70953108791227e-06,5.91604529765284,8.29999999998682,104.34462471172,575.321479284207,0.257863398354719,20.4412532881061,-2,26.5280275,Product_salinity_max
19,QfLowBoundary,9,Coarse,0.565171012670201,0,0,0,0.526577849764105,-0.0385931629060956,6.91422671652447,7.287088506661,82.1219694317444,618.545429451121,0.231693355456107,27.4060758828151,-2,36.4192857,Product_salinity_max;Recovery_target_mismatch
20,QfLowBoundary,1,Coarse,0.34,0,0,0,0.40813103697,0.0681310369700001,3.55451395380012,6.25339966099396,93.1815593135944,573.184215829843,0.284921389431563,6.58954223774732,-2,50.340682,Product_salinity_max;Recovery_target_mismatch
20,QfLowBoundary,2,Coarse,0.367212504692077,0,0,0,0.428323113447957,0.0611106087558801,3.55451395380012,6.47141353431701,98.6399071294344,553.529111692844,0.285080941933673,6.55015409340695,-2,49.8283731,Product_salinity_max;Recovery_target_mismatch
20,QfLowBoundary,3,Coarse,0.394425009384153,0,0,0,0.446930934609517,0.0525059252253645,3.55451395380012,6.67941170334702,103.80992955758,537.397786411707,0.285226773035275,6.51414773764738,-2,51.8487352,Product_salinity_max;Recovery_target_mismatch
20,QfLowBoundary,4,Coarse,0.42163751407623,0,0,0,0.44175465893267,0.0201171448564407,3.56686623870802,6.61450908623116,101.963957439835,542.455548029102,0.284652718006197,6.6704683278351,-2,61.152689,Product_salinity_max;Recovery_target_mismatch
20,QfLowBoundary,5,Coarse,0.448850018768306,0,0,0,0.468745460684884,0.0198954419165785,3.55451395380012,6.93298642156122,110.062688386284,520.653333478075,0.285396191665922,6.47231080977591,-2,55.8766717,Product_salinity_max;Recovery_target_mismatch
20,QfLowBoundary,6,Coarse,0.476062523460383,0,0,1,0.476074103008928,1.15795485452486e-05,3.58548117212473,7.00531582188759,111.218750787306,517.275336812848,0.284113836154217,6.8255742249499,-2,42.8920342,Product_salinity_max
20,QfLowBoundary,7,Coarse,0.503275028152459,0,0,1,0.503274991116018,-3.70364411361734e-08,3.83385950726535,7.21660258664401,111.408504475675,513.33671672191,0.273151545201254,9.84200289645515,-2,55.3682946,Product_salinity_max
20,QfLowBoundary,8,Coarse,0.530487532844536,0,0,1,0.530487508561734,-2.42828019914043e-08,4.07731219547075,7.45578776863006,112.383261244351,510.827412768391,0.262196538914653,12.9088100956786,-2,54.3845767,Product_salinity_max
20,QfLowBoundary,9,Coarse,0.557700037536612,0,0,0,0.544044128148524,-0.013655909388088,4.20264089143688,7.58590102363245,113.072815843488,510.493213190236,0.256610045333824,14.5070188227537,-2,43.4564301,Product_salinity_max;Bulk_brine_concentration_max;Recovery_target_mismatch
21,QfLowBoundary,1,Coarse,0.34,0,0,0,0.342535843069293,0.00253584306929272,3.9655543015634,6.45416219332153,84.6657743626809,702.567190373107,0.301874102856281,7.16728606660924,-2,43.1389936,Product_salinity_max;Recovery_target_mismatch
21,QfLowBoundary,2,Coarse,0.366690280230171,0,0,0,0.370203067625776,0.00351278739560479,4.3735543015634,6.48863282724482,79.83737800549,682.549520891681,0.288304296841294,10.2624252938324,-2,38.6005647,Product_salinity_max;Recovery_target_mismatch
21,QfLowBoundary,3,Coarse,0.393380560460342,0,0,0,0.434752110735686,0.0413715502753448,3.7656343015634,7.9610009041214,122.837814363374,581.98554656334,0.309047795181844,5.57531600941906,-2,42.490058,Product_salinity_max;Recovery_target_mismatch
21,QfLowBoundary,4,Coarse,0.420070840690513,0,0,0,0.447260819007172,0.0271899783166598,3.5735543015634,8.29999999939221,134.224943770387,562.350055365471,0.315097540554657,4.21706221655715,-2,18.6230712,Product_salinity_max;Recovery_target_mismatch
21,QfLowBoundary,5,Coarse,0.446761120920683,0,0,0,0.447260819045802,0.000499698125118408,3.5735543015634,8.3,134.224943784427,562.350055334906,0.315097540554864,4.21706221651658,-2,41.4419997,Product_salinity_max;Recovery_target_mismatch
21,QfLowBoundary,6,Coarse,0.473451401150854,0,0,1,0.473494172779376,4.27716285218427e-05,4.11063201779853,8.3,124.408247241358,566.321210689583,0.297842058856665,8.1030991202994,-2,35.8155171,Product_salinity_max
21,QfLowBoundary,7,Coarse,0.500141681381025,0,0,1,0.500141354841681,-3.26539344563948e-07,4.65525186366054,8.3,115.954633488505,570.112198118283,0.279777357653479,12.2849917197445,-2,36.9191958,Product_salinity_max
21,QfLowBoundary,8,Coarse,0.526831961611196,0,0,1,0.526829815475344,-2.14613585192147e-06,5.25627606491922,8.3,108.766848547276,577.895728690064,0.260684894838977,16.951007703453,-2,18.3079323,Product_salinity_max
21,QfLowBoundary,9,Coarse,0.553522241841367,0,0,0,0.539360061646976,-0.0141621801943905,5.92451810052113,8.03372169930769,98.2339433195723,597.774420759197,0.240847834684399,22.1464096873581,-2,28.6927614,Product_salinity_max;Recovery_target_mismatch
22,QfLowBoundary,1,Coarse,0.34,0,0,0,0.345314656591456,0.00531465659145552,4.32832114394367,5.65120481445567,67.2798288957831,669.905762815912,0.295951244747139,12.9329091655964,-2,40.6326458,Product_salinity_max;Recovery_target_mismatch
22,QfLowBoundary,2,Coarse,0.36762210598588,0,0,0,0.419007477105978,0.0513853711200986,3.52832114394367,7.18050742334102,118.151934578041,539.50499841667,0.328989615253136,5.15144799560406,-2,38.6127596,Product_salinity_max;Recovery_target_mismatch
22,QfLowBoundary,3,Coarse,0.395244211971759,0,0,0,0.452690539176485,0.0574463272047255,3.52832114394367,7.63154295928847,129.453182911848,511.974368611788,0.329215801218569,5.1048432587404,-2,37.3548136,Product_salinity_max;Recovery_target_mismatch
22,QfLowBoundary,4,Coarse,0.422866317957639,0,0,0,0.462418431601319,0.0395521136436799,3.52832114394367,7.76655456216178,132.815110909391,505.029211579611,0.329280422170562,5.0915261269624,-2,36.0712389,Product_salinity_max;Recovery_target_mismatch
22,QfLowBoundary,5,Coarse,0.450488423943519,0,0,0,0.468448678474681,0.0179602545311621,3.52832114394367,7.85141888836047,134.923308045617,500.932045127344,0.329320315970909,5.08330428917013,-2,34.7394474,Product_salinity_max;Recovery_target_mismatch
22,QfLowBoundary,6,Coarse,0.478110529929398,1,1,1,0.478110529929398,-1.11022302462516e-16,3.64206015876918,7.914864956332,134.157048510129,500,0.325053201591258,6.08553942799457,1,16.4950753,
22,QfLowBoundary,7,Coarse,0.505732635915278,1,1,1,0.505732635915275,-2.77555756156289e-15,4.02386505955005,8.05469371321635,129.935888737799,500.000000000003,0.309758854404629,9.66969663642622,1,15.6191204,
22,QfLowBoundary,8,Coarse,0.533354741901158,1,1,1,0.533354741901158,-1.11022302462516e-16,4.37570293027993,8.23934072684172,127.878098079093,500,0.295507895598432,13.0880654047754,1,11.7015192,
22,QfLowBoundary,9,Coarse,0.560976847887037,0,0,0,0.547361207219229,-0.0136156406678085,4.62317231143122,8.3,125.237651011207,503.429676649716,0.285663058849354,15.5225876357212,-2,14.1952581,Product_salinity_max;Recovery_target_mismatch
22,QfLowBoundary,10,LowerBisect,0.464299476936459,0,1,0,0.469853181989703,0.00555370505324398,3.52832114394367,7.87131767428101,135.417070856435,500.000040663231,0.329329589326655,5.08139306026778,-2,16.9871524,Recovery_target_mismatch
22,QfLowBoundary,11,LowerBisect,0.471205003432928,1,1,1,0.471205003432928,-4.44089209850063e-16,3.54677875468823,7.87875269962509,135.22245820771,500.000000000001,0.328651890693961,5.241071245694,1,13.9951142,
22,QfLowBoundary,12,LowerBisect,0.467752240184694,0,1,0,0.469853242257526,0.00210100207283226,3.52832114394367,7.87131852924032,135.417092066556,500.000000849032,0.329329589724432,5.08139297828648,-2,17.3667584,Recovery_target_mismatch
22,QfLowBoundary,13,LowerBisect,0.469478621808811,0,1,0,0.469853243541551,0.000374621732740388,3.52832114394367,7.8713185474555,135.417092518444,500.000000000778,0.329329589732904,5.08139297653985,-2,17.2041359,Recovery_target_mismatch
22,QfLowBoundary,14,LowerBisect,0.47034181262087,1,1,1,0.470341812620869,-1.11022302462516e-15,3.53498345976597,7.8740218309714,135.347397562896,500.000000000002,0.329085801458401,5.13886374071536,1,14.1247728,
22,QfLowBoundary,15,UpperBisect,0.547165794894098,0,0,1,0.547165784005395,-1.08887021621484e-08,4.61836375266787,8.3,125.311486262389,503.324882053854,0.285852529017277,15.4750885388444,-2,14.3904889,Product_salinity_max
22,QfLowBoundary,16,UpperBisect,0.540260268397628,1,1,1,0.540260268397628,2.22044604925031e-16,4.45641054608731,8.2968161605433,127.827108914757,499.999999999999,0.292288646400324,13.8772416604441,1,15.4079036,
22,QfLowBoundary,17,UpperBisect,0.543713031645863,0,0,1,0.543713031620666,-2.51961784769605e-11,4.53432891793088,8.3,126.629713284776,501.52668671784,0.289179603320331,14.6453842991367,-2,15.3778904,Product_salinity_max
22,QfLowBoundary,18,UpperBisect,0.541986650021745,0,0,0,0.541090215965215,-0.000896434056530615,4.49312791194194,8.2847028632554,126.950939929684,501.07395682391,0.290814557277454,14.2403880765639,-2,29.1421711,Product_salinity_max;Recovery_target_mismatch
22,QfLowBoundary,19,UpperBisect,0.541123459209686,0,0,0,0.540200501363339,-0.000922957846347661,4.48379775628766,8.27631778620454,126.914081073217,501.107804562541,0.291183503122205,14.1491847531057,-2,29.1802099,Product_salinity_max;Recovery_target_mismatch
23,QfLowBoundary,1,Coarse,0.34,0,0,0,0.403832822491414,0.0638328224914139,3.622989534498,6.58693298401355,98.5831785534289,594.08232634746,0.293591825025511,5.89659431275935,-2,38.7699304,Product_salinity_max;Recovery_target_mismatch
23,QfLowBoundary,2,Coarse,0.365861829071859,0,0,0,0.383009873124686,0.0171480440528273,3.70989008966662,6.30025625621481,89.9174966515137,623.692269684091,0.289941274095987,6.84119568478559,-2,44.8487321,Product_salinity_max;Recovery_target_mismatch
23,QfLowBoundary,3,Coarse,0.391723658143717,0,0,0,0.437059523596198,0.045335865452481,3.815069534498,6.86670532516591,101.946264255798,572.615539324354,0.286009437933884,7.87473436955588,-2,46.6113166,Product_salinity_max;Recovery_target_mismatch
23,QfLowBoundary,4,Coarse,0.417585487215576,0,0,0,0.442394794757792,0.0248093075422162,3.62984535043661,7.04010232825172,109.611511910697,557.326568022082,0.293605426649313,5.90114147879523,-2,49.0265357,Product_salinity_max;Recovery_target_mismatch
23,QfLowBoundary,5,Coarse,0.443447316287434,0,0,0,0.453979946412901,0.0105326301254668,3.622989534498,7.18734254141122,113.336780371084,547.351378707881,0.293958702659962,5.81151091984257,-2,41.8033397,Product_salinity_max;Recovery_target_mismatch
23,QfLowBoundary,6,Coarse,0.469309145359293,0,0,0,0.481145725574955,0.0118365802156624,3.622989534498,7.53658201563745,121.801414189487,527.405131737588,0.294153825339032,5.76624866196894,-2,42.9095907,Product_salinity_max;Recovery_target_mismatch
23,QfLowBoundary,7,Coarse,0.495170974431152,0,0,0,0.495419016579469,0.000248042148317584,3.77372546073356,7.64446725082506,121.381672294198,526.075776398084,0.28818220174133,7.32255623425867,-2,36.0763398,Product_salinity_max;Recovery_target_mismatch
23,QfLowBoundary,8,Coarse,0.52103280350301,0,0,1,0.521032806162338,2.65932809107028e-09,4.01985226003426,7.86329320861255,121.690475011597,523.332769772051,0.278011895043409,9.98438848384552,-2,44.9127023,Product_salinity_max
23,QfLowBoundary,9,Coarse,0.546894632574869,0,0,0,0.533229961110957,-0.0136646714639118,4.14265587459433,7.97296892353372,121.876923671225,522.828435513858,0.272883569340784,11.3440596563142,-2,34.3841474,Product_salinity_max;Recovery_target_mismatch
24,QfLowBoundary,1,Coarse,0.34,0,0,0,0.326666658221123,-0.0133333417788771,4.24317647174326,6.64566343860155,86.7319308512102,688.83709950482,0.333929180067008,8.11927669775623,-2,21.3840118,Product_salinity_max;Recovery_target_mismatch
24,QfLowBoundary,2,Coarse,0.369121856495519,0,0,0,0.392154823764196,0.023032967268677,3.73043956858019,8.3,133.727748899905,583.069614102158,0.349509752353194,5.02851872050942,-2,34.5610486,Product_salinity_max;Recovery_target_mismatch
24,QfLowBoundary,3,Coarse,0.398243712991039,0,0,0,0.398638443076232,0.00039473008519314,3.85228495554363,8.29999999879381,131.48914411249,581.24036843418,0.346000882830096,5.72516996294284,-2,28.7348883,Product_salinity_max;Recovery_target_mismatch
24,QfLowBoundary,4,Coarse,0.427365569486558,0,0,1,0.427365511356553,-5.81300053092981e-08,4.38054457670642,8.3,122.61359913595,572.915460781857,0.330388183516177,8.85301856224218,-2,14.5156933,Product_salinity_max
24,QfLowBoundary,5,Coarse,0.456487425982077,0,0,1,0.456487425653926,-3.28151728012926e-10,4.93333611093599,8.3,114.99398243295,567.153182248647,0.314196287794826,12.1998962104859,-2,35.7871782,Product_salinity_max
24,QfLowBoundary,6,Coarse,0.485609282477597,0,0,0,0.485446763521175,-0.000162518956421831,5.52408255094935,8.3,108.763137009963,565.474624100471,0.29753687799254,15.7936860911593,-2,32.6066214,Product_salinity_max;Recovery_target_mismatch
24,QfLowBoundary,7,Coarse,0.514731138973116,0,0,1,0.514730910181438,-2.2879167815848e-07,6.18135369949891,8.3,104.021224921288,568.566546863664,0.279967186937657,19.7844946510926,-2,31.8891554,Product_salinity_max
24,QfLowBoundary,8,Coarse,0.543852995468636,0,0,1,0.543852693229823,-3.0223881231084e-07,6.91603894259125,8.3,101.213518521884,577.19439889782,0.261607353793228,24.2198572487045,-2,12.9833874,Product_salinity_max
24,QfLowBoundary,9,Coarse,0.572974851964155,0,0,0,NaN,NaN,NaN,NaN,NaN,NaN,NaN,NaN,-11,0.750127,Recovery_root_not_found_N30
25,QfLowBoundary,1,Coarse,0.34,0,0,0,0.345268676414037,0.005268676414037,4.39396219999242,6.84874781164666,84.4668104707375,732.705030031235,0.301630610596904,8.30224804268213,-2,41.174537,Product_salinity_max;Recovery_target_mismatch
25,QfLowBoundary,2,Coarse,0.366242945762458,0,0,0,0.372155134495437,0.00591218873297911,4.39396219999242,7.29828801308865,94.3816926666028,693.012717239576,0.301787119714814,8.27399295652604,-2,39.2365313,Product_salinity_max;Recovery_target_mismatch
25,QfLowBoundary,3,Coarse,0.392485891524916,0,0,0,0.379568280651554,-0.012917610873362,5.17830183332702,6.66251499849568,72.0602547781928,716.229969049911,0.279650512113932,13.1505328285776,-2,18.7444922,Product_salinity_max;Recovery_target_mismatch
25,QfLowBoundary,4,Coarse,0.418728837287374,0,0,1,0.418781258270245,5.24209828708933e-05,4.19729792849289,8.29999999943364,119.329246724615,630.875291515705,0.307706239180045,7.02278246378801,-2,25.5335848,Product_salinity_max
25,QfLowBoundary,5,Coarse,0.444971783049832,0,0,1,0.44497174185668,-4.11931523336406e-08,4.69837493271915,8.3,111.97453138616,625.409214007731,0.293484852917496,10.0834228545312,-2,15.1390426,Product_salinity_max
25,QfLowBoundary,6,Coarse,0.47121472881229,0,0,0,0.470494652058232,-0.000720076754058274,5.21334198868758,8.3,105.856429434845,623.086173918407,0.279213124187218,13.2702233983433,-2,33.9528558,Product_salinity_max;Recovery_target_mismatch
25,QfLowBoundary,7,Coarse,0.497457674574748,0,0,1,0.497457672898134,-1.67661401428987e-09,5.80453435090134,8.3,100.59342137529,624.849662892926,0.263552739659475,16.9347885211015,-2,34.2295177,Product_salinity_max
25,QfLowBoundary,8,Coarse,0.523700620337207,0,0,1,0.523700592335211,-2.80019952780819e-08,6.44374823457687,8.3,96.8761593658573,631.458527567041,0.247611142775097,20.8819648441939,-2,12.1270015,Product_salinity_max
25,QfLowBoundary,9,Coarse,0.549943566099665,0,0,0,0.477343678912392,-0.072599887187273,6.78723122112327,7.02394428179103,72.0400893192913,676.997354148443,0.239164027196631,23.0598808879635,-2,40.4952034,Product_salinity_max;Recovery_target_mismatch
26,QfHighBoundary,1,Coarse,0.34,0,0,0,0.389308249441768,0.0493082494417682,5.5581087417369,5.19691680566377,75.603944188813,510.516497216536,0.362073596937438,32.1999394407679,-2,38.5453337,Stage1_dP_max;Product_salinity_max;Recovery_target_mismatch
26,QfHighBoundary,2,Coarse,0.357567514680858,0,0,0,0.39677484632196,0.0392073316411022,5.61414052936257,5.25593705272216,76.8735732159345,505.602390867811,0.35932029913456,32.8822369507097,-2,37.3174997,Stage1_dP_max;Product_salinity_max;Recovery_target_mismatch
26,QfHighBoundary,3,Coarse,0.375135029361716,0,0,0,0.378477099080302,0.00334206971858547,5.13352331822331,5.40558247680634,73.4330505104226,504.881293403051,0.384216709795862,26.9140907231499,-2,39.8246235,Stage1_dP_max;Product_salinity_max;Recovery_target_mismatch
26,QfHighBoundary,4,Coarse,0.392702544042574,0,0,0,0.405915765117769,0.0132132210751943,5.68463516453015,5.3287483866383,78.4731196137239,500.001127796894,0.355886854519019,33.7405241098413,-2,28.8706039,Stage1_dP_max;Product_salinity_max;Recovery_target_mismatch
26,QfHighBoundary,5,Coarse,0.410270058723432,0,0,0,0.416686700704225,0.00641664198079306,5.76775816922775,5.41775816667265,80.4128822883151,493.865683775372,0.351885876025542,34.7515656223077,-2,36.4009136,Stage1_dP_max;Recovery_target_mismatch
26,QfHighBoundary,6,Coarse,0.42783757340429,0,0,1,0.427837592701338,1.92970471823983e-08,5.78972284468865,5.56542136177903,82.2127786806742,485.706961955806,0.350926247785593,34.9999995462839,-2,20.8152742,Stage1_dP_max
26,QfHighBoundary,7,Coarse,0.445405088085148,0,0,1,0.445405088114907,2.97586399966576e-11,5.79286407760688,5.82275217889722,85.1061036945269,472.586389275351,0.350959797802115,35.0000000001387,-2,22.9578147,Stage1_dP_max
26,QfHighBoundary,8,Coarse,0.462972602766006,0,0,1,0.462972602759943,-6.06376060474645e-12,5.79598784823406,6.08173956392556,88.2516202631799,460.546865423696,0.350993157628652,34.9999999999816,-2,22.0373092,Stage1_dP_max
26,QfHighBoundary,9,Coarse,0.480540117446865,0,0,1,0.480540117442748,-4.11631839725146e-12,5.7990915910933,6.34510789501081,95.3370860283049,449.574598674056,0.351026297799743,34.9999999999108,-2,22.3046122,Stage1_dP_max
27,QfHighBoundary,1,Coarse,0.34,0,0,0,0.411690427833566,0.0716904278335657,5.89476432002313,6.113667171187,82.1882836932387,525.650152222204,0.378402205480156,27.6773768530022,-2,49.6013655,Stage1_dP_max;Product_salinity_max;Recovery_target_mismatch
27,QfHighBoundary,2,Coarse,0.359083799145284,0,0,0,0.285140211081399,-0.0739435880638851,5.09132237205161,4.94920619926406,62.4025580642512,663.406269001207,0.414430423422326,19.8520298928832,-2,44.0997928,Stage1_dP_max;Stage2_dP_max;Product_salinity_max;Recovery_target_mismatch
27,QfHighBoundary,3,Coarse,0.378167598290568,0,0,0,0.431877049230164,0.0537094509395961,5.96427541096583,6.38154509329453,87.4683810661149,510.611694756687,0.375532586547412,28.3349196946369,-2,39.8441883,Stage1_dP_max;Product_salinity_max;Recovery_target_mismatch
27,QfHighBoundary,4,Coarse,0.397251397435852,0,0,0,0.456793536576224,0.059542139140372,6.55047362627352,6.32634088135547,91.9735061938207,511.687117379642,0.350923527256114,34.1273182921663,-2,40.1015064,Stage1_dP_max;Product_salinity_max;Recovery_target_mismatch
27,QfHighBoundary,5,Coarse,0.416335196581136,0,0,0,0.46349775112884,0.0471625545477043,6.55157588026083,6.44333981012529,93.237215080097,506.929064388328,0.350942338011213,34.1257748000794,-2,40.8966385,Stage1_dP_max;Product_salinity_max;Recovery_target_mismatch
27,QfHighBoundary,6,Coarse,0.43541899572642,0,0,0,0.44766581573158,0.0122468200051605,6.20310735359435,6.44873219700326,89.2961712790322,506.492498860063,0.365337499112989,30.6891170555695,-2,43.4334154,Stage1_dP_max;Product_salinity_max;Recovery_target_mismatch
27,QfHighBoundary,7,Coarse,0.454502794871704,0,0,0,0.471886670568625,0.0173838756969209,6.55269308131845,6.59068619119205,94.8787320306091,501.192316627073,0.350976320329968,34.1212909197478,-2,33.2222311,Stage1_dP_max;Product_salinity_max;Recovery_target_mismatch
27,QfHighBoundary,8,Coarse,0.473586594016988,0,1,0,0.474931021993659,0.00134442797667061,6.57736560630533,6.62568001971652,95.566608044961,499.99999702797,0.350000007248979,34.360487541713,-2,15.1535125,Recovery_target_mismatch
27,QfHighBoundary,9,Coarse,0.492670393162272,1,1,1,0.492670393162272,5.55111512312578e-17,6.61701141264879,6.91507617320653,99.3822646179905,490.133040373476,0.348558311672174,34.7209856936943,2,55.7112123,
27,QfHighBoundary,10,LowerBisect,0.48312849358963,1,1,1,0.483128493589629,-1.38777878078145e-15,6.57926574266258,6.77088333441996,97.252881774992,494.749454397344,0.350000000000002,34.3641854803374,1,17.031175,
27,QfHighBoundary,11,LowerBisect,0.478357543803309,1,1,1,0.478357543803307,-1.77635683940025e-15,6.57816080907987,6.68621929055008,96.2633026607966,497.776554647008,0.350000000000003,34.362035943352,1,16.6973909,
27,QfHighBoundary,12,LowerBisect,0.475972068910148,1,1,1,0.47597206891015,1.4432899320127e-15,6.5776074558328,6.64405077079323,95.7770475008945,499.320099324247,0.349999999999983,34.360959454552,1,16.3253771,
27,QfHighBoundary,13,LowerBisect,0.474779331463568,0,0,0,0.474935489939456,0.000156158475887291,6.57573748922244,6.62701742027354,95.5622963530959,499.941539674979,0.350066274868688,34.3443251665668,-2,24.5924243,Stage1_dP_max;Recovery_target_mismatch
27,QfHighBoundary,14,LowerBisect,0.475375700186858,1,1,1,0.475375700186856,-2.22044604925031e-15,6.57746902671048,6.63352461027231,95.6563655381876,499.70911790704,0.349999999999988,34.360690156127,1,16.1366137,
28,QfHighBoundary,1,Coarse,0.34,0,0,0,0.398670732222978,0.0586707322229775,5.9214402726343,6.49548781246463,88.9104956580377,513.893777858278,0.425405729124397,23.1635081827178,-2,38.985147,Stage1_dP_max;Product_salinity_max;Recovery_target_mismatch
28,QfHighBoundary,2,Coarse,0.358240410040967,0,0,0,0.421410579244676,0.0631701692037083,6.63013258053783,6.23352646314246,90.4441020766117,515.000148043315,0.397538795301921,28.8563126149444,-2,41.2439679,Stage1_dP_max;Product_salinity_max;Recovery_target_mismatch
28,QfHighBoundary,3,Coarse,0.376480820081935,0,0,0,0.430421474056525,0.0539406539745902,6.71608020447573,6.32536599517742,92.4324717666766,510.185884818759,0.39434575009788,29.5351221979132,-2,36.5485305,Stage1_dP_max;Product_salinity_max;Recovery_target_mismatch
28,QfHighBoundary,4,Coarse,0.394721230122902,0,0,0,0.40510782233812,0.010386592215218,6.10816020447573,6.43075026395537,86.7219841227135,513.611927702293,0.417880385917967,24.6657754783262,-2,40.3037732,Stage1_dP_max;Product_salinity_max;Recovery_target_mismatch
28,QfHighBoundary,5,Coarse,0.412961640163869,0,0,0,0.440063292361859,0.0271016521979902,6.71608020447573,6.51275115794749,94.3566503684623,502.710334580504,0.394429668181315,29.5209106051272,-2,30.6992839,Stage1_dP_max;Product_salinity_max;Recovery_target_mismatch
28,QfHighBoundary,6,Coarse,0.431202050204836,0,0,0,0.442076504955202,0.0108744547503657,6.71608020447573,6.55202469805137,94.7713508857457,501.197907102849,0.394447144101306,29.5179512215305,-2,30.4339893,Stage1_dP_max;Product_salinity_max;Recovery_target_mismatch
28,QfHighBoundary,7,Coarse,0.449442460245804,0,0,0,0.452546959475444,0.00310449922964018,6.93869049655038,6.55259526754546,97.5732073895001,500.044185316171,0.386195879349724,31.2923474973037,-2,24.8966163,Stage1_dP_max;Product_salinity_max;Recovery_target_mismatch
28,QfHighBoundary,8,Coarse,0.467682870286771,0,0,1,0.467661082911077,-2.17873756933051e-05,7.0953045476801,6.7148574817997,101.290538406732,494.261456175323,0.380571380848464,32.5268421572146,-2,24.4837445,Stage1_dP_max
28,QfHighBoundary,9,Coarse,0.485923280327738,0,0,0,0.48581474694249,-0.000108533385248299,7.29008127230019,6.9170305000549,105.995421299312,488.508194015318,0.373700899013061,34.0601856625135,-2,23.3664876,Stage1_dP_max;Recovery_target_mismatch
29,QfHighBoundary,1,Coarse,0.34,0,0,0,0.397497592272307,0.0574975922723071,5.07789830071485,5.60049119152428,76.0763963779999,514.383601778526,0.35202912888863,27.5222850580358,-2,36.2918201,Stage1_dP_max;Product_salinity_max;Recovery_target_mismatch
29,QfHighBoundary,2,Coarse,0.359579620034633,0,0,0,0.38407815845596,0.0244985384213273,5.11329717096654,5.40671680761942,70.3001040921774,529.50110202069,0.349965217535749,28.0362414519198,-2,43.4226265,Product_salinity_max;Recovery_target_mismatch
29,QfHighBoundary,3,Coarse,0.379159240069265,0,0,0,0.382176153950782,0.00301691388151676,5.11104087685327,5.38458894828258,70.0092062936527,531.401379406828,0.350064834818714,28.010237749364,-2,38.4412012,Stage1_dP_max;Product_salinity_max;Recovery_target_mismatch
29,QfHighBoundary,4,Coarse,0.398738860103898,0,0,0,0.414958903726393,0.0162200436224952,5.11920125065023,5.79224581038668,81.1966635615098,500.001860886824,0.349999995365911,28.0411215462316,-2,24.7511622,Product_salinity_max;Recovery_target_mismatch
29,QfHighBoundary,5,Coarse,0.418318480138531,1,1,1,0.418318480138531,2.22044604925031e-16,5.18711050942389,5.78842938625903,80.5681101278299,499.999999999999,0.346405705423608,28.9553143428461,1,21.5086841,
29,QfHighBoundary,6,Coarse,0.437898100173163,1,1,1,0.437898100173164,6.66133814775094e-16,5.53766664607587,5.80958556860562,79.0996713861221,498.648478177099,0.328501008069746,33.6573375377368,2,60.7457965,
29,QfHighBoundary,7,Coarse,0.457477720207796,1,1,1,0.457477720207797,1.22124532708767e-15,5.64061576516991,6.01352941051355,84.1136273306172,488.125118343098,0.323591700457062,35,1,21.8935109,
29,QfHighBoundary,8,Coarse,0.477057340242429,1,1,1,0.477057340242349,-8.0102591226705e-14,5.6441556738453,6.29009983404475,91.4120487251359,474.881250584103,0.323628135995547,35.0000000000001,1,20.6341737,
29,QfHighBoundary,9,Coarse,0.496636960277061,1,1,1,0.496636960276822,-2.3919755065549e-13,5.64766888989964,6.57426920335436,98.8471485339475,462.997113622429,0.323664288392747,35.0000000000004,1,20.7477122,
29,QfHighBoundary,10,LowerBisect,0.408528670121214,0,1,0,0.414960966001547,0.00643229588033289,5.11920160475874,5.79227190136425,81.1973986898635,500.000051987258,0.349999999743531,28.0411213487567,-2,17.8600557,Recovery_target_mismatch
29,QfHighBoundary,11,LowerBisect,0.413423575129872,0,0,0,0.414952399377187,0.00152882424731415,5.11919201137707,5.79216914893485,81.1945690483452,500.007212822215,0.350000418361694,28.0410118113668,-2,23.1439844,Stage1_dP_max;Product_salinity_max;Recovery_target_mismatch
29,QfHighBoundary,12,LowerBisect,0.415871027634202,1,1,1,0.415871027634202,3.88578058618805e-16,5.13767690090288,5.79111675743524,81.0188064102381,499.999999999999,0.349018227248536,28.289908118647,1,18.3117328,
29,QfHighBoundary,13,LowerBisect,0.414647301382037,0,0,0,0.414960200205924,0.000312898823886798,5.11919291704097,5.79226814166349,81.1973617273468,500.00035141083,0.350000458249194,28.041005170451,-2,19.2439021,Stage1_dP_max;Recovery_target_mismatch
29,QfHighBoundary,14,LowerBisect,0.415259164508119,1,1,1,0.415259164508128,8.54871728961371e-15,5.1252602930406,5.79188452632662,81.13823410328,499.999999999994,0.349677721494691,28.122712785201,1,17.0020089,
30,QfHighBoundary,1,Coarse,0.34,0,0,0,0.40647696936853,0.0664769693685295,6.73187862992232,6.58964194833473,93.6878652240565,517.761569496382,0.437397799809659,25.8606626586519,-2,34.4661818,Stage1_dP_max;Product_salinity_max;Recovery_target_mismatch
30,QfHighBoundary,2,Coarse,0.357059743188451,0,0,0,0.366944102756553,0.00988435956810191,6.06633462992232,6.48303462052918,85.6968580637016,538.6475583146,0.46218273070291,21.1847483780171,-2,36.6111277,Stage1_dP_max;Stage2_dP_max;Product_salinity_max;Recovery_target_mismatch
30,QfHighBoundary,3,Coarse,0.374119486376903,0,0,0,0.406091464007959,0.0319719776310564,6.49187862992232,6.82874904990871,93.6853779576596,511.736974512631,0.446298089894748,24.1590321736188,-2,30.7397923,Stage1_dP_max;Product_salinity_max;Recovery_target_mismatch
30,QfHighBoundary,4,Coarse,0.391179229565354,0,0,0,0.423302567426511,0.0321233378611571,6.73187862992232,6.9427928993816,97.5135087470646,503.567975682853,0.437539775176305,25.8389479884858,-2,29.6312875,Stage1_dP_max;Product_salinity_max;Recovery_target_mismatch
30,QfHighBoundary,5,Coarse,0.408238972753806,0,0,0,0.44080206715385,0.032563094400044,7.23407031412485,6.81483245576877,102.135139793593,503.151423156527,0.419634165506026,29.3677008489407,-2,30.81312,Stage1_dP_max;Product_salinity_max;Recovery_target_mismatch
30,QfHighBoundary,6,Coarse,0.425298715942257,0,0,0,0.445014179703221,0.0197154637609642,7.27962782804927,6.86203571268336,103.207534184028,501.254437340445,0.41807032021256,29.6836700888361,-2,27.05303,Stage1_dP_max;Product_salinity_max;Recovery_target_mismatch
30,QfHighBoundary,7,Coarse,0.442358459130708,0,0,0,0.446907900280459,0.00454944114975031,7.30022216619795,6.88337632957484,103.694185522009,500.425947351541,0.417365387292511,29.8264751595596,-2,25.3728217,Stage1_dP_max;Product_salinity_max;Recovery_target_mismatch
30,QfHighBoundary,8,Coarse,0.45941820231916,0,0,1,0.459364197514912,-5.40048042474983e-05,7.43790806774276,7.02523403817345,106.967855032235,495.355996409186,0.412684245991071,30.7807887299861,-2,19.8833807,Stage1_dP_max
30,QfHighBoundary,9,Coarse,0.476477945507611,0,0,1,0.476470441338411,-7.50416920020092e-06,7.63216424460032,7.22601238017439,111.67235685318,489.396268866247,0.406174903367204,32.1257146552563,-2,17.00451,Stage1_dP_max
31,QfHighBoundary,1,Coarse,0.34,0,0,0,0.360987866639432,0.0209878666394316,5.3529087171955,5.70272777773355,73.8688733259162,535.455909131339,0.412280870571074,22.0790176673445,-2,37.2473008,Stage1_dP_max;Product_salinity_max;Recovery_target_mismatch
31,QfHighBoundary,2,Coarse,0.35878360698949,0,0,0,0.405263295990355,0.0464796890008646,5.8785087171955,5.91900548324579,81.310869379618,508.441696177653,0.389342701100426,26.9262650081884,-2,33.2605608,Stage1_dP_max;Product_salinity_max;Recovery_target_mismatch
31,QfHighBoundary,3,Coarse,0.37756721397898,0,0,0,0.410053357420122,0.0324861434411416,5.8785087171955,5.99816085807638,82.1828900648388,504.184021307195,0.389387676666588,26.918298619873,-2,31.4923231,Stage1_dP_max;Product_salinity_max;Recovery_target_mismatch
31,QfHighBoundary,4,Coarse,0.396350820968471,0,0,0,0.427329193678622,0.0309783727101517,6.29075027830826,5.91897620893468,86.0702740565182,503.115855963827,0.37216396242219,30.7336365467776,-2,32.0304253,Stage1_dP_max;Product_salinity_max;Recovery_target_mismatch
31,QfHighBoundary,5,Coarse,0.415134427957961,0,0,0,0.431801110229155,0.0166666822711943,6.33091318837728,5.96083991634811,86.9912033543311,500.852176089029,0.370555872267331,31.0998149760943,-2,29.1911499,Stage1_dP_max;Product_salinity_max;Recovery_target_mismatch
31,QfHighBoundary,6,Coarse,0.433918034947451,0,0,1,0.433908283004596,-9.7519428551851e-06,6.34996012635506,5.98069715807289,87.4296415939345,499.816343446353,0.369795830613548,31.2734379092114,-2,20.7160227,Stage1_dP_max
31,QfHighBoundary,7,Coarse,0.452701641936941,0,0,0,0.452378849557815,-0.000322792379125802,6.52101557064531,6.15803206273121,91.4022273824017,491.572942077204,0.363043965577518,32.8317809440983,-2,24.7796692,Stage1_dP_max;Recovery_target_mismatch
31,QfHighBoundary,8,Coarse,0.471485248926431,0,0,0,0.470778575386944,-0.000706673539487501,6.68388153789663,6.35404691600577,95.5331469460066,484.306642691421,0.356752706568622,34.3112699933582,-2,21.7971276,Stage1_dP_max;Recovery_target_mismatch
31,QfHighBoundary,9,Coarse,0.490268855915922,0,0,1,0.490268814164256,-4.17516655693007e-08,6.76174438853586,6.65330885281955,99.7212818248626,474.836774082444,0.353883679212229,34.9997240127509,-2,16.2663725,Stage1_dP_max
32,QfHighBoundary,1,Coarse,0.34,0,0,0,0.413932422550091,0.0739324225500909,5.98641274475788,5.89292306554204,83.4400292125394,524.432966791227,0.368148917636931,31.9190437735483,-2,37.3770004,Stage1_dP_max;Product_salinity_max;Recovery_target_mismatch
32,QfHighBoundary,2,Coarse,0.357810663279798,0,0,0,0.386368364761098,0.0285577014813003,5.64109354475788,5.76183005857522,78.2618755353345,538.098540694642,0.384459145842307,28.0702133017017,-2,41.0969665,Stage1_dP_max;Product_salinity_max;Recovery_target_mismatch
32,QfHighBoundary,3,Coarse,0.375621326559596,0,0,0,0.414195244430749,0.0385739178711529,5.74641274475788,6.08800939193397,83.4577634206158,515.186823268836,0.379616218259458,29.2044780024699,-2,36.3679671,Stage1_dP_max;Product_salinity_max;Recovery_target_mismatch
32,QfHighBoundary,4,Coarse,0.393431989839394,0,0,0,0.434969211130916,0.0415372212915227,5.98641274475788,6.21869914573139,87.2080828829854,506.446091817271,0.368375207534889,31.874373776406,-2,35.592813,Stage1_dP_max;Product_salinity_max;Recovery_target_mismatch
32,QfHighBoundary,5,Coarse,0.411242653119192,0,0,0,0.450418916420778,0.0391762633015861,6.26632336458797,6.25183192531597,90.7215233641901,504.65893642919,0.355639862589582,34.9971227197548,-2,36.370141,Stage1_dP_max;Product_salinity_max;Recovery_target_mismatch
32,QfHighBoundary,6,Coarse,0.429053316398989,0,0,0,0.454181350868957,0.0251280344699679,6.26690075628232,6.31256079551176,91.4247381956886,501.886202005984,0.355653239320469,34.9956286678995,-2,34.8903175,Stage1_dP_max;Product_salinity_max;Recovery_target_mismatch
32,QfHighBoundary,7,Coarse,0.446863979678787,0,0,0,0.453590255761487,0.00672627608269916,6.17649059399677,6.37020581672495,91.0793178287232,499.035556662961,0.359757706865507,33.9789003021137,-2,34.6512218,Stage1_dP_max;Recovery_target_mismatch
32,QfHighBoundary,8,Coarse,0.464674642958585,0,0,1,0.464632249781853,-4.23931767322694e-05,6.26873507415636,6.48188399329635,93.4466151014474,494.466248494292,0.355679689105733,34.9941318815072,-2,24.5071871,Stage1_dP_max
32,QfHighBoundary,9,Coarse,0.482485306238383,0,0,0,0.482367116679852,-0.000118189558531545,6.27205853214421,6.77309447232729,99.9008912710557,482.792001513767,0.355713994059382,34.9941770466488,-2,27.5009839,Stage1_dP_max;Recovery_target_mismatch
33,LowTemperatureEdge,1,Coarse,0.34,0,0,0,0.341584583975263,0.00158458397526318,4.43229653688417,6.48831876542271,84.3815149533806,684.84691185801,0.332768639827575,10.0405031046158,-2,50.9133264,Product_salinity_max;Recovery_target_mismatch
33,LowTemperatureEdge,2,Coarse,0.365555806473018,0,0,0,0.431740415388765,0.066184608915747,3.98591465885515,8.3,136.094861921939,560.155657948192,0.349199066980606,6.59294420671206,-2,36.0738138,Product_salinity_max;Recovery_target_mismatch
33,LowTemperatureEdge,3,Coarse,0.391111612946035,0,0,0,0.431773540699431,0.0406619277533961,3.9865560038629,8.29999999955842,136.082579626746,560.153263524303,0.34917698075441,6.59757306321726,-2,37.6945524,Product_salinity_max;Recovery_target_mismatch
33,LowTemperatureEdge,4,Coarse,0.416667419419053,0,0,0,0.430658679614309,0.0139912601952557,3.96493755615163,8.3,136.497583444908,560.231446052052,0.349920251728507,6.44181058913033,-2,76.6241808,Product_salinity_max;Recovery_target_mismatch
33,LowTemperatureEdge,5,Coarse,0.44222322589207,0,0,1,0.442223225900629,8.55837622992794e-12,4.18709920935098,8.3,132.340762948325,559.288080047812,0.342194961397112,8.06430433317156,-2,17.5856999,Product_salinity_max
33,LowTemperatureEdge,6,Coarse,0.467779032365088,0,0,1,0.467778871463496,-1.60901591661489e-07,4.68289825429474,8.3,124.095875849744,557.884673290464,0.324822787233328,11.7828721726838,-2,20.0225583,Product_salinity_max
33,LowTemperatureEdge,7,Coarse,0.493334838838106,0,0,1,0.493332825374758,-2.01346334799402e-06,5.21353196209259,8.3,117.005963177085,559.379399234403,0.306762368103452,15.8123729969245,-2,44.6466578,Product_salinity_max
33,LowTemperatureEdge,8,Coarse,0.518890645311123,0,0,1,0.518890639779381,-5.53174206441298e-09,5.80158828434126,8.3,111.20010256864,564.951681923599,0.287777290747002,20.2815244587713,-2,14.2407964,Product_salinity_max
33,LowTemperatureEdge,9,Coarse,0.544446451784141,0,0,0,0.49951381991289,-0.0449326318712506,6.84924618900766,7.0954252514471,81.8361212265698,616.779287809233,0.256582260495244,28.2704687868665,-2,53.1191104,Product_salinity_max;Recovery_target_mismatch
34,LowTemperatureEdge,1,Coarse,0.34,0,0,0,0.414257385457852,0.0742573854578517,6.67907480352169,6.7153912199003,89.2800233102556,521.867052902444,0.409177769487677,23.8061486524457,-2,37.3133473,Stage1_dP_max;Product_salinity_max;Recovery_target_mismatch
34,LowTemperatureEdge,2,Coarse,0.360249741615989,0,0,0,0.405203272469873,0.0449535308538835,6.43907480352169,6.77523649031614,87.430847362718,523.497190992883,0.417106674504582,22.2753962818517,-2,37.1793773,Stage1_dP_max;Product_salinity_max;Recovery_target_mismatch
34,LowTemperatureEdge,3,Coarse,0.380499483231978,0,0,0,0.30785424387977,-0.072645239352208,5.45899279783034,5.87375145506704,69.7906850802996,612.374394774113,0.450564928482552,16.0707290637763,-2,51.4167557,Stage1_dP_max;Stage2_dP_max;Product_salinity_max;Recovery_target_mismatch
34,LowTemperatureEdge,4,Coarse,0.400749224847967,0,0,0,0.453290530590985,0.0525413057430177,7.3142003247053,6.92566046675568,98.7656828156024,508.155537701788,0.389042667207929,27.8262610449825,-2,34.8621429,Stage1_dP_max;Product_salinity_max;Recovery_target_mismatch
34,LowTemperatureEdge,5,Coarse,0.420998966463956,0,0,0,0.432241700936832,0.0112427344728758,7.0432395674328,6.72916417941393,93.5428530530203,516.667870405528,0.397469772358198,26.1187902022959,-2,42.533241,Stage1_dP_max;Product_salinity_max;Recovery_target_mismatch
34,LowTemperatureEdge,6,Coarse,0.441248708079945,0,0,0,0.454991156117281,0.0137424480373359,7.07804986901446,7.2041817823602,98.7892574976096,500.997848867172,0.396520980528634,26.3156618471051,-2,34.6137888,Stage1_dP_max;Product_salinity_max;Recovery_target_mismatch
34,LowTemperatureEdge,7,Coarse,0.461498449695934,0,0,0,0.470724371678938,0.0092259219830037,7.48604986901446,7.15565266294498,103.20417241408,500.989870517001,0.383827772327348,28.9023898770109,-2,26.9319007,Stage1_dP_max;Product_salinity_max;Recovery_target_mismatch
34,LowTemperatureEdge,8,Coarse,0.481748191311924,0,0,1,0.481733958445598,-1.42328663251257e-05,7.64089006358045,7.26175683203939,106.255568760415,498.170239043494,0.379162510908049,29.8758762440372,-2,20.1840162,Stage1_dP_max
34,LowTemperatureEdge,9,Coarse,0.501997932927913,0,0,1,0.501931955336725,-6.59775911873162e-05,7.76631606924871,7.62619023068903,111.606431004551,490.04497618658,0.375508270708213,30.6506363784259,-2,28.7241677,Stage1_dP_max
35,LowTemperatureEdge,1,Coarse,0.34,0,0,0,0.326174316648038,-0.0138256833519618,4.35843895700399,6.9221740060952,101.563771741048,645.241095758566,0.392949854552319,8.74961802897558,-2,19.5632062,Stage1_dP_max;Product_salinity_max;Recovery_target_mismatch
35,LowTemperatureEdge,2,Coarse,0.366932804900409,0,0,0,0.357070092602175,-0.00986271229823366,5.14869913083666,6.64514490466287,84.0299380355601,629.839029142289,0.366118419940595,13.9691015687391,-2,18.173382,Stage1_dP_max;Product_salinity_max;Recovery_target_mismatch
35,LowTemperatureEdge,3,Coarse,0.393865609800818,0,0,0,0.383986406970762,-0.00987920283005528,5.14869913083666,7.13247142322198,96.0804435794042,597.024472050877,0.366308642833845,13.9377349978326,-2,17.708205,Stage1_dP_max;Product_salinity_max;Recovery_target_mismatch
35,LowTemperatureEdge,4,Coarse,0.420798414701227,0,0,0,0.41021927637787,-0.0105791383233567,5.93895930466933,6.83157827117858,81.997387849298,595.547144122642,0.340830349977791,19.1872794707029,-2,15.3307722,Product_salinity_max;Recovery_target_mismatch
35,LowTemperatureEdge,5,Coarse,0.447731219601635,0,0,1,0.447731113839501,-1.05762134272602e-07,5.65864977115021,7.83920533603701,107.948140052574,553.405207722911,0.349999999440352,17.2718031561109,-2,32.9941028,Product_salinity_max
35,LowTemperatureEdge,6,Coarse,0.474664024502044,0,0,1,0.474620278586942,-4.37459151024222e-05,5.74701881447627,8.3,117.959100167426,536.747431854826,0.347349015613326,17.8308707232127,-2,32.5546777,Product_salinity_max
35,LowTemperatureEdge,7,Coarse,0.501596829402453,0,0,1,0.501596766910093,-6.24923602865479e-08,6.3521451121817,8.3,113.285408795464,537.869577423998,0.328715680623096,21.8312080267863,-2,33.5148991,Product_salinity_max
35,LowTemperatureEdge,8,Coarse,0.528529634302862,0,0,1,0.528529486778758,-1.47524103710772e-07,7.02321092040516,8.3,110.380963498853,543.398627386679,0.309257314442619,26.2459932419528,-2,11.6403197,Product_salinity_max
35,LowTemperatureEdge,9,Coarse,0.555462439203271,0,0,0,NaN,NaN,NaN,NaN,NaN,NaN,NaN,NaN,-11,0.7058123,Recovery_root_not_found_N30
36,LowTemperatureEdge,1,Coarse,0.34,0,0,0,0.3088920658505,-0.0311079341494997,5.5289476369023,5.22507986040457,61.3365033964473,667.999677380228,0.382210339511339,18.4086371244514,-2,45.9495022,Stage1_dP_max;Product_salinity_max;Recovery_target_mismatch
36,LowTemperatureEdge,2,Coarse,0.364103444947745,0,0,0,0.353768578275879,-0.0103348666718657,5.90811062379675,5.61833127957794,68.2255349084467,614.172549128867,0.369005634933808,21.1250247158869,-2,44.3121205,Stage1_dP_max;Product_salinity_max;Recovery_target_mismatch
36,LowTemperatureEdge,3,Coarse,0.388206889895489,0,0,0,0.376257544074708,-0.0119493458207813,5.88931967064833,6.04338358945591,71.96508274023,586.102364566281,0.369842502889581,20.9579154688274,-2,49.4045791,Stage1_dP_max;Product_salinity_max;Recovery_target_mismatch
36,LowTemperatureEdge,4,Coarse,0.412310334843234,0,0,0,0.412722087450514,0.000411752607280325,6.48388845533238,6.1344401006816,78.9250889407978,567.600993913718,0.349765283820729,25.2470735695034,0,63.695948,Product_salinity_max;Recovery_target_mismatch
36,LowTemperatureEdge,5,Coarse,0.436413779790978,0,0,0,0.444732448163091,0.00831866837211293,6.48444601243647,6.75413344786834,85.0072957444791,539.989053491843,0.349987725602793,25.2088558594548,-2,43.5783009,Product_salinity_max;Recovery_target_mismatch
36,LowTemperatureEdge,6,Coarse,0.460517224738723,0,0,0,0.430263745492626,-0.0302534792460969,6.33880851385109,6.6105083088481,82.0319753703477,547.266390718649,0.354757617802891,24.1676669711109,-2,39.4047117,Stage1_dP_max;Product_salinity_max;Recovery_target_mismatch
36,LowTemperatureEdge,7,Coarse,0.484620669686467,0,0,1,0.484620669681628,-4.83962869779475e-12,6.49294773353323,7.54852332593461,103.408978773981,512.299128757008,0.350000000000195,25.2189569504777,-2,17.9913618,Product_salinity_max
36,LowTemperatureEdge,8,Coarse,0.508724114634212,1,1,1,0.50872411463421,-2.22044604925031e-15,6.54447263482772,8.00942717164083,114.060584132839,500.000000000002,0.348466884814833,25.5627655813218,1,12.4011996,
36,LowTemperatureEdge,9,Coarse,0.532827559581956,1,1,1,0.532827559581955,-1.22124532708767e-15,6.95846869876871,8.17523184162766,116.382517261517,500.000000000001,0.335235332485403,28.5342666486369,1,44.2873581,
36,LowTemperatureEdge,10,LowerBisect,0.49667239216034,0,0,1,0.496672380145841,-1.20144987292292e-08,6.49558961916604,7.79736395315967,109.2921984907,505.212126602856,0.35000000824818,25.2227636512977,-2,17.4404049,Product_salinity_max
36,LowTemperatureEdge,11,LowerBisect,0.502698253397276,0,0,1,0.502698241300771,-1.20965052419209e-08,6.49690358576741,7.92360190650971,112.265171419722,501.876579912619,0.350000007979388,25.2246577618704,-2,10.2508374,Product_salinity_max
36,LowTemperatureEdge,12,LowerBisect,0.505711184015744,0,0,1,0.505711171884593,-1.21311505285604e-08,6.49755874079681,7.98719981971234,113.759918344978,500.259708194952,0.350000007953512,25.2256021739644,-2,10.2655226,Product_salinity_max
36,LowTemperatureEdge,13,LowerBisect,0.507217649324978,1,1,1,0.507217649324977,-8.88178419700125e-16,6.51660523507257,8.00222087632555,114.021879427948,500.000000000002,0.349378743520864,25.3621464989863,1,11.3029114,
36,LowTemperatureEdge,14,LowerBisect,0.506464416670361,1,1,1,0.506464416670356,-4.55191440096314e-15,6.50258238733567,7.99875918552537,114.007645962113,500.000000000008,0.349838596653689,25.261168585178,1,11.3673768,
37,LowTemperatureEdge,1,Coarse,0.34,0,0,0,0.38123008368552,0.0412300836855202,4.33736363537329,8.29999999999722,132.017879030354,588.880338667243,0.385498558490085,7.76057097441759,-2,17.8565284,Stage1_dP_max;Product_salinity_max;Recovery_target_mismatch
37,LowTemperatureEdge,2,Coarse,0.367308753211005,0,0,0,0.423222585098002,0.0559138318869973,5.13113636281107,8.29999999998162,120.010096557508,571.797254265611,0.361295885077648,12.3868672906091,-2,14.4206713,Stage1_dP_max;Product_salinity_max;Recovery_target_mismatch
37,LowTemperatureEdge,3,Coarse,0.394617506422009,0,0,1,0.394663804063851,4.62976418421635e-05,5.51134466012727,7.31827252031207,92.7077429835134,610.972049646325,0.349745310329536,14.6678339538167,-2,53.4711382,Product_salinity_max
37,LowTemperatureEdge,4,Coarse,0.421926259633014,0,0,1,0.42191198627804,-1.42733549740037e-05,5.92490909024886,7.44468494449586,92.1951472103583,596.545945224221,0.337892227562168,17.089318073778,-2,25.1713787,Product_salinity_max
37,LowTemperatureEdge,5,Coarse,0.449235012844018,0,0,1,0.449235005445722,-7.39829653095825e-09,5.65487541028099,8.3,114.068137286817,565.48217012724,0.345868379457192,15.4626620415658,-2,31.4371171,Product_salinity_max
37,LowTemperatureEdge,6,Coarse,0.476543766055023,0,0,1,0.47654366864765,-9.7407373444991e-08,6.24489196790259,8.3,109.168529933946,562.703856587974,0.329189736626758,18.9247005118156,-2,31.3813956,Product_salinity_max
37,LowTemperatureEdge,7,Coarse,0.503852519266028,0,0,0,0.425055160061345,-0.078797359204683,6.70622727256222,6.71833862972767,75.8509236344216,618.039551666857,0.316271690974439,21.6986519036091,-2,12.618153,Product_salinity_max;Recovery_target_mismatch
37,LowTemperatureEdge,8,Coarse,0.531161272477032,0,0,0,NaN,NaN,NaN,NaN,NaN,NaN,NaN,NaN,-11,0.6495007,Recovery_root_not_found_N30
37,LowTemperatureEdge,9,Coarse,0.558470025688037,0,0,0,NaN,NaN,NaN,NaN,NaN,NaN,NaN,NaN,-11,0.115916,Recovery_root_not_found_N30
38,HighTemperatureEdge,1,Coarse,0.34,0,0,0,0.400670630427655,0.0606706304276552,5.18030322703854,5.77472975569837,80.4212909051395,516.074345796829,0.361487643637817,28.2076958763671,-2,36.2593421,Stage1_dP_max;Product_salinity_max;Recovery_target_mismatch
38,HighTemperatureEdge,2,Coarse,0.358490281498795,0,0,0,0.401666112549167,0.0431758310503718,5.39184176501526,5.63889651537152,75.7974336220426,524.390578939545,0.35002013234822,31.1254414338469,-2,39.0915428,Stage1_dP_max;Product_salinity_max;Recovery_target_mismatch
38,HighTemperatureEdge,3,Coarse,0.376980562997591,0,0,0,0.420800756504252,0.0438201935066619,5.39276564045516,5.88972830217346,82.1429609537156,506.850995922774,0.350195979819288,31.0893322596967,-2,35.6595649,Stage1_dP_max;Product_salinity_max;Recovery_target_mismatch
38,HighTemperatureEdge,4,Coarse,0.395470844496386,0,0,0,0.425269026079154,0.0297981815827684,5.3934957120589,5.94840892167412,83.8024683932648,503.027498446791,0.350209415519885,31.0880329821485,-2,33.0093309,Stage1_dP_max;Product_salinity_max;Recovery_target_mismatch
38,HighTemperatureEdge,5,Coarse,0.413961125995181,0,0,0,0.428067151998528,0.0141060260033468,5.39387704705153,5.98532863970359,84.8460617751284,500.676488494733,0.350221837304948,31.0861818642552,-2,28.3151122,Stage1_dP_max;Product_salinity_max;Recovery_target_mismatch
38,HighTemperatureEdge,6,Coarse,0.432451407493976,1,1,1,0.432451407493975,-1.4432899320127e-15,5.46347183569992,5.99796792844695,84.7370357993691,500.000000000002,0.346581676929452,32.0340755021805,1,20.0909921,
38,HighTemperatureEdge,7,Coarse,0.450941688992771,1,1,1,0.450941688992753,-1.87627691161651e-14,5.68253573738347,6.11012453573137,86.6110550744182,494.665692298305,0.335450712622271,35,1,19.9443557,
38,HighTemperatureEdge,8,Coarse,0.469431970491567,1,1,1,0.469431970491543,-2.35367281220533e-14,5.68595721727588,6.3704029510203,93.6877087142624,481.566447318256,0.335486590395267,35.0000000000007,1,19.5397704,
38,HighTemperatureEdge,9,Coarse,0.487922251990362,1,1,1,0.487922251990175,-1.86572979288258e-13,5.68935466910116,6.63730782737508,100.887345727331,469.73514717418,0.335522208612077,35.0000000000003,1,20.1410925,
38,HighTemperatureEdge,10,LowerBisect,0.423206266744579,0,0,0,0.428707168710159,0.00550090196558017,5.39392846199114,5.99381106511016,85.085964536563,500.142200693068,0.350226584456157,31.0852657164245,-2,27.834952,Stage1_dP_max;Product_salinity_max;Recovery_target_mismatch
38,HighTemperatureEdge,11,LowerBisect,0.427828837119277,0,1,0,0.429098444696477,0.00126960757719963,5.39826193805443,5.99615061524794,85.1219235858611,500.000255823898,0.350000080173796,31.1440122258971,-2,19.5806736,Recovery_target_mismatch
38,HighTemperatureEdge,12,LowerBisect,0.430140122306627,1,1,1,0.430140122306627,0,5.41858935849542,5.99659844692582,84.9946551845477,500,0.34893048433028,31.4215524572095,1,18.1355596,
38,HighTemperatureEdge,13,LowerBisect,0.428984479712952,0,0,0,0.371078309854616,-0.0579061698583361,5.25681064678786,5.34360573580428,71.0091099190844,550.48811912259,0.356937128545157,29.3402674150051,0,54.4741924,Stage1_dP_max;Product_salinity_max;Recovery_target_mismatch
38,HighTemperatureEdge,14,LowerBisect,0.42956230100979,1,1,1,0.429562301009789,-7.7715611723761e-16,5.40731848726336,5.99633884883563,85.0644579675772,500.000000000001,0.349523093444093,31.2676749678272,1,18.1905167,
39,HighTemperatureEdge,1,Coarse,0.34,0,0,0,0.3999952062075,0.0599952062074997,4.06610511677068,6.01633718311845,93.4320158013064,504.166861081775,0.347726167355686,14.4639901312476,-2,32.9716298,Product_salinity_max;Recovery_target_mismatch
39,HighTemperatureEdge,2,Coarse,0.365174300817695,0,0,0,0.402252802894004,0.0370785020763091,4.02511351688648,6.07110924136614,95.6627496274033,500.077224493214,0.35000332590992,13.9206512286976,-2,30.6247161,Stage1_dP_max;Product_salinity_max;Recovery_target_mismatch
39,HighTemperatureEdge,3,Coarse,0.39034860163539,0,0,0,0.402337228120002,0.0119886264846116,4.02518965425473,6.07202019166718,95.6871068663864,500.002187205763,0.350000006067934,13.9214667156943,-2,25.0680661,Product_salinity_max;Recovery_target_mismatch
39,HighTemperatureEdge,4,Coarse,0.415522902453085,1,1,1,0.415522902453085,0,4.27787478229098,6.04761236502599,91.0003983417026,500,0.336367276328623,17.2216546986086,1,16.4947336,
39,HighTemperatureEdge,5,Coarse,0.440697203270781,1,1,1,0.440697203270782,1.16573417585641e-15,4.73275123312914,6.0455671120304,85.271181099452,499.999999999998,0.312870065906043,23.1825915065063,1,18.8944409,
39,HighTemperatureEdge,6,Coarse,0.465871504088476,1,1,1,0.465871504088475,-9.43689570931383e-16,5.14876147230865,6.10682159156006,83.234600457269,500.000000000001,0.292807865091651,28.6174549397939,1,17.6388706,
39,HighTemperatureEdge,7,Coarse,0.491045804906171,1,1,1,0.49104580490617,-5.55111512312578e-16,5.52722331679501,6.22911944650655,84.0762308193679,500.000000000001,0.275804530482622,33.5308381646137,1,18.6116311,
39,HighTemperatureEdge,8,Coarse,0.516220105723866,1,1,1,0.51622010572339,-4.76285677564192e-13,5.64395985876262,6.5332421885999,90.7125379917731,490.154065823388,0.270955803111782,34.9999999999999,1,17.5821108,
39,HighTemperatureEdge,9,Coarse,0.541394406541561,1,1,1,0.541394406540561,-1.00042196748973e-12,5.64836532372263,6.92043002776587,99.599964843085,477.427650364008,0.270996464643559,35.0000000000016,1,17.9440193,
39,HighTemperatureEdge,10,LowerBisect,0.402935752044238,1,1,1,0.402935752044236,-2.22044604925031e-15,4.03679028950432,6.07066836533579,95.4513272952486,500.000000000003,0.349367763297231,14.0724401993255,1,20.6752491,
39,HighTemperatureEdge,11,LowerBisect,0.396642176839814,0,1,0,0.402339103413242,0.00569692657342757,4.02518995471647,6.07204141021834,95.6876993919572,500.000454319357,0.350000008890168,13.9214665785666,-2,22.5418343,Recovery_target_mismatch
39,HighTemperatureEdge,12,LowerBisect,0.399788964442026,0,1,0,0.402339374780359,0.00255041033833298,4.02518999090023,6.07204448584012,95.687785404308,500.000203211925,0.350000009700182,13.9214664629884,-2,20.9070639,Recovery_target_mismatch
39,HighTemperatureEdge,13,LowerBisect,0.401362358243132,0,1,0,0.402339433956837,0.000977075713704811,4.02519000356424,6.07204515316175,95.6878039842071,500.000148681922,0.350000009614019,13.9214665004288,-2,21.0193399,Recovery_target_mismatch
39,HighTemperatureEdge,14,LowerBisect,0.402149055143685,0,1,0,0.402339604143135,0.00019054899944998,4.02519021011444,6.07204695209963,95.6878511227023,500.000000000051,0.350000000000111,13.9214688407789,-2,21.0078009,Recovery_target_mismatch
40,HighTemperatureEdge,1,Coarse,0.34,0,0,0,0.413272891314895,0.0732728913148947,4.79401917924222,6.24341969445126,91.2484736950258,523.812003488816,0.350393013440773,20.8908311990831,-2,138.8695443,Stage1_dP_max;Product_salinity_max;Recovery_target_mismatch
40,HighTemperatureEdge,2,Coarse,0.362643013408512,0,0,0,0.423697543768071,0.0610545303595583,4.79587342731882,6.37575121057783,94.9223665091759,514.452311869928,0.350409550473872,20.8906489939178,-2,130.4537613,Stage1_dP_max;Product_salinity_max;Recovery_target_mismatch
40,HighTemperatureEdge,3,Coarse,0.385286026817025,0,0,0,0.431926342737186,0.0466403159201616,4.79725762233784,6.48168005906255,97.853682256061,507.449764617916,0.350426480776854,20.8895532138682,-2,122.3941941,Stage1_dP_max;Product_salinity_max;Recovery_target_mismatch
40,HighTemperatureEdge,4,Coarse,0.407929040225537,0,0,0,0.437670672055254,0.0297416318297171,4.79815687093486,6.55645652892564,99.9180242626396,502.752827471977,0.350441654647079,20.887967488483,-2,116.5392948,Stage1_dP_max;Product_salinity_max;Recovery_target_mismatch
40,HighTemperatureEdge,5,Coarse,0.43057205363405,0,0,0,0.4415947086104,0.0110226549763504,4.80740600131405,6.60203851402982,101.058880668917,500.006063667877,0.350000343573771,20.9967315420848,-2,127.0803254,Product_salinity_max;Recovery_target_mismatch
40,HighTemperatureEdge,6,Coarse,0.453215067042562,1,1,1,0.453215067042563,7.21644966006352e-16,5.01620321377766,6.61820786660736,98.9382009906892,499.999999999999,0.339366182667635,23.6255590398446,1,17.9200517,
40,HighTemperatureEdge,7,Coarse,0.475858080451074,1,1,1,0.475858080451058,-1.59872115546023e-14,5.39769722491788,6.69121958608951,97.1169423698119,500.000000000018,0.320781922002785,28.4154700797823,1,13.6001502,
40,HighTemperatureEdge,8,Coarse,0.498501093859587,1,1,1,0.498501093859588,1.16573417585641e-15,5.74615777969764,6.81782856374069,97.8454216439398,499.999999999999,0.304791833700358,32.7671481121604,1,15.6500224,
40,HighTemperatureEdge,9,Coarse,0.521144107268099,1,1,1,0.521144107263685,-4.41369163439731e-12,5.9276825611188,7.07092423430615,103.038812112681,494.419911517234,0.296934010794165,35.0000000000122,1,12.1281412,
40,HighTemperatureEdge,10,LowerBisect,0.441893560338306,1,1,1,0.441893560338303,-2.66453525910038e-15,4.81275137569956,6.60236491207664,100.997544438942,500.000000000004,0.349724267940358,21.064046493156,1,118.9322155,
40,HighTemperatureEdge,11,LowerBisect,0.436232806986178,0,0,0,0.441597532242703,0.0053647252565257,4.80740650620227,6.60207563460112,101.059901077158,500.003845312509,0.350000347690275,20.9967315743662,-2,122.7204638,Product_salinity_max;Recovery_target_mismatch
40,HighTemperatureEdge,12,LowerBisect,0.439063183662242,0,0,0,0.441598155087553,0.00253497142531112,4.80740661587223,6.60208382394285,101.06012621662,500.003355912851,0.350000348687144,20.9967315598679,-2,123.6657707,Product_salinity_max;Recovery_target_mismatch
40,HighTemperatureEdge,13,LowerBisect,0.440478372000274,0,0,0,0.44159830950127,0.00111993750099659,4.80740667021548,6.60208583572097,101.060181162581,500.003235755708,0.350000347514932,20.9967319016659,-2,123.9276512,Product_salinity_max;Recovery_target_mismatch
40,HighTemperatureEdge,14,LowerBisect,0.44118596616929,0,0,0,0.440926926274003,-0.00025903989528675,4.8310199373026,6.57710399189479,100.061473725895,501.558878753081,0.348760775903646,21.2986073128622,-2,139.4230197,Product_salinity_max;Recovery_target_mismatch
41,HighTemperatureEdge,1,Coarse,0.34,0,0,0,0.39639269959,0.0563926995899999,3.46194548395187,6.19916460537307,95.5200636228444,553.348145588958,0.303637073368852,6.24354667305982,-2,44.3938455,Product_salinity_max;Recovery_target_mismatch
41,HighTemperatureEdge,2,Coarse,0.368954888304164,0,0,0,0.4342789036643,0.0653240153601369,3.46194548395187,6.61993275639236,106.226184010377,517.967627200049,0.303926730717094,6.17643726858959,-2,43.6923152,Product_salinity_max;Recovery_target_mismatch
41,HighTemperatureEdge,3,Coarse,0.397909776608327,0,0,0,0.446084219020003,0.0481744424116761,3.46194548395187,6.75654552856454,109.674019453843,508.48217986877,0.304016039119113,6.15574051444628,-2,42.793002,Product_salinity_max;Recovery_target_mismatch
41,HighTemperatureEdge,4,Coarse,0.426864664912491,0,0,0,0.454123138854842,0.0272584739423512,3.46194548395187,6.8512384164647,112.055645281094,502.397802841086,0.304076585074379,6.1417078799782,-2,40.3603572,Product_salinity_max;Recovery_target_mismatch
41,HighTemperatureEdge,5,Coarse,0.455819553216654,0,1,0,0.457401869104139,0.00158231588748492,3.46194548395187,6.89026449458402,113.035220549859,500.000000273052,0.30410121535605,6.13599903039246,-2,23.6110841,Recovery_target_mismatch
41,HighTemperatureEdge,6,Coarse,0.484774441520818,1,1,1,0.484774441520817,-7.7715611723761e-16,3.82399544816886,7.01286033304276,109.001663497149,500.000000000001,0.287976684333465,10.310860886192,1,28.1017774,
41,HighTemperatureEdge,7,Coarse,0.513729329824981,1,1,1,0.513729329824981,-4.44089209850063e-16,4.18162140819671,7.17986805640672,106.702404556296,500,0.271781753401389,14.6151333199314,1,25.1382502,
41,HighTemperatureEdge,8,Coarse,0.542684218129144,1,1,1,0.542684218129164,1.94289029309402e-14,4.49611875123149,7.41475475775111,107.204560853653,499.999999999979,0.258045849728125,18.4305210407026,1,21.0611678,
41,HighTemperatureEdge,9,Coarse,0.571639106433308,0,0,0,0.557434288214779,-0.0142048182185286,4.65344802461378,7.55519944807695,108.091996646067,500.719934611252,0.251411735561351,20.3403250069305,-2,39.1332361,Product_salinity_max;Recovery_target_mismatch
41,HighTemperatureEdge,10,LowerBisect,0.470296997368736,1,1,1,0.470296997368736,6.10622663543836e-16,3.63349153973621,6.94706992158911,111.04049001554,500,0.296608595853045,8.07229459305131,1,22.6390274,
41,HighTemperatureEdge,11,LowerBisect,0.463058275292695,1,1,1,0.463058275292692,-2.60902410786912e-15,3.53709414072397,6.9155194735254,112.164320656591,500.000000000005,0.300873198003167,6.97110291777387,1,20.7991118,
41,HighTemperatureEdge,12,LowerBisect,0.459438914254674,1,1,1,0.459438914254674,-3.33066907387547e-16,3.48895845454394,6.89947626159378,112.725010363621,500.000000000001,0.302953120157773,6.43335049674195,1,20.95839,
41,HighTemperatureEdge,13,LowerBisect,0.457629233735664,1,1,1,0.457629233735665,9.43689570931383e-16,3.46495678549779,6.89130078437444,113.000867281591,499.999999999999,0.30397398954214,6.16897331477029,1,21.8197059,
41,HighTemperatureEdge,14,LowerBisect,0.456724393476159,0,1,0,0.457401869469083,0.000677475992923449,3.46194548395187,6.89026449894119,113.035220659162,500.00000000881,0.304101215358785,6.13599902975751,-2,23.3304655,Recovery_target_mismatch
41,HighTemperatureEdge,15,UpperBisect,0.557161662281226,1,1,1,0.557161662281226,-3.33066907387547e-16,4.63542181027967,7.56059573798454,108.448902561961,500.000000000001,0.252174774974616,20.1186915652686,1,22.8456452,
41,HighTemperatureEdge,16,UpperBisect,0.564400384357267,0,0,0,0.557753929919286,-0.00664645443798162,4.6535995700375,7.56014423655726,108.19606006531,500.590870475684,0.251407894910757,20.3415446396482,-2,38.2848017,Product_salinity_max;Recovery_target_mismatch
41,HighTemperatureEdge,17,UpperBisect,0.560781023319247,0,0,0,0.557681085492377,-0.00309993782687001,4.64993300350314,7.56096382761165,108.262467883463,500.451763437576,0.251562770020014,20.2965009459207,-2,37.2609434,Product_salinity_max;Recovery_target_mismatch
41,HighTemperatureEdge,18,UpperBisect,0.558971342800237,0,0,0,0.557652217536746,-0.00131912526349054,4.64865621192612,7.56119457066224,108.284449646777,500.404820620655,0.25161669531228,20.2808224910184,-2,48.8435873,Product_salinity_max;Recovery_target_mismatch
41,HighTemperatureEdge,19,UpperBisect,0.558066502540731,1,1,1,0.557986005463791,-8.04970769403557e-05,4.64299016250231,7.56948441026696,108.538204472179,500.000440272592,0.251859873061883,20.2103086855425,-2,31.506928,
42,HighTemperatureEdge,1,Coarse,0.34,0,0,0,0.404922765774371,0.0649227657743711,5.19935587493562,5.93509703712466,83.4948650566506,518.275963950747,0.363811702167972,26.9707764739756,-2,41.6059627,Stage1_dP_max;Product_salinity_max;Recovery_target_mismatch
42,HighTemperatureEdge,2,Coarse,0.358978812492923,0,0,0,0.395915999354796,0.0369371868618733,5.45750094752328,5.63132934710727,74.9767360133167,538.351955857213,0.350080054080374,30.4059815655065,-2,46.1649013,Stage1_dP_max;Product_salinity_max;Recovery_target_mismatch
42,HighTemperatureEdge,3,Coarse,0.377957624985846,0,0,0,0.427736373783406,0.0497787487975599,5.4607052463307,6.05754779309927,84.9533917789601,508.924873857438,0.350280225154961,30.3700234543796,-2,38.7582929,Stage1_dP_max;Product_salinity_max;Recovery_target_mismatch
42,HighTemperatureEdge,4,Coarse,0.396936437478769,0,0,0,0.433122309985084,0.0361858725063154,5.46159323521749,6.1304821018326,86.9906704056412,504.437120408521,0.350295860195812,30.3685786083553,-2,37.9564236,Stage1_dP_max;Product_salinity_max;Recovery_target_mismatch
42,HighTemperatureEdge,5,Coarse,0.415915249971692,0,0,0,0.438275040131678,0.0223597901599857,5.46678399849451,6.19777241210564,88.8356467742511,500.447938289543,0.350086270970449,30.4245196951212,-2,37.2412057,Stage1_dP_max;Product_salinity_max;Recovery_target_mismatch
42,HighTemperatureEdge,6,Coarse,0.434894062464615,0,0,0,0.43837215149172,0.00347808902710561,5.46225683428614,6.2021239775319,88.9898061546855,500.180048685129,0.350321435505714,30.3645278458463,-2,37.0624153,Stage1_dP_max;Product_salinity_max;Recovery_target_mismatch
42,HighTemperatureEdge,7,Coarse,0.453872874957538,1,1,1,0.453872874957537,-6.66133814775094e-16,5.74777290161453,6.23295198565219,88.1051265549414,500.000000000001,0.336062637288034,34.088628517878,1,27.3883734,
42,HighTemperatureEdge,8,Coarse,0.472851687450461,1,1,1,0.472851687450271,-1.90181204118289e-13,5.82064616025348,6.46396620848814,93.9542662648823,489.425479146651,0.332694952308583,34.9999999999998,1,25.1697456,
42,HighTemperatureEdge,9,Coarse,0.491830499943384,1,1,1,0.491830499942599,-7.85038700712448e-13,5.82416119421541,6.74714333896738,101.46644335116,477.333255368346,0.332731220740677,34.9999999999974,1,25.8687228,
42,HighTemperatureEdge,10,LowerBisect,0.444383468711076,1,1,1,0.444383468711076,-3.88578058618805e-16,5.57216983338554,6.21285196467845,88.5436436416355,500,0.344754395908314,31.7997090684833,1,26.5293808,
42,HighTemperatureEdge,11,LowerBisect,0.439638765587846,1,1,1,0.439638765587836,-9.2148511043888e-15,5.48221985489653,6.20632211506777,88.9644261278902,500.000000000013,0.349305013334856,30.6249117211065,1,24.4609859,
42,HighTemperatureEdge,12,LowerBisect,0.43726641402623,0,0,0,0.438398608285768,0.00113219425953798,5.46224483650576,6.20249633128238,89.0002986207979,500.158261909569,0.350322357592898,30.3643049838815,-2,36.5415313,Stage1_dP_max;Product_salinity_max;Recovery_target_mismatch
42,HighTemperatureEdge,13,LowerBisect,0.438452589807038,0,0,0,0.438925624497567,0.000473034690529506,5.4685938952371,6.20553442830043,89.0394607566292,500.000837371049,0.350000157411965,30.4468217792287,-2,27.9228767,Product_salinity_max;Recovery_target_mismatch
42,HighTemperatureEdge,14,LowerBisect,0.439045677697442,1,1,1,0.439045677697458,1.65423230669148e-14,5.4708734454398,6.20567427198724,89.0270274108092,499.999999999971,0.349883766986816,30.4766154757597,1,24.5769247,
43,KnownFeasibleAnchor,1,Coarse,0.34,0,0,0,0.407688252669983,0.0676882526699835,5.54500240853803,5.65266670142385,76.1599256907678,519.487910794895,0.350597254437666,29.9679540331095,-2,39.0254494,Stage1_dP_max;Product_salinity_max;Recovery_target_mismatch
43,KnownFeasibleAnchor,2,Coarse,0.359532626813165,0,0,0,0.415567356547997,0.0560347297348319,5.54641065194262,5.76286658974297,77.4506777492609,512.402059483672,0.350612460068572,29.9676756760889,-2,39.1291232,Stage1_dP_max;Product_salinity_max;Recovery_target_mismatch
43,KnownFeasibleAnchor,3,Coarse,0.379065253626331,0,0,0,0.422073611928074,0.0430083583017434,5.54746786456566,5.8542509613382,78.7506892629656,506.762887644786,0.350630003932367,29.9662060009791,-2,37.5313924,Stage1_dP_max;Product_salinity_max;Recovery_target_mismatch
43,KnownFeasibleAnchor,4,Coarse,0.398597880439496,0,0,0,0.426794033520605,0.0281961530811086,5.54814547268622,5.92086226236057,80.5644232973437,502.788181856843,0.350646991879866,29.9640825852446,-2,35.9798731,Stage1_dP_max;Product_salinity_max;Recovery_target_mismatch
43,KnownFeasibleAnchor,5,Coarse,0.418130507252662,0,0,0,0.429386816608085,0.0112563093554234,5.54841963723768,5.95762526693145,81.5651348699198,500.643460580215,0.350661058185881,29.9617439281596,-2,34.2286458,Stage1_dP_max;Product_salinity_max;Recovery_target_mismatch
43,KnownFeasibleAnchor,6,Coarse,0.437663134065827,0,1,0,0.437771373329539,0.000108239263711896,5.6882971219743,5.97557211499575,81.3856533081003,499.381538871226,0.344014398263315,31.6248264599422,0,67.2666962,Recovery_target_mismatch
43,KnownFeasibleAnchor,7,Coarse,0.457195760878992,1,1,1,0.457195760879224,2.31425989483114e-13,5.86012050255242,6.14011445279016,85.1064641934909,491.396311305496,0.336134967422548,33.6438038334247,0,62.4310308,
43,KnownFeasibleAnchor,8,Coarse,0.476728387692158,1,1,1,0.476728387695127,2.96906943475506e-12,5.97694093607102,6.35873286537085,90.4285595247317,482.509428342657,0.330960360946879,34.9999999999278,1,16.455227,
43,KnownFeasibleAnchor,9,Coarse,0.496261014505323,1,1,1,0.496261014505325,1.22124532708767e-15,5.98047322233473,6.66468672036668,98.295781525439,470.594748206187,0.330996222376188,35,1,17.1389331,
43,KnownFeasibleAnchor,10,LowerBisect,0.44742944747241,1,1,1,0.447429447472405,-4.32986979603811e-15,5.77271120463109,6.0563208157916,83.2043224491801,495.20642233147,0.340118590054106,32.6170468777509,2,66.4739967,
43,KnownFeasibleAnchor,11,LowerBisect,0.442546290769118,0,1,0,0.442661028823381,0.000114738054262986,5.73078827588847,6.01619890432053,82.2988087323016,497.2163229206,0.342047402650252,32.1243524819512,0,67.9036621,Recovery_target_mismatch
43,KnownFeasibleAnchor,12,LowerBisect,0.444987869120764,1,1,1,0.44498786912074,-2.41473507855972e-14,5.75118688817301,6.03571261305903,82.7388048697463,496.223206201422,0.341107415876752,32.3641045439168,0,66.9395951,
43,KnownFeasibleAnchor,13,LowerBisect,0.443767079944941,1,1,1,0.443767082320163,2.37522207457985e-09,5.74048376561413,6.02545008831042,82.5075345861384,496.741806161216,0.341600261317436,32.2383148069248,0,64.2296701,
43,KnownFeasibleAnchor,14,LowerBisect,0.44315668535703,0,1,0,0.443272814556611,0.00011612919958115,5.73613464531507,6.0213222615145,82.4141441612667,496.952672396251,0.341800773821883,32.187192267119,0,63.6487943,Recovery_target_mismatch
44,KnownFeasibleAnchor,1,Coarse,0.34,0,0,0,0.427272423438679,0.0872724234386793,4.28662852730934,7.72755377028284,127.181781112869,510.787292506909,0.378192022121651,10.4682062491292,-2,33.9152592,Stage1_dP_max;Product_salinity_max;Recovery_target_mismatch
44,KnownFeasibleAnchor,2,Coarse,0.367553741083661,0,0,0,0.352116111087975,-0.0154376299956862,5.08885710609112,5.78377392637766,67.2591450644291,620.318317745534,0.346186074005118,17.1065323919561,-2,22.8172951,Product_salinity_max;Recovery_target_mismatch
44,KnownFeasibleAnchor,3,Coarse,0.395107482167322,0,0,0,0.457981336777844,0.0628738546105223,4.99642692792949,7.58562292802837,113.052910663232,511.23938084205,0.350531020798119,16.202812203064,-2,36.1049148,Stage1_dP_max;Product_salinity_max;Recovery_target_mismatch
44,KnownFeasibleAnchor,4,Coarse,0.422661223250983,0,0,0,0.467491946506563,0.0448307232555794,4.99807907390379,7.74979205132111,117.064921979635,504.750447054383,0.350540135360736,16.2033391390244,-2,32.3750872,Stage1_dP_max;Product_salinity_max;Recovery_target_mismatch
44,KnownFeasibleAnchor,5,Coarse,0.450214964334644,0,0,0,0.473107145780322,0.0228921814456776,5.01314157819116,7.83513992755597,118.966104040655,501.553908854901,0.350007092063547,16.3186879122027,-2,31.0435522,Stage1_dP_max;Product_salinity_max;Recovery_target_mismatch
44,KnownFeasibleAnchor,6,Coarse,0.477768705418305,1,1,1,0.477768705418306,1.0547118733939e-15,5.05701196317587,7.87845249325185,119.476504801965,499.999999999999,0.348370463701944,16.6705330821921,1,17.0490003,
44,KnownFeasibleAnchor,7,Coarse,0.505322446501966,1,1,1,0.505322446501966,-4.44089209850063e-16,5.56051130518852,7.9412777442156,115.586008692322,500.000000000001,0.329896550686707,20.7407486005995,1,20.6834134,
44,KnownFeasibleAnchor,8,Coarse,0.532876187585627,1,1,1,0.532876187585628,9.99200722162641e-16,5.99472247526805,8.11418692966926,116.113571781779,499.999999999999,0.3147763957222,24.2343959732787,1,12.5692843,
44,KnownFeasibleAnchor,9,Coarse,0.560429928669288,0,0,0,0.532111556598264,-0.0283183720710247,6.88298665519583,7.39872073040106,97.4104168377985,530.060450469405,0.285774757675466,31.4098460850472,-2,34.5951323,Product_salinity_max;Recovery_target_mismatch
44,KnownFeasibleAnchor,10,LowerBisect,0.463991834876475,0,0,0,0.474964161529495,0.0109723266530202,5.01343694694532,7.867809805179,119.761014688516,500.372717702245,0.350009848671628,16.3185803076351,-2,32.8271723,Stage1_dP_max;Product_salinity_max;Recovery_target_mismatch
44,KnownFeasibleAnchor,11,LowerBisect,0.47088027014739,0,0,0,0.475422095098426,0.004541824951036,5.01350948292133,7.8758816293972,119.957336912628,500.083598148595,0.35001053791241,16.3185516782471,-2,23.9247276,Stage1_dP_max;Product_salinity_max;Recovery_target_mismatch
44,KnownFeasibleAnchor,12,LowerBisect,0.474324487782848,0,1,0,0.475569138719658,0.00124465093681042,5.01381454210515,7.87822022006081,120.010617617731,500.000005760902,0.350000000125497,16.3208428941524,-2,15.6177222,Recovery_target_mismatch
44,KnownFeasibleAnchor,13,LowerBisect,0.476046596600576,1,1,1,0.476046596600577,3.33066907387547e-16,5.02322860738922,7.87821123915733,119.891662958166,499.999999999999,0.349644301290949,16.3970533262054,1,16.3163981,
44,KnownFeasibleAnchor,14,LowerBisect,0.475185542191712,0,1,0,0.475569142142653,0.000383599950941282,5.01381454308213,7.87822028004141,120.010619070809,500.000003618947,0.350000000114044,16.3208428974889,-2,15.3538086,Recovery_target_mismatch
44,KnownFeasibleAnchor,15,UpperBisect,0.546653058127458,1,1,1,0.546653058127457,-7.7715611723761e-16,6.18624009790516,8.24112636069234,117.72867446543,500.000000000001,0.308355252534254,25.7682964343922,1,14.8671522,
44,KnownFeasibleAnchor,16,UpperBisect,0.553541493398373,0,0,0,0.553246432938238,-0.000295060460134722,6.28629298051473,8.29999999999933,118.455584503904,500.462654951464,0.305054141595741,26.5691534205102,-2,30.4587055,Product_salinity_max;Recovery_target_mismatch
44,KnownFeasibleAnchor,17,UpperBisect,0.550097275762915,1,1,1,0.550097275762916,4.44089209850063e-16,6.23146677378562,8.2770443383781,118.256501708118,500,0.306861419643445,26.1297803872496,1,14.2973638,
44,KnownFeasibleAnchor,18,UpperBisect,0.551819384580644,1,1,1,0.551819384580644,0,6.25368184852702,8.29563039566294,118.538132235408,500,0.306130829446523,26.3072277055759,1,14.9866685,
44,KnownFeasibleAnchor,19,UpperBisect,0.552680438989509,0,0,0,0.552391151499914,-0.000289287489594892,6.27221196067793,8.29304423722783,118.380212346654,500.360168232725,0.305516839629107,26.4564004983487,-2,30.4973096,Product_salinity_max;Recovery_target_mismatch
45,KnownFeasibleAnchor,1,Coarse,0.34,0,0,0,0.404885966731935,0.064885966731935,4.74359376336276,5.97636567899737,86.9786314693284,518.707300282507,0.350412200203102,22.4896193398441,-2,37.3262288,Stage1_dP_max;Product_salinity_max;Recovery_target_mismatch
45,KnownFeasibleAnchor,2,Coarse,0.361420514731962,0,0,0,0.413544159513654,0.0521236447816921,4.74507906877843,6.07997801034275,89.9337557739306,510.661730746842,0.350429609466991,22.4886890281117,-2,36.5069562,Stage1_dP_max;Product_salinity_max;Recovery_target_mismatch
45,KnownFeasibleAnchor,3,Coarse,0.382841029463923,0,0,0,0.42406123421855,0.0412202047546264,4.75253069863296,6.20383509586869,93.3808292706342,501.671852089571,0.350135732966395,22.5663947129689,-2,36.862247,Stage1_dP_max;Product_salinity_max;Recovery_target_mismatch
45,KnownFeasibleAnchor,4,Coarse,0.404261544195885,0,0,0,0.424106325530382,0.0198447813344978,4.74670750113599,6.20818581050655,93.5792739836195,501.366788920305,0.350460705279454,22.4850747369382,-2,34.0812854,Stage1_dP_max;Product_salinity_max;Recovery_target_mismatch
45,KnownFeasibleAnchor,5,Coarse,0.425682058927846,0,0,0,0.425524308287204,-0.000157750640642662,4.8104731414699,6.18429651746399,92.1052735925081,503.064168163416,0.346939212237256,23.3707398488877,-2,43.8035163,Product_salinity_max;Recovery_target_mismatch
45,KnownFeasibleAnchor,6,Coarse,0.447102573659808,1,1,1,0.447102573659809,8.88178419700125e-16,5.13269364251817,6.25538353983839,90.6290458724918,499.999999999998,0.329829361118655,27.8050035627479,1,24.2460995,
45,KnownFeasibleAnchor,7,Coarse,0.468523088391769,1,1,1,0.46852308839178,1.08246744900953e-14,5.49099658337545,6.32883449733928,89.7600999406167,499.999999999986,0.311826256347315,32.724087800115,1,17.5337606,
45,KnownFeasibleAnchor,8,Coarse,0.489943603123731,1,1,1,0.489943603123693,-3.81361608958741e-14,5.65951913286281,6.53665510178508,94.1051813155933,492.947330817798,0.303866522425686,34.9999999999993,1,17.8792292,
45,KnownFeasibleAnchor,9,Coarse,0.511364117855692,1,1,1,0.511364117855486,-2.06945571790129e-13,5.66343750204513,6.85162167143072,102.073840019978,480.287505532809,0.303905225316241,35,1,18.4614291,
45,KnownFeasibleAnchor,10,LowerBisect,0.436392316293827,1,1,1,0.436392316293826,-6.10622663543836e-16,4.94309367353547,6.23576667362174,92.0193309669178,500.000000000001,0.339813328090809,25.1921716625869,1,21.5098002,
45,KnownFeasibleAnchor,11,LowerBisect,0.431037187610837,1,1,1,0.431037187610826,-1.0769163338864e-14,4.84561544188453,6.23034889886836,92.9858129524115,500.000000000013,0.345066927131207,23.8469486443831,1,21.2163244,
45,KnownFeasibleAnchor,12,LowerBisect,0.428359623269341,1,1,1,0.428359623269353,1.12687636999453e-14,4.79620184903449,6.22874549198868,93.5410522468547,499.999999999977,0.347760670668214,23.164672865904,1,20.9530485,
45,KnownFeasibleAnchor,13,LowerBisect,0.427020841098594,1,1,1,0.427020841098608,1.37112543541207e-14,4.77132631516725,6.22822022968321,93.8371770029309,499.999999999985,0.349124409595611,22.8211354568345,1,21.699924,
45,KnownFeasibleAnchor,14,LowerBisect,0.42635145001322,1,1,1,0.426351450013195,-2.50355292052973e-14,4.7588463939581,6.22802663657035,93.989926735535,500.000000000019,0.349810506799353,22.648769956768,1,21.7846916,
46,KnownFeasibleAnchor,1,Coarse,0.34,0,0,0,0.430348796107544,0.0903487961075437,3.9161368901349,7.56108303878917,124.930795080286,531.737205753164,0.34920384817504,7.7153738081299,-2,33.134515,Product_salinity_max;Recovery_target_mismatch
46,KnownFeasibleAnchor,2,Coarse,0.366578675977654,0,0,0,0.445548464873245,0.0789697888955915,3.91972971230523,7.78055540266578,130.472368200738,519.635255861722,0.349173851356427,7.72522878124619,-2,35.0686589,Product_salinity_max;Recovery_target_mismatch
46,KnownFeasibleAnchor,3,Coarse,0.393157351955307,0,0,0,0.458242179386621,0.0650848274313142,3.92281863193278,7.96795645762393,135.182636942696,510.368931499531,0.349144656221096,7.7343530549948,-2,34.8914447,Product_salinity_max;Recovery_target_mismatch
46,KnownFeasibleAnchor,4,Coarse,0.419736027932961,0,0,0,0.468154556764092,0.0484185288311315,3.9253890981667,8.11701400876949,138.912747796973,503.636250922409,0.349115044512299,7.74296203851983,-2,35.3509944,Product_salinity_max;Recovery_target_mismatch
46,KnownFeasibleAnchor,5,Coarse,0.446314703910615,0,0,0,0.472388118649357,0.0260734147387423,3.90448582716157,8.19847912295501,141.404684213475,500.007901731432,0.349998588290089,7.55028917374623,-2,28.0948724,Product_salinity_max;Recovery_target_mismatch
46,KnownFeasibleAnchor,6,Coarse,0.472893379888268,1,1,1,0.472893379888308,4.00235400377369e-14,3.91247066010176,8.20014364560449,141.282385352305,499.999999999928,0.349677430775861,7.62075153347789,1,17.4347622,
46,KnownFeasibleAnchor,7,Coarse,0.499472055865922,1,1,1,0.499472055865923,1.33226762955019e-15,4.33486235148291,8.2905485543382,135.313257779256,499.999999999998,0.332470709894324,11.4323799115935,1,18.4359711,
46,KnownFeasibleAnchor,8,Coarse,0.526050731843575,0,0,1,0.526050683102845,-4.87407300076015e-08,4.90143904674432,8.3,126.391129217128,506.647723894635,0.309801505367285,16.6632273240944,-2,16.6825441,Product_salinity_max
46,KnownFeasibleAnchor,9,Coarse,0.552629407821229,0,0,0,0.539017434216614,-0.0136119736046146,5.21241218725435,8.3,122.355224183045,511.833831964612,0.297888735405865,19.5449101396935,-2,14.1994155,Product_salinity_max;Recovery_target_mismatch
46,KnownFeasibleAnchor,10,LowerBisect,0.459604041899441,0,0,0,0.472343519977608,0.0127394780781667,3.90448083168851,8.19779269042459,141.387398794791,500.036656773087,0.349998455822761,7.55030873913855,-2,28.5542515,Product_salinity_max;Recovery_target_mismatch
46,KnownFeasibleAnchor,11,LowerBisect,0.466248710893855,0,1,0,0.472398249647438,0.00614953875358326,3.90445303659639,8.19866121011425,141.409972617177,500.000010946366,0.349999998257494,7.54998245954206,-2,44.8053228,Recovery_target_mismatch
46,KnownFeasibleAnchor,12,LowerBisect,0.469571045391061,0,1,0,0.472397873355639,0.00282682796457789,3.90445299053817,8.19865542116919,141.409826924955,500.0002533529,0.349999997298914,7.54998258977321,-2,16.818425,Recovery_target_mismatch
46,KnownFeasibleAnchor,13,LowerBisect,0.471232212639665,0,1,0,0.472397616966946,0.00116540432728135,3.90445295552877,8.19865147963469,141.409727802321,500.000418372985,0.349999996793326,7.54998264618793,-2,17.8870481,Recovery_target_mismatch
46,KnownFeasibleAnchor,14,LowerBisect,0.472062796263967,0,1,0,0.472397493478263,0.00033469721429652,3.90445293683468,8.19864958262164,141.409680133809,500.000497780971,0.349999996624316,7.54998265703758,-2,17.7993784,Recovery_target_mismatch
46,KnownFeasibleAnchor,15,UpperBisect,0.512761393854749,0,0,1,0.512761393853481,-1.26754162721454e-12,4.60404644359293,8.3,130.904383965712,502.600723442463,0.321569950354502,13.910721048639,-2,34.0090301,Product_salinity_max
46,KnownFeasibleAnchor,16,UpperBisect,0.506116724860335,0,0,0,0.505179448492224,-0.000937276368111695,4.4549028660163,8.28982942604299,133.16509841554,501.236442368157,0.32758362748165,12.5357538585698,-2,30.109225,Product_salinity_max;Recovery_target_mismatch
46,KnownFeasibleAnchor,17,UpperBisect,0.502794390363128,0,0,0,0.501741384548377,-0.00105300581475098,4.40734552157243,8.2704229146633,133.526439788145,501.400669454434,0.329506594672352,12.0999072051809,-2,36.087555,Product_salinity_max;Recovery_target_mismatch
46,KnownFeasibleAnchor,18,UpperBisect,0.501133223114525,1,1,1,0.50113322311452,-5.32907051820075e-15,4.3602356665542,8.2977508106621,135.02964923337,500.000000000008,0.331438648994209,11.6645347446619,1,15.063287,
46,KnownFeasibleAnchor,19,UpperBisect,0.501963806738827,0,0,0,0.500881248384216,-0.00108255835461113,4.39536036575878,8.26572302956577,133.624014316453,501.443015974809,0.329992133821388,11.9901550522409,-2,36.0576809,Product_salinity_max;Recovery_target_mismatch
47,KnownFeasibleAnchor,1,Coarse,0.34,0,0,0,0.402325374195169,0.0623253741951688,3.52618451754603,6.47652795326106,109.35702541755,518.619787909393,0.343158285647028,6.36352236782913,-2,36.4456163,Product_salinity_max;Recovery_target_mismatch
47,KnownFeasibleAnchor,2,Coarse,0.367737122905028,0,0,0,0.413236889196594,0.0454997662915662,3.52618451754603,6.59943525305805,112.735818178271,508.510283567358,0.343250218304471,6.34319408649149,-2,37.5531726,Product_salinity_max;Recovery_target_mismatch
47,KnownFeasibleAnchor,3,Coarse,0.395474245810056,0,0,0,0.422980822405943,0.0275065765958874,3.52618451754603,6.71096145375417,115.791958726289,500.021663299336,0.343331954359725,6.32511770713682,-2,30.2254491,Product_salinity_max;Recovery_target_mismatch
47,KnownFeasibleAnchor,4,Coarse,0.423211368715084,1,1,1,0.423211368715083,-5.55111512312578e-16,3.52936652853971,6.71180414538258,115.748157017735,500.000000000001,0.34318673731471,6.36115141438045,1,18.685289,
47,KnownFeasibleAnchor,5,Coarse,0.450948491620112,1,1,1,0.450948491620113,1.49880108324396e-15,3.96746495063132,6.7697401452385,108.51877824839,499.999999999998,0.321841886411485,11.6305974024715,1,22.8028742,
47,KnownFeasibleAnchor,6,Coarse,0.47868561452514,1,1,1,0.478685614525139,-1.0547118733939e-15,4.38554639498157,6.85623834177625,103.628008347076,500.000000000001,0.301255800653782,16.8718133209131,1,17.6744689,
47,KnownFeasibleAnchor,7,Coarse,0.506422737430168,1,1,1,0.506422737430169,1.22124532708767e-15,4.76279700328191,7.00774496813902,102.106438895485,499.999999999999,0.283544219005067,21.6262812200121,1,18.1803215,
47,KnownFeasibleAnchor,8,Coarse,0.534159860335195,1,1,1,0.534159860335196,7.7715611723761e-16,5.09563443010324,7.23038612324304,103.524216721399,499.999999999999,0.268798544201747,25.8068937006888,1,21.6892097,
47,KnownFeasibleAnchor,9,Coarse,0.561896983240223,0,0,0,0.54834695144843,-0.0135500317917934,5.26060090708181,7.36586504648665,104.956220480041,500.547490363675,0.261804460819723,27.8717704427712,-2,30.0524701,Product_salinity_max;Bulk_brine_concentration_max;Recovery_target_mismatch
47,KnownFeasibleAnchor,10,LowerBisect,0.40934280726257,0,0,0,0.423004723475827,0.0136619162132574,3.52618451754603,6.71123715093999,115.799502008005,500.00144060705,0.343332154429003,6.32507345749064,-2,23.2091615,Product_salinity_max;Recovery_target_mismatch
47,KnownFeasibleAnchor,11,LowerBisect,0.416277087988827,0,1,0,0.423006321514363,0.00672923352553573,3.52618451754603,6.71125558458275,115.800006364241,500.000088609387,0.34333216780567,6.32507049895111,-2,18.5923047,Recovery_target_mismatch
47,KnownFeasibleAnchor,12,LowerBisect,0.419744228351955,0,1,0,0.423006420386095,0.00326219203413936,3.52618451754603,6.71125672508632,115.800037569139,500.000004960792,0.343332168633296,6.32507031590433,-2,18.6544816,Recovery_target_mismatch
47,KnownFeasibleAnchor,13,LowerBisect,0.42147779853352,0,1,0,0.423006425968304,0.00152862743478471,3.52618451754603,6.71125678947814,115.800039330939,500.000000238069,0.343332168680018,6.32507030556967,-2,18.7325863,Recovery_target_mismatch
47,KnownFeasibleAnchor,14,LowerBisect,0.422344583624302,0,1,0,0.423006426240124,0.000661842615822417,3.52618451754603,6.71125679261364,115.800039416729,500.000000008101,0.343332168682296,6.32507030506639,-2,18.5510635,Recovery_target_mismatch
47,KnownFeasibleAnchor,15,UpperBisect,0.548028421787709,1,1,1,0.54802842178771,9.99200722162641e-16,5.2451299067656,7.36872283628483,105.164681126159,499.999999999999,0.26246045585423,27.6761064205465,1,16.0432217,
47,KnownFeasibleAnchor,16,UpperBisect,0.554962702513966,0,0,0,0.548184758424594,-0.00677794408937193,5.25095946901985,7.36822250113221,105.09869524822,500.189307562428,0.262213374077808,27.7497591079111,-2,28.2634955,Product_salinity_max;Bulk_brine_concentration_max;Recovery_target_mismatch
47,KnownFeasibleAnchor,17,UpperBisect,0.551495562150838,0,0,0,0.548135892720627,-0.00335966943021071,5.24824962172257,7.36883461272284,105.137770170897,500.090201331631,0.262328405133093,27.7154703796441,-2,26.8478013,Product_salinity_max;Recovery_target_mismatch
47,KnownFeasibleAnchor,18,UpperBisect,0.549761991969274,0,0,0,0.54811936854477,-0.00164262342450394,5.24743701711354,7.36898846252066,105.148840169609,500.061357355866,0.262362894281971,27.7051920340614,-2,26.1299414,Product_salinity_max;Recovery_target_mismatch
47,KnownFeasibleAnchor,19,UpperBisect,0.548895206878492,0,0,0,0.548113060112724,-0.000782146765767266,5.2471679660687,7.36902605028635,105.152209870457,500.052197787616,0.262374307321039,27.7017907185878,-2,26.5910383,Product_salinity_max;Recovery_target_mismatch
48,KnownFeasibleAnchor,1,Coarse,0.34,0,0,0,0.404912540481264,0.0649125404812639,3.86351055723301,6.39969677525776,103.968338933458,513.629097978661,0.349016458076648,10.4235320914648,-2,34.2150728,Product_salinity_max;Recovery_target_mismatch
48,KnownFeasibleAnchor,2,Coarse,0.367261586469012,0,0,0,0.41507927895281,0.0478176924837976,3.86616410810393,6.51746597840589,107.1781759039,504.472492342558,0.348977373218195,10.4353500125195,-2,34.3953383,Product_salinity_max;Recovery_target_mismatch
48,KnownFeasibleAnchor,3,Coarse,0.394523172938025,0,1,0,0.421428329319567,0.0269051563815424,3.8681705694045,6.59170434265791,109.189057618924,499.045294401846,0.348934773843602,10.4470260602164,-2,34.1554692,Recovery_target_mismatch
48,KnownFeasibleAnchor,4,Coarse,0.421784759407037,1,1,1,0.421784759407034,-3.27515792264421e-15,3.89457229658187,6.57782414918803,108.296097354454,500.000000000004,0.34757369224679,10.7689900981252,1,19.746231,
48,KnownFeasibleAnchor,5,Coarse,0.449046345876049,1,1,1,0.44904634587605,6.10622663543836e-16,4.37105889858578,6.58675904569346,100.34259114545,499.999999999999,0.323383100253114,16.6248289738874,1,17.160485,
48,KnownFeasibleAnchor,6,Coarse,0.476307932345062,1,1,1,0.476307932345062,8.88178419700125e-16,4.80764152956939,6.65928622999415,96.4114087294186,499.999999999999,0.302264384069511,22.0322791379564,1,17.9635983,
48,KnownFeasibleAnchor,7,Coarse,0.503569518814074,1,1,1,0.503569518814075,7.7715611723761e-16,5.19896369958637,6.80482100808043,96.0398429290319,499.999999999999,0.284504871076074,26.8640796790225,1,16.9117677,
48,KnownFeasibleAnchor,8,Coarse,0.530831105283086,1,1,1,0.530831105283086,-6.66133814775094e-16,5.54539377534933,7.02254362872134,98.4804427881548,500.000000000001,0.269762316125579,31.114923198271,1,19.5079136,
48,KnownFeasibleAnchor,9,Coarse,0.558092691752099,0,0,0,0.55093215600071,-0.00716053575138809,5.77503679895897,7.22738088086013,101.682954887338,500.122059161575,0.260498986783175,33.9151446953427,-2,29.6946561,Product_salinity_max;Recovery_target_mismatch
48,KnownFeasibleAnchor,10,LowerBisect,0.408153966172531,0,0,0,0.419096823899335,0.010942857726804,3.84711488575192,6.57829551480209,109.229830313434,500.038666090655,0.34999923464304,10.1950199813273,-2,28.0629804,Product_salinity_max;Recovery_target_mismatch
48,KnownFeasibleAnchor,11,LowerBisect,0.414969362789784,0,0,0,0.419088863944569,0.0041195011547851,3.84711397475229,6.57820128195605,109.227243368049,500.045497699332,0.349999205388692,10.1950248862067,-2,29.2273933,Product_salinity_max;Recovery_target_mismatch
48,KnownFeasibleAnchor,12,LowerBisect,0.41837706109841,0,1,0,0.419141081695693,0.000764020597282866,3.84711000436214,6.57882628759435,109.244597419343,500.000209702017,0.34999991036237,10.1948715882341,-2,20.816754,Recovery_target_mismatch
48,KnownFeasibleAnchor,13,LowerBisect,0.420080910252724,1,1,1,0.420080910252721,-2.44249065417534e-15,3.86398621504658,6.57846777460454,108.905265519387,500.000000000003,0.349137927869225,10.3986816749647,1,19.4387199,
48,KnownFeasibleAnchor,14,LowerBisect,0.419228985675567,1,1,1,0.419228985675569,2.05391259555654e-15,3.8486846864939,6.578795469456,109.212915383167,499.999999999997,0.349919522501219,10.2138719497585,1,20.0242503,
48,KnownFeasibleAnchor,15,UpperBisect,0.544461898517592,1,1,1,0.544461898517593,9.99200722162641e-16,5.7018713367625,7.1581825384388,100.563944066596,500,0.263407635363574,33.024353268364,1,16.8070055,
48,KnownFeasibleAnchor,16,UpperBisect,0.551277295134845,0,0,0,0.55095709921797,-0.000320195916875599,5.77257181692994,7.22906455279977,101.733196920938,500.003776687654,0.260598445211876,33.8846220857359,-2,25.8421657,Product_salinity_max;Bulk_brine_concentration_max;Recovery_target_mismatch
48,KnownFeasibleAnchor,17,UpperBisect,0.547869596826219,1,1,1,0.54786959682622,1.55431223447522e-15,5.73923792956499,7.19488597405194,101.164438798414,499.999999999998,0.261918147587804,33.4792139470199,1,15.2819425,
48,KnownFeasibleAnchor,18,UpperBisect,0.549573445980532,1,1,1,0.549573445980532,0,5.75765693004594,7.21365824457065,101.476077363086,500,0.261187909341219,33.7032617208628,1,15.2283945,
48,KnownFeasibleAnchor,19,UpperBisect,0.550425370557689,1,1,1,0.550425370557687,-1.33226762955019e-15,5.76680021864276,7.22314968077184,101.634703800533,500.000000000001,0.260826388976835,33.8144390134612,1,15.3886566,
