Qf_train_m3h,T_RO_in_C,Cf_kg_m3,candidate_count,feasible_count,best_R_target_min_SEC,best_Qp_train_m3h,best_W_RO_train_kW,best_SEC_kWh_m3,best_Cp_mg_L,best_P1_opt_gauge_MPa,best_P2_opt_gauge_MPa,best_P_feasible
47.5,20,38.5,35,0,NaN,NaN,NaN,NaN,NaN,NaN,NaN,NaN
49.05,20,38.5,35,0,NaN,NaN,NaN,NaN,NaN,NaN,NaN,NaN
50.6,20,38.5,35,0,NaN,NaN,NaN,NaN,NaN,NaN,NaN,NaN
52.15,20,38.5,35,0,NaN,NaN,NaN,NaN,NaN,NaN,NaN,NaN
53.7,20,38.5,35,0,NaN,NaN,NaN,NaN,NaN,NaN,NaN,NaN
55.25,20,38.5,35,8,0.53,29.2825,113.814489938691,3.88677503419076,500,6.63764700006607,8.1513505867648,0.901213183808845
56.8,20,38.5,35,9,0.53,30.104,107.483115596967,3.57039315695479,500,7.19761350540188,7.80337315168082,0.945381788865097
58.35,20,38.5,35,11,0.495,28.88325,98.8385300537698,3.42200168103554,497.580252744997,7.02999868864018,7.32241338875514,0.829057272228715
59.9,20,38.5,35,8,0.525,31.4475,111.117948999249,3.53344300816437,480.730622691468,7.48143881060556,7.66826100847703,0.852648946015762
61.45,20,38.5,35,6,0.55,33.7975,121.64335815154,3.59918213333944,472.441839448611,8.37028672553864,7.936170983112,0.865505209136969
63,20,38.5,35,0,NaN,NaN,NaN,NaN,NaN,NaN,NaN,NaN
47.5,20.5,38.5,35,0,NaN,NaN,NaN,NaN,NaN,NaN,NaN,NaN
49.05,20.5,38.5,35,0,NaN,NaN,NaN,NaN,NaN,NaN,NaN,NaN
50.6,20.5,38.5,35,0,NaN,NaN,NaN,NaN,NaN,NaN,NaN,NaN
52.15,20.5,38.5,35,0,NaN,NaN,NaN,NaN,NaN,NaN,NaN,NaN
53.7,20.5,38.5,35,5,0.525,28.1925,119.964813663397,4.25520310945807,500,5.98688932169156,8.41013457729897,0.84405686319715
55.25,20.5,38.5,35,9,0.53,29.2825,112.612364046381,3.84572232720503,500,6.61393419281648,8.08318534024989,0.949183026037247
56.8,20.5,38.5,35,10,0.53,30.104,106.537204163398,3.538971703541,500,7.16615585699197,7.74172159162715,0.970280136578079
58.35,20.5,38.5,35,12,0.495,28.88325,98.3258929572763,3.40425308638316,496.974383073448,6.97645805502963,7.27378561746526,0.962811139726323
59.9,20.5,38.5,35,9,0.52,31.148,109.155759588956,3.50442274267869,481.682919090061,7.3853082299958,7.5582571290455,0.865554947120346
61.45,20.5,38.5,35,7,0.55,33.7975,120.740326484302,3.57246324385834,471.073027509566,8.26193470988507,7.94956076321117,0.905621485956267
63,20.5,38.5,35,3,0.56,35.28,129.808171843371,3.67936995020894,463.738009854872,8.92522506264984,8.08314864700168,0.819498389680729
47.5,21,38.5,35,0,NaN,NaN,NaN,NaN,NaN,NaN,NaN,NaN
49.05,21,38.5,35,0,NaN,NaN,NaN,NaN,NaN,NaN,NaN,NaN
50.6,21,38.5,35,0,NaN,NaN,NaN,NaN,NaN,NaN,NaN,NaN
52.15,21,38.5,35,0,NaN,NaN,NaN,NaN,NaN,NaN,NaN,NaN
53.7,21,38.5,35,8,0.53,28.461,118.787994630624,4.17371120588257,500,6.05231931019052,8.36593033619687,0.813863929109446
55.25,21,38.5,35,10,0.535,29.55875,112.112691222887,3.79287660076582,500,6.66592979697943,8.05836701515371,0.87067591265383
56.8,21,38.5,35,12,0.53,30.104,105.645927452064,3.50936511600002,500,7.13559831507613,7.68214506696923,0.983799967979457
58.35,21,38.5,35,13,0.49,28.5915,96.5067747229866,3.37536592074521,497.830596846217,6.88099499615688,7.16612730038988,0.963658263191594
59.9,21,38.5,35,11,0.515,30.8485,107.228792484039,3.47598076029754,482.681366191551,7.29277758752461,7.44270871777861,0.86871132518393
61.45,21,38.5,35,8,0.545,33.49025,118.761871076014,3.54616257197286,471.393262528842,8.16389077157928,7.80885930846376,0.924273420270026
63,21,38.5,35,4,0.555,34.965,127.367590342396,3.64271672650924,464.315592087916,8.88234683250837,7.94581554159808,0.833383191810277
47.5,21.5,38.5,35,0,NaN,NaN,NaN,NaN,NaN,NaN,NaN,NaN
49.05,21.5,38.5,35,0,NaN,NaN,NaN,NaN,NaN,NaN,NaN,NaN
50.6,21.5,38.5,35,0,NaN,NaN,NaN,NaN,NaN,NaN,NaN,NaN
52.15,21.5,38.5,35,0,NaN,NaN,NaN,NaN,NaN,NaN,NaN,NaN
53.7,21.5,38.5,35,9,0.53,28.461,117.470715975188,4.1274275666768,500,6.03738761232323,8.29132390649197,0.926373448135423
55.25,21.5,38.5,35,11,0.535,29.55875,111.023481570796,3.7560276253494,500,6.64283940621078,7.99457459167517,0.931177415039332
56.8,21.5,38.5,35,14,0.525,29.82,103.805794409411,3.48107962472875,500,7.02614855626025,7.58457251250149,0.996367286649859
58.35,21.5,38.5,35,15,0.485,28.29975,94.628515692324,3.34379334419293,498.760438843303,6.78178020818166,7.06605616590354,0.944060919177482
59.9,21.5,38.5,35,13,0.51,30.549,105.329197013641,3.44787708316608,483.722050201611,7.20411884654546,7.32423109469141,0.862621882381922
61.45,21.5,38.5,35,9,0.545,33.49025,117.93531153386,3.5214819696437,469.841842142064,8.05605936853101,7.81602402686494,0.950396003388572
63,21.5,38.5,35,5,0.55,34.65,125.157950602721,3.6120620664566,464.959687516733,8.8330120544751,7.80002406448572,0.834871263631384
47.5,22,38.5,35,0,NaN,NaN,NaN,NaN,NaN,NaN,NaN,NaN
49.05,22,38.5,35,0,NaN,NaN,NaN,NaN,NaN,NaN,NaN,NaN
50.6,22,38.5,35,0,NaN,NaN,NaN,NaN,NaN,NaN,NaN,NaN
52.15,22,38.5,35,3,0.505,26.33575,126.220824854189,4.79275603900361,500,5.08453870780189,8.42148411623075,0.811927820646774
53.7,22,38.5,35,11,0.535,28.7295,116.610057053405,4.05889615389775,500,6.09821986869874,8.25782426303519,0.815742606948542
55.25,22,38.5,35,13,0.54,29.835,110.831046085771,3.71479960066269,500,6.69137455702555,7.97829793010216,0.82436899595996
56.8,22,38.5,35,14,0.525,29.82,102.994391500299,3.45386960094901,500,6.9981734163163,7.52945251207793,0.997745789314107
58.35,22,38.5,35,17,0.485,28.29975,94.1287501216577,3.32613362738744,498.342243852544,6.7417283220025,7.02891256686677,0.988815939610606
59.9,22,38.5,35,14,0.505,30.2495,103.450652093068,3.41991279502364,484.79709851217,7.11935812525941,7.20480413913198,0.848844952106857
61.45,22,38.5,35,9,0.54,33.183,116.018092832469,3.49631114825268,470.211988077328,7.95259377120476,7.67959310640259,0.957589058364606
63,22,38.5,35,6,0.545,34.335,123.164976873245,3.58715528974064,465.596094132583,8.77739962794464,7.64325561373115,0.820244284678056
47.5,22.5,38.5,35,0,NaN,NaN,NaN,NaN,NaN,NaN,NaN,NaN
49.05,22.5,38.5,35,0,NaN,NaN,NaN,NaN,NaN,NaN,NaN,NaN
50.6,22.5,38.5,35,0,NaN,NaN,NaN,NaN,NaN,NaN,NaN,NaN
52.15,22.5,38.5,35,7,0.515,26.85725,123.587043689495,4.60162688620371,500,5.24558518440778,8.38802279394266,0.893905653165096
53.7,22.5,38.5,35,12,0.535,28.7295,115.426894477885,4.01771330785031,500,6.08283436600752,8.18945090737515,0.911733589644463
55.25,22.5,38.5,35,14,0.54,29.835,109.85477776481,3.68207735092376,500,6.66922123907735,7.9186972408884,0.90485558212166
56.8,22.5,38.5,35,16,0.525,29.82,102.229278072744,3.4282118736668,500,6.97099429447746,7.47666805145142,0.998506900746518
58.35,22.5,38.5,35,17,0.48,28.008,92.5315072040388,3.30375275649953,499.375789144874,6.63964066736649,6.94043466351245,0.978693515824617
59.9,22.5,38.5,35,15,0.5,29.95,101.589030859512,3.39195428579341,485.897554647109,7.03823284114805,7.08581260445902,0.830844354298334
61.45,22.5,38.5,35,10,0.54,33.183,115.260673829284,3.4734856350928,468.51542676104,7.84829083688893,7.68180069079759,0.972656613373831
63,22.5,38.5,35,6,0.545,34.335,122.320774386674,3.56256806135647,464.620982967579,8.6892981701081,7.67310892932907,0.863628772782298
47.5,23,38.5,35,0,NaN,NaN,NaN,NaN,NaN,NaN,NaN,NaN
49.05,23,38.5,35,0,NaN,NaN,NaN,NaN,NaN,NaN,NaN,NaN
50.6,23,38.5,35,0,NaN,NaN,NaN,NaN,NaN,NaN,NaN,NaN
52.15,23,38.5,35,10,0.525,27.37875,121.704953329346,4.44523410781523,500,5.39482083638299,8.37233262657368,0.859196341210288
53.7,23,38.5,35,13,0.535,28.7295,114.297825705945,3.97841332797108,500,6.06760376189302,8.12380972629297,0.958156896426199
55.25,23,38.5,35,14,0.54,29.835,108.927248602745,3.65098872474428,500,6.64762738636073,7.86116779973356,0.951102670505491
56.8,23,38.5,35,16,0.525,29.82,101.506586050217,3.40397672871285,500,6.9445450294246,7.42614415973038,0.998941239456963
58.35,23,38.5,35,19,0.48,28.008,91.9516671314277,3.28305009752312,499.128933819903,6.60652319577962,6.90711650368756,0.994567866148621
59.9,23,38.5,35,16,0.495,29.6505,99.74300768388,3.36395702210351,487.020508110057,6.96016401910287,6.96835888344039,0.813805670465061
61.45,23,38.5,35,10,0.535,32.87575,113.400377581659,3.44936245048886,468.938475903249,7.74110310282133,7.55165474380147,0.973423164128682
63,23,38.5,35,7,0.54,34.02,120.368428512866,3.53816662295316,465.274228158222,8.6259461229027,7.5195263981014,0.834572586716219
47.5,23.5,38.5,35,0,NaN,NaN,NaN,NaN,NaN,NaN,NaN,NaN
49.05,23.5,38.5,35,0,NaN,NaN,NaN,NaN,NaN,NaN,NaN,NaN
50.6,23.5,38.5,35,3,0.495,25.047,133.955268545516,5.3481562081493,500,4.40250417196036,8.48218062886139,0.8668823622164
52.15,23.5,38.5,35,12,0.53,27.6395,120.367987204805,4.35492636280702,500,5.46154416990084,8.33542777674433,0.87242737160752
53.7,23.5,38.5,35,15,0.54,28.998,113.785413070437,3.92390554763904,500,6.12347260900785,8.10400424800423,0.838958671732797
55.25,23.5,38.5,35,16,0.545,30.11125,108.953387476266,3.61836149200933,500,6.6950249908402,7.8545588402239,0.872367343160893
56.8,23.5,38.5,35,18,0.525,29.82,100.822504528684,3.38103636917116,500,6.91874775691335,7.37775633427735,0.999197566087701
58.35,23.5,38.5,35,19,0.48,28.008,91.4360650053076,3.26464099561938,498.937668106525,6.57529879876504,6.87416975901462,0.997807732168464
59.9,23.5,38.5,35,17,0.49,29.351,97.9145629462382,3.33598728991306,488.178894584713,6.8842603266945,6.85356126485519,0.802639456011557
61.45,23.5,38.5,35,11,0.53,32.5685,111.628019640178,3.4274842145072,469.371670810168,7.63036580754711,7.42020952391922,0.970456304997639
63,23.5,38.5,35,7,0.54,34.02,119.586593175433,3.51518498458063,464.285018461315,8.52579463158403,7.54862180627594,0.876596757393009
47.5,24,38.5,35,0,NaN,NaN,NaN,NaN,NaN,NaN,NaN,NaN
49.05,24,38.5,35,0,NaN,NaN,NaN,NaN,NaN,NaN,NaN,NaN
50.6,24,38.5,35,7,0.505,25.553,130.301550516967,5.09926625120209,500,4.57012459763704,8.43949663844775,0.906222411145823
52.15,24,38.5,35,14,0.535,27.90025,119.256216514508,4.27437806164848,500,5.52497948665128,8.30508064261686,0.801862752362182
53.7,24,38.5,35,15,0.54,28.998,112.771680066819,3.88894682622316,500,6.10785999389315,8.04422410286288,0.918313814711926
55.25,24,38.5,35,17,0.545,30.11125,108.127609667717,3.59093726323938,500,6.67439639676984,7.80154753163672,0.934207452510874
56.8,24,38.5,35,18,0.525,29.82,100.173205260485,3.35926241651525,500,6.89351317465644,7.33134640579665,0.999353651555636
58.35,24,38.5,35,21,0.48,28.008,90.974643851285,3.24816637572426,498.737908726648,6.54530464756464,6.84134058289752,0.998815865640474
59.9,24,38.5,35,17,0.49,29.351,97.4214755876589,3.31918761158594,486.233198493365,6.80131819396489,6.88007403293433,0.898309954614189
61.45,24,38.5,35,11,0.53,32.5685,110.898526633301,3.40508548546297,467.6488515467,7.53391166636987,7.42727865218814,0.980499762956183
63,24,38.5,35,8,0.535,33.705,117.674792059339,3.49131559291913,464.962927152418,8.4546262701659,7.39951793985831,0.834727342321959
47.5,24.5,38.5,35,0,NaN,NaN,NaN,NaN,NaN,NaN,NaN,NaN
49.05,24.5,38.5,35,0,NaN,NaN,NaN,NaN,NaN,NaN,NaN,NaN
50.6,24.5,38.5,35,10,0.515,26.059,127.372464529239,4.88784928543839,500,4.72654498137507,8.41180629131105,0.837127669181494
52.15,24.5,38.5,35,15,0.535,27.90025,118.045733838678,4.2309919745765,500,5.51652628248103,8.23939292936359,0.92768485163591
53.7,24.5,38.5,35,16,0.54,28.998,111.804406088009,3.85559025063827,500,6.09237517636147,7.98694905511777,0.960116472246831
55.25,24.5,38.5,35,18,0.545,30.11125,107.350431356637,3.56512703247579,500,6.65412457107012,7.75082343608084,0.966975256110147
56.8,24.5,38.5,35,20,0.525,29.82,99.554681068662,3.33852049190684,500,6.86874049863626,7.28674025175714,0.999451344229877
58.35,24.5,38.5,35,21,0.48,28.008,90.5555946682714,3.23320460826447,498.512115320659,6.51609134386545,6.80845300570366,0.999234399109279
59.9,24.5,38.5,35,18,0.485,29.0515,95.6696074733511,3.29310388356371,487.482429918649,6.72825105116791,6.77600628524537,0.895218528123442
61.45,24.5,38.5,35,12,0.525,32.26125,109.172130643742,3.38400187977037,468.162654692407,7.42223765811685,7.30595860079553,0.97605446825925
63,24.5,38.5,35,8,0.535,33.705,116.951088019309,3.46984388130275,463.95586676059,8.34274223386072,7.42790348495098,0.878232836297222
47.5,25,38.5,35,0,NaN,NaN,NaN,NaN,NaN,NaN,NaN,NaN
49.05,25,38.5,35,0,NaN,NaN,NaN,NaN,NaN,NaN,NaN,NaN
50.6,25,38.5,35,12,0.52,26.312,125.457760537963,4.76808150417921,500,4.799959571775,8.36890305971422,0.880203043035532
52.15,25,38.5,35,15,0.535,27.90025,116.887502655917,4.18947868409483,500,5.50799258963,8.17648696359192,0.97113771923896
53.7,25,38.5,35,18,0.545,29.2665,111.574178624985,3.81235127620266,500,6.14390442666598,7.97957621060926,0.82995649318896
55.25,25,38.5,35,19,0.545,30.11125,106.618804158418,3.54082956232033,500,6.63413253507891,7.70237762393554,0.983176516411353
56.8,25,38.5,35,20,0.525,29.82,98.9626390077426,3.31866663339177,500,6.84431705390852,7.24376822723329,0.999513965539626
58.35,25,38.5,35,22,0.475,27.71625,89.1587663422117,3.21684089089295,499.788507157598,6.41750951696901,6.7357058432399,0.999080554797674
59.9,25,38.5,35,19,0.48,28.752,93.9460975135473,3.26746304652015,488.852590764282,6.6551817160798,6.67537512560448,0.894812555382819
61.45,25,38.5,35,12,0.525,32.26125,108.503529422431,3.36327728846314,466.448528587281,7.33485441860074,7.30751833805911,0.984019886950428
63,25,38.5,35,9,0.53,33.39,115.07973463753,3.44653293313955,464.667233156526,8.26405672687906,7.28415756258868,0.825021487097116
47.5,25.5,38.5,35,0,NaN,NaN,NaN,NaN,NaN,NaN,NaN,NaN
49.05,25.5,38.5,35,5,0.495,24.27975,137.632686308076,5.66862040622641,500,3.94707598946647,8.46717077485693,0.902788509649619
50.6,25.5,38.5,35,13,0.525,26.565,123.776207907289,4.65937165094254,500,4.86978900838961,8.3318322224533,0.89539477780975
52.15,25.5,38.5,35,17,0.54,28.161,116.120794907387,4.12346134396461,500,5.56702033497335,8.15863455190591,0.893178683276658
53.7,25.5,38.5,35,18,0.545,29.2665,110.697608648348,3.78239996748323,500,6.12812188117111,7.92716785063804,0.913745660063873
55.25,25.5,38.5,35,19,0.545,30.11125,105.928874817028,3.51791688545073,500,6.61434619390685,7.65614368712169,0.99101221738623
56.8,25.5,38.5,35,22,0.525,29.82,98.3927529720605,3.29955576700404,500,6.82011754682494,7.2022898734106,0.999555017482589
58.35,25.5,38.5,35,22,0.475,27.71625,88.6588475306306,3.19880386165627,499.570326159264,6.39157180324762,6.70367639495483,0.999378713362131
59.9,25.5,38.5,35,20,0.475,28.4525,92.2650179132012,3.2427736723733,490.353776275228,6.58086805634926,6.57910945836448,0.893093813242319
61.45,25.5,38.5,35,13,0.52,31.954,106.82021158383,3.34293708405302,467.015437927349,7.22398486182813,7.19624799589848,0.979261680681877
63,25.5,38.5,35,9,0.53,33.39,114.410145637873,3.426479354234,463.633711170807,8.14183214712479,7.31156073353585,0.872533106285858
47.5,26,38.5,35,0,NaN,NaN,NaN,NaN,NaN,NaN,NaN,NaN
49.05,26,38.5,35,7,0.505,24.77025,134.133184489117,5.41509207574074,500,4.10459613341042,8.43801142644764,0.862255827347473
50.6,26,38.5,35,15,0.53,26.818,122.314432511429,4.56090806590458,500,4.93615294049549,8.30071718854185,0.884560368743059
52.15,26,38.5,35,17,0.54,28.161,115.075424516469,4.0863401341028,500,5.5577957385959,8.1011015118632,0.949311678277137
53.7,26,38.5,35,18,0.545,29.2665,109.858638919072,3.75373341257316,500,6.11241663377873,7.87683391178811,0.958039063000343
55.25,26,38.5,35,20,0.54,29.835,104.304299663076,3.49603819886294,500,6.52663957399798,7.56219838695389,0.99835463704231
56.8,26,38.5,35,22,0.525,29.82,97.8415787614081,3.28107239307204,500,6.79600320902937,7.16222359902815,0.999582602433803
58.35,26,38.5,35,23,0.475,27.71625,88.1970403659448,3.18214189747692,499.338146679723,6.36591437612556,6.67124757940592,0.999534747379326
59.9,26,38.5,35,21,0.47,28.153,90.6506938276059,3.21993016117664,491.981840921475,6.50488815766445,6.48808631615429,0.883097598292857
61.45,26,38.5,35,14,0.52,31.954,106.207371291074,3.32375825533811,465.446847670289,7.1467968943579,7.19248162319292,0.986222145309369
63,26,38.5,35,10,0.525,33.075,112.579081837461,3.40375152947726,464.386314252532,8.05640913406512,7.17361419866795,0.808906344777258
47.5,26.5,38.5,35,0,NaN,NaN,NaN,NaN,NaN,NaN,NaN,NaN
49.05,26.5,38.5,35,9,0.51,25.0155,131.795555578901,5.2685557186105,500,4.1823415134112,8.39253719228471,0.885388132731813
50.6,26.5,38.5,35,16,0.535,27.071,121.065026847492,4.4721298381106,500,4.99928135131508,8.27569551706178,0.831717656780285
52.15,26.5,38.5,35,18,0.54,28.161,114.074806763938,4.05080809502283,500,5.54851188575992,8.04588912292354,0.975462845821711
53.7,26.5,38.5,35,20,0.55,29.535,109.841054353193,3.71901318277273,500,6.1600717096003,7.87947488409914,0.818341320710537
55.25,26.5,38.5,35,21,0.535,29.55875,102.702269261968,3.47451327481602,500,6.43775431048324,7.47359975975793,0.999385838296235
56.8,26.5,38.5,35,23,0.525,29.82,97.3079716224941,3.26317812282006,500,6.77182117672151,7.12357833560456,0.999601713832972
58.35,26.5,38.5,35,23,0.475,27.71625,87.7670538749174,3.16662802056257,499.102473272398,6.34047737951489,6.63849836023677,0.999627162186779
59.9,26.5,38.5,35,22,0.465,27.8535,89.1455225934969,3.200514211625,493.72753942197,6.42883363701281,6.402938465206,0.852305847386365
61.45,26.5,38.5,35,14,0.515,31.64675,104.564671501643,3.30412037576189,466.028928408544,7.03822234492472,7.09059250039057,0.98165846653431
63,26.5,38.5,35,10,0.525,33.075,111.959786467308,3.38502755759056,463.310648721487,7.92637643622544,7.19966370696915,0.862002751415733
47.5,27,38.5,35,0,NaN,NaN,NaN,NaN,NaN,NaN,NaN,NaN
49.05,27,38.5,35,10,0.515,25.26075,129.653405166986,5.13260315576481,500,4.25707897084685,8.35120705092656,0.88438577395155
50.6,27,38.5,35,16,0.535,27.071,119.879600683625,4.42834031560063,500,4.99584663069457,8.21570545584937,0.946031497606448
52.15,27,38.5,35,19,0.545,28.42175,113.605381041328,3.9971282922877,500,5.60386811713632,8.03906184974297,0.876157899872305
53.7,27,38.5,35,20,0.55,29.535,109.072141405663,3.69297922484045,500,6.14394632854069,7.83300219397201,0.905764742868616
55.25,27,38.5,35,22,0.535,29.55875,102.092288845473,3.45387707008833,500,6.41879468154669,7.43271926672559,0.999469382778115
56.8,27,38.5,35,24,0.525,29.82,96.79408278921,3.24594509688833,500,6.74740462991122,7.08647764994266,0.999615465704486
58.35,27,38.5,35,24,0.475,27.71625,87.3628829023567,3.15204556541223,498.870684085418,6.31525184067985,6.60557690324045,0.999686975843091
59.9,27,38.5,35,22,0.465,27.8535,88.8357523888516,3.18939280122253,491.971334410095,6.364614902771,6.43047353572601,0.933358400975016
61.45,27,38.5,35,15,0.51,31.3395,102.977287983703,3.28586250526341,466.758484732554,6.92998636451628,6.99377853721059,0.974043737757607
63,27,38.5,35,10,0.525,33.075,111.515074327675,3.37158199025474,461.947704179598,7.79188696536734,7.21300011857877,0.901608287697896
47.5,27.5,38.5,35,0,NaN,NaN,NaN,NaN,NaN,NaN,NaN,NaN
49.05,27.5,38.5,35,12,0.52,25.506,127.713969180559,5.00721278054416,500,4.32862610109756,8.31459269278017,0.864926554861552
50.6,27.5,38.5,35,18,0.54,27.324,118.892685036141,4.35121816118215,500,5.05555268764776,8.19935481620329,0.867337366369804
52.15,27.5,38.5,35,19,0.545,28.42175,112.698225304149,3.96521063284805,500,5.59403350539769,7.98798715133603,0.937404409872603
53.7,27.5,38.5,35,21,0.55,29.535,108.334652170558,3.66800921518735,500,6.12779833331491,7.78829576143142,0.952289381703201
55.25,27.5,38.5,35,23,0.535,29.55875,101.517184927551,3.43442076973997,500,6.3999090969182,7.39351086577022,0.999523316730044
56.8,27.5,38.5,35,25,0.525,29.82,96.3049602227749,3.22954259633719,500,6.72257428373181,7.05116103943013,0.99962579109496
58.35,27.5,38.5,35,24,0.475,27.71625,86.9793822378184,3.13820889326003,498.647230217742,6.29025648888999,6.57268300729099,0.999728364504588
59.9,27.5,38.5,35,23,0.46,27.554,87.5055808325819,3.17578503420853,493.848565005648,6.29366955358905,6.3506494352082,0.903958372368875
61.45,27.5,38.5,35,15,0.51,31.3395,102.398764288114,3.26740261612707,465.306040386038,6.8663894788994,6.98830962804379,0.983858912763775
63,27.5,38.5,35,11,0.52,32.76,109.596132228531,3.3454252817012,462.964696209649,7.70120119426921,7.09197770635889,0.848093536980743
47.5,28,38.5,35,0,NaN,NaN,NaN,NaN,NaN,NaN,NaN,NaN
49.05,28,38.5,35,13,0.525,25.75125,125.984106943263,4.89234918472942,500,4.39690399862428,8.28314625520554,0.827725149619192
50.6,28,38.5,35,18,0.54,27.324,117.814487260552,4.31175842704405,500,5.05137398241375,8.14390633930163,0.941788097516417
52.15,28,38.5,35,20,0.545,28.42175,111.828767607243,3.93461935339108,500,5.58412561625894,7.93869900538723,0.968522669427339
53.7,28,38.5,35,21,0.55,29.535,107.626989841011,3.64404908891183,500,6.11161408960708,7.74528543365199,0.975061297350057
55.25,28,38.5,35,23,0.535,29.55875,100.974344859992,3.41605598545243,500,6.38105417480347,7.35584329484998,0.999558660175285
56.8,28,38.5,35,25,0.52,29.536,94.9062427201039,3.21323952871424,500,6.63042306530595,6.97777462664249,0.999690847548264
58.35,28,38.5,35,25,0.475,27.71625,86.6126220231457,3.1249762151498,498.434594007524,6.26552251446962,6.54004757825912,0.999758568464903
59.9,28,38.5,35,24,0.46,27.554,87.1989850327837,3.16465794558988,492.23289299411,6.2385714133321,6.36498380551265,0.958065869922112
61.45,28,38.5,35,16,0.505,31.03225,100.845229870477,3.2496912041659,466.06791848602,6.76233838759758,6.90044617091893,0.977284563139094
63,28,38.5,35,11,0.52,32.76,109.18600773825,3.33290621911631,461.473152265619,7.56542738565986,7.10403921708404,0.892247121141384
47.5,28.5,38.5,35,0,NaN,NaN,NaN,NaN,NaN,NaN,NaN,NaN
49.05,28.5,38.5,35,13,0.525,25.75125,124.697759197974,4.84239635737968,500,4.39815348862788,8.22285218989967,0.961166329276892
50.6,28.5,38.5,35,19,0.545,27.577,117.063995979603,4.24498661854455,500,5.1083852976743,8.13535669702864,0.805348014947186
52.15,28.5,38.5,35,21,0.55,28.6825,111.611779668747,3.89128491828631,500,5.6357945366626,7.94009242075313,0.825769134547806
53.7,28.5,38.5,35,22,0.555,29.8035,107.834651243333,3.61818750292189,500,6.15533043356573,7.75779505586325,0.883365040663231
55.25,28.5,38.5,35,24,0.53,29.2825,99.516801093813,3.39850767843637,500,6.2923935245739,7.27598407149387,0.999680973933407
56.8,28.5,38.5,35,25,0.52,29.536,94.4449201618261,3.19762053635652,500,6.6073231620229,6.9442558482627,0.999695435205602
58.35,28.5,38.5,35,25,0.475,27.71625,86.2600148441615,3.11225417739274,498.234188923188,6.24108447683682,6.50791165060398,0.999781612431046
59.9,28.5,38.5,35,24,0.46,27.554,86.8884964888697,3.15338958005624,490.937752403925,6.1910378619299,6.3680820570347,0.980432889353287
61.45,28.5,38.5,35,17,0.505,31.03225,100.316515372908,3.23265362237376,464.971325584779,6.70887611640657,6.88879884804014,0.98604111273575
63,28.5,38.5,35,12,0.515,32.445,107.315403184891,3.30760989936481,462.555698133869,7.47221228283282,6.98817469821454,0.831564114393871
47.5,29,38.5,35,0,NaN,NaN,NaN,NaN,NaN,NaN,NaN,NaN
49.05,29,38.5,35,14,0.53,25.9965,123.235498955129,4.74046502241181,500,4.46254440925775,8.19906971410603,0.942009982750593
50.6,29,38.5,35,19,0.545,27.577,116.082075627522,4.20938012211343,500,5.10358441338606,8.0836068593267,0.896223533969043
52.15,29,38.5,35,21,0.55,28.6825,110.819713557322,3.86366995754632,500,5.6250329159241,7.89395686483464,0.904844429869432
53.7,29,38.5,35,23,0.555,29.8035,107.190429182756,3.59657185172063,500,6.13885660075202,7.717959049302,0.933585666857662
55.25,29,38.5,35,25,0.53,29.2825,98.9993588350584,3.38083697891431,500,6.27392042523142,7.24086662296664,0.999688038420344
56.8,29,38.5,35,26,0.52,29.536,94.0095458245337,3.18288007260745,500,6.5836477481271,6.9124646823401,0.999699428535675
58.35,29,38.5,35,25,0.475,27.71625,85.9202492305391,3.09999546224829,498.046987372505,6.21697558227108,6.47650717138392,0.999799882344573
59.9,29,38.5,35,25,0.46,27.554,86.5746621765889,3.1419997886546,490.075569060588,6.14973685552974,6.36197612544421,0.990216335470407
61.45,29,38.5,35,17,0.5,30.725,98.7957222574837,3.21548323051208,465.827325981767,6.60976727555621,6.80833339203724,0.980726997810105
63,29,38.5,35,12,0.515,32.445,106.936700089925,3.29593774356373,460.902964678076,7.33933407348061,6.99884538662574,0.880188565376009
47.5,29.5,38.5,35,3,0.5,23.75,133.340719649163,5.61434609049109,500,3.64387783825771,8.1807860673234,0.841824699974957
49.05,29.5,38.5,35,15,0.535,26.24175,121.956836306689,4.64743533898042,500,4.52409285271187,8.18086829250084,0.906778555356928
50.6,29.5,38.5,35,20,0.545,27.577,115.13948179619,4.17519968800778,500,5.09858469696958,8.03347541699174,0.944872990278151
52.15,29.5,38.5,35,22,0.55,28.6825,110.05929777143,3.83715846845393,500,5.61404621337283,7.84936429790382,0.948023691781931
53.7,29.5,38.5,35,23,0.555,29.8035,106.574133099127,3.57589320378905,500,6.12241674272768,7.67950905399492,0.960176019994878
55.25,29.5,38.5,35,25,0.53,29.2825,98.5115924620248,3.3641797135499,500,6.25541243815484,7.20694678948823,0.999693044927763
56.8,29.5,38.5,35,26,0.52,29.536,93.6060678072661,3.16921952218534,500,6.55922181219469,6.88270110960071,0.999702919163888
58.35,29.5,38.5,35,26,0.475,27.71625,85.5930857349993,3.08819143047849,497.873888475534,6.19322581404028,6.4460411376224,0.999814863967128
59.9,29.5,38.5,35,25,0.46,27.554,86.2584501704449,3.13052370510434,489.616200314484,6.1133892682528,6.34896191487842,0.9947679645551
61.45,29.5,38.5,35,18,0.495,30.41775,97.3149460985033,3.19928154115618,466.907817170084,6.51370029927867,6.73307118124622,0.97308625049142
63,29.5,38.5,35,13,0.51,32.13,105.113936772176,3.27151997423517,462.041829304468,7.24569323886513,6.88796952881223,0.81272105854693
47.5,30,38.5,35,5,0.505,23.9875,131.337992571892,5.47526805927639,500,3.71396852356691,8.15042609541089,0.862901824342905
49.05,30,38.5,35,16,0.54,26.487,120.852314838841,4.56270301804058,500,4.58333959317895,8.16790664689273,0.840185269089872
50.6,30,38.5,35,20,0.545,27.577,114.23429608434,4.14237575096421,500,5.09335544330916,7.98489020090552,0.969784120061931
52.15,30,38.5,35,22,0.55,28.6825,109.328848295145,3.81169173869589,500,5.60280246636829,7.80627964057621,0.970218026502651
53.7,30,38.5,35,24,0.555,29.8035,105.984711889196,3.55611629134819,500,6.10600990636428,7.64233006707257,0.974148812856008
55.25,30,38.5,35,25,0.53,29.2825,98.0517764707005,3.34847695622643,500,6.23686664713621,7.17411826932967,0.999696642856411
56.8,30,38.5,35,26,0.52,29.536,93.2407192372349,3.15684992000389,500,6.5338734493666,6.85523859197384,0.999705973033073
58.35,30,38.5,35,26,0.475,27.71625,85.2790747909347,3.07686194167446,497.715891522402,6.16986173173267,6.4166839277871,0.99982751918395
59.9,30,38.5,35,26,0.445,26.6555,82.9651479219861,3.11249640494405,497.021385250843,6.0186488094536,6.15732485490775,0.818043900708145
61.45,30,38.5,35,19,0.495,30.41775,96.8239546216946,3.18313993052394,466.116751638086,6.47163720775767,6.71706438349668,0.984189324405672
63,30,38.5,35,13,0.51,32.13,104.763721388313,3.26062002453512,460.211816314675,7.11957180203341,6.89719524053436,0.865131112937503
47.5,30.5,38.5,35,6,0.51,24.225,129.432593827052,5.34293472970289,500,3.78275763935687,8.12183825186595,0.861667686943264
49.05,30.5,38.5,35,17,0.54,26.487,119.788123319073,4.52252513757967,500,4.58256760287447,8.11534044294744,0.935846410214871
50.6,30.5,38.5,35,21,0.55,27.83,113.791137111227,4.08879400327802,500,5.14596748025663,7.98627088285627,0.859822393064964
52.15,30.5,38.5,35,23,0.555,28.94325,109.355589281866,3.77827608447102,500,5.64728223922376,7.81623372607591,0.814657714666001
53.7,30.5,38.5,35,25,0.555,29.8035,105.421105135795,3.53720553410826,500,6.08962937798216,7.60631999068202,0.981641196685549
55.25,30.5,38.5,35,27,0.53,29.2825,97.6177941868262,3.33365642232822,500,6.21830261658231,7.14230066189935,0.999699266981434
56.8,30.5,38.5,35,27,0.515,29.252,91.9771918085893,3.14430438289995,500,6.44584229223873,6.78890958944991,0.999750034496239
58.35,30.5,38.5,35,26,0.47,27.4245,84.0412694005735,3.06445949426876,499.248243634489,6.0803558028208,6.35875495273722,0.999827778648278
59.9,30.5,38.5,35,26,0.445,26.6555,82.7255265401619,3.1035068387448,495.974956579475,5.97781034073283,6.15314956765996,0.924770022698578
61.45,30.5,38.5,35,20,0.49,30.1105,95.3725763586322,3.16741921783538,467.315730934086,6.38173864664833,6.64632387715603,0.978964587503183
63,30.5,38.5,35,13,0.51,32.13,104.562040380408,3.25434299347675,457.994424040881,6.99942469479743,6.89900160925695,0.903287810325865
47.5,31,38.5,35,7,0.515,24.4625,127.65068815802,5.21821923998038,500,3.84966757317322,8.09566696614028,0.847437443283421
49.05,31,38.5,35,18,0.545,26.73225,118.901766743175,4.44787725474568,500,4.63944862174946,8.10822607458397,0.854023534872645
50.6,31,38.5,35,21,0.55,27.83,112.964490880163,4.05909058139284,500,5.13943740219774,7.94061804082317,0.914231114235725
52.15,31,38.5,35,24,0.555,28.94325,108.685020106814,3.75510767128136,500,5.63453316637659,7.77642811961084,0.876557375044572
53.7,31,38.5,35,25,0.55,29.535,103.936182376486,3.51908523367145,500,6.01407960522979,7.51797536388666,0.997063006619487
55.25,31,38.5,35,27,0.53,29.2825,97.2071319893755,3.31963227147188,500,6.19976366231753,7.11144972241071,0.999701214796986
56.8,31,38.5,35,27,0.515,29.252,91.613271371024,3.13186350919677,500,6.42227596225474,6.76216741464169,0.999752364766818
58.35,31,38.5,35,27,0.47,27.4245,83.71869046579,3.05269705795147,499.110936679678,6.05912818823807,6.33062062182125,0.999840417932435
59.9,31,38.5,35,26,0.445,26.6555,82.4780956012261,3.09422429146803,495.357383704162,5.9419457638647,6.14342018983136,0.966393803411549
61.45,31,38.5,35,21,0.485,29.80325,93.9545708572286,3.15249413594922,468.67003651168,6.29696918302398,6.57735221555155,0.973051589451497
63,31,38.5,35,14,0.505,31.815,102.663768719568,3.2268982781571,459.45711349063,6.91121498011035,6.79892833845457,0.846680773875481
47.5,31.5,38.5,35,8,0.52,24.7,126.003165572554,5.10134273573094,500,3.91431276701891,8.07258121414389,0.82706501071397
49.05,31.5,38.5,35,18,0.545,26.73225,117.927875289349,4.41144592353241,500,4.63777093230421,8.0584941341639,0.922939581573867
50.6,31.5,38.5,35,21,0.55,27.83,112.169672694035,4.03053081904545,500,5.13246924273306,7.89633267193881,0.945491383433048
52.15,31.5,38.5,35,24,0.555,28.94325,108.039697341894,3.73281153090595,500,5.62152870989097,7.73807062344237,0.913209649348838
53.7,31.5,38.5,35,25,0.55,29.535,103.404315179317,3.5010772026178,500,5.99784076024461,7.48427772203492,0.997328494718936
55.25,31.5,38.5,35,27,0.545,30.11125,99.5539690959824,3.30620512585769,500,6.3805115149448,7.22937137128875,0.999224371704361
56.8,31.5,38.5,35,27,0.515,29.252,91.2866863748448,3.12069897356915,500,6.39775085027818,6.73737050218126,0.999754612648051
58.35,31.5,38.5,35,27,0.47,27.4245,83.4139131894841,3.04158373678587,498.988961014426,6.03825702755273,6.30374980764253,0.99985174594975
59.9,31.5,38.5,35,27,0.44,26.356,80.9165246517248,3.07013676778437,497.465554500932,5.86466318812191,6.0848981799336,0.872224924259246
61.45,31.5,38.5,35,23,0.485,29.80325,93.504150520162,3.13738100778143,468.178731827186,6.26351097327402,6.55863715647808,0.98419652256561
63,31.5,38.5,35,14,0.505,31.815,102.477992700713,3.22105901935291,457.111321606534,6.80231217994391,6.79987388487611,0.887643668843004
47.5,32,38.5,35,9,0.525,24.9375,124.497733277617,4.99239030687188,500,3.97654155392406,8.0531912043166,0.807021718258405
49.05,32,38.5,35,18,0.545,26.73225,116.990922030149,4.37639637629264,500,4.63568312242011,8.01019880097237,0.956286450352574
50.6,32,38.5,35,21,0.55,27.83,111.405061736531,4.0030564763396,500,5.12505360428943,7.85337987956504,0.963062871977687
52.15,32,38.5,35,24,0.555,28.94325,107.418380445355,3.71134480216822,500,5.60830633013267,7.70108925697424,0.934116733639124
53.7,32,38.5,35,26,0.55,29.535,102.894147679691,3.48380388284039,500,5.98161196101639,7.45153627221456,0.997452988245882
55.25,32,38.5,35,28,0.54,29.835,98.2154823606783,3.29195516543249,500,6.29869923937501,7.14942667485809,0.999481516841742
56.8,32,38.5,35,28,0.515,29.252,91.0047293383628,3.11106007583628,500,6.37214365554322,6.71468876682963,0.999756865862647
58.35,32,38.5,35,27,0.47,27.4245,83.1266580433907,3.03110933812433,498.883643925914,6.01774713265677,6.27818398863942,0.999862119315873
59.9,32,38.5,35,27,0.44,26.356,80.6310687891985,3.05930599443005,497.153168741024,5.83420557461756,6.07173308049231,0.941287233813408
61.45,32,38.5,35,25,0.48,29.496,92.1146072175304,3.12295250940908,469.611927091473,6.18578800090703,6.49088278233961,0.981018601558381
63,32,38.5,35,15,0.5,31.5,100.633708581284,3.19472090734235,458.764405305454,6.71795654663869,6.70394373856247,0.824689682024395
47.5,32.5,38.5,35,9,0.525,24.9375,123.379285038062,4.94754025215287,500,3.97891718163424,8.00127353099106,0.916946691339143
49.05,32.5,38.5,35,18,0.55,26.9775,116.352911592536,4.3129612303785,500,4.68759929053729,8.01104339993471,0.855696260986311
50.6,32.5,38.5,35,21,0.55,27.83,110.669146441549,3.97661323900643,500,5.11720507141621,7.81173094033427,0.972943896126907
52.15,32.5,38.5,35,24,0.555,28.94325,106.819924701482,3.69066793471645,500,5.59491099023062,7.66540976907383,0.945561943389087
53.7,32.5,38.5,35,26,0.55,29.535,102.405007603688,3.46724251239844,500,5.96539602453206,7.41969920288506,0.997475804629114
55.25,32.5,38.5,35,28,0.54,29.835,97.7887989036444,3.27765372561235,500,6.27972912417267,7.12194754380582,0.999476960729845
56.8,32.5,38.5,35,28,0.51,28.968,89.8569444147239,3.10193815295236,500,6.28641945349803,6.6536064664005,0.999793877977388
58.35,32.5,38.5,35,28,0.47,27.4245,82.8566961588469,3.02126551655807,498.796282665045,5.99760238451779,6.25392275531125,0.999871787374353
59.9,32.5,38.5,35,27,0.44,26.356,80.3488616199859,3.04859848307732,497.061677885011,5.80658788898772,6.05574331370658,0.970560206486218
61.45,32.5,38.5,35,26,0.445,27.34525,84.7929954110695,3.10083087231126,490.488453184658,6.13333591532611,5.87857537974383,0.81212936326848
63,32.5,38.5,35,15,0.5,31.5,100.461593644039,3.1892569410806,456.396148940892,6.62148806463915,6.70400276087778,0.867432189148127
47.5,33,38.5,35,10,0.53,25.175,122.071938292295,4.84893498678429,500,4.03825219497904,7.98756842864767,0.911386292968338
49.05,33,38.5,35,18,0.55,26.9775,115.49444710015,4.2811397312631,500,4.68372306726797,7.96576486314929,0.899947982210004
50.6,33,38.5,35,22,0.555,28.083,110.516975077262,3.9353692652944,500,5.15979517278175,7.82226770382152,0.823011887878854
52.15,33,38.5,35,24,0.555,28.94325,106.243272189962,3.67074437701233,500,5.58139008127459,7.63095690547257,0.951103476684387
53.7,33,38.5,35,26,0.55,29.535,101.936216935017,3.45137013492524,500,5.94920373597119,7.38874026772933,0.997415422108042
55.25,33,38.5,35,28,0.54,29.835,97.3783285800266,3.26389571241919,500,6.26015994834192,7.0949477841146,0.999470110523705
56.8,33,38.5,35,28,0.51,28.968,89.5516622532784,3.09139955306816,500,6.26277383396397,6.63099653445221,0.999796913434897
58.35,33,38.5,35,28,0.47,27.4245,82.6037870983745,3.01204350483599,498.727950435387,5.97782620616416,6.23092882431829,0.99988093122589
59.9,33,38.5,35,28,0.44,26.356,80.0677894258912,3.03793403497842,497.055897544403,5.78104686319987,6.03776217237125,0.983791466996391
61.45,33,38.5,35,26,0.445,27.34525,84.5254267122917,3.09104603952393,489.271549441147,6.05141448358382,5.93948777139483,0.854460725970014
63,33,38.5,35,15,0.5,31.5,100.421638948802,3.1879885380572,453.993210872359,6.53313012603965,6.7003268813514,0.899023148589306
47.5,33.5,38.5,35,11,0.535,25.4125,120.912092498966,4.75797707816886,500,4.09564720624796,7.97753999373946,0.903691753183881
49.05,33.5,38.5,35,18,0.55,26.9775,114.667743683789,4.25049554939445,500,4.67934554027502,7.92181774707116,0.9267301416468
50.6,33.5,38.5,35,23,0.555,28.083,109.84107832153,3.91130143935941,500,5.15054976700148,7.78330524975638,0.847332595597324
52.15,33.5,38.5,35,25,0.555,28.94325,105.68744265671,3.65154026091438,500,5.56778807957082,7.59765508169924,0.952559645067575
53.7,33.5,38.5,35,26,0.55,29.535,101.487057025554,3.43616241833602,500,5.93305365722538,7.35865864702426,0.997276804658251
55.25,33.5,38.5,35,29,0.54,29.835,96.992220251595,3.2509542567989,500,6.23962601683092,7.06869574519438,0.999460919581428
56.8,33.5,38.5,35,28,0.51,28.968,89.2895538888567,3.08235134938058,500,6.23815824646336,6.610049137783,0.999800344332295
58.35,33.5,38.5,35,28,0.47,27.4245,82.3675677442953,3.00343006232731,498.679248455013,5.95842127231086,6.20913348029333,0.999889687323008
59.9,33.5,38.5,35,28,0.44,26.356,79.7866804401609,3.02726819093037,497.055192833612,5.75700889393103,6.01844498966341,0.990313018392912
61.45,33.5,38.5,35,27,0.44,27.038,83.0319703116916,3.07093610147539,491.542159638258,6.00259805413846,5.84010191926836,0.81667618608284
63,33.5,38.5,35,16,0.495,31.185,98.5101088190616,3.15889398169189,455.9623717253,6.45806250967422,6.61128247349736,0.842344337450237
47.5,34,38.5,35,12,0.54,25.65,119.898056025951,4.67438814915988,500,4.15103871119835,7.97053362837109,0.886688526952028
49.05,34,38.5,35,18,0.55,26.9775,113.871249250191,4.22097115189291,500,4.67452867493197,7.87916374039432,0.943114464114668
50.6,34,38.5,35,23,0.555,28.083,109.189752054827,3.88810853736519,500,5.14115295403742,7.74559283370524,0.85917396700821
52.15,34,38.5,35,25,0.555,28.94325,105.151524693348,3.63302409692581,500,5.55414235180365,7.56542869573835,0.950692712041605
53.7,34,38.5,35,27,0.55,29.535,101.056730074199,3.42159235057387,500,5.91696885053511,7.32947455387186,0.99705423199356
55.25,34,38.5,35,29,0.54,29.835,96.6408088367926,3.23917576124661,500,6.21772294990188,7.04380756502811,0.999449147386412
56.8,34,38.5,35,29,0.51,28.968,89.0778417364305,3.0750428657978,500,6.21251159144086,6.59092906957149,0.999804279565191
58.35,34,38.5,35,28,0.47,27.4245,82.147341110252,2.9953997742986,498.650022290716,5.93938829976015,6.18844194385922,0.999898160601593
59.9,34,38.5,35,28,0.44,26.356,79.5052751874104,3.01659110591176,497.030859608809,5.73406381161148,5.99829572499992,0.993805417840192
61.45,34,38.5,35,27,0.44,27.038,82.7981279496123,3.06228744543281,490.147164819089,5.92845342143374,5.89241655087255,0.853132952332074
63,34,38.5,35,16,0.495,31.185,98.4745528383902,3.15775381877153,453.805732701481,6.3817469397423,6.60713357587391,0.874954115023456
47.5,34.5,38.5,35,13,0.545,25.8875,119.026119655807,4.5978221016246,500,4.20352733331652,7.96758767100387,0.846902869114771
49.05,34.5,38.5,35,18,0.55,26.9775,113.10351448544,4.19251281569606,500,4.66935350377549,7.83777061766611,0.953354736278712
50.6,34.5,38.5,35,23,0.555,28.083,108.561887654099,3.86575108265141,500,5.13165319938044,7.70908593605538,0.861491285274364
52.15,34.5,38.5,35,25,0.555,28.94325,104.634667477949,3.61516648883416,500,5.54048111196914,7.53420236902357,0.945569315177761
53.7,34.5,38.5,35,27,0.55,29.535,100.644318332889,3.40762885840153,500,5.90097228849991,7.30121954860742,0.996731408445041
55.25,34.5,38.5,35,29,0.535,29.55875,95.4316788308715,3.22854243940869,500,6.14041057063745,6.97022034371502,0.999609892384723
56.8,34.5,38.5,35,29,0.505,28.684,88.0238836865664,3.06874507344047,500,6.12891405808686,6.5336736432523,0.99983993575585
58.35,34.5,38.5,35,29,0.47,27.4245,81.9417249813512,2.98790224001718,498.639090258958,5.9207237906578,6.16873852253138,0.999906430351421
59.9,34.5,38.5,35,28,0.44,26.356,79.2241626379352,3.00592512664802,496.983587491381,5.71193231570786,5.97769868505119,0.995815434018429
61.45,34.5,38.5,35,27,0.44,27.038,82.5471807390766,3.0530061668421,488.58264762728,5.86344421278528,5.92574439094872,0.880696263965435
63,34.5,38.5,35,17,0.49,30.87,96.6210314352154,3.12993299109865,455.892551038237,6.31191198570908,6.52160991067799,0.812862357846016
47.5,35,38.5,35,12,0.545,25.8875,118.134033307309,4.56336198193371,500,4.20239811111757,7.92276410859337,0.906893889305313
49.05,35,38.5,35,18,0.55,26.9775,112.363192970675,4.16507063184783,500,4.66390764312647,7.79760897541149,0.959938254907679
50.6,35,38.5,35,23,0.555,28.083,107.956461674929,3.84419263166076,500,5.1220816145119,7.67373971287035,0.855871168132706
52.15,35,38.5,35,25,0.555,28.94325,104.136073212619,3.59793987242686,500,5.52682369167025,7.50390141635635,0.936709657183218
53.7,35,38.5,35,27,0.55,29.535,100.248743962359,3.39423544819229,500,5.88508280533409,7.27392132656635,0.996279455271202
55.25,35,38.5,35,29,0.535,29.55875,95.0744640872241,3.21645753244722,500,6.12041885015894,6.9462004924626,0.999605613551398
56.8,35,38.5,35,29,0.505,28.684,87.7643952793226,3.05969862220481,500,6.10550073672175,6.51416035741481,0.999845649056838
58.35,35,38.5,35,29,0.47,27.4245,81.7481695880471,2.98084448533418,498.644079591765,5.90241666249458,6.14989179002043,0.999914551111534
59.9,35,38.5,35,28,0.44,26.356,78.9446759001513,2.99532083397144,496.924201679871,5.69043410315523,5.9569471424493,0.997044766603788
61.45,35,38.5,35,28,0.435,26.73075,81.1849337480132,3.0371363971461,491.031785495152,5.80837322802374,5.84383358269254,0.801072044302901
63,35,38.5,35,17,0.49,30.87,96.5880766271703,3.12886545601459,454.095930217382,6.24657966623397,6.51686641416782,0.844525072239222
47.5,35.5,38.5,35,13,0.55,26.125,117.440439912682,4.49532784354766,500,4.25015898603652,7.9265331965341,0.829409563145155
49.05,35.5,38.5,35,18,0.55,26.9775,111.649037408409,4.13859836561613,500,4.65827211830386,7.75864924493116,0.964315164453074
50.6,35.5,38.5,35,23,0.555,28.083,107.372527383647,3.82339947240847,500,5.11245308999329,7.63950963570011,0.842956119242445
52.15,35.5,38.5,35,25,0.555,28.94325,103.65499030802,3.58131828001418,500,5.51318254702718,7.47445282510427,0.923123172190643
53.7,35.5,38.5,35,28,0.545,29.2665,98.9559947098872,3.38120358464071,500,5.81108720586192,7.19561074230574,0.998709810097065
55.25,35.5,38.5,35,29,0.535,29.55875,94.7510318636082,3.20551551955371,500,6.09905333123407,6.92336944684431,0.999600410630077
56.8,35.5,38.5,35,29,0.505,28.684,87.5516546232282,3.05228192104407,500,6.08132400826431,6.49603368343809,0.999852122054674
58.35,35.5,38.5,35,29,0.47,27.4245,81.5624678912718,2.97407310584593,498.661525369814,5.88444382298836,6.13176047628752,0.999922550467419
59.9,35.5,38.5,35,29,0.44,26.356,78.6687429385197,2.98485137875701,496.863741267729,5.66946062121933,5.93626577329708,0.997836282015581
61.45,35.5,38.5,35,28,0.435,26.73075,80.9663671256605,3.02895979819723,489.455149125874,5.75033569558376,5.87003640614241,0.830620286391396
63,35.5,38.5,35,17,0.49,30.87,96.6635925196012,3.13131171103341,452.70372826601,6.18715058515453,6.51070471397832,0.868568739147453
47.5,36,38.5,35,13,0.55,26.125,116.619814462087,4.46391634304639,500,4.24779693260582,7.88451207208524,0.86921320031204
49.05,36,38.5,35,18,0.55,26.9775,110.959893402054,4.11305322591247,500,4.65251101373495,7.72085987836258,0.967325386759539
50.6,36,38.5,35,23,0.555,28.083,106.809206644802,3.80334033560523,500,5.10276988056458,7.60635180515549,0.822865954050302
52.15,36,38.5,35,26,0.555,28.94325,103.190707305267,3.56527713042824,500,5.49956612000228,7.44578696256863,0.903319320010519
53.7,36,38.5,35,28,0.545,29.2665,98.5765359312694,3.36823794889274,500,5.79543762917041,7.1696912871714,0.998564529913691
55.25,36,38.5,35,29,0.535,29.55875,94.4742647139369,3.19615222950689,500,6.07596150222597,6.90247502570278,0.999594027364307
56.8,36,38.5,35,30,0.505,28.684,87.3918729579912,3.04671151017958,500,6.0563481393606,6.4794911802153,0.999859386322055
58.35,36,38.5,35,29,0.47,27.4245,81.3785730388388,2.96736761067071,498.68742739794,5.86676496206935,6.11420123068199,0.999930425577337
59.9,36,38.5,35,29,0.44,26.356,78.3986953483675,2.97460522645194,496.810282754438,5.64895382385818,5.91582677116508,0.998369116108438
61.45,36,38.5,35,28,0.435,26.73075,80.737206382755,3.02038687215118,488.028169747137,5.70002385709622,5.8817135976075,0.85315222906383
63,36,38.5,35,18,0.485,30.555,94.7601067230235,3.10129624359429,454.867607558442,6.12626820415793,6.42938161337298,0.808826647378366
47.5,36.5,38.5,35,13,0.55,26.125,115.827885890076,4.43360328765843,500,4.24529711390366,7.84371986815337,0.892717052791619
49.05,36.5,38.5,35,19,0.555,27.22275,110.714277705871,4.06697624985981,500,4.69448360895021,7.73519840703319,0.800332906710349
50.6,36.5,38.5,35,22,0.55,27.83,105.666846605572,3.79686836527388,500,5.04520168540491,7.5216742965495,0.976614708654924
52.15,36.5,38.5,35,26,0.555,28.94325,102.74254748647,3.54979304281552,500,5.48598177678647,7.41784010803035,0.875408832190127
53.7,36.5,38.5,35,27,0.545,29.2665,98.2117431934924,3.35577343356713,500,5.77991638500221,7.14468412655884,0.998374712186844
55.25,36.5,38.5,35,29,0.53,29.2825,93.340298746807,3.18757956959983,500,6.00247106295517,6.8324239312201,0.999718810144672
56.8,36.5,38.5,35,30,0.5,28.4,86.4129948384769,3.04271108586186,500,5.97396346804859,6.42525662458454,0.999894229665566
58.35,36.5,38.5,35,30,0.47,27.4245,81.1892358934977,2.96046366910965,498.718411057308,5.84931715108516,6.09707984299086,0.999938140435428
59.9,36.5,38.5,35,29,0.44,26.356,78.1370492879935,2.96467784519629,496.768892628655,5.62889067040347,5.89576079915202,0.998742446183622
61.45,36.5,38.5,35,28,0.435,26.73075,80.5004308589916,3.01152907640046,486.941594192456,5.65657796625119,5.88239263137997,0.870461374369409
63,36.5,38.5,35,18,0.485,30.555,94.8324531416375,3.103663987617,453.81776832839,6.07517777985229,6.42280825887232,0.830656307258253
47.5,37,38.5,35,13,0.55,26.125,115.063380158683,4.40433991038023,500,4.24271895704041,7.80411903153438,0.90708813783193
49.05,37,38.5,35,19,0.555,27.22275,110.079481404763,4.04365765415921,500,4.6883911987309,7.69983324490028,0.806720052984711
50.6,37,38.5,35,22,0.55,27.83,105.13715068407,3.77783509464859,500,5.03571543950452,7.49025641560763,0.972901671667423
52.15,37,38.5,35,26,0.555,28.94325,102.309864102448,3.53484367175243,500,5.47243834337259,7.39055770374746,0.837452960514102
53.7,37,38.5,35,27,0.545,29.2665,97.8609280979924,3.3437865169389,500,5.76453468725809,7.12059536947713,0.998125799576303
55.25,37,38.5,35,30,0.53,29.2825,93.0384002272365,3.17726970809311,500,5.98185862701861,6.81139913106121,0.999722039416204
56.8,37,38.5,35,30,0.5,28.4,86.1868243901994,3.03474733768308,500,5.95153792915733,6.40792623366642,0.999902675188279
58.35,37,38.5,35,30,0.47,27.4245,80.9879379270312,2.95312359120608,498.753395121699,5.83201023807036,6.08028756354752,0.999945626065544
59.9,37,38.5,35,29,0.44,26.356,77.8862820174135,2.95516322725048,496.74249610027,5.60927229877539,5.87616426395095,0.999013885608888
61.45,37,38.5,35,28,0.45,27.6525,83.005561312699,3.00173804584392,479.722165188319,5.72038642481228,6.00857001075371,0.987699575419692
63,37,38.5,35,18,0.485,30.555,94.9838963540189,3.10862040104791,453.038198882368,6.02802990074808,6.41584274102489,0.847004608395413
47.5,37.5,38.5,35,13,0.55,26.125,114.325113107361,4.37608088449228,500,4.24009680457901,7.76567239780458,0.916145354175943
49.05,37.5,38.5,35,19,0.555,27.22275,109.466525567754,4.02114134566691,500,4.68221252955651,7.66553663869899,0.812126263145427
50.6,37.5,38.5,35,22,0.55,27.83,104.625957445697,3.75946667070417,500,5.02616172609102,7.45978535208643,0.968270677052398
52.15,37.5,38.5,35,25,0.55,28.6825,101.130375803692,3.525856386427,500,5.41051420128767,7.30909503016808,0.976661923347574
53.7,37.5,38.5,35,28,0.545,29.2665,97.5233040817514,3.33225032312546,500,5.7492989212383,7.09738482458182,0.997798738031865
55.25,37.5,38.5,35,30,0.53,29.2825,92.7780237955185,3.16837782960876,500,5.95968025491764,6.79209103374394,0.999725469259209
56.8,37.5,38.5,35,31,0.5,28.4,86.0062809703491,3.02839017501229,500,5.9286830584068,6.39174522118761,0.999911503049282
58.35,37.5,38.5,35,30,0.47,27.4245,80.7719452087839,2.94524768760721,498.795165645426,5.81472441539387,6.06376322485689,0.999952785672107
59.9,37.5,38.5,35,29,0.44,26.356,77.6486291598776,2.94614619668681,496.732719765098,5.59011657310958,5.85710422062667,0.99921816077891
61.45,37.5,38.5,35,28,0.45,27.6525,82.7358439097799,2.9919842296277,479.785570103632,5.70134042381608,5.99015644777509,0.989553278398632
63,37.5,38.5,35,18,0.485,30.555,95.1781154696301,3.11497677858387,452.408062807515,5.98409455676061,6.40886877545492,0.858845939706157
47.5,38,38.5,35,13,0.55,26.125,113.611984527068,4.34878409672986,500,4.23744139105136,7.72834114497858,0.921988837616852
49.05,38,38.5,35,19,0.555,27.22275,108.874549998599,3.99939572594975,500,4.67592323356229,7.63226284064902,0.816850649403507
50.6,38,38.5,35,22,0.55,27.83,104.132581614913,3.74173846981363,500,5.01653153370831,7.43022273877606,0.96271747257398
52.15,38,38.5,35,25,0.55,28.6825,100.726747821024,3.51178411299657,500,5.39728459122823,7.28332043477674,0.969161789123306
53.7,38,38.5,35,28,0.545,29.2665,97.1979626408911,3.32113380967629,500,5.73421132969587,7.0749544778818,0.997369551823152
55.25,38,38.5,35,29,0.53,29.2825,92.5729446570043,3.16137435864439,500,5.93572357552394,6.77512390502579,0.999728940612915
56.8,38,38.5,35,31,0.5,28.4,85.8776770347679,3.02386186742141,500,5.90530044235719,6.37694068641044,0.999920501618926
58.35,38,38.5,35,30,0.475,27.71625,81.377666947981,2.93609947045437,497.368428796173,5.85063557450492,6.0873306620939,0.999951442720656
59.9,38,38.5,35,29,0.44,26.356,77.4259185795809,2.93769610637353,496.740438320005,5.57145278435222,5.83862185124277,0.999376695817812
61.45,38,38.5,35,28,0.445,27.34525,81.5608695808556,2.98263389732606,481.818365069555,5.63937506618491,5.92774718474728,0.98072491516493
63,38,38.5,35,19,0.48,30.24,93.2021673732368,3.08208225440598,454.596598286042,5.93350328789627,6.33012646385712,0.802313097284041
47.5,38.5,38.5,35,13,0.555,26.3625,113.219118138762,4.29470339075438,500,4.28251883258688,7.74264576904839,0.810809420375058
49.05,38.5,38.5,35,19,0.555,27.22275,108.302751881353,3.97839130438155,500,4.66949868336882,7.59996559364726,0.820897884280255
50.6,38.5,38.5,35,22,0.55,27.83,103.656375635714,3.72462722370514,500,5.00681710149767,7.4015300558242,0.95631830946705
52.15,38.5,38.5,35,26,0.55,28.6825,100.337076837868,3.49819844287868,500,5.38409642183328,7.25816916360635,0.959095659678958
53.7,38.5,38.5,35,28,0.545,29.2665,96.8838623462877,3.31040139225011,500,5.71927028660603,7.0531532259055,0.996809619700624
55.25,38.5,38.5,35,29,0.525,29.00625,91.4544535228473,3.15292233649118,500,5.86672351551026,6.70724506025672,0.999832605042529
56.8,38.5,38.5,35,31,0.5,28.4,85.8026060377496,3.02121852245597,499.690366166554,5.88117345635675,6.36371110120109,0.999929421446217
58.35,38.5,38.5,35,30,0.475,27.71625,81.1665993192791,2.928484167926,497.476011415104,5.83060837577158,6.07240905180554,0.999958092905758
59.9,38.5,38.5,35,30,0.44,26.356,77.2194385556939,2.92986183623061,496.766019080721,5.55331748036423,5.82073508695465,0.999502794748009
61.45,38.5,38.5,35,29,0.445,27.34525,81.3126348491749,2.97355609654967,481.875801288074,5.62182077828403,5.90957587320707,0.982332413746532
63,38.5,38.5,35,19,0.48,30.24,93.3926151239227,3.08838012975935,453.989628574325,5.89435452652711,6.3229487904915,0.812555090528456
47.5,39,38.5,35,13,0.555,26.3625,112.560933063451,4.26973667381511,500,4.27963164227316,7.70763884850099,0.824280543549685
49.05,39,38.5,35,20,0.555,27.22275,107.750379452982,3.95810046571274,500,4.6629168586926,7.56859822541731,0.824152786707182
50.6,39,38.5,35,23,0.55,27.83,103.196726323598,3.7081108991591,500,4.9970144407605,7.37366836758005,0.949242942082793
52.15,39,38.5,35,26,0.55,28.6825,99.9608029716064,3.48507985606577,500,5.3709693644315,7.23361168207392,0.94604702776094
53.7,39,38.5,35,28,0.545,29.2665,96.5798450983733,3.3000135000213,500,5.70446980033025,7.03180631211967,0.996087129799428
55.25,39,38.5,35,30,0.525,29.00625,91.2061636498402,3.14436246153295,500,5.84586544265394,6.68922027838792,0.99984255700744
56.8,39,38.5,35,31,0.495,28.116,84.7639474608631,3.01479397712559,500,5.80253683057641,6.3093158736948,0.999954494202741
58.35,39,38.5,35,31,0.47,27.4245,80.103839595652,2.92088605428183,499.031506797118,5.76141363524084,6.01640262974895,0.999971192553812
59.9,39,38.5,35,30,0.44,26.356,77.0298172493004,2.92266721996131,496.809331947462,5.53575060981366,5.80344066449641,0.999604632689076
61.45,39,38.5,35,29,0.44,27.038,80.1670063200409,2.96497545380727,484.006519039126,5.55812376679163,5.85023156071434,0.961979016199401
63,39,38.5,35,19,0.48,30.24,93.5951577348353,3.0950779674218,453.39508151228,5.85692115315482,6.31601045078505,0.820296118738005
47.5,39.5,38.5,35,13,0.555,26.3625,111.924794461197,4.24560623845225,500,4.27658562125361,7.67362240700541,0.835694629004846
49.05,39.5,38.5,35,20,0.555,27.22275,107.216726523086,3.93849726875816,500,4.65616042136774,7.53811358005705,0.826512153285474
50.6,39.5,38.5,35,23,0.55,27.83,102.753052145241,3.69216860026019,500,4.98712505809408,7.34659810621281,0.941735124414271
52.15,39.5,38.5,35,26,0.55,28.6825,99.5973833052267,3.47240942404695,500,5.35792935912388,7.20963037169762,0.929868712849285
53.7,39.5,38.5,35,28,0.545,29.2665,96.2847013720091,3.28992880501629,500,5.68979804312915,7.01077052639329,0.995170041937881
55.25,39.5,38.5,35,30,0.525,29.00625,91.0035630707857,3.13737773999692,500,5.82357044386744,6.67328483332113,0.99985218369237
56.8,39.5,38.5,35,32,0.495,28.116,84.5998468373187,3.00895742059036,500,5.78187795895011,6.29429033848077,0.999961065205354
58.35,39.5,38.5,35,31,0.47,27.4245,79.9164984994846,2.91405489615069,499.150500515299,5.74257327030059,6.00201954149895,0.999976004110257
59.9,39.5,38.5,35,30,0.44,26.356,76.8568757252688,2.91610546840449,496.86960325092,5.51879133817726,5.78671577569218,0.99968715732213
61.45,39.5,38.5,35,29,0.44,27.038,79.9358412573843,2.95642581764126,484.060776496278,5.54208079466633,5.83250967636634,0.963760476923635
63,39.5,38.5,35,19,0.48,30.24,93.7876602416191,3.10144379105883,452.784771378049,5.82071445206792,6.30934343518252,0.826335046598643
47.5,40,38.5,35,13,0.555,26.3625,111.309856203054,4.22227998873605,500,4.27334308579282,7.64054203875682,0.845376601370793
49.05,40,38.5,35,20,0.555,27.22275,106.701127842451,3.91955727626528,500,4.6492182679742,7.50846382721525,0.827949356641126
50.6,40,38.5,35,23,0.55,27.83,102.324801033084,3.67678048987007,500,4.97715710668007,7.32027894998879,0.934062559783944
52.15,40,38.5,35,26,0.55,28.6825,99.2462897863928,3.46016873656037,500,5.34500881496359,7.18622010170309,0.910829257378592
53.7,40,38.5,35,28,0.545,29.2665,95.9973138097913,3.28010912851866,500,5.6752347781896,6.99000054104647,0.994030407008299
55.25,40,38.5,35,30,0.52,28.73,89.9627239347269,3.13131653096857,500,5.75403282115292,6.61009950178145,0.999919433397766
56.8,40,38.5,35,32,0.495,28.116,84.4829361545982,3.00479926570629,500,5.76082613419662,6.28046396724613,0.999966865039903
58.35,40,38.5,35,31,0.47,27.4245,79.7648721855863,2.90852603276582,499.253040084081,5.72292747044572,5.98880158645801,0.99998009126305
59.9,40,38.5,35,30,0.44,26.356,76.6994159014153,2.91013112389647,496.945197578775,5.50247303767917,5.77051950238302,0.999753435911829
61.45,40,38.5,35,29,0.44,27.038,79.717120656841,2.94833643970859,484.103426466985,5.52778855277489,5.81510543868324,0.965317902500094
63,40,38.5,35,19,0.48,30.24,93.9602411906479,3.10715083302407,452.151095407331,5.78531885007764,6.30292991526391,0.831383976389009
47.5,40.5,38.5,35,13,0.555,26.3625,110.715323057245,4.19972775940236,500,4.26987006139748,7.60834253502099,0.853517914879018
49.05,40.5,38.5,35,20,0.555,27.22275,106.202955282797,3.90125741458144,500,4.64208675132877,7.47960018922575,0.828518006096463
50.6,40.5,38.5,35,23,0.55,27.83,101.911448640165,3.66192772691933,500,4.96712613035779,7.29466982762893,0.926456501181507
52.15,40.5,38.5,35,27,0.55,28.6825,98.9070072750941,3.44833983352546,500,5.33224631669077,7.16338687244597,0.889653702363788
53.7,40.5,38.5,35,28,0.545,29.2665,95.7169127733826,3.27052817294116,500,5.66074758153018,6.96959476052136,0.992649175294502
55.25,40.5,38.5,35,30,0.52,28.73,89.7288558373115,3.12317632569828,500,5.73488777119089,6.59300751766766,0.999927599010762
56.8,40.5,38.5,35,31,0.495,28.116,84.4167779571535,3.00244622126737,499.578090906091,5.73900749548772,6.26804349044975,0.999971840912343
58.35,40.5,38.5,35,31,0.47,27.4245,79.6541429038482,2.90448842837055,499.282635175322,5.70235809193179,5.97695962792732,0.999983480419579
59.9,40.5,38.5,35,30,0.44,26.356,76.5549252944517,2.90464885773455,497.033435051581,5.48681710135973,5.75479443211639,0.999805644680349
61.45,40.5,38.5,35,29,0.435,26.73075,78.5978672181078,2.94035398251481,486.345938699238,5.46400297396454,5.75941060473048,0.931830639779818
63,40.5,38.5,35,19,0.48,30.24,94.1119303146153,3.11216700775844,451.499958890892,5.75040364252259,6.29673027580285,0.836036659714448
47.5,41,38.5,35,13,0.555,26.3625,110.140444753946,4.17792109071392,500,4.26613798652342,7.57696824017029,0.860254563414644
49.05,41,38.5,35,20,0.555,27.22275,105.721614765151,3.8835758608205,500,4.63477065703881,7.4514726255229,0.828320452194948
50.6,41,38.5,35,23,0.55,27.83,101.512496942011,3.64759241617001,500,4.95705546544876,7.26972905578125,0.919066918281728
52.15,41,38.5,35,27,0.55,28.6825,98.5790317307456,3.4369051418372,500,5.31968579659408,7.14114413017148,0.867411083809425
53.7,41,38.5,35,29,0.545,29.2665,95.4434708802678,3.26118500265723,500,5.64628678657841,6.94978783493956,0.991020045101306
55.25,41,38.5,35,30,0.52,28.73,89.5252565025186,3.1160896798649,500,5.71471359899218,6.57768961481522,0.999934499893119
56.8,41,38.5,35,31,0.49,27.832,83.4710076085025,2.99910202674988,500,5.66036610857396,6.21605056223014,0.999982726417533
58.35,41,38.5,35,32,0.47,27.4245,79.5863242988922,2.90201550799075,499.16850214947,5.68078566317977,5.96656529635286,0.99998623188327
59.9,41,38.5,35,31,0.44,26.356,76.4192321686365,2.89950038581866,497.130595829013,5.47182544192796,5.73946921670544,0.999845710362653
61.45,41,38.5,35,30,0.435,26.73075,78.3914233301574,2.93263089625833,486.401347586411,5.45102093674749,5.74282857839297,0.938220622253204
63,41,38.5,35,19,0.48,30.24,94.2462681835215,3.11660939760322,450.843104653613,5.71573153028149,6.29069915120255,0.840743927769523
47.5,41.5,38.5,35,13,0.555,26.3625,109.584510879799,4.1568330347956,500,4.26212521847463,7.54636327884314,0.865700013875419
49.05,41.5,38.5,35,20,0.555,27.22275,105.25654385975,3.86649195469781,500,4.62728392207554,7.42402951320298,0.82746813381776
50.6,41.5,38.5,35,24,0.55,27.83,101.127473095889,3.63375756722561,500,4.94697627226735,7.24541458271639,0.911947521755773
52.15,41.5,38.5,35,27,0.55,28.6825,98.2618685547311,3.42584741757975,500,5.30737511954059,7.1195068931182,0.84528565219584
53.7,41.5,38.5,35,29,0.545,29.2665,95.1782342418985,3.25212219574935,500,5.63177917243797,6.93088314156746,0.989150923925592
55.25,41.5,38.5,35,30,0.52,28.73,89.3679514993042,3.11061439259673,500,5.69346079950556,6.56451939239908,0.999940116359432
56.8,41.5,38.5,35,32,0.49,27.832,83.3124441243104,2.99340486218419,500,5.64241783133773,6.20154633243753,0.999985262817044
58.35,41.5,38.5,35,32,0.47,27.4245,79.5610115513306,2.90109251039511,498.852230642536,5.65816197838067,5.95754570169214,0.999988426379961
59.9,41.5,38.5,35,31,0.44,26.356,76.2862411311347,2.89445443660399,497.232310690141,5.45747187397367,5.72446334253961,0.999875587330194
61.45,41.5,38.5,35,30,0.43,26.4235,77.2916840336285,2.92511151185984,488.735115691669,5.38943197901093,5.69044485699905,0.907728600518838
63,41.5,38.5,35,20,0.475,29.925,92.3847685356698,3.08721031029807,453.22728574924,5.67846014208645,6.2127511145504,0.803982829865696
47.5,42,38.5,35,13,0.555,26.3625,109.046846602652,4.13643799346236,500,4.25781845390015,7.51647169519757,0.869953389100336
49.05,42,38.5,35,20,0.555,27.22275,104.807209973403,3.84998613194492,500,4.61965000394986,7.39721736333659,0.826050979751369
50.6,42,38.5,35,24,0.55,27.83,100.755928472285,3.62040705972997,500,4.93692710343295,7.2216842695815,0.90506732613335
52.15,42,38.5,35,27,0.55,28.6825,97.9550311332725,3.41514969522435,500,5.29536405440658,7.09848450338695,0.824332353861587
53.7,42,38.5,35,29,0.545,29.2665,94.9243227276033,3.24344635428231,500,5.61712063956342,6.91315660181144,0.9870623364878
55.25,42,38.5,35,30,0.515,28.45375,88.3566252529226,3.10527172175628,500,5.62672275796627,6.50244122949837,0.999969650083933
56.8,42,38.5,35,32,0.49,27.832,83.1924178743237,2.98909233523727,500,5.62401707016224,6.18810259333341,0.999987274579708
58.35,42,38.5,35,32,0.465,27.13275,78.6095866773651,2.89722150085653,500,5.58680032491316,5.90640760324901,0.999992008310953
59.9,42,38.5,35,31,0.455,27.2545,78.6620425764209,2.8862038407023,491.400278400168,5.57796566495115,5.82258153099864,0.999980136226873
61.45,42,38.5,35,30,0.43,26.4235,77.095758802321,2.91769670188737,488.80697327159,5.3775873838987,5.67467189115952,0.923331442354467
63,42,38.5,35,20,0.475,29.925,92.525277051683,3.09190566588749,452.591896884521,5.64556755331429,6.20671774653779,0.813846766090889
47.5,42.5,38.5,35,13,0.555,26.3625,108.526809190431,4.11671158617091,500,4.25321407848627,7.48723754874541,0.873098066567949
49.05,42.5,38.5,35,21,0.555,27.22275,104.373109038315,3.8340398761446,500,4.61190175943092,7.37098061421011,0.824121833915906
50.6,42.5,38.5,35,24,0.55,27.83,100.39743777852,3.60752561187638,500,4.92695288897226,7.19849609842527,0.898335489134073
52.15,42.5,38.5,35,28,0.55,28.6825,97.6580396592194,3.40479524655171,500,5.28370166517564,7.07807336399459,0.80530962264684
53.7,42.5,38.5,35,29,0.545,29.2665,94.6872259183135,3.23534505042672,500,5.60216854782975,6.89677933053485,0.984783224052178
55.25,42.5,38.5,35,31,0.515,28.45375,88.1541270610842,3.09815497293271,500,5.60895415932337,6.48728821882887,0.999972159728359
56.8,42.5,38.5,35,32,0.49,27.832,83.11700165067,2.98638264050984,499.790162718952,5.60471699061734,6.17593137090327,0.99998884829855
58.35,42.5,38.5,35,32,0.465,27.13275,78.520515685336,2.89393871558673,500,5.56692286864458,5.89659978298818,0.999993073243405
59.9,42.5,38.5,35,31,0.45,26.955,77.5834719892756,2.87825902390189,493.366880960129,5.52484005577138,5.76591991588334,0.999979694149544
61.45,42.5,38.5,35,31,0.425,26.11625,76.0132857086211,2.91057428645464,491.22870088053,5.31905722717177,5.62549303828686,0.906687141665936
63,42.5,38.5,35,23,0.435,27.405,80.6839994672313,2.94413426262475,474.004569308307,5.55808828689968,5.77293752447268,0.811334464408253
47.5,43,38.5,35,14,0.555,26.3625,108.023785265264,4.09763054586113,500,4.24831937166272,7.4586050127539,0.875198935785982
49.05,43,38.5,35,21,0.555,27.22275,103.953764617616,3.81863568587361,500,4.60408067715848,7.34526154357181,0.821694288945166
50.6,43,38.5,35,24,0.55,27.83,100.051598199414,3.59509874952979,500,4.91710323310309,7.17580816823812,0.89162699171835
52.15,43,38.5,35,27,0.545,28.42175,96.6574204036626,3.40082579023679,500,5.22241154402788,7.00578523537092,0.981794681779994
53.7,43,38.5,35,30,0.54,28.998,93.5837942495572,3.22724995687831,500,5.53564576853837,6.82714143939465,0.997886081278769
55.25,43,38.5,35,31,0.515,28.45375,87.9813655563646,3.0920833126166,500,5.59054774071143,6.47397407079697,0.999973953594621
56.8,43,38.5,35,32,0.49,27.832,83.088610616628,2.98536255449224,499.137602865623,5.58408558392431,6.16511633692891,0.999990062545482
58.35,43,38.5,35,33,0.465,27.13275,78.4658326254122,2.8919233260695,500,5.54641480225607,5.88776905097149,0.999993878184831
59.9,43,38.5,35,32,0.45,26.955,77.3423767032664,2.86931466159401,493.5366872253,5.50974428381249,5.75139083297915,0.999982283997603
61.45,43,38.5,35,31,0.425,26.11625,75.8277350208266,2.90346948818558,491.318454606792,5.30799643354786,5.61042574821426,0.927531137328929
63,43,38.5,35,27,0.44,27.72,81.3261938915492,2.93384537848302,472.016678109732,5.56012153279914,5.79851565282579,0.822934723528061
47.5,43.5,38.5,35,14,0.555,26.3625,107.537188721328,4.07917263997452,500,4.24315341877506,7.43051852265552,0.876301308104643
49.05,43.5,38.5,35,21,0.555,27.22275,103.548727345958,3.80375705415354,500,4.59623533467335,7.32000033938596,0.818749140594147
50.6,43.5,38.5,35,24,0.55,27.83,99.7180284848587,3.58311277344084,500,4.90742997551408,7.15357834523268,0.884802751303324
52.15,43.5,38.5,35,27,0.545,28.42175,96.3802955429428,3.39107533994011,500,5.21120700140798,6.9863618776666,0.979360096484147
53.7,43.5,38.5,35,30,0.54,28.998,93.347832297944,3.21911277667232,500,5.5223787811072,6.81040465343189,0.997630107308531
55.25,43.5,38.5,35,31,0.515,28.45375,87.852448596651,3.08755255798097,500,5.57148736688733,6.46256735524885,0.999975135950622
56.8,43.5,38.5,35,32,0.485,27.548,82.1551333331403,2.98225400512343,500,5.51150459909703,6.11265723410986,0.999993141040627
58.35,43.5,38.5,35,33,0.465,27.13275,78.4483000347917,2.89127714790398,499.736888978592,5.52524656472222,5.87977777550418,0.999994477294649
59.9,43.5,38.5,35,32,0.45,26.955,77.1538731409236,2.86232139272579,493.697514109679,5.49326340916073,5.73881112687456,0.999983949673884
61.45,43.5,38.5,35,32,0.445,27.34525,79.1967912944639,2.89618091970137,482.60219610436,5.48944892081874,5.74028818848121,0.989949330212063
63,43.5,38.5,35,29,0.44,27.72,81.1222939950844,2.92648968236235,472.256342478759,5.53799605285487,5.78606876638794,0.849167242188011
47.5,44,38.5,35,15,0.555,26.3625,107.066459229569,4.06131661373423,500,4.23774753266844,7.40292302428427,0.876431748088908
49.05,44,38.5,35,21,0.555,27.22275,103.157574627302,3.78938845734917,500,4.58841902019889,7.29513535854921,0.815244599952522
50.6,44,38.5,35,25,0.55,27.83,99.3963679188105,3.57155472219944,500,4.89798406681227,7.13176348573349,0.877723126289302
52.15,44,38.5,35,28,0.545,28.42175,96.112095398727,3.38163889974147,500,5.20044366893678,6.96743993210037,0.976711900133264
53.7,44,38.5,35,30,0.54,28.998,93.1233889805062,3.21137281814285,500,5.5090203412686,6.79481579391811,0.997343758047572
55.25,44,38.5,35,31,0.51,28.1775,86.920244344269,3.08473939647836,500,5.50581259409851,6.4010548740946,0.999985927418456
56.8,44,38.5,35,32,0.485,27.548,82.0259552820191,2.97756480622982,500,5.495756024888,6.09925231576233,0.999993647083071
58.35,44,38.5,35,33,0.465,27.13275,78.4681987807124,2.89201053268513,499.024012781144,5.50333132578375,5.87251186062829,0.999994911550341
59.9,44,38.5,35,32,0.445,26.6555,76.0981488338229,2.85487606061874,495.772802693816,5.43963748598476,5.6850169843843,0.999974182674182
61.45,44,38.5,35,32,0.44,27.038,78.0930690759611,2.88827091781793,484.725793870088,5.43580386833324,5.68611909684851,0.984444170394975
63,44,38.5,35,32,0.44,27.72,80.9412016309057,2.91995676879169,472.447064941566,5.51548901248884,5.7741105617866,0.87329272455204
47.5,44.5,38.5,35,15,0.555,26.3625,106.611061252105,4.04404215275883,500,4.23214496834347,7.37576437508392,0.875600208671195
49.05,44.5,38.5,35,22,0.555,27.22275,102.779910515721,3.77551535079008,500,4.58068656932034,7.27060358090941,0.811126780446427
50.6,44.5,38.5,35,25,0.55,27.83,99.0862751088727,3.56041232874138,500,4.88881193160702,7.1103182452721,0.870256353971008
52.15,44.5,38.5,35,28,0.545,28.42175,95.8524040032293,3.3725018340964,500,5.19016666217341,6.9489705770318,0.973805207335219
53.7,44.5,38.5,35,30,0.54,28.998,92.9155390078484,3.20420508337983,500,5.49540041289127,6.78040859071934,0.997022652397553
55.25,44.5,38.5,35,30,0.51,28.1775,86.7397843769444,3.07833499696369,500,5.49029460258294,6.38710489305926,0.999986202879407
56.8,44.5,38.5,35,32,0.485,27.548,81.9315884410113,2.97413926386712,500,5.47905482982532,6.08701384124078,0.999994004029402
58.35,44.5,38.5,35,33,0.46,26.841,77.6702207017281,2.89371561051109,500,5.43150061173297,5.828109412889,0.999995721352444
59.9,44.5,38.5,35,33,0.445,26.6555,75.9177367345902,2.84810777267694,495.950861890678,5.42377070615365,5.67331377854406,0.99997472625497
61.45,44.5,38.5,35,32,0.44,27.038,77.8779654377938,2.88031531318122,484.922887249996,5.42126486947973,5.67444197309393,0.986596186953505
63,44.5,38.5,35,32,0.435,27.405,79.8239080103673,2.91274979056257,474.630942135889,5.47636138447821,5.72418253955302,0.910417004905563
47.5,45,38.5,35,16,0.555,26.3625,106.170483492105,4.02732986219459,500,4.22639973792956,7.34898995477605,0.87380286610296
49.05,45,38.5,35,22,0.555,27.22275,102.415365708104,3.76212416850259,500,4.5730906031382,7.24634122831415,0.806338616578466
50.6,45,38.5,35,25,0.55,27.83,98.7874265403818,3.54967396839317,500,4.87995162200839,7.08919359357674,0.862283880036378
52.15,45,38.5,35,28,0.545,28.42175,95.6008128414376,3.36364976968124,500,5.18040968097281,6.9308832974389,0.970579803097472
53.7,45,38.5,35,31,0.54,28.998,92.7317816424665,3.19786818547715,500,5.48129670983233,6.76709738681462,0.996660956270098
55.25,45,38.5,35,31,0.51,28.1775,86.5872116047706,3.07292029473057,500,5.47454230281664,6.37481449769148,0.999986220251166
56.8,45,38.5,35,32,0.485,27.548,81.8770769618803,2.97216048213592,499.723385459888,5.46114408506504,6.0760245535174,0.999994233271718
58.35,45,38.5,35,34,0.46,26.841,77.5843967282127,2.89051811513031,500,5.41361477768199,5.81935285010235,0.999995848179473
59.9,45,38.5,35,33,0.445,26.6555,75.8017448540421,2.84375625495834,496.082468382912,5.40644434837386,5.663799960414,0.999974520663205
61.45,45,38.5,35,33,0.44,27.038,77.6925023928073,2.87345596541191,485.092402990051,5.40490218557036,5.6651316453574,0.988397764214874
63,45,38.5,35,32,0.435,27.405,79.6415161554507,2.90609436801499,474.82544563178,5.45544556247413,5.71194328335368,0.927135627550979
47.5,20,38.8,35,0,NaN,NaN,NaN,NaN,NaN,NaN,NaN,NaN
49.05,20,38.8,35,0,NaN,NaN,NaN,NaN,NaN,NaN,NaN,NaN
50.6,20,38.8,35,0,NaN,NaN,NaN,NaN,NaN,NaN,NaN,NaN
52.15,20,38.8,35,0,NaN,NaN,NaN,NaN,NaN,NaN,NaN,NaN
53.7,20,38.8,35,0,NaN,NaN,NaN,NaN,NaN,NaN,NaN,NaN
55.25,20,38.8,35,4,0.525,29.00625,117.100748173756,4.03708677177353,500,6.45549428954457,8.27909018876417,0.854516524086352
56.8,20,38.8,35,7,0.53,30.104,110.686451802279,3.67680214596992,500,7.08648392175658,7.96017732527327,0.915175745293897
58.35,20,38.8,35,9,0.505,29.46675,102.142315616229,3.46635837397166,498.982280256125,7.14997048683429,7.49944412572405,0.96719980279029
59.9,20,38.8,35,6,0.525,31.4475,111.575534271406,3.54799377602056,484.294541414689,7.54111155329763,7.6932218911299,0.875033236071983
61.45,20,38.8,35,4,0.55,33.7975,122.077270137539,3.61202071566059,474.759571544569,8.41698692059489,7.91952656772431,0.863113644728814
63,20,38.8,35,0,NaN,NaN,NaN,NaN,NaN,NaN,NaN,NaN
47.5,20.5,38.8,35,0,NaN,NaN,NaN,NaN,NaN,NaN,NaN,NaN
49.05,20.5,38.8,35,0,NaN,NaN,NaN,NaN,NaN,NaN,NaN,NaN
50.6,20.5,38.8,35,0,NaN,NaN,NaN,NaN,NaN,NaN,NaN,NaN
52.15,20.5,38.8,35,0,NaN,NaN,NaN,NaN,NaN,NaN,NaN,NaN
53.7,20.5,38.8,35,0,NaN,NaN,NaN,NaN,NaN,NaN,NaN,NaN
55.25,20.5,38.8,35,6,0.53,29.2825,116.256502062213,3.97016996712073,500,6.51527939989544,8.24070806726081,0.822579427931429
56.8,20.5,38.8,35,8,0.535,30.388,110.548350042447,3.63789489411763,500,7.13484064368064,7.93942964058948,0.85896193929051
58.35,20.5,38.8,35,10,0.5,29.175,100.422205908146,3.4420636129613,499.748879219557,7.03752312019374,7.386803040393,0.974978466259347
59.9,20.5,38.8,35,9,0.515,30.8485,108.369554462621,3.5129602561752,488.245275920905,7.46038076253528,7.46339561954312,0.808594917582096
61.45,20.5,38.8,35,6,0.545,33.49025,120.056317238918,3.58481400523789,475.139530413714,8.32229505591084,7.75913770225096,0.900682501826804
63,20.5,38.8,35,3,0.56,35.28,130.520836212698,3.69957018743475,464.858934389161,8.98895212584522,8.07889054379554,0.82759341607276
47.5,21,38.8,35,0,NaN,NaN,NaN,NaN,NaN,NaN,NaN,NaN
49.05,21,38.8,35,0,NaN,NaN,NaN,NaN,NaN,NaN,NaN,NaN
50.6,21,38.8,35,0,NaN,NaN,NaN,NaN,NaN,NaN,NaN,NaN
52.15,21,38.8,35,0,NaN,NaN,NaN,NaN,NaN,NaN,NaN,NaN
53.7,21,38.8,35,0,NaN,NaN,NaN,NaN,NaN,NaN,NaN,NaN
55.25,21,38.8,35,7,0.53,29.2825,115.039535587749,3.92861045292406,500,6.49436618894608,8.1715614715537,0.91546326949225
56.8,21,38.8,35,9,0.535,30.388,109.589206276293,3.6063316531622,500,7.10679592993902,7.87830358064823,0.923809590028943
58.35,21,38.8,35,11,0.5,29.175,99.7378260805,3.41860586394173,499.481765169074,6.99721316709017,7.33343750228117,0.993489651829927
59.9,21,38.8,35,11,0.51,30.549,106.382229292213,3.4823473531773,489.32143707663,7.37180730684511,7.33774877975642,0.806623293569824
61.45,21,38.8,35,8,0.545,33.49025,119.175748676997,3.55852072400168,473.871228434551,8.20626077180112,7.79819037897572,0.939513972366079
63,21,38.8,35,5,0.55,34.65,126.288131562635,3.64467912157677,467.303584800457,8.98992986591481,7.74877727793951,0.802587645187863
47.5,21.5,38.8,35,0,NaN,NaN,NaN,NaN,NaN,NaN,NaN,NaN
49.05,21.5,38.8,35,0,NaN,NaN,NaN,NaN,NaN,NaN,NaN,NaN
50.6,21.5,38.8,35,0,NaN,NaN,NaN,NaN,NaN,NaN,NaN,NaN
52.15,21.5,38.8,35,0,NaN,NaN,NaN,NaN,NaN,NaN,NaN,NaN
53.7,21.5,38.8,35,0,NaN,NaN,NaN,NaN,NaN,NaN,NaN,NaN
55.25,21.5,38.8,35,9,0.535,29.55875,114.478889500903,3.8729272889044,500,6.54873580003528,8.14488390998797,0.814667015850544
56.8,21.5,38.8,35,11,0.535,30.388,108.679381346432,3.57639138299435,500,7.07970215046338,7.81906972123293,0.959887641536165
58.35,21.5,38.8,35,13,0.495,28.88325,98.0970852180277,3.3963312722089,500,6.88562924242991,7.23557047361881,0.993801125413623
59.9,21.5,38.8,35,11,0.51,30.549,105.673014371038,3.45913170221735,487.405501164221,7.26996909965139,7.34881442753547,0.909323880938102
61.45,21.5,38.8,35,9,0.54,33.183,117.224559330981,3.53266911765004,474.318888867728,8.10497520712478,7.64473577648015,0.952693630880418
63,21.5,38.8,35,5,0.55,34.65,125.532747018151,3.62287870182254,466.319360571928,8.90777462337346,7.78834884880648,0.860111990564451
47.5,22,38.8,35,0,NaN,NaN,NaN,NaN,NaN,NaN,NaN,NaN
49.05,22,38.8,35,0,NaN,NaN,NaN,NaN,NaN,NaN,NaN,NaN
50.6,22,38.8,35,0,NaN,NaN,NaN,NaN,NaN,NaN,NaN,NaN
52.15,22,38.8,35,0,NaN,NaN,NaN,NaN,NaN,NaN,NaN,NaN
53.7,22,38.8,35,3,0.515,27.6555,119.951978750675,4.33736431272895,500,5.68416038960011,8.27915374521413,0.853003181294735
55.25,22,38.8,35,10,0.535,29.55875,113.381389071425,3.83579782877912,500,6.52801986155296,8.08090350371335,0.900710222624604
56.8,22,38.8,35,12,0.535,30.388,107.814091951686,3.54791667604602,500,7.05347607074982,7.76186348945994,0.978771050422725
58.35,22,38.8,35,13,0.495,28.88325,97.4371799240409,3.37348393702374,499.966669080468,6.85153335043133,7.18958572949598,0.997537775388495
59.9,22,38.8,35,13,0.505,30.2495,103.771169846099,3.43050859836029,488.497334670303,7.18299477264027,7.23189975830685,0.905028135450002
61.45,22,38.8,35,10,0.54,33.183,116.418870675231,3.50838895444147,472.8483189636,7.99026857580196,7.67481901335264,0.971928519629406
63,22,38.8,35,6,0.545,34.335,123.378177086627,3.59336470326569,467.125177435435,8.85627945864575,7.62665250753511,0.848156555930096
47.5,22.5,38.8,35,0,NaN,NaN,NaN,NaN,NaN,NaN,NaN,NaN
49.05,22.5,38.8,35,0,NaN,NaN,NaN,NaN,NaN,NaN,NaN,NaN
50.6,22.5,38.8,35,0,NaN,NaN,NaN,NaN,NaN,NaN,NaN,NaN
52.15,22.5,38.8,35,0,NaN,NaN,NaN,NaN,NaN,NaN,NaN,NaN
53.7,22.5,38.8,35,8,0.525,28.1925,118.581975978227,4.20615326694075,500,5.83584915554957,8.26699595546975,0.906384489853212
55.25,22.5,38.8,35,11,0.535,29.55875,112.334755425997,3.80038923926069,500,6.50771549458959,8.01902602737682,0.948363168194076
56.8,22.5,38.8,35,13,0.535,30.388,106.98873495228,3.52075605345135,500,7.02802121452804,7.70671593337771,0.988419631938051
58.35,22.5,38.8,35,15,0.495,28.88325,96.8217778721239,3.35217739943129,499.651132736631,6.81899342631563,7.14590204190318,0.998566639845947
59.9,22.5,38.8,35,14,0.5,29.95,101.893880317385,3.40213289874409,489.607122531703,7.09642154777605,7.11749248727128,0.897993764392568
61.45,22.5,38.8,35,10,0.535,32.87575,114.531664194214,3.48377342552532,473.372633082237,7.8841983551566,7.53067521973841,0.974257102401401
63,22.5,38.8,35,7,0.54,34.02,121.428567468389,3.56932884974688,467.822758242349,8.79778642792257,7.44955452996132,0.809755224887904
47.5,23,38.8,35,0,NaN,NaN,NaN,NaN,NaN,NaN,NaN,NaN
49.05,23,38.8,35,0,NaN,NaN,NaN,NaN,NaN,NaN,NaN,NaN
50.6,23,38.8,35,0,NaN,NaN,NaN,NaN,NaN,NaN,NaN,NaN
52.15,23,38.8,35,0,NaN,NaN,NaN,NaN,NaN,NaN,NaN,NaN
53.7,23,38.8,35,10,0.53,28.461,117.549105663583,4.13018185107984,500,5.90102182033292,8.23333152999983,0.919145196886225
55.25,23,38.8,35,13,0.54,29.835,112.063141037451,3.75609656569301,500,6.55763348014285,8.0050463796656,0.852308007117519
56.8,23,38.8,35,14,0.535,30.388,106.199335451119,3.49477871038303,500,7.00322821427967,7.65356929442638,0.993360748775759
58.35,23,38.8,35,16,0.495,28.88325,96.2434073137072,3.33215297148719,499.30972835297,6.78749778152781,7.10417709186261,0.998971467225247
59.9,23,38.8,35,16,0.495,29.6505,100.040693229478,3.37399683747249,490.733703025195,7.00926882020126,7.00713547631963,0.890703495714646
61.45,23,38.8,35,11,0.535,32.87575,113.793377127512,3.46131653658127,471.732173918635,7.77434631592683,7.55289158917947,0.983853884366174
63,23,38.8,35,7,0.54,34.02,120.581289573761,3.54442356183895,466.957236663005,8.70156583002238,7.50661747349398,0.869361316336082
47.5,23.5,38.8,35,0,NaN,NaN,NaN,NaN,NaN,NaN,NaN,NaN
49.05,23.5,38.8,35,0,NaN,NaN,NaN,NaN,NaN,NaN,NaN,NaN
50.6,23.5,38.8,35,0,NaN,NaN,NaN,NaN,NaN,NaN,NaN,NaN
52.15,23.5,38.8,35,2,0.495,25.81425,127.788759152831,4.95031849280266,500,4.81007643810006,8.31346386277735,0.826384717625259
53.7,23.5,38.8,35,12,0.535,28.7295,116.73848513202,4.06336640498514,500,5.96256309095509,8.20643299979136,0.865581460873862
55.25,23.5,38.8,35,13,0.54,29.835,111.109509522393,3.7241330491836,500,6.53775149233013,7.94790840969812,0.920707679617852
56.8,23.5,38.8,35,15,0.535,30.388,105.443027688536,3.46989034120496,500,6.97897525902571,7.60230961038862,0.995942957828892
58.35,23.5,38.8,35,17,0.49,28.5915,94.6795509331438,3.31145798342668,500,6.68254254750295,7.02463147289625,0.998966802125372
59.9,23.5,38.8,35,17,0.49,29.351,98.2155593601543,3.34624235495057,491.890743910225,6.92070949049006,6.90209003369006,0.883040894657169
61.45,23.5,38.8,35,11,0.53,32.5685,111.965108301895,3.43783435841057,472.332948758961,7.66551416955567,7.41970234900443,0.982263878683165
63,23.5,38.8,35,8,0.535,33.705,118.676415560316,3.52103294942342,467.660974514236,8.63446308875587,7.33552439421233,0.812137117009994
47.5,24,38.8,35,0,NaN,NaN,NaN,NaN,NaN,NaN,NaN,NaN
49.05,24,38.8,35,0,NaN,NaN,NaN,NaN,NaN,NaN,NaN,NaN
50.6,24,38.8,35,0,NaN,NaN,NaN,NaN,NaN,NaN,NaN,NaN
52.15,24,38.8,35,7,0.51,26.5965,124.019924730161,4.66301674017865,500,5.05999948157628,8.2933803336523,0.867388851301054
53.7,24,38.8,35,13,0.535,28.7295,115.630401311677,4.02479685729571,500,5.94926814029908,8.14330291466848,0.93999983659184
55.25,24,38.8,35,14,0.54,29.835,110.200985269342,3.69368142347383,500,6.5182186603139,7.89294064507059,0.958767503146167
56.8,24,38.8,35,16,0.535,30.388,104.718371886738,3.44604356610301,500,6.95512878092946,7.55281357048216,0.997335607038392
58.35,24,38.8,35,18,0.49,28.5915,94.1028174970376,3.29128648364156,499.907012660721,6.65474497188709,6.98607580872932,0.999192915524436
59.9,24,38.8,35,18,0.485,29.0515,96.4286090706601,3.31922995613514,493.110245111142,6.83040349276572,6.80326277543121,0.869414362718274
61.45,24,38.8,35,12,0.525,32.26125,110.215375760217,3.41633928506234,473.014759272206,7.55397798081706,7.28813315927395,0.977619388134905
63,24,38.8,35,8,0.535,33.705,117.891591017232,3.4977478420778,466.805314749863,8.52498567677309,7.39088221301392,0.872476862574828
47.5,24.5,38.8,35,0,NaN,NaN,NaN,NaN,NaN,NaN,NaN,NaN
49.05,24.5,38.8,35,0,NaN,NaN,NaN,NaN,NaN,NaN,NaN,NaN
50.6,24.5,38.8,35,0,NaN,NaN,NaN,NaN,NaN,NaN,NaN,NaN
52.15,24.5,38.8,35,10,0.52,27.118,121.922314468818,4.49599212585065,500,5.2114835340502,8.27693883658712,0.853881253010312
53.7,24.5,38.8,35,15,0.54,28.998,115.088961993349,3.96885861070932,500,6.00668797382636,8.1262785475179,0.819430282594622
55.25,24.5,38.8,35,16,0.545,30.11125,110.238120200739,3.66102769565325,500,6.56575434448059,7.8889728104094,0.870650961625314
56.8,24.5,38.8,35,18,0.535,30.388,104.025183968247,3.42323232750583,500,6.93154460545805,7.5050013954438,0.998114836678484
58.35,24.5,38.8,35,19,0.49,28.5915,93.5626051313278,3.27239232398887,499.591487313907,6.62735224038089,6.94847199952759,0.99932320587004
59.9,24.5,38.8,35,19,0.48,28.752,94.6999059182391,3.29368064545907,494.429953113768,6.73897320524693,6.71107018361186,0.834581293360452
61.45,24.5,38.8,35,12,0.525,32.26125,109.513992639579,3.39459855521962,471.264259570925,7.45396748532089,7.31295842658473,0.985292496169842
63,24.5,38.8,35,8,0.535,33.705,117.301155323188,3.48023009414592,465.743274233396,8.40457688468697,7.42607259028467,0.914421235759706
47.5,25,38.8,35,0,NaN,NaN,NaN,NaN,NaN,NaN,NaN,NaN
49.05,25,38.8,35,0,NaN,NaN,NaN,NaN,NaN,NaN,NaN,NaN
50.6,25,38.8,35,4,0.495,25.047,133.649976118229,5.33596742596833,500,4.32590154865658,8.40121662031285,0.843225574639428
52.15,25,38.8,35,12,0.525,27.37875,120.505207218372,4.40141376864804,500,5.28015467908057,8.2424483249225,0.920109531051947
53.7,25,38.8,35,15,0.54,28.998,114.093622728108,3.93453419987958,500,5.9928725790318,8.06882230468649,0.905209937607692
55.25,25,38.8,35,16,0.545,30.11125,109.430790598967,3.63421613513113,500,6.54676794574831,7.83836070102775,0.932077737821558
56.8,25,38.8,35,18,0.535,30.388,103.363736820511,3.40146560551898,500,6.90806983453651,7.45888176411357,0.998567254961915
58.35,25,38.8,35,20,0.49,28.5915,93.0543760257687,3.2546167926051,499.286913508743,6.60026665702305,6.91172252594051,0.999410496792756
59.9,25,38.8,35,19,0.48,28.752,94.2997057711326,3.27976160862314,492.546108921393,6.66331604235973,6.73956929401751,0.934507133933764
61.45,25,38.8,35,13,0.52,31.954,107.811675248535,3.37396492609797,472.027251784557,7.34265148405855,7.19559683057083,0.980037912477511
63,25,38.8,35,9,0.53,33.39,115.303649142904,3.45323896804145,466.672607488813,8.32722477161848,7.28035871711518,0.863159864963257
47.5,25.5,38.8,35,0,NaN,NaN,NaN,NaN,NaN,NaN,NaN,NaN
49.05,25.5,38.8,35,0,NaN,NaN,NaN,NaN,NaN,NaN,NaN,NaN
50.6,25.5,38.8,35,7,0.505,25.553,130.151528780446,5.09339524832491,500,4.48966963325394,8.36504582758526,0.8241520087484
52.15,25.5,38.8,35,13,0.53,27.6395,119.311520967344,4.31670330387105,500,5.34551037904757,8.21436749823687,0.938452221359486
53.7,25.5,38.8,35,16,0.54,28.998,113.14279830799,3.90174488957824,500,5.97910368897749,8.01377623904289,0.950870087505092
55.25,25.5,38.8,35,17,0.545,30.11125,108.666716063029,3.60884108308451,500,6.52800382799672,7.78983699001115,0.965043057953204
56.8,25.5,38.8,35,19,0.53,30.104,101.762578439473,3.38036734119961,500,6.81460344786777,7.37532437232548,0.999220390558727
58.35,25.5,38.8,35,21,0.49,28.5915,92.5743893379544,3.23782905191943,498.998720001013,6.57344823013962,6.87578670036735,0.999475468724385
59.9,25.5,38.8,35,20,0.475,28.4525,92.6960180818203,3.25792173207347,494.041134042892,6.57555999396091,6.65364194384771,0.90966947951714
61.45,25.5,38.8,35,13,0.52,31.954,107.168774439936,3.35384535394428,470.257512491685,7.2535505161322,7.21032080884148,0.986699775780228
63,25.5,38.8,35,9,0.53,33.39,114.758810932365,3.4369215613167,465.572954672524,8.19574529223105,7.31423898260025,0.908779820696215
47.5,26,38.8,35,0,NaN,NaN,NaN,NaN,NaN,NaN,NaN,NaN
49.05,26,38.8,35,0,NaN,NaN,NaN,NaN,NaN,NaN,NaN,NaN
50.6,26,38.8,35,9,0.51,25.806,127.934155560636,4.95753528484212,500,4.56796572451259,8.31869440816634,0.896773421908934
52.15,26,38.8,35,15,0.535,27.90025,118.32799503513,4.24110877268591,500,5.40775442351424,8.1927860043799,0.921330996256151
53.7,26,38.8,35,17,0.545,29.2665,112.889245486085,3.8572854795102,500,6.0323167783653,8.00830318198113,0.800046364754654
55.25,26,38.8,35,18,0.55,30.3875,108.904238958488,3.58384990402264,500,6.57473626882549,7.79517968947525,0.883760977133734
56.8,26,38.8,35,20,0.53,30.104,101.152301282592,3.36009504659154,500,6.79266393931252,7.33362019855266,0.999286250101606
58.35,26,38.8,35,22,0.49,28.5915,92.1198798801222,3.22193238830149,498.729753698212,6.54689299180829,6.84066802832711,0.999527281768894
59.9,26,38.8,35,21,0.47,28.153,91.2274868728352,3.24041796159682,495.668993601082,6.4929459262959,6.57204429839716,0.840002680062406
61.45,26,38.8,35,14,0.515,31.64675,105.510527191166,3.33400830073122,471.064294786192,7.14413938254083,7.10570236965864,0.98133971159513
63,26,38.8,35,10,0.525,33.075,112.812360041412,3.41080453639944,466.556396929992,8.11084705605705,7.17503047857604,0.843973089254605
47.5,26.5,38.8,35,0,NaN,NaN,NaN,NaN,NaN,NaN,NaN,NaN
49.05,26.5,38.8,35,0,NaN,NaN,NaN,NaN,NaN,NaN,NaN,NaN
50.6,26.5,38.8,35,11,0.515,26.059,125.959866756839,4.83364161160593,500,4.64277924024713,8.27788035919682,0.932360444591379
52.15,26.5,38.8,35,17,0.54,28.161,117.542624266142,4.17395065040808,500,5.46714039486314,8.17773578527149,0.832160421930593
53.7,26.5,38.8,35,18,0.545,29.2665,112.028832236731,3.82788622611966,500,6.01809623169216,7.95770500544858,0.889256422993224
55.25,26.5,38.8,35,19,0.55,30.3875,108.221277437384,3.56137482311424,500,6.55641034904348,7.75057046014539,0.939062701749395
56.8,26.5,38.8,35,20,0.53,30.104,100.568600832755,3.34070558174179,500,6.77064414680185,7.29335516287335,0.999329153318102
58.35,26.5,38.8,35,22,0.485,28.29975,90.7342157942762,3.20618435831681,499.896784337807,6.44974128922284,6.77406122731515,0.999562909354397
59.9,26.5,38.8,35,21,0.47,28.153,90.8698135738425,3.22771333690344,493.896713508091,6.43156799982139,6.58619546679923,0.946470245586688
61.45,26.5,38.8,35,14,0.515,31.64675,104.921066780803,3.31538204652304,469.410909452751,7.06690489409635,7.1109989137345,0.987653514405683
63,26.5,38.8,35,10,0.525,33.075,112.309111826931,3.39558917088227,465.404201853285,7.97127991729268,7.20714537952946,0.896532157195375
47.5,27,38.8,35,0,NaN,NaN,NaN,NaN,NaN,NaN,NaN,NaN
49.05,27,38.8,35,4,0.495,24.27975,137.191998113275,5.65046996419958,500,3.88957118767665,8.38365566834565,0.851013183705327
50.6,27,38.8,35,12,0.52,26.312,124.215969836126,4.72088666145204,500,4.71411624292472,8.24276949019874,0.949520329037382
52.15,27,38.8,35,17,0.54,28.161,116.51281530593,4.13738202854763,500,5.45912827949195,8.12250494822559,0.919855868281467
53.7,27,38.8,35,18,0.545,29.2665,111.204980315666,3.79973622796254,500,6.00387462622507,7.90901306545403,0.940970899562204
55.25,27,38.8,35,19,0.55,30.3875,107.570609231599,3.53996245928751,500,6.53821983738506,7.70785037750916,0.967867434213916
56.8,27,38.8,35,22,0.53,30.104,100.01030897549,3.32216014401708,500,6.74839611277245,7.25457202798949,0.999358370604779
58.35,27,38.8,35,23,0.485,28.29975,90.2745312284101,3.18994094394509,499.660780202755,6.42576118915157,6.7396049057732,0.999608456502452
59.9,27,38.8,35,22,0.47,28.153,90.5086844294924,3.21488595991519,492.34346354368,6.37922015867733,6.58851926132894,0.979160988137032
61.45,27,38.8,35,15,0.51,31.3395,103.30410130715,3.29629066536319,470.222125093029,6.96069872718053,7.01716311507745,0.982410486196041
63,27,38.8,35,11,0.52,32.76,110.412881882543,3.37035658982123,466.442550707424,7.88038287189948,7.07438730076339,0.815693240349345
47.5,27.5,38.8,35,0,NaN,NaN,NaN,NaN,NaN,NaN,NaN,NaN
49.05,27.5,38.8,35,6,0.5,24.525,134.728607438336,5.49352120033989,500,3.96897373267171,8.33944767110292,0.920475176296593
50.6,27.5,38.8,35,15,0.53,26.818,122.560205831929,4.57007255693673,500,4.84903593046135,8.24817973684479,0.811452712366864
52.15,27.5,38.8,35,17,0.54,28.161,115.526147580553,4.10234535636352,500,5.45101656092408,8.06935168564727,0.959091928956092
53.7,27.5,38.8,35,19,0.545,29.2665,110.415599196749,3.77276405435393,500,5.98962637598964,7.86211559099479,0.968480844983325
55.25,27.5,38.8,35,20,0.54,29.835,104.987831995341,3.51894861723952,500,6.38787027534983,7.56601406334313,0.998603675573256
56.8,27.5,38.8,35,22,0.53,30.104,99.4761164196411,3.30441524115204,500,6.72577443281251,7.21738412984913,0.999379797144031
58.35,27.5,38.8,35,23,0.485,28.29975,89.8421449772414,3.17466214285432,499.442504947214,6.40204721958299,6.70591853630165,0.999646107061224
59.9,27.5,38.8,35,22,0.47,28.153,90.1454447886723,3.20198361768452,491.18444951511,6.33449927962746,6.58091544528474,0.990426324902834
61.45,27.5,38.8,35,15,0.505,31.03225,101.735055417251,3.27836542362385,471.169373591266,6.85565625965498,6.93137295054531,0.973113175102169
63,27.5,38.8,35,11,0.52,32.76,109.947545683438,3.35615218813914,465.213980977306,7.73682585119885,7.10429993726829,0.87756061915972
47.5,28,38.8,35,0,NaN,NaN,NaN,NaN,NaN,NaN,NaN,NaN
49.05,28,38.8,35,8,0.505,24.77025,132.40555833246,5.3453460636231,500,4.04631011145516,8.29780956154343,0.946498947282985
50.6,28,38.8,35,16,0.535,27.071,121.379867434351,4.48376001752248,500,4.91135066929645,8.22841066840488,0.809047818589258
52.15,28,38.8,35,19,0.545,28.42175,115.031401852692,4.04730186750261,500,5.50676540086483,8.06461844572715,0.841702282677614
53.7,28,38.8,35,20,0.55,29.535,110.430318482917,3.73896456688394,500,6.03806378725272,7.86719058754714,0.846303876226843
55.25,28,38.8,35,21,0.54,29.835,104.387978982264,3.49884293555434,500,6.36972245671568,7.52642299796834,0.998866040602815
56.8,28,38.8,35,23,0.53,30.104,98.9658702892379,3.28746579488566,500,6.70264062388967,7.18197280124842,0.999397099605964
58.35,28,38.8,35,24,0.485,28.29975,89.4357336798105,3.16030119276002,499.242804200667,6.37862025849751,6.67311724924477,0.999677772485257
59.9,28,38.8,35,23,0.47,28.153,89.7817304377215,3.18906441365828,490.470801105685,6.29596312690682,6.56579179105366,0.994962492187237
61.45,28,38.8,35,16,0.505,31.03225,101.185565477579,3.26065836275421,469.639890723871,6.79321349710127,6.92892991322643,0.983653219102251
63,28,38.8,35,11,0.52,32.76,109.649963014714,3.34706846809261,463.666774086858,7.59186782361615,7.12106720594821,0.919131960411511
47.5,28.5,38.8,35,0,NaN,NaN,NaN,NaN,NaN,NaN,NaN,NaN
49.05,28.5,38.8,35,9,0.51,25.0155,130.254052518442,5.20693380178057,500,4.1211333342388,8.25948585784526,0.95507407043239
50.6,28.5,38.8,35,16,0.535,27.071,120.260037758411,4.44239362263717,500,4.90839529515582,8.17268558004838,0.938476054373709
52.15,28.5,38.8,35,19,0.545,28.42175,114.135448091349,4.01577834198629,500,5.49800016628691,8.01513420958591,0.908924386404784
53.7,28.5,38.8,35,20,0.55,29.535,109.708117953507,3.71451220428328,500,6.02309135709911,7.82379958083511,0.913024246806178
55.25,28.5,38.8,35,21,0.54,29.835,103.81878529987,3.47976488352172,500,6.35163527151451,7.48825327485762,0.999028542523715
56.8,28.5,38.8,35,24,0.53,30.104,98.48193720717,3.27139042011593,500,6.67886574742903,7.14858623774758,0.999412413560835
58.35,28.5,38.8,35,24,0.485,28.29975,89.0543659655442,3.14682518275053,499.062484920167,6.35549940716593,6.6413116479273,0.999704702203794
59.9,28.5,38.8,35,23,0.47,28.153,89.4192354815532,3.17618852277033,490.116481901016,6.26224782469264,6.54548601320968,0.997052697587796
61.45,28.5,38.8,35,17,0.5,30.725,99.6511450883587,3.24332449433226,470.64089951998,6.69300600421487,6.85063198012494,0.975459561588359
63,28.5,38.8,35,12,0.515,32.445,107.669796075286,3.31853278086873,464.960965201876,7.49914498219475,7.00516261467702,0.8514733051895
47.5,29,38.8,35,0,NaN,NaN,NaN,NaN,NaN,NaN,NaN,NaN
49.05,29,38.8,35,10,0.515,25.26075,128.296896248503,5.07890289276854,500,4.19313675729311,8.22518091834511,0.955062733655094
50.6,29,38.8,35,18,0.54,27.324,119.323537060543,4.36698642440869,500,4.96755519803429,8.16079435875538,0.890929263906119
52.15,29,38.8,35,19,0.545,28.42175,113.276019524894,3.98553993068317,500,5.48908139074181,7.96726710973827,0.94728814232487
53.7,29,38.8,35,21,0.55,29.535,109.014411148947,3.69102458604864,500,6.0080095009262,7.78207339674556,0.950366399372914
55.25,29,38.8,35,23,0.54,29.835,103.278025139549,3.46163985719955,500,6.3336216019568,7.45142159459216,0.999131668644876
56.8,29,38.8,35,25,0.53,30.104,98.0299619418224,3.25637662575812,500,6.65432887328636,7.11752511156052,0.999426838571743
58.35,29,38.8,35,24,0.485,28.29975,88.6974063562262,3.13421165756681,498.902319746451,6.33270121213363,6.61059905277206,0.999727795336295
59.9,29,38.8,35,24,0.455,27.2545,86.009440846737,3.15578861643901,496.594128108741,6.15378128754033,6.3521398891003,0.927058559658629
61.45,29,38.8,35,17,0.495,30.41775,98.153806833695,3.22685954200081,471.815392273251,6.59605678158981,6.77779096915059,0.962880142708743
63,29,38.8,35,12,0.515,32.445,107.396163771518,3.31009905290547,463.2409767712,7.35824719787596,7.01999136021969,0.901160168146497
47.5,29.5,38.8,35,0,NaN,NaN,NaN,NaN,NaN,NaN,NaN,NaN
49.05,29.5,38.8,35,11,0.52,25.506,126.540479956554,4.96120442078544,500,4.26214021675713,8.19550127788394,0.949393529658087
50.6,29.5,38.8,35,18,0.54,27.324,118.302676378612,4.32962510535104,500,4.96385305704135,8.10878648139766,0.947466446048682
52.15,29.5,38.8,35,20,0.545,28.42175,112.451183433087,3.95651863214219,500,5.47997734716257,7.92092404603685,0.968624455375693
53.7,29.5,38.8,35,21,0.55,29.535,108.347654528513,3.66844945077071,500,5.99281146032716,7.74193815672131,0.970362964929726
55.25,29.5,38.8,35,23,0.54,29.835,102.763283698987,3.44438691801532,500,6.3157068117178,7.41586985896091,0.999198218638576
56.8,29.5,38.8,35,25,0.525,29.82,96.6637991533157,3.24157609501394,500,6.56768413417908,7.04520980978899,0.999528632226211
58.35,29.5,38.8,35,25,0.485,28.29975,88.3643308863184,3.12244210236198,498.762912371593,6.31023940962249,6.58105608679898,0.999747748966379
59.9,29.5,38.8,35,24,0.455,27.2545,85.7243628321379,3.14532876523649,495.699320796675,6.11602477930683,6.33950429637933,0.975728183399855
61.45,29.5,38.8,35,18,0.495,30.41775,97.6481204314199,3.21023482773775,470.587795955476,6.54666031331696,6.76709648272103,0.978726822033404
63,29.5,38.8,35,13,0.51,32.13,105.47175126667,3.28265643531496,464.599496399071,7.26519842131181,6.90929247875525,0.81871213780963
47.5,30,38.8,35,0,NaN,NaN,NaN,NaN,NaN,NaN,NaN,NaN
49.05,30,38.8,35,13,0.525,25.75125,124.975235724046,4.85317162172889,500,4.32810309639183,8.17090450964077,0.939020225905807
50.6,30,38.8,35,19,0.545,27.577,117.588976756676,4.26402352528106,500,5.02009068902469,8.1035691693007,0.857948262522715
52.15,30,38.8,35,21,0.55,28.6825,112.245262451082,3.91337095619566,500,5.53033550579982,7.92492218514689,0.836164080085495
53.7,30,38.8,35,22,0.555,29.8035,108.559391297608,3.64250478291504,500,6.03610533884483,7.75764650537991,0.832503065800226
55.25,30,38.8,35,23,0.535,29.55875,101.297315311249,3.42698237615763,500,6.23063987145154,7.33551528382148,0.999473684475688
56.8,30,38.8,35,25,0.525,29.82,96.2239341209774,3.22682542323868,500,6.54454187049433,7.01504398139816,0.999540762216173
58.35,30,38.8,35,25,0.485,28.29975,88.0544358831951,3.1114916521593,498.644465826278,6.28812458084548,6.55273249578581,0.999765132273706
59.9,30,38.8,35,25,0.45,26.955,84.0145232297482,3.11684374808934,497.661066153392,6.04680360204246,6.27073313996524,0.921265754500507
61.45,30,38.8,35,19,0.49,30.1105,96.1815029643333,3.19428448429396,471.863745212828,6.45585860653785,6.69679220167312,0.970051702931487
63,30,38.8,35,13,0.51,32.13,105.219166181702,3.27479508813265,462.690365459529,7.13252671395972,6.92205201969347,0.87651449602738
47.5,30.5,38.8,35,0,NaN,NaN,NaN,NaN,NaN,NaN,NaN,NaN
49.05,30.5,38.8,35,14,0.53,25.9965,123.590242728627,4.75411085063863,500,4.39116203125587,8.15161774138409,0.923514957972964
50.6,30.5,38.8,35,19,0.545,27.577,116.657366602574,4.23024138240469,500,5.01548701520623,8.05471613838843,0.913372079536376
52.15,30.5,38.8,35,21,0.55,28.6825,111.492036754935,3.88711014573121,500,5.51996235862518,7.88139355337984,0.892605081661765
53.7,30.5,38.8,35,23,0.555,29.8035,107.943494064792,3.62183951766712,500,6.02022512303979,7.72054117116611,0.887386132060728
55.25,30.5,38.8,35,24,0.535,29.55875,100.808263791951,3.41043730847723,500,6.21290058069284,7.30211410012453,0.999486157667018
56.8,30.5,38.8,35,26,0.525,29.82,95.8179556126297,3.21321112047719,500,6.52062199074202,6.98666158574264,0.999552736789136
58.35,30.5,38.8,35,26,0.485,28.29975,87.7664222978225,3.10131440376055,498.546497725464,6.26636328180611,6.52564630535583,0.999780425514714
59.9,30.5,38.8,35,25,0.45,26.955,83.7075573665233,3.10545566190033,497.124269697764,6.01499870478073,6.25466061900646,0.973327304849685
61.45,30.5,38.8,35,21,0.49,30.1105,95.7213887204057,3.17900362731956,471.050059332202,6.41546079029427,6.6809883610677,0.982557522804731
63,30.5,38.8,35,13,0.51,32.13,105.116981558974,3.27161473884138,460.430640785746,7.00645005847976,6.92673442440937,0.915547621327268
47.5,31,38.8,35,0,NaN,NaN,NaN,NaN,NaN,NaN,NaN,NaN
49.05,31,38.8,35,15,0.535,26.24175,122.377318383609,4.6634587397414,500,4.45162736621979,8.13743514514364,0.89915223061696
50.6,31,38.8,35,19,0.545,27.577,115.761954085669,4.19777184195776,500,5.01054351480304,8.00733531011685,0.944341619789772
52.15,31,38.8,35,22,0.55,28.6825,110.767920166917,3.86186420873065,500,5.50928143208256,7.83931594522576,0.927543268980621
53.7,31,38.8,35,23,0.555,29.8035,107.350908958574,3.60195644667821,500,6.00428239299167,7.68461276996654,0.920515129306133
55.25,31,38.8,35,25,0.535,29.55875,100.343903555524,3.39472756985747,500,6.19528494143666,7.2697515071859,0.999495581341562
56.8,31,38.8,35,26,0.525,29.82,95.4564456990125,3.20108805161008,500,6.49581944080237,6.96042600514559,0.999564383133865
58.35,31,38.8,35,26,0.485,28.29975,87.4978596145363,3.09182447246129,498.467569462753,6.24495634306856,6.49978065889117,0.999794041791636
59.9,31,38.8,35,26,0.45,26.955,83.4023239679013,3.09413184818777,496.897169499478,5.98662889848322,6.23584804418888,0.989087624249758
61.45,31,38.8,35,23,0.485,29.80325,94.2855873342067,3.16360086011447,472.407648785,6.3310883864437,6.61178321889289,0.977348692012351
63,31,38.8,35,14,0.505,31.815,103.115351960126,3.24109231369248,462.065069462227,6.91991464374599,6.82702468856349,0.844839856323537
47.5,31.5,38.8,35,0,NaN,NaN,NaN,NaN,NaN,NaN,NaN,NaN
49.05,31.5,38.8,35,16,0.54,26.487,121.329388469115,4.58071463242778,500,4.50976697440091,8.1275480585027,0.854389320360527
50.6,31.5,38.8,35,20,0.545,27.577,114.900915230831,4.16654876276719,500,5.00522765377602,7.96137280135341,0.962208748586423
52.15,31.5,38.8,35,22,0.55,28.6825,110.071414648612,3.83758091688702,500,5.49830114652497,7.798656892094,0.948634945433737
53.7,31.5,38.8,35,23,0.555,29.8035,106.780686327017,3.582823706176,500,5.98830368651981,7.64974719121633,0.939981154478295
55.25,31.5,38.8,35,25,0.55,30.3875,102.67631457931,3.37889969820847,500,6.37513651087924,7.39296267421827,0.997721715797882
56.8,31.5,38.8,35,26,0.52,29.536,94.2270305524349,3.1902434504481,500,6.40952587100433,6.89245971817111,0.999642774022606
58.35,31.5,38.8,35,26,0.48,28.008,86.2928903411769,3.08100865256987,499.77733192012,6.15611662501427,6.4430681174307,0.999817661862879
59.9,31.5,38.8,35,26,0.45,26.955,83.0973134933817,3.08281630470717,496.829306459821,5.96073729344527,6.21524940278525,0.994622107154763
61.45,31.5,38.8,35,24,0.455,27.95975,87.9982835159254,3.14732011251622,489.96614946603,6.24444820678938,6.10928520444893,0.832812695256718
63,31.5,38.8,35,14,0.505,31.815,103.023652225309,3.2382100337988,459.668896953874,6.80662090044602,6.8302340078053,0.889705266392741
47.5,32,38.8,35,1,0.5,23.75,130.446386966212,5.49247945120894,500,3.60732383797226,7.99563620930971,0.803886141218958
49.05,32,38.8,35,16,0.54,26.487,120.319851578388,4.54260020305766,500,4.50881173582446,8.07754337806508,0.931260075957103
50.6,32,38.8,35,21,0.55,27.83,114.476496623249,4.11342064761943,500,5.05490165351662,7.96526674832857,0.840681721016385
52.15,32,38.8,35,22,0.55,28.6825,109.401135600994,3.81421199689684,500,5.48704437378522,7.75937711756139,0.961266777494145
53.7,32,38.8,35,24,0.555,29.8035,106.231971389652,3.56441261562071,500,5.9723212409189,7.61584908204689,0.951132019701534
55.25,32,38.8,35,26,0.55,30.3875,102.213775887331,3.36367835087884,500,6.35506478654202,7.36250143833477,0.997773265821022
56.8,32,38.8,35,27,0.52,29.536,93.8532719780596,3.1775891108498,500,6.38626655718607,6.86642363335153,0.999652839646619
58.35,32,38.8,35,27,0.48,28.008,86.0042572059248,3.07070327070568,499.718270126168,6.13648646810995,6.4180625271007,0.999830134505753
59.9,32,38.8,35,26,0.45,26.955,82.7920949921565,3.07149304367117,496.805958922054,5.93658472290545,6.19360176613446,0.996915621628094
61.45,32,38.8,35,25,0.45,27.6525,86.4524378638627,3.12638777195055,492.008943136543,6.19620915258658,6.0014183828331,0.830224535754745
63,32,38.8,35,15,0.5,31.5,101.081332881713,3.20893120259405,461.491792266876,6.7239422082013,6.73477649016023,0.806863299688076
47.5,32.5,38.8,35,3,0.505,23.9875,128.730039518681,5.36654672302994,500,3.67367543376277,7.97359917695277,0.848239044835602
49.05,32.5,38.8,35,17,0.545,26.73225,119.47807240871,4.46943569690954,500,4.56341070914696,8.07320397455987,0.85794011274579
50.6,32.5,38.8,35,21,0.55,27.83,113.688105391996,4.08509182148745,500,5.04801564867841,7.92194051853399,0.875198925110304
52.15,32.5,38.8,35,22,0.55,28.6825,108.755806028662,3.79171292699947,500,5.47554533323959,7.72143125286265,0.968753735397231
53.7,32.5,38.8,35,24,0.555,29.8035,105.703988109301,3.54669713655446,500,5.95636941713647,7.58284778862431,0.9570729346178
55.25,32.5,38.8,35,26,0.55,30.3875,101.775835764325,3.34926649985437,500,6.33394874259921,7.33296945587349,0.997765917206034
56.8,32.5,38.8,35,27,0.52,29.536,93.5256879146393,3.16649810111861,500,6.36221079741019,6.84208481648787,0.999662684844836
58.35,32.5,38.8,35,27,0.48,28.008,85.7333005871976,3.06102901268201,499.676414761305,6.11712333738679,6.39419876903166,0.999841715494774
59.9,32.5,38.8,35,27,0.45,26.955,82.4872144235424,3.06018231955268,496.771045147607,5.91363363832089,6.17145270102641,0.998016077274511
61.45,32.5,38.8,35,25,0.45,27.6525,86.141066965774,3.11512763640806,490.707354006239,6.11520578096632,6.05721225973076,0.880148895933249
63,32.5,38.8,35,15,0.5,31.5,100.997769449228,3.20627839521358,459.071406164925,6.62443595164702,6.73652180530962,0.855063097487714
47.5,33,38.8,35,5,0.515,24.4625,126.642490386888,5.17700522787484,500,3.7990098611744,7.98639644432978,0.801332953041145
49.05,33,38.8,35,17,0.545,26.73225,118.552311822947,4.43480484519438,500,4.56105813593297,8.02615637431508,0.908081484249802
50.6,33,38.8,35,21,0.55,27.83,112.928997525612,4.05781521831162,500,5.04078967010024,7.8799176791554,0.897454755246771
52.15,33,38.8,35,23,0.55,28.6825,108.134248804715,3.7700426672959,500,5.46384461938223,7.6847696092535,0.973008954471152
53.7,33,38.8,35,24,0.555,29.8035,105.196020524412,3.52965324624328,500,5.94048083990958,7.55070142136977,0.959461500816862
55.25,33,38.8,35,26,0.545,30.11125,100.4454090432,3.33581000600107,500,6.25712545700712,7.25282740480228,0.998854173794069
56.8,33,38.8,35,27,0.52,29.536,93.2555980684779,3.15735367241596,500,6.33720738182624,6.81986127700333,0.999672395347134
58.35,33,38.8,35,27,0.48,28.008,85.4770720016253,3.0518806055993,499.648524292757,6.09800156050741,6.37139488727203,0.999852654669548
59.9,33,38.8,35,27,0.445,26.6555,81.2458130624208,3.0479943374696,498.755468966744,5.82878581729907,6.11426448818741,0.995530074180967
61.45,33,38.8,35,26,0.445,27.34525,84.6708147289311,3.09636279532757,492.899240791921,6.06385886170531,5.95595822482768,0.85100655013681
63,33,38.8,35,15,0.5,31.5,101.038758461613,3.20757963370198,456.667693993285,6.53357686884738,6.73404708692715,0.889278730448075
47.5,33.5,38.8,35,6,0.52,24.7,125.153703336175,5.06695155207186,500,3.86086757930028,7.97001197881507,0.800910486502546
49.05,33.5,38.8,35,17,0.545,26.73225,117.660520479497,4.40144471488546,500,4.55824652033154,7.98052053756269,0.935602255552484
50.6,33.5,38.8,35,21,0.55,27.83,112.197734776131,4.03153915832307,500,5.03328057841755,7.83917327327566,0.911320051638348
52.15,33.5,38.8,35,23,0.55,28.6825,107.535377989451,3.74916335708013,500,5.45198343674613,7.64934001750961,0.975089722693705
53.7,33.5,38.8,35,25,0.555,29.8035,104.707391101875,3.51325821134683,500,5.92468349616682,7.51939772085156,0.95906498344746
55.25,33.5,38.8,35,27,0.545,30.11125,100.018900313963,3.32164557479225,500,6.23744312661953,7.22506907808222,0.998821430909382
56.8,33.5,38.8,35,28,0.515,29.252,92.1155590038477,3.14903456187091,500,6.25216179098765,6.75548606635146,0.999734815346681
58.35,33.5,38.8,35,28,0.48,28.008,85.2307618265706,3.0430863262843,499.630732032141,6.07908337165787,6.34954771901083,0.999863156484504
59.9,33.5,38.8,35,27,0.445,26.6555,80.9303615661038,3.03615995070825,498.710535486032,5.80805431344315,6.09284524418989,0.997141890567551
61.45,33.5,38.8,35,26,0.445,27.34525,84.3996386575693,3.08644604300817,491.429753718551,5.9913669232417,6.00297724335258,0.890268815798652
63,33.5,38.8,35,16,0.495,31.185,99.0364318512445,3.17577142380133,458.759029939833,6.46060320055601,6.64550088562527,0.811964424272167
47.5,34,38.8,35,6,0.52,24.7,124.081436199204,5.02353992709327,500,3.86327029503712,7.9207776520904,0.881284861387653
49.05,34,38.8,35,17,0.545,26.73225,116.801058216158,4.36929395079571,500,4.55500517115678,7.93624990727421,0.951758567416008
50.6,34,38.8,35,21,0.55,27.83,111.492987009468,4.00621584654932,500,5.02554622807783,7.79967889158466,0.919349741082998
52.15,34,38.8,35,23,0.55,28.6825,106.958189893577,3.7290400032625,500,5.4399984375819,7.61508924640097,0.97553912549364
53.7,34,38.8,35,25,0.555,29.8035,104.237435690632,3.49748974753409,500,5.9089993888402,7.48895038294317,0.956066238031682
55.25,34,38.8,35,27,0.545,30.11125,99.6162208438704,3.30827251754312,500,6.21681813013228,7.19813384281704,0.998772356815876
56.8,34,38.8,35,28,0.515,29.252,91.8057418211799,3.13844324563038,500,6.22911741619915,6.73291951260785,0.999744564351458
58.35,34,38.8,35,28,0.48,28.008,84.9878889889556,3.03441477395586,499.619600843851,6.0603148357431,6.32854303269997,0.999873381760768
59.9,34,38.8,35,28,0.445,26.6555,80.6284724233196,3.02483436526494,498.646004631248,5.78788612004531,6.07145142446147,0.998008179228917
61.45,34,38.8,35,27,0.44,27.038,83.0151157523464,3.07031273586605,493.761662763338,5.93740894379344,5.90901662926006,0.823089756688353
63,34,38.8,35,16,0.495,31.185,99.0787057471987,3.17712700808718,456.606810368743,6.38273563510069,6.64212843602244,0.847048896683809
47.5,34.5,38.8,35,7,0.525,24.9375,122.76763025111,4.92301274189915,500,3.9223215097144,7.9090665793704,0.878927824139253
49.05,34.5,38.8,35,18,0.55,26.9775,116.232815842249,4.30850952987671,500,4.60267095666015,7.94132322283452,0.825934117189816
50.6,34.5,38.8,35,21,0.55,27.83,110.813526902741,3.98180118227601,500,5.01763697688244,7.76140219276911,0.923153333739444
52.15,34.5,38.8,35,23,0.55,28.6825,106.401754361559,3.70964017646856,500,5.42791836254369,7.5819638612885,0.974576091689623
53.7,34.5,38.8,35,25,0.555,29.8035,103.785474916488,3.48232505969056,500,5.89344461367588,7.4593900472963,0.950200319936741
55.25,34.5,38.8,35,27,0.545,30.11125,99.2468791917145,3.29600661519248,500,6.19507042214787,7.17271900578854,0.998703355822778
56.8,34.5,38.8,35,28,0.515,29.252,91.5516666735674,3.12975750969395,500,6.20527914253949,6.71205640380265,0.999754656367722
58.35,34.5,38.8,35,28,0.48,28.008,84.7417210053123,3.02562557145502,499.613711804042,6.04162171670466,6.30827149225756,0.999883446377226
59.9,34.5,38.8,35,28,0.445,26.6555,80.3407937374859,3.01404189519933,498.573712970439,5.76813315668413,6.05027594728657,0.998522131249775
61.45,34.5,38.8,35,27,0.44,27.038,82.7764793485862,3.06148677226815,492.185476545789,5.87292906983592,5.94757707201349,0.862029927678784
63,34.5,38.8,35,16,0.495,31.185,99.212633200393,3.18142161938089,454.864056535467,6.31231549676813,6.63669787618587,0.872361869413377
47.5,35,38.8,35,7,0.53,25.175,121.588571406829,4.8297347132802,500,3.97921529115138,7.90026035645893,0.867211561117804
49.05,35,38.8,35,18,0.55,26.9775,115.442789551635,4.27922489302695,500,4.59835198993437,7.89966521986544,0.846160106604665
50.6,35,38.8,35,21,0.55,27.83,110.158222724217,3.95825449961256,500,5.00959001749418,7.72430745114184,0.923729670475132
52.15,35,38.8,35,24,0.55,28.6825,105.865206580639,3.69093372546464,500,5.41576302023748,7.54991057453028,0.972192165404085
53.7,35,38.8,35,26,0.555,29.8035,103.350782492721,3.46773977864079,500,5.87803029345268,7.43075036318637,0.940793913032434
55.25,35,38.8,35,28,0.545,30.11125,98.9215339259516,3.28520184070577,500,6.17202237538425,7.14952565956364,0.998609034461925
56.8,35,38.8,35,29,0.515,29.252,91.3623356309548,3.12328509609445,500,6.18035922260603,6.69332842033139,0.999765137879863
58.35,35,38.8,35,28,0.485,28.29975,85.3387495628848,3.01553015708212,498.259147529561,6.08170843162531,6.32674556414185,0.999877047575311
59.9,35,38.8,35,28,0.445,26.6555,80.0678684691889,3.00380291006317,498.504421951624,5.74871391658094,6.02946055798531,0.998852689197553
61.45,35,38.8,35,27,0.44,27.038,82.5291925341331,3.05234087336834,490.607844405963,5.81714404722106,5.96825808653537,0.887279739824724
63,35,38.8,35,16,0.495,31.185,99.3970061512572,3.18733385125083,453.600995712575,6.24867610729546,6.63024148244756,0.890184477975092
47.5,35.5,38.8,35,8,0.535,25.4125,120.545782147418,4.74356250457129,500,4.03368181283383,7.89399686917493,0.83843062818265
49.05,35.5,38.8,35,18,0.55,26.9775,114.680623276034,4.25097296917929,500,4.59388427242883,7.85924853328279,0.860504935471388
50.6,35.5,38.8,35,21,0.55,27.83,109.526030168013,3.93553827409316,500,5.00142744474917,7.68835650466422,0.921718700347634
52.15,35.5,38.8,35,24,0.55,28.6825,105.347739590465,3.67289251601028,500,5.40354436005251,7.51887622492801,0.968196250561086
53.7,35.5,38.8,35,26,0.555,29.8035,102.932552121441,3.45370685058605,500,5.86276372916814,7.40305126651554,0.926768898395011
55.25,35.5,38.8,35,27,0.54,29.835,97.6738559257755,3.27380110359562,500,6.10053496969892,7.07228083249032,0.999217876861046
56.8,35.5,38.8,35,29,0.51,28.968,90.2687105708026,3.11615267090592,500,6.09753022801303,6.63191707570927,0.999819219246735
58.35,35.5,38.8,35,29,0.485,28.29975,85.0589935499401,3.0056446982726,498.310764413819,6.06067530455757,6.30869452898111,0.999886866288535
59.9,35.5,38.8,35,28,0.445,26.6555,79.8100119110608,2.99412923828331,498.445691230702,5.72959154232434,6.00910723523014,0.999080025908396
61.45,35.5,38.8,35,27,0.44,27.038,82.2759286054301,3.04297391099305,489.236538705865,5.76916657206793,5.97517296874832,0.903850735977287
63,35.5,38.8,35,17,0.49,30.87,97.3103890645942,3.1522639800646,455.662825798092,6.18836042868309,6.5467931187885,0.818923879262254
47.5,36,38.8,35,8,0.535,25.4125,119.64404189777,4.70807838259793,500,4.03356963149099,7.84981229607065,0.885041365492459
49.05,36,38.8,35,18,0.55,26.9775,113.945045868224,4.22370663954124,500,4.58930147799882,7.82004457457246,0.871178324813143
50.6,36,38.8,35,21,0.55,27.83,108.915983946686,3.91361782057803,500,4.99315763735791,7.65350970623679,0.917584866838205
52.15,36,38.8,35,24,0.55,28.6825,104.848597571285,3.65549019685469,500,5.39126888102277,7.48880755426699,0.96223672571939
53.7,36,38.8,35,26,0.555,29.8035,102.529866675817,3.44019550307235,500,5.84764926942528,7.37628338296387,0.906682079312354
55.25,36,38.8,35,27,0.54,29.835,97.3317898988249,3.26233584376822,500,6.0795436580844,7.04899351823665,0.999176824661007
56.8,36,38.8,35,29,0.51,28.968,90.0149270914879,3.10739184933333,500,6.07523984823666,6.61230563579846,0.999830675137282
58.35,36,38.8,35,29,0.485,28.29975,84.8197249234847,2.99718990180071,498.375470223231,6.03888227800179,6.2919077760785,0.999896759345393
59.9,36,38.8,35,28,0.445,26.6555,79.5672662723092,2.98502246336813,498.40217738814,5.71075841222879,5.98928564402274,0.999245605098738
61.45,36,38.8,35,27,0.44,27.038,82.0189228293926,3.03346855645361,488.244909974179,5.72805153960883,5.97219575127479,0.914789492437213
63,36,38.8,35,17,0.49,30.87,97.4943765185343,3.15822405307853,454.708713532431,6.13372068525737,6.54008395608873,0.836052603362079
47.5,36.5,38.8,35,9,0.54,25.65,118.777443071667,4.6306995349578,500,4.08435248856522,7.84925286656579,0.830810391716218
49.05,36.5,38.8,35,18,0.55,26.9775,113.234881924256,4.19738233432513,500,4.58461786769397,7.78202097441582,0.87951231986062
50.6,36.5,38.8,35,21,0.55,27.83,108.327189627394,3.89246099990636,500,4.98477870640327,7.61972668186848,0.911750523668483
52.15,36.5,38.8,35,24,0.55,28.6825,104.367069918997,3.63870199316645,500,5.37894052784746,7.45965095619407,0.953827119321627
53.7,36.5,38.8,35,26,0.555,29.8035,102.141676451983,3.42717051527448,500,5.83268859061503,7.350398650878,0.878896886444777
55.25,36.5,38.8,35,28,0.54,29.835,97.0315141486963,3.25227129709054,500,6.05736286168227,7.02779394359878,0.999122804970054
56.8,36.5,38.8,35,29,0.51,28.968,89.8202496972256,3.10067142009202,500,6.05205313727595,6.59441617194209,0.999842445078802
58.35,36.5,38.8,35,29,0.48,28.008,83.7224108411269,2.98923203517306,499.730367880032,5.96528873396542,6.23384757789053,0.999922668366407
59.9,36.5,38.8,35,29,0.445,26.6555,79.3394274847588,2.97647492955521,498.376509357892,5.69222577255001,5.97003813575959,0.999372479718067
61.45,36.5,38.8,35,28,0.435,26.73075,80.8168277425271,3.02336551509131,490.591813335908,5.67141281607338,5.90871841367837,0.819329311986538
63,36.5,38.8,35,17,0.49,30.87,97.6930436608568,3.16465965859595,454.008060242899,6.08369852481573,6.5331616562779,0.84805828619755
47.5,37,38.8,35,8,0.54,25.65,117.946704314932,4.59831205906168,500,4.08320632763993,7.80813409952993,0.85961455497329
49.05,37,38.8,35,18,0.55,26.9775,112.549044799164,4.17195977385466,500,4.57983125473319,7.74514154023337,0.886292780751061
50.6,37,38.8,35,21,0.55,27.83,107.75881602676,3.8720379456256,500,4.97628265226148,7.58696683164917,0.904683445922525
52.15,37,38.8,35,24,0.55,28.6825,103.902486067552,3.62250452601941,500,5.36656344007905,7.43135237074262,0.942402865092627
53.7,37,38.8,35,27,0.55,29.535,100.842978214749,3.41435511138478,500,5.76001386719402,7.27136957539499,0.978557862698579
55.25,37,38.8,35,28,0.535,29.55875,95.8888070413588,3.24400751186565,500,5.98567302251419,6.95486972827571,0.999504173663161
56.8,37,38.8,35,30,0.51,28.968,89.6913828081285,3.09622282546701,500,6.0275092704354,6.57864914916506,0.99985435759797
58.35,37,38.8,35,29,0.48,28.008,83.500744106998,2.9813176273564,499.810126888924,5.9450616150804,6.21740757191853,0.999931913782147
59.9,37,38.8,35,29,0.445,26.6555,79.1261160084266,2.96847239813271,498.370015890418,5.67401682606193,5.95138333032202,0.999474188462095
61.45,37,38.8,35,28,0.44,27.038,81.5015796167401,3.01433462596124,487.481090438175,5.66265935255456,5.94864045134039,0.926532686738497
63,37,38.8,35,17,0.49,30.87,97.880865571623,3.17074394465899,453.40309898912,6.03749027716208,6.5263162405238,0.856175536817455
47.5,37.5,38.8,35,8,0.54,25.65,117.143905836478,4.56701387276716,500,4.08187779901835,7.76823541397226,0.876376423007159
49.05,37.5,38.8,35,18,0.55,26.9775,111.886528729552,4.14740167656574,500,4.57492756129171,7.70936679523709,0.891987237285771
50.6,37.5,38.8,35,21,0.55,27.83,107.210088349689,3.85232081745201,500,4.96765925810938,7.55518958334514,0.896929496015792
52.15,37.5,38.8,35,24,0.55,28.6825,103.454210988445,3.60687565548487,500,5.35414422721903,7.40385749009184,0.927433234734243
53.7,37.5,38.8,35,26,0.55,29.535,100.473817754588,3.40185602690326,500,5.74517831016848,7.24695731196,0.971726753654812
55.25,37.5,38.8,35,28,0.535,29.55875,95.5740470472509,3.23335888856095,500,5.96559939135879,6.93343777196351,0.999490787999138
56.8,37.5,38.8,35,30,0.505,28.684,88.6165600334063,3.08940733626434,500,5.94774200860804,6.51960409923228,0.999899359914434
58.35,37.5,38.8,35,30,0.48,28.008,83.3132825058901,2.97462448250107,499.876420830217,5.92405101082179,6.20226657232953,0.999940677137295
59.9,37.5,38.8,35,29,0.445,26.6555,78.9268450825713,2.96099660792599,498.383130877744,5.65616186857938,5.93331888261923,0.999558908229156
61.45,37.5,38.8,35,28,0.445,27.34525,82.1672902206549,3.0048103499019,485.466457326315,5.67619196198714,5.97446783740094,0.966343173301819
63,37.5,38.8,35,17,0.49,30.87,98.0465661672281,3.17611163483084,452.795875984344,5.99431447253845,6.51968095228835,0.861444123535338
47.5,38,38.8,35,7,0.54,25.65,116.36791922416,4.53676098339805,500,4.0804169888602,7.72947219197833,0.886379303059769
49.05,38,38.8,35,18,0.55,26.9775,111.246400745896,4.12367345921217,500,4.5698855684171,7.67465473827091,0.896889853457079
50.6,38,38.8,35,22,0.55,27.83,106.680282161074,3.83328358465951,500,4.95889926836896,7.52435444426081,0.889082587348569
52.15,38,38.8,35,25,0.55,28.6825,103.021641279328,3.59179434426315,500,5.34169368258416,7.37711242320718,0.908591821535682
53.7,38,38.8,35,26,0.55,29.535,100.11741046458,3.38978874097105,500,5.73052635414292,7.22335876923599,0.96248072607161
55.25,38,38.8,35,29,0.535,29.55875,95.2922750265105,3.2238262790717,500,5.94447643122271,6.91393429328895,0.99947322351274
56.8,38,38.8,35,30,0.505,28.684,88.4055686314431,3.08205161872274,500,5.926657312849,6.50236003629527,0.9999100953322
58.35,38,38.8,35,30,0.48,28.008,83.1663267659249,2.96937756233665,499.874187324501,5.90211622475738,6.18862117021312,0.999948808077654
59.9,38,38.8,35,29,0.445,26.6555,78.7410302121805,2.95402563118983,498.415508882593,5.63869434905546,5.91582374563967,0.999631506072766
61.45,38,38.8,35,28,0.44,27.038,80.9938506266298,2.99555627733671,487.565727253783,5.61412526246761,5.91474342581525,0.930997115221092
63,38,38.8,35,17,0.49,30.87,98.1892723062552,3.18073444464708,452.152005890443,5.95344575213443,6.51329276674191,0.864743792131168
47.5,38.5,38.8,35,8,0.545,25.8875,115.740063342066,4.4708860779166,500,4.12842256822377,7.73695830197306,0.804767226331793
49.05,38.5,38.8,35,18,0.55,26.9775,110.627792845452,4.10074294673162,500,4.56468105981588,7.64096159015768,0.901196140230618
50.6,38.5,38.8,35,22,0.55,27.83,106.168718210294,3.81490184011117,500,4.94999679696547,7.49442091128632,0.881703083589236
52.15,38.5,38.8,35,25,0.55,28.6825,102.604201745942,3.57724053851449,500,5.32922796917037,7.35106492787611,0.885946187712096
53.7,38.5,38.8,35,26,0.55,29.535,99.7730526546681,3.37812942795558,500,5.71607005743807,7.20048078421162,0.950328585636288
55.25,38.5,38.8,35,28,0.535,29.55875,95.0583455322553,3.21591222674353,500,5.92212285748192,6.89679792793714,0.999451136496769
56.8,38.5,38.8,35,30,0.505,28.684,88.2510980642235,3.07666636676278,500,5.90445289720498,6.48682327668219,0.999920179830538
58.35,38.5,38.8,35,30,0.48,28.008,83.0633441838449,2.96570066351917,499.732528633048,5.87914645138155,6.17655259007073,0.999956180829684
59.9,38.5,38.8,35,29,0.445,26.6555,78.5678844504479,2.94752994505629,498.465945239157,5.6216470110048,5.89886012919158,0.999694649826295
61.45,38.5,38.8,35,28,0.44,27.038,80.7495023291245,2.98651905943948,487.655997852052,5.59446173789471,5.89676341843947,0.93208812469469
63,38.5,38.8,35,18,0.485,30.555,96.2080150439559,3.14868319567848,454.31322041084,5.90592872640169,6.43128614406852,0.800226545895065
47.5,39,38.8,35,8,0.545,25.8875,115.024435897437,4.44324233307337,500,4.12677612578177,7.70033501292971,0.820203791647456
49.05,39,38.8,35,18,0.55,26.9775,110.029894731306,4.07858010309726,500,4.55929011774632,7.60824240106322,0.905029589538903
50.6,39,38.8,35,22,0.55,27.83,105.674758080601,3.79715264393106,500,4.94095110398682,7.46534830213666,0.875220475343532
52.15,39,38.8,35,25,0.55,28.6825,102.201342381145,3.56319506253448,500,5.31676933167344,7.32566624188234,0.860083149650669
53.7,39,38.8,35,27,0.55,29.535,99.439996056966,3.36685275290218,500,5.70181867731186,7.17821076448983,0.934923207678414
55.25,39,38.8,35,28,0.53,29.2825,93.9191838674292,3.20734854836265,500,5.85368205165453,6.82555815265196,0.999725474946611
56.8,39,38.8,35,30,0.505,28.684,88.1595415845393,3.07347446606259,499.634324158453,5.88060081386031,6.47331943454146,0.999929439092762
58.35,39,38.8,35,30,0.48,28.008,83.0053259536456,2.96362917572285,499.390226934817,5.85506173548403,6.16600804175177,0.999962713128486
59.9,39,38.8,35,29,0.445,26.6555,78.4061589895494,2.94146269961356,498.532219644461,5.60504752102186,5.88237542024844,0.999749539253206
61.45,39,38.8,35,28,0.44,27.038,80.5144673676686,2.97782629512792,487.729279017181,5.57716892210634,5.87882526874746,0.933154879056647
63,39,38.8,35,18,0.485,30.555,96.3585116697012,3.15360862934712,453.667383806333,5.86836191118312,6.42479744026157,0.806291613867964
47.5,39.5,38.8,35,7,0.545,25.8875,114.33246896397,4.41651256258695,500,4.12502967785901,7.66469975724369,0.833838154751815
49.05,39.5,38.8,35,18,0.55,26.9775,109.451947297674,4.05715678983129,500,4.55369166733448,7.57645146846301,0.908448145799883
50.6,39.5,38.8,35,22,0.55,27.83,105.197800603963,3.78001439468068,500,4.93176790940847,7.43709556811325,0.869864774005097
52.15,39.5,38.8,35,25,0.55,28.6825,101.812535649935,3.54963952409778,500,5.30434635581665,7.30087341323866,0.83208496938527
53.7,39.5,38.8,35,27,0.55,29.535,99.117471660963,3.35593267854962,500,5.68777592177895,7.15644467031591,0.916182036791776
55.25,39.5,38.8,35,28,0.53,29.2825,93.6571274789896,3.19839929920565,500,5.83385855471195,6.80744148921013,0.99972937384199
56.8,39.5,38.8,35,30,0.5,28.4,87.1101478505782,3.06725872713304,500,5.80426652573407,6.41610751309101,0.999956765073275
58.35,39.5,38.8,35,30,0.475,27.71625,81.9921178577694,2.95826880829006,500,5.7814970144057,6.10988835282993,0.999975552438114
59.9,39.5,38.8,35,30,0.445,26.6555,78.2537285632865,2.93574416399192,498.61101337266,5.58891321897312,5.86630456763467,0.999796524400767
61.45,39.5,38.8,35,28,0.435,26.73075,79.3740573073924,2.96939133048614,489.939532010827,5.5173573694319,5.82302084111817,0.877654655255896
63,39.5,38.8,35,18,0.485,30.555,96.4909476616891,3.15794297698213,452.996112052355,5.83189169213749,6.41852213949297,0.812204509700916
47.5,40,38.8,35,7,0.545,25.8875,113.663280702638,4.3906627021782,500,4.12315615722926,7.63000880845203,0.846201083555545
49.05,40,38.8,35,18,0.55,26.9775,108.893236949195,4.03644655543304,500,4.54786948718845,7.54554256035854,0.911451500743203
50.6,40,38.8,35,22,0.55,27.83,104.737278962449,3.76346672520476,500,4.9224603531013,7.40962114233164,0.865653455913204
52.15,40,38.8,35,25,0.55,28.6825,101.437273998669,3.53655622761855,500,5.2919937501583,7.27665183628278,0.803337997780194
53.7,40,38.8,35,27,0.55,29.535,98.8047500335965,3.34534450765521,500,5.6739361393502,7.13511881948337,0.894366596245448
55.25,40,38.8,35,29,0.53,29.2825,93.4301874593569,3.19064927719139,500,5.81301434339876,6.79150687322672,0.999731965052592
56.8,40,38.8,35,30,0.5,28.4,86.9266741764552,3.0607983864949,500,5.78465576645674,6.40053073918193,0.999962625650604
58.35,40,38.8,35,31,0.475,27.71625,81.8692041246815,2.9538340910001,500,5.76016373493032,6.09810460413545,0.999979571309512
59.9,40,38.8,35,30,0.445,26.6555,78.1071062552781,2.93024352404862,498.698093008811,5.57324487597647,5.85057382254095,0.999835673751357
61.45,40,38.8,35,29,0.435,26.73075,79.1501125170733,2.96101353374197,490.006958449779,5.50168263665489,5.80552535545539,0.887531393591266
63,40,38.8,35,18,0.485,30.555,96.6104654855335,3.1618545405182,452.31665266307,5.79615104932699,6.41240962084552,0.818370934346193
47.5,40.5,38.8,35,7,0.545,25.8875,113.016041962749,4.36566072284881,500,4.12112559406075,7.59621675691775,0.85741485265503
49.05,40.5,38.8,35,18,0.55,26.9775,108.353090776209,4.01642445653633,500,4.54181388713207,7.51546896206167,0.91399644023289
50.6,40.5,38.8,35,22,0.55,27.83,104.292658386462,3.74749041992318,500,4.91304962211317,7.38288286701362,0.862430148356324
52.15,40.5,38.8,35,25,0.545,28.42175,100.383249924099,3.53191657530232,500,5.23046610226433,7.19981572755151,0.981547262737041
53.7,40.5,38.8,35,28,0.55,29.535,98.5012579578271,3.33506883215937,500,5.66027935830513,7.1142340653498,0.870080627370355
55.25,40.5,38.8,35,29,0.525,29.00625,92.3583777032637,3.18408541963417,500,5.74411654716671,6.72471571011702,0.999877533680647
56.8,40.5,38.8,35,31,0.5,28.4,86.7925615245832,3.05607611002054,500,5.76376164908815,6.38659774033988,0.999967587951772
58.35,40.5,38.8,35,31,0.475,27.71625,81.7832288151522,2.95073210896684,500,5.73811447031097,6.08750755253059,0.999982851751362
59.9,40.5,38.8,35,30,0.46,27.554,80.570426414609,2.92409183474664,493.115200086691,5.70155181798147,5.94797776061464,0.99996257771135
61.45,40.5,38.8,35,29,0.435,26.73075,78.9371466347058,2.95304645902961,490.066539724805,5.48767073384064,5.78849711021617,0.898936589722533
63,40.5,38.8,35,18,0.485,30.555,96.7219278506874,3.16550246606733,451.644113979471,5.76087533135099,6.40640543018226,0.825009104277193
47.5,41,38.8,35,6,0.545,25.8875,112.389969650138,4.34147637470354,500,4.11890783090501,7.56327685896156,0.86741278365851
49.05,41,38.8,35,18,0.55,26.9775,107.830872563016,3.99706690994406,500,4.53552317382184,7.48618337515365,0.916016746329522
50.6,41,38.8,35,22,0.55,27.83,103.863434355311,3.73206735017286,500,4.90356518538583,7.35683802737938,0.859929846049902
52.15,41,38.8,35,25,0.545,28.42175,100.031009757031,3.51952324389001,500,5.21846145536563,7.17685645789115,0.978845879226011
53.7,41,38.8,35,28,0.55,29.535,98.2067736017204,3.32509814124667,500,5.64676514075076,7.0938615513543,0.844179096976532
55.25,41,38.8,35,29,0.525,29.00625,92.1161818707685,3.17573563872505,500,5.72587323461921,6.70763143189972,0.999883974857534
56.8,41,38.8,35,30,0.5,28.4,86.7154105683867,3.05335952705587,499.513121642142,5.74118640188583,6.37453108794048,0.999971731870408
58.35,41,38.8,35,31,0.475,27.71625,81.7378710580388,2.94909560485415,499.961099309574,5.71532915587479,6.07797096037971,0.999985498512295
59.9,41,38.8,35,30,0.455,27.2545,79.457474401259,2.91538917981467,494.989517153031,5.64737078791,5.88952488286853,0.999965703291162
61.45,41,38.8,35,29,0.43,26.4235,77.8191945268896,2.94507519923135,492.383777225785,5.4308546634338,5.73671968954531,0.865702289822884
63,41,38.8,35,18,0.485,30.555,96.8291585653397,3.16901189871837,450.98843731625,5.72590140923712,6.4004590676101,0.832180335311128
47.5,41.5,38.8,35,7,0.55,26.125,112.026241807142,4.28808581079969,500,4.16460749982524,7.58007954771453,0.800898563384982
49.05,41.5,38.8,35,18,0.55,26.9775,107.325979577095,3.97835157361115,500,4.52900492885829,7.45763770019914,0.917440981266627
50.6,41.5,38.8,35,22,0.55,27.83,103.449131204661,3.71718042417036,500,4.89404452097599,7.33144349551361,0.857843374976206
52.15,41.5,38.8,35,25,0.545,28.42175,99.6910729473965,3.50756279776567,500,5.20660170512361,7.15443823384019,0.975977535565666
53.7,41.5,38.8,35,28,0.55,29.535,97.9217176383289,3.31544667812185,500,5.63332533244396,7.07412598636831,0.817619873441762
55.25,41.5,38.8,35,28,0.525,29.00625,91.8957651595457,3.16813670017826,500,5.70689444402957,6.69249008388848,0.999889017447396
56.8,41.5,38.8,35,30,0.495,28.116,85.7411967823272,3.04955174215134,500,5.66780353141157,6.31891264194747,0.999983009812983
58.35,41.5,38.8,35,31,0.475,27.71625,81.7340763947364,2.9489586937171,499.19236191843,5.69174707100477,6.06936485745284,0.999987616399788
59.9,41.5,38.8,35,31,0.455,27.2545,79.205722645574,2.90615210866367,495.133927481597,5.63113806044896,5.8735408724655,0.99997223526287
61.45,41.5,38.8,35,30,0.43,26.4235,77.6168967823394,2.93741922085792,492.453055995705,5.41770296263015,5.72030647721027,0.89045593456535
63,41.5,38.8,35,18,0.485,30.555,96.9348281207395,3.1724702379558,450.354357432177,5.691157377757,6.39452792982543,0.839831969228266
47.5,42,38.8,35,7,0.55,26.125,111.447506559718,4.26593326544374,500,4.16144671904404,7.54893241239752,0.820381640856055
49.05,42,38.8,35,18,0.55,26.9775,106.837840070039,3.96025725400942,500,4.52227703430705,7.42978273472186,0.918203871761795
50.6,42,38.8,35,23,0.55,27.83,103.049301046822,3.70281354821496,500,4.88453220105623,7.30665595371798,0.855864860811545
52.15,42,38.8,35,25,0.545,28.42175,99.3630038221249,3.49601990806776,500,5.19493840477862,7.132540093398,0.972954950530084
53.7,42,38.8,35,27,0.545,29.2665,96.8068479266106,3.30776990506588,500,5.56342697643457,7.00373622105939,0.974673528667259
55.25,42,38.8,35,29,0.525,29.00625,91.7114223613558,3.16178142163692,500,5.6870431285383,6.67942836373479,0.999892664586469
56.8,42,38.8,35,30,0.495,28.116,85.572366878821,3.04354697961378,500,5.64993067911572,6.30428684951924,0.999985040466006
58.35,42,38.8,35,32,0.47,27.4245,80.8326612397856,2.94746162153496,500,5.61721615490551,6.01659888679116,0.999991615048885
59.9,42,38.8,35,31,0.455,27.2545,79.0036805788301,2.8987389450854,495.2806715151,5.61378714194038,5.8591747481815,0.999976979886423
61.45,42,38.8,35,30,0.425,26.11625,76.5249849901766,2.9301674241201,494.86003308386,5.36163962112026,5.67256318265225,0.870086147279192
63,42,38.8,35,21,0.435,27.405,81.246651952812,2.96466527833651,477.821548659236,5.57217248846725,5.79955341283491,0.80633381431046
47.5,42.5,38.8,35,7,0.55,26.125,110.887554616314,4.2444996982321,500,4.15795024668348,7.5184810097629,0.836462590320522
49.05,42.5,38.8,35,18,0.55,26.9775,106.365911412341,3.9427638369879,500,4.51536830786336,7.40256781772498,0.918250752375516
50.6,42.5,38.8,35,23,0.55,27.83,102.663522912265,3.68895159584138,500,4.87507822123744,7.28243212464036,0.853718690670685
52.15,42.5,38.8,35,26,0.545,28.42175,99.0463819508716,3.48487978223972,500,5.18352504762237,7.11114711750009,0.969777471540117
53.7,42.5,38.8,35,27,0.545,29.2665,96.535045424494,3.2984827507387,500,5.55093557764244,6.98483866415637,0.970637504716974
55.25,42.5,38.8,35,29,0.52,28.73,90.7019077557543,3.15704517075372,500,5.62070211714312,6.61361078381129,0.999952910648036
56.8,42.5,38.8,35,31,0.495,28.116,85.4430566558936,3.03894781106465,500,5.63088255109832,6.29119881463297,0.999986668007354
58.35,42.5,38.8,35,32,0.47,27.4245,80.7246262312135,2.94352226043186,500,5.59753339877181,6.00614739905967,0.999992656330718
59.9,42.5,38.8,35,31,0.45,26.955,77.9333846037124,2.89124038596596,497.250255691914,5.55578103309198,5.80526387143869,0.999970448643362
61.45,42.5,38.8,35,31,0.445,27.34525,79.9052715164344,2.92208963225549,486.0292193908,5.540909117426,5.79585407219469,0.977225955112002
63,42.5,38.8,35,23,0.44,27.72,81.8805133638901,2.95384247344481,475.452651039632,5.57800261940703,5.83239802640614,0.818550841484633
47.5,43,38.8,35,7,0.55,26.125,110.34573898917,4.22376034408305,500,4.1541169234134,7.48867232091211,0.849294086492013
49.05,43,38.8,35,19,0.55,26.9775,105.909678781502,3.92585223914381,500,4.50831856202053,7.37594045356069,0.917536923711919
50.6,43,38.8,35,23,0.55,27.83,102.291402023515,3.67558038172889,500,4.8657355253651,7.25872889184223,0.851170189597077
52.15,43,38.8,35,26,0.545,28.42175,98.7408005599498,3.47412810822521,500,5.17241409968039,7.09024894310785,0.966429632577415
53.7,43,38.8,35,28,0.545,29.2665,96.2713985808887,3.28947426514577,500,5.53865855537883,6.96643319278828,0.966371789040074
55.25,43,38.8,35,29,0.52,28.73,90.4883491253579,3.14961187348966,500,5.60391685768301,6.59879314625657,0.999954800554642
56.8,43,38.8,35,31,0.495,28.116,85.3614537927818,3.03604544717534,499.728311859692,5.61049442707903,6.27976965846117,0.999987962251706
58.35,43,38.8,35,32,0.47,27.4245,80.6542713557725,2.9409568581295,500,5.57748972791632,5.99646406995441,0.999993461560263
59.9,43,38.8,35,31,0.45,26.955,77.7471841267526,2.88433255895947,497.409612884764,5.53914383567756,5.79196932646544,0.999973637803559
61.45,43,38.8,35,31,0.445,27.34525,79.6725307235604,2.91357843587316,486.197095499776,5.52691610950614,5.78149803340653,0.980023878488
63,43,38.8,35,26,0.44,27.72,81.6574570041037,2.94579570721875,475.674532325223,5.55678117972131,5.81974701812117,0.844503352746452
47.5,43.5,38.8,35,7,0.55,26.125,109.821440059853,4.20369148554461,500,4.14995815431564,7.45945478017867,0.8591483199894
49.05,43.5,38.8,35,19,0.55,26.9775,105.468654324249,3.90950437676763,500,4.50117788734802,7.34984595232884,0.916024393922915
50.6,43.5,38.8,35,23,0.55,27.83,101.932569114975,3.66268663726104,500,4.85655678117954,7.23550316395763,0.848026431879916
52.15,43.5,38.8,35,26,0.545,28.42175,98.4458648921797,3.46375099676057,500,5.16165349420553,7.06983679990119,0.962880715840988
53.7,43.5,38.8,35,28,0.545,29.2665,96.0165916784096,3.28076782937521,500,5.52649931902263,6.94864735710102,0.961911318485933
55.25,43.5,38.8,35,29,0.52,28.73,90.2977252229532,3.14297686122357,500,5.58664361654564,6.58581306488578,0.999955933245444
56.8,43.5,38.8,35,31,0.495,28.116,85.3317623256251,3.03498941263427,499.094627243034,5.58877369850491,6.26987370375892,0.999988979886309
58.35,43.5,38.8,35,33,0.47,27.4245,80.6254101816664,2.93990447160993,499.716119046112,5.55689085513418,5.98752147473371,0.999994077947783
59.9,43.5,38.8,35,32,0.45,26.955,77.6181515098318,2.87954559487412,497.538666663423,5.52134936719142,5.78057446498071,0.99997564079835
61.45,43.5,38.8,35,31,0.445,27.34525,79.4693540269176,2.90614838141606,486.356547118141,5.51117242490907,5.76947066927452,0.982693287315537
63,43.5,38.8,35,29,0.44,27.72,81.4515927680382,2.93836914747612,475.899263171176,5.53547196450942,5.80685425595134,0.868091986963412
47.5,44,38.8,35,7,0.55,26.125,109.314063399695,4.18427036936632,500,4.14549908105914,7.43077884746202,0.866335337509358
49.05,44,38.8,35,19,0.55,26.9775,105.042376717306,3.89370314956191,500,4.49400498860012,7.32422713159539,0.913678010602905
50.6,44,38.8,35,23,0.55,27.83,101.586679713973,3.65025798469181,500,4.84759059333402,7.212711339082,0.844132598452734
52.15,44,38.8,35,26,0.545,28.42175,98.1611905233,3.45373492213886,500,5.1512828512,7.04989919650899,0.959084764398434
53.7,44,38.8,35,28,0.545,29.2665,95.7721734499341,3.27241636170824,500,5.51431460150185,6.93159196047402,0.957280249595086
55.25,44,38.8,35,30,0.52,28.73,90.1428791064583,3.13758715998811,500,5.56877599580229,6.57454358936543,0.999956371244055
56.8,44,38.8,35,31,0.49,27.832,84.360660019223,3.03106711767832,500,5.52297464966003,6.21185613764429,0.999992601809822
58.35,44,38.8,35,33,0.47,27.4245,80.6388982190763,2.94039629597901,499.057519671968,5.53543828637858,5.97929479693432,0.999994540150746
59.9,44,38.8,35,32,0.45,26.955,77.5518392165636,2.87708548382725,497.574719785558,5.50217487561517,5.77137143201822,0.999976710434951
61.45,44,38.8,35,32,0.44,27.038,78.3414005285857,2.8974554526439,488.496920556074,5.45764351730538,5.71414750824008,0.978222265881518
63,44,38.8,35,31,0.435,27.405,80.3388223725384,2.93153885687059,478.076371631684,5.49073146917621,5.75421824320533,0.904690222290601
47.5,44.5,38.8,35,8,0.555,26.3625,109.161498894126,4.14078706094362,500,4.18319275703101,7.45481062258584,0.80929575692879
49.05,44.5,38.8,35,19,0.55,26.9775,104.63041105606,3.87843243651414,500,4.48686448022011,7.29902413462809,0.910462232127901
50.6,44.5,38.8,35,24,0.55,27.83,101.253413299254,3.63828290690815,500,4.83887747522353,7.19030828327167,0.839367338202174
52.15,44.5,38.8,35,27,0.545,28.42175,97.8864016627475,3.44406666242394,500,5.14132979145456,7.03041680185058,0.954980726822634
53.7,44.5,38.8,35,28,0.545,29.2665,95.5409201343125,3.26451472278245,500,5.50190699651682,6.91533269920948,0.952489859875597
55.25,44.5,38.8,35,30,0.52,28.73,90.0376664174375,3.13392504063479,499.532094414728,5.55020170590801,6.56465530339965,0.999956156020097
56.8,44.5,38.8,35,32,0.49,27.832,84.2296821129469,3.02636109920045,500,5.50642032447775,6.19899598085382,0.99999303151265
58.35,44.5,38.8,35,33,0.47,27.4245,80.692494934785,2.94235063300279,498.441676755277,5.51277107264252,5.97174822656563,0.999994872474445
59.9,44.5,38.8,35,32,0.445,26.6555,76.594465077475,2.87349571673669,499.777701463093,5.43818198094978,5.72419204598171,0.999946920490191
61.45,44.5,38.8,35,32,0.44,27.038,78.1286724754759,2.88958770898276,488.675724781863,5.44289742676588,5.70254729238743,0.981667591231158
63,44.5,38.8,35,32,0.435,27.405,80.1326389307653,2.92401528665445,478.293103674312,5.47131751354781,5.74090090906313,0.921448482462379
47.5,45,38.8,35,8,0.555,26.3625,108.691312206252,4.12295162470372,500,4.17743442960246,7.42695777836419,0.819537099923156
49.05,45,38.8,35,19,0.55,26.9775,104.232349005567,3.86367710149447,500,4.47982317375666,7.27417443207933,0.906339159764127
50.6,45,38.8,35,24,0.55,27.83,100.932472253251,3.62675070978263,500,4.83044600909127,7.16824585224344,0.833638890222176
52.15,45,38.8,35,27,0.545,28.42175,97.6211294860159,3.43473324077567,500,5.13180677596014,7.01135738359545,0.950492648983684
53.7,45,38.8,35,29,0.545,29.2665,95.3271879069945,3.25721175770914,500,5.48902031562763,6.89987565409686,0.947537659838081
55.25,45,38.8,35,30,0.515,28.45375,89.0383217020874,3.12922977470764,500,5.48950350204378,6.49589466978783,0.999978491419881
56.8,45,38.8,35,32,0.49,27.832,84.1354444990154,3.02297515446304,500,5.48906156472778,6.18759297962551,0.999993336376905
58.35,45,38.8,35,33,0.465,27.13275,79.7459626392269,2.93910357922536,500,5.44613209792426,5.92138528561408,0.999995728593602
59.9,45,38.8,35,33,0.445,26.6555,76.5149576898094,2.87051294066175,499.859535852246,5.42064557307091,5.71509408858508,0.999946671964912
61.45,45,38.8,35,32,0.435,26.73075,77.0528706875611,2.88255550957459,490.904479261994,5.38962002704266,5.65037541254747,0.980237666117174
63,45,38.8,35,32,0.435,27.405,79.9508048741004,2.91738021799308,478.452936929308,5.45114922478155,5.72859470023726,0.93528794244913
47.5,20,39.1,35,0,NaN,NaN,NaN,NaN,NaN,NaN,NaN,NaN
49.05,20,39.1,35,0,NaN,NaN,NaN,NaN,NaN,NaN,NaN,NaN
50.6,20,39.1,35,0,NaN,NaN,NaN,NaN,NaN,NaN,NaN,NaN
52.15,20,39.1,35,0,NaN,NaN,NaN,NaN,NaN,NaN,NaN,NaN
53.7,20,39.1,35,0,NaN,NaN,NaN,NaN,NaN,NaN,NaN,NaN
55.25,20,39.1,35,0,NaN,NaN,NaN,NaN,NaN,NaN,NaN,NaN
56.8,20,39.1,35,5,0.53,30.104,114.245411238267,3.79502429040217,500,6.9795255583122,8.11919382746128,0.849645787187147
58.35,20,39.1,35,6,0.515,30.05025,105.932569060411,3.52518095724364,500,7.2651914642181,7.68279061328032,0.9785455970734
59.9,20,39.1,35,6,0.52,31.148,110.830226699574,3.55818115768504,490.811324631908,7.60844834598192,7.60926202483064,0.81605415913678
61.45,20,39.1,35,5,0.545,33.49025,121.502555146062,3.62799785448187,479.050427753775,8.46724337854775,7.64163141520661,0.861082846532799
63,20,39.1,35,0,NaN,NaN,NaN,NaN,NaN,NaN,NaN,NaN
47.5,20.5,39.1,35,0,NaN,NaN,NaN,NaN,NaN,NaN,NaN,NaN
49.05,20.5,39.1,35,0,NaN,NaN,NaN,NaN,NaN,NaN,NaN,NaN
50.6,20.5,39.1,35,0,NaN,NaN,NaN,NaN,NaN,NaN,NaN,NaN
52.15,20.5,39.1,35,0,NaN,NaN,NaN,NaN,NaN,NaN,NaN,NaN
53.7,20.5,39.1,35,0,NaN,NaN,NaN,NaN,NaN,NaN,NaN,NaN
55.25,20.5,39.1,35,0,NaN,NaN,NaN,NaN,NaN,NaN,NaN,NaN
56.8,20.5,39.1,35,6,0.53,30.104,113.098398987229,3.75692263444157,500,6.95234080452739,8.05322914327573,0.919676865152301
58.35,20.5,39.1,35,8,0.515,30.05025,105.075212206355,3.49665018448615,500,7.22789945612081,7.6171774573162,0.991461912808442
59.9,20.5,39.1,35,8,0.515,30.8485,108.757831793266,3.52554684322629,491.871986904896,7.51721071056005,7.4890109598085,0.835086735636512
61.45,20.5,39.1,35,7,0.545,33.49025,120.560878942854,3.59987993349868,478.04051497022,8.34481915606744,7.72760681623089,0.921234845397635
63,20.5,39.1,35,4,0.555,34.965,129.088884226904,3.69194578083523,468.091924812845,9.08310837693246,7.89480088765506,0.839753411949432
47.5,21,39.1,35,0,NaN,NaN,NaN,NaN,NaN,NaN,NaN,NaN
49.05,21,39.1,35,0,NaN,NaN,NaN,NaN,NaN,NaN,NaN,NaN
50.6,21,39.1,35,0,NaN,NaN,NaN,NaN,NaN,NaN,NaN,NaN
52.15,21,39.1,35,0,NaN,NaN,NaN,NaN,NaN,NaN,NaN,NaN
53.7,21,39.1,35,0,NaN,NaN,NaN,NaN,NaN,NaN,NaN,NaN
55.25,21,39.1,35,3,0.525,29.00625,118.364952236028,4.08067062222893,500,6.3176018046108,8.29476056494337,0.809330867009958
56.8,21,39.1,35,8,0.535,30.388,112.772936750218,3.7111009855936,500,7.00010190157003,8.02983772442368,0.860459217704332
58.35,21,39.1,35,9,0.515,30.05025,104.271060112021,3.46988993808773,500,7.19237595238344,7.55652989805687,0.995735669889814
59.9,21,39.1,35,10,0.51,30.549,106.727456056558,3.49364810817237,492.952392415178,7.42418063111543,7.36802508945329,0.834820154328544
61.45,21,39.1,35,8,0.54,33.183,118.565935830703,3.57309272310227,478.571729194876,8.24828715634584,7.55064672405874,0.944711525888573
63,21,39.1,35,5,0.55,34.65,126.708593429167,3.65681366317942,469.007597095821,9.04474922384003,7.72324118911215,0.861250131454166
47.5,21.5,39.1,35,0,NaN,NaN,NaN,NaN,NaN,NaN,NaN,NaN
49.05,21.5,39.1,35,0,NaN,NaN,NaN,NaN,NaN,NaN,NaN,NaN
50.6,21.5,39.1,35,0,NaN,NaN,NaN,NaN,NaN,NaN,NaN,NaN
52.15,21.5,39.1,35,0,NaN,NaN,NaN,NaN,NaN,NaN,NaN,NaN
53.7,21.5,39.1,35,0,NaN,NaN,NaN,NaN,NaN,NaN,NaN,NaN
55.25,21.5,39.1,35,6,0.53,29.2825,117.494320746081,4.01244158613782,500,6.37978877291742,8.25837923333436,0.8390788539831
56.8,21.5,39.1,35,8,0.535,30.388,111.763311402914,3.67787651056056,500,6.9747660074636,7.96776572843021,0.918372521729487
58.35,21.5,39.1,35,11,0.515,30.05025,103.517914287459,3.44482705759384,499.848454981225,7.1581602365199,7.50056229648738,0.997441835755304
59.9,21.5,39.1,35,11,0.505,30.2495,104.735270237344,3.46238021247769,494.051746393993,7.32821128667962,7.25006897677401,0.819217808392914
61.45,21.5,39.1,35,9,0.54,33.183,117.706462367163,3.54719170560717,477.350343277433,8.12467601018029,7.62214563223027,0.969730273475378
63,21.5,39.1,35,6,0.545,34.335,124.558355642092,3.62773716738292,469.898586382332,8.99883043380326,7.53336906700641,0.85551874329402
47.5,22,39.1,35,0,NaN,NaN,NaN,NaN,NaN,NaN,NaN,NaN
49.05,22,39.1,35,0,NaN,NaN,NaN,NaN,NaN,NaN,NaN,NaN
50.6,22,39.1,35,0,NaN,NaN,NaN,NaN,NaN,NaN,NaN,NaN
52.15,22,39.1,35,0,NaN,NaN,NaN,NaN,NaN,NaN,NaN,NaN
53.7,22,39.1,35,0,NaN,NaN,NaN,NaN,NaN,NaN,NaN,NaN
55.25,22,39.1,35,7,0.53,29.2825,116.307998152603,3.97192856322389,500,6.36167570208591,8.19046984039517,0.924994068207144
56.8,22,39.1,35,10,0.54,30.672,111.686093062339,3.6413045468942,500,7.02094603297925,7.95399743012602,0.833643446807535
58.35,22,39.1,35,11,0.51,29.7585,101.811977573234,3.421273840188,500,7.04926056965938,7.4021740133286,0.998387503704773
59.9,22,39.1,35,12,0.505,30.2495,104.105501004106,3.4415610507316,492.133690428898,7.22762196110879,7.26872198891665,0.928062146314791
61.45,22,39.1,35,10,0.535,32.87575,115.783348131428,3.52184659304891,477.96192414507,8.02262383603027,7.45896916990582,0.973890816213429
63,22,39.1,35,7,0.54,34.02,122.60674485368,3.60396075407644,470.599381581617,8.94568240336467,7.32244478557512,0.816247131042368
47.5,22.5,39.1,35,0,NaN,NaN,NaN,NaN,NaN,NaN,NaN,NaN
49.05,22.5,39.1,35,0,NaN,NaN,NaN,NaN,NaN,NaN,NaN,NaN
50.6,22.5,39.1,35,0,NaN,NaN,NaN,NaN,NaN,NaN,NaN,NaN
52.15,22.5,39.1,35,0,NaN,NaN,NaN,NaN,NaN,NaN,NaN,NaN
53.7,22.5,39.1,35,0,NaN,NaN,NaN,NaN,NaN,NaN,NaN,NaN
55.25,22.5,39.1,35,9,0.535,29.55875,115.732105092847,3.91532473777973,500,6.41846850233134,8.16528430851638,0.857044682811165
56.8,22.5,39.1,35,11,0.54,30.672,110.780837369258,3.61179047239365,500,6.99728131349211,7.89695614469532,0.898797016552666
58.35,22.5,39.1,35,13,0.51,29.7585,101.108762599234,3.39764311370648,500,7.01829506288459,7.35323814678601,0.998733320480813
59.9,22.5,39.1,35,13,0.5,29.95,102.206517582771,3.41257153865679,493.245634394046,7.13079745291021,7.16182579199297,0.918531484559942
61.45,22.5,39.1,35,10,0.535,32.87575,114.997233998966,3.49793492160531,476.524060771825,7.90191456434972,7.51697009997782,0.984527051466564
63,22.5,39.1,35,7,0.54,34.02,121.69060427338,3.57703128375601,469.875600318064,8.85433954372471,7.42112078293597,0.885567179477684
47.5,23,39.1,35,0,NaN,NaN,NaN,NaN,NaN,NaN,NaN,NaN
49.05,23,39.1,35,0,NaN,NaN,NaN,NaN,NaN,NaN,NaN,NaN
50.6,23,39.1,35,0,NaN,NaN,NaN,NaN,NaN,NaN,NaN,NaN
52.15,23,39.1,35,0,NaN,NaN,NaN,NaN,NaN,NaN,NaN,NaN
53.7,23,39.1,35,0,NaN,NaN,NaN,NaN,NaN,NaN,NaN,NaN
55.25,23,39.1,35,10,0.535,29.55875,114.669229219764,3.87936665859565,500,6.400199716128,8.10311418982595,0.920241472983293
56.8,23,39.1,35,11,0.54,30.672,109.919331498656,3.58370277447366,500,6.97424716371168,7.84210510806196,0.940642271138365
58.35,23,39.1,35,13,0.51,29.7585,100.45152043461,3.37555725035233,499.793164779535,6.98803471661509,7.30760024480975,0.998907085380443
59.9,23,39.1,35,15,0.495,29.6505,100.348575435234,3.38438054789073,494.3777050691,7.0307472034408,7.06115445355881,0.899770868796037
61.45,23,39.1,35,11,0.53,32.5685,113.139365325303,3.47388935091586,477.221286445144,7.79637276748804,7.36989887394305,0.982743211102115
63,23,39.1,35,8,0.535,33.705,119.788154655982,3.55401734626857,470.566179371638,8.79256566166246,7.21790496279577,0.821082714464771
47.5,23.5,39.1,35,0,NaN,NaN,NaN,NaN,NaN,NaN,NaN,NaN
49.05,23.5,39.1,35,0,NaN,NaN,NaN,NaN,NaN,NaN,NaN,NaN
50.6,23.5,39.1,35,0,NaN,NaN,NaN,NaN,NaN,NaN,NaN,NaN
52.15,23.5,39.1,35,0,NaN,NaN,NaN,NaN,NaN,NaN,NaN,NaN
53.7,23.5,39.1,35,7,0.52,27.924,119.960825843969,4.29597571422321,500,5.64226395820225,8.24496315535141,0.862332550061399
55.25,23.5,39.1,35,11,0.535,29.55875,113.656338343006,3.84509961831967,500,6.38216863775536,8.04334537610193,0.955029841426453
56.8,23.5,39.1,35,13,0.54,30.672,109.102290039707,3.55706475090335,500,6.95172371693746,7.78948740552916,0.96569689243655
58.35,23.5,39.1,35,15,0.51,29.7585,99.8389152409682,3.35497136082021,499.446362938158,6.95833730838036,7.26490239105766,0.998996201693212
59.9,23.5,39.1,35,16,0.49,29.351,98.5437856267372,3.35742515167242,495.542767495531,6.92842309220114,6.9672193496353,0.854079747868136
61.45,23.5,39.1,35,12,0.525,32.26125,111.357329261727,3.45173634814914,478.011639181739,7.68821905150401,7.22973697273389,0.976801099077082
63,23.5,39.1,35,8,0.535,33.705,118.939443812241,3.52883678422315,469.87080872049,8.68722366842846,7.31268566698953,0.887099695544889
47.5,24,39.1,35,0,NaN,NaN,NaN,NaN,NaN,NaN,NaN,NaN
49.05,24,39.1,35,0,NaN,NaN,NaN,NaN,NaN,NaN,NaN,NaN
50.6,24,39.1,35,0,NaN,NaN,NaN,NaN,NaN,NaN,NaN,NaN
52.15,24,39.1,35,0,NaN,NaN,NaN,NaN,NaN,NaN,NaN,NaN
53.7,24,39.1,35,10,0.53,28.461,118.940658390047,4.17907516918051,500,5.78682688690459,8.24699438359264,0.840830285916825
55.25,24,39.1,35,13,0.54,29.835,113.380721462076,3.80025880549945,500,6.43403240877839,8.03164580626183,0.868431069891793
56.8,24,39.1,35,14,0.54,30.672,108.329786609006,3.53187880180642,500,6.92958571971988,7.73907707441546,0.98004122933287
58.35,24,39.1,35,15,0.51,29.7585,99.2695871284497,3.33583974758303,499.119991028532,6.92910667651328,7.22479747596806,0.999040808442879
59.9,24,39.1,35,17,0.49,29.351,98.0637565421402,3.34107037382509,493.603332008419,6.85013232134849,6.98171210351628,0.947451659430437
61.45,24,39.1,35,12,0.525,32.26125,110.620742105324,3.42890440095545,476.373253637734,7.57542944925882,7.2844669309876,0.984809034348488
63,24,39.1,35,8,0.535,33.705,118.279227823459,3.50924871156977,468.946885385567,8.56957121799474,7.37807359626389,0.928420053481102
47.5,24.5,39.1,35,0,NaN,NaN,NaN,NaN,NaN,NaN,NaN,NaN
49.05,24.5,39.1,35,0,NaN,NaN,NaN,NaN,NaN,NaN,NaN,NaN
50.6,24.5,39.1,35,0,NaN,NaN,NaN,NaN,NaN,NaN,NaN,NaN
52.15,24.5,39.1,35,0,NaN,NaN,NaN,NaN,NaN,NaN,NaN,NaN
53.7,24.5,39.1,35,12,0.535,28.7295,118.106867963148,4.11099629172621,500,5.84918797301935,8.2233414941642,0.815755650274152
55.25,24.5,39.1,35,13,0.54,29.835,112.464681928806,3.76955528502785,500,6.41602308659604,7.97699039085465,0.92222310219048
56.8,24.5,39.1,35,15,0.54,30.672,107.600102447726,3.50808889044489,500,6.90770521545512,7.69079109579891,0.988070598191694
58.35,24.5,39.1,35,17,0.505,29.46675,97.724489364123,3.31643256769487,499.791825327341,6.82561347365483,7.14150128088762,0.999097137498854
59.9,24.5,39.1,35,18,0.485,29.0515,96.3746454780144,3.3173724412858,494.844616203069,6.75150915662305,6.89460346279447,0.916261272989776
61.45,24.5,39.1,35,13,0.52,31.954,108.890678209976,3.4077323092563,477.253159084709,7.46680050665278,7.16395166789989,0.97756578834947
63,24.5,39.1,35,9,0.53,33.39,116.297808037281,3.48301311881645,469.889398491759,8.49722008262053,7.20994640879346,0.869371115465768
47.5,25,39.1,35,0,NaN,NaN,NaN,NaN,NaN,NaN,NaN,NaN
49.05,25,39.1,35,0,NaN,NaN,NaN,NaN,NaN,NaN,NaN,NaN
50.6,25,39.1,35,0,NaN,NaN,NaN,NaN,NaN,NaN,NaN,NaN
52.15,25,39.1,35,6,0.505,26.33575,126.132641847758,4.78940762453159,500,4.88629019925178,8.27747412025862,0.849907321468723
53.7,25,39.1,35,13,0.535,28.7295,117.018743650492,4.07312148316161,500,5.83750313233671,8.16291574005967,0.920164963388796
55.25,25,39.1,35,14,0.54,29.835,111.589893064057,3.74023439128731,500,6.39820631138791,7.92452354157335,0.954663281962127
56.8,25,39.1,35,16,0.54,30.672,106.909494817551,3.48557299222583,500,6.88595499897725,7.64449427278416,0.992547369707092
58.35,25,39.1,35,17,0.505,29.46675,97.1827152194918,3.29804661930792,499.501990606989,6.79887630319995,7.10367408702637,0.999123991446861
59.9,25,39.1,35,19,0.48,28.752,94.7952084842883,3.29699528673791,496.209724496994,6.65756595832685,6.81140405974304,0.817122244926472
61.45,25,39.1,35,13,0.52,31.954,108.216075970414,3.38662064124724,475.469637875889,7.36473225582474,7.20188600720967,0.984786711062894
63,25,39.1,35,9,0.53,33.39,115.687610184971,3.46473825052325,468.961333265489,8.36662447679815,7.27253695728094,0.915948301553219
47.5,25.5,39.1,35,0,NaN,NaN,NaN,NaN,NaN,NaN,NaN,NaN
49.05,25.5,39.1,35,0,NaN,NaN,NaN,NaN,NaN,NaN,NaN,NaN
50.6,25.5,39.1,35,0,NaN,NaN,NaN,NaN,NaN,NaN,NaN,NaN
52.15,25.5,39.1,35,9,0.515,26.85725,123.710924039039,4.60623943400903,500,5.04128990627148,8.25721541197489,0.823465503051813
53.7,25.5,39.1,35,14,0.54,28.998,116.451588652495,4.01584897760172,500,5.89594767807727,8.14899102109064,0.8029559794118
55.25,25.5,39.1,35,15,0.545,30.11125,111.568755053999,3.70521831720701,500,6.44671855203592,7.92359333953363,0.845112864796671
56.8,25.5,39.1,35,16,0.535,30.388,105.266952882214,3.46409611959373,500,6.79643443445014,7.55216108966577,0.997886733302568
58.35,25.5,39.1,35,18,0.505,29.46675,96.6804171155648,3.28100035177156,499.244310908866,6.77247161996765,7.06752274984993,0.999149299163786
59.9,25.5,39.1,35,19,0.48,28.752,94.3768794921712,3.28244572524246,494.424079282409,6.59601171029399,6.81371317065935,0.94543568556572
61.45,25.5,39.1,35,14,0.515,31.64675,106.533661480419,3.36633813836869,476.412445241288,7.25739844739144,7.09816786603298,0.97691402737918
63,25.5,39.1,35,10,0.525,33.075,113.759240943368,3.43943283275489,469.932600461408,8.28591251065681,7.11320568949377,0.834914489240777
47.5,26,39.1,35,0,NaN,NaN,NaN,NaN,NaN,NaN,NaN,NaN
49.05,26,39.1,35,0,NaN,NaN,NaN,NaN,NaN,NaN,NaN,NaN
50.6,26,39.1,35,0,NaN,NaN,NaN,NaN,NaN,NaN,NaN,NaN
52.15,26,39.1,35,11,0.52,27.118,122.138460188529,4.50396268856586,500,5.11246961734508,8.22197302606296,0.90870027696964
53.7,26,39.1,35,15,0.54,28.998,115.47251901606,3.98208562714876,500,5.8836568785536,8.09388010138538,0.890587373172282
55.25,26,39.1,35,16,0.545,30.11125,110.775410459228,3.67887120126955,500,6.42906579772646,7.8752078418879,0.907984538848773
56.8,26,39.1,35,18,0.535,30.388,104.627365084727,3.44304873913145,500,6.77568944981331,7.51007904649693,0.998305046890661
58.35,26,39.1,35,19,0.505,29.46675,96.2155471544032,3.26522426648352,499.017667485097,6.74636223522648,7.03285694395069,0.999176987362766
59.9,26,39.1,35,20,0.475,28.4525,92.9476365051766,3.2667651877753,495.933585105142,6.51449521426385,6.7325772525963,0.865222166894918
61.45,26,39.1,35,14,0.515,31.64675,105.915525150627,3.34680575890501,474.587075276513,7.16780143910989,7.12053285854695,0.984323952263488
63,26,39.1,35,10,0.525,33.075,113.194667723816,3.42236334765884,468.98950999553,8.1448335499879,7.17257624487633,0.892613080477707
47.5,26.5,39.1,35,0,NaN,NaN,NaN,NaN,NaN,NaN,NaN,NaN
49.05,26.5,39.1,35,0,NaN,NaN,NaN,NaN,NaN,NaN,NaN,NaN
50.6,26.5,39.1,35,6,0.5,25.3,132.466034941582,5.23581165777002,500,4.3342416496268,8.34460964847964,0.804134713327138
52.15,26.5,39.1,35,13,0.53,27.6395,120.798357724252,4.3704972132004,500,5.25065185800865,8.22829803779326,0.836067725959432
53.7,26.5,39.1,35,15,0.54,28.998,114.536195728674,3.94979639039499,500,5.8713522197944,8.04098278482445,0.93758841686969
55.25,26.5,39.1,35,16,0.545,30.11125,110.018653786964,3.65373917678491,500,6.41153477123261,7.82866868394147,0.946536789168594
56.8,26.5,39.1,35,18,0.535,30.388,104.017640796692,3.42298409887757,500,6.75493009196306,7.469747910945,0.99856576447309
58.35,26.5,39.1,35,20,0.5,29.175,94.8040333169163,3.24949557213081,499.857013323454,6.64568250410237,6.95814935833861,0.999279796556837
59.9,26.5,39.1,35,20,0.475,28.4525,92.5480171715261,3.25272004820406,494.43106813195,6.46377252306251,6.72459484229164,0.960916647693423
61.45,26.5,39.1,35,15,0.51,31.3395,104.277200507999,3.32734091188432,475.551711046801,7.06315179179671,7.0298947008867,0.976045330515265
63,26.5,39.1,35,10,0.525,33.075,112.806082155433,3.41061472881129,467.778981007315,7.99645228896292,7.2110956811505,0.929416462364192
47.5,27,39.1,35,0,NaN,NaN,NaN,NaN,NaN,NaN,NaN,NaN
49.05,27,39.1,35,0,NaN,NaN,NaN,NaN,NaN,NaN,NaN,NaN
50.6,27,39.1,35,8,0.505,25.553,130.121990007084,5.09223926768223,500,4.41413116237984,8.29823228552297,0.895081076371653
52.15,27,39.1,35,15,0.535,27.90025,119.805548761456,4.29406721306998,500,5.31294185015272,8.20944063162282,0.852218734637485
53.7,27,39.1,35,16,0.54,28.998,113.640255058053,3.91889975370898,500,5.85902268990687,7.9901237294689,0.963129812127651
55.25,27,39.1,35,18,0.55,30.3875,110.292025583884,3.62951955849885,500,6.45861086910495,7.835281499458,0.803725833525054
56.8,27,39.1,35,19,0.535,30.388,103.432844620082,3.40373978610248,500,6.7340596980497,7.43095771933751,0.99873232407447
58.35,27,39.1,35,21,0.5,29.175,94.3500151022522,3.23393367959733,499.671449253727,6.62178682588214,6.92413614381353,0.999324494074765
59.9,27,39.1,35,21,0.47,28.153,91.1582780613756,3.23795965124056,496.04748686031,6.39707679292843,6.64470714530737,0.894223492640268
61.45,27,39.1,35,15,0.505,31.03225,102.683404553717,3.30892553887382,476.603824527265,6.95970641614199,6.95054619930327,0.960865240498367
63,27,39.1,35,11,0.52,32.76,110.794843376682,3.38201597608921,469.015494160956,7.90927728477835,7.07749227362742,0.855852548278119
47.5,27.5,39.1,35,0,NaN,NaN,NaN,NaN,NaN,NaN,NaN,NaN
49.05,27.5,39.1,35,0,NaN,NaN,NaN,NaN,NaN,NaN,NaN,NaN
50.6,27.5,39.1,35,9,0.51,25.806,128.013698973312,4.96061764602466,500,4.49075566336553,8.25695707458053,0.936807969383783
52.15,27.5,39.1,35,15,0.535,27.90025,118.732779405306,4.25561704304821,500,5.30650886592167,8.15396608180035,0.946321105206462
53.7,27.5,39.1,35,17,0.545,29.2665,113.406918097966,3.87497371048694,500,5.91279476832253,7.98849039858379,0.846402817549233
55.25,27.5,39.1,35,18,0.545,30.11125,108.60863833114,3.60691231121724,500,6.37675872836691,7.74078080990694,0.981273935205055
56.8,27.5,39.1,35,20,0.535,30.388,102.868614281912,3.38517224831881,500,6.71299316173712,7.39349216146809,0.998842362604191
58.35,27.5,39.1,35,22,0.5,29.175,93.9290475128399,3.21950462768946,499.510464587954,6.59812644871284,6.89129524434358,0.999369288514686
59.9,27.5,39.1,35,21,0.475,28.4525,91.749212027898,3.22464500581313,492.72278396279,6.38420187394281,6.68817309425181,0.993214907562493
61.45,27.5,39.1,35,16,0.505,31.03225,102.113516994464,3.29056117408386,474.784736890696,6.88564320394924,6.95752915798215,0.975555782244228
63,27.5,39.1,35,11,0.52,32.76,110.436926279642,3.37109054577661,467.717347555298,7.7576918226463,7.11324352899263,0.904918819803616
47.5,28,39.1,35,0,NaN,NaN,NaN,NaN,NaN,NaN,NaN,NaN
49.05,28,39.1,35,0,NaN,NaN,NaN,NaN,NaN,NaN,NaN,NaN
50.6,28,39.1,35,12,0.52,26.312,125.728291202432,4.77836314998603,500,4.6347372801024,8.24959501340229,0.815705943506096
52.15,28,39.1,35,17,0.54,28.161,117.990572990844,4.18985735559262,500,5.36541464316622,8.14372719240535,0.893298401158984
53.7,28,39.1,35,18,0.545,29.2665,112.594339829741,3.84720891906244,500,5.89982681085337,7.94117579316779,0.904580966116982
55.25,28,39.1,35,19,0.545,30.11125,107.952425464708,3.58511936451354,500,6.35949306841488,7.69927314061473,0.988248282760569
56.8,28,39.1,35,21,0.535,30.388,102.322087470999,3.36718729337235,500,6.6916566557687,7.35717915295913,0.998918955801381
58.35,28,39.1,35,22,0.5,29.175,93.537383343272,3.20607997749004,499.370070846125,6.57466721521459,6.85956461813928,0.99941342154782
59.9,28,39.1,35,22,0.465,27.8535,89.1655807037846,3.20123434052398,496.60403418987,6.29641658498246,6.55141802091348,0.912781537008391
61.45,28,39.1,35,16,0.5,30.725,100.55638807568,3.27278724412304,475.868163502681,6.78663033406047,6.88417852415193,0.960963752448985
63,28,39.1,35,12,0.515,32.445,108.482951725328,3.34359536832572,469.005835189907,7.66657318153481,6.98644978471399,0.802479808499354
47.5,28.5,39.1,35,0,NaN,NaN,NaN,NaN,NaN,NaN,NaN,NaN
49.05,28.5,39.1,35,4,0.495,24.27975,136.824833161435,5.63534769350735,500,3.83467277489659,8.30534673900051,0.830773915518102
50.6,28.5,39.1,35,13,0.525,26.565,124.219446203876,4.67605669880957,500,4.70219113217511,8.2229130546438,0.867612059247667
52.15,28.5,39.1,35,17,0.54,28.161,117.017085400418,4.15528871135321,500,5.3582532928423,8.0923252585924,0.942040863066011
53.7,28.5,39.1,35,18,0.545,29.2665,111.815183884398,3.82058612695054,500,5.88675862390231,7.89550284045008,0.940571107400911
55.25,28.5,39.1,35,19,0.545,30.11125,107.32680740153,3.56434247669991,500,6.34230676951424,7.65928964709631,0.992196329298178
56.8,28.5,39.1,35,21,0.535,30.388,101.792782587409,3.34976907290406,500,6.66998207997563,7.32196761580021,0.998976454762782
58.35,28.5,39.1,35,23,0.5,29.175,93.1689396185429,3.19345122942735,499.24561812458,6.55137027075568,6.82888118551124,0.999456092890462
59.9,28.5,39.1,35,22,0.465,27.8535,88.8313824556787,3.1892359113102,495.859209001096,6.26104642898883,6.53169846201569,0.975486348180549
61.45,28.5,39.1,35,17,0.495,30.41775,99.0327717892221,3.25575599080215,477.070110683077,6.69088115080044,6.81546708131205,0.938352477694639
63,28.5,39.1,35,12,0.515,32.445,108.152260806273,3.3334030145253,467.587998706916,7.51682806765372,7.01907068838412,0.867206078733919
47.5,29,39.1,35,0,NaN,NaN,NaN,NaN,NaN,NaN,NaN,NaN
49.05,29,39.1,35,5,0.5,24.525,134.50496684153,5.48440231769745,500,3.91135888668296,8.26711411737169,0.912460830349691
50.6,29,39.1,35,14,0.53,26.818,122.912518264527,4.58320971976012,500,4.76650182668707,8.20208653186225,0.894063960637131
52.15,29,39.1,35,18,0.545,28.42175,116.499164439708,4.09894409878729,500,5.41380740880558,8.08935734727379,0.806082035320332
53.7,29,39.1,35,19,0.545,29.2665,111.067574656058,3.79504124702504,500,5.87356462896333,7.85141983906622,0.962220140551321
55.25,29,39.1,35,21,0.555,30.66375,108.676246463901,3.54412772292695,500,6.45570363192941,7.72728671018036,0.819705345654211
56.8,29,39.1,35,21,0.535,30.388,101.283394228603,3.33300625999087,500,6.64789386194433,7.28801123738304,0.999023611503846
58.35,29,39.1,35,23,0.495,28.88325,91.8862255618793,3.18129800357921,500,6.45423932007984,6.76336937492062,0.999556722331835
59.9,29,39.1,35,23,0.46,27.554,87.0405299561455,3.15890723510726,497.602662917731,6.19493696087874,6.45737306030687,0.923222722674093
61.45,29,39.1,35,18,0.495,30.41775,98.5140844882466,3.23870386495538,475.46200053316,6.63117930123959,6.81007343992381,0.963431614366918
63,29,39.1,35,12,0.515,32.445,107.982419287136,3.3281682628182,465.819796136226,7.36951986458666,7.03833663877028,0.910703132965395
47.5,29.5,39.1,35,0,NaN,NaN,NaN,NaN,NaN,NaN,NaN,NaN
49.05,29.5,39.1,35,7,0.505,24.77025,132.318453568675,5.34182955637004,500,3.98626093207968,8.23113032892661,0.944314727513062
50.6,29.5,39.1,35,16,0.535,27.071,121.792795134129,4.49901352495765,500,4.82794656580766,8.18691504867353,0.894238878413857
52.15,29.5,39.1,35,19,0.545,28.42175,115.613493988676,4.06778238457085,500,5.40578937077093,8.04122820145579,0.871671359430804
53.7,29.5,39.1,35,20,0.55,29.535,111.093020644209,3.76140242573927,500,5.92170760517328,7.85893704695231,0.803985710158121
55.25,29.5,39.1,35,21,0.555,30.66375,108.090163821176,3.52501451457097,500,6.43884931459172,7.69095316860892,0.881001622125147
56.8,29.5,39.1,35,23,0.535,30.388,100.800310111109,3.31710905986275,500,6.62528639663428,7.25571134064918,0.999065417505752
58.35,29.5,39.1,35,24,0.495,28.88325,91.5134478495587,3.16839164046839,500,6.43286121207123,6.73332645744807,0.999592509837553
59.9,29.5,39.1,35,23,0.46,27.554,86.706208751123,3.14677392578657,497.185731597754,6.16539520334556,6.43540310186066,0.978278962322929
61.45,29.5,39.1,35,18,0.49,30.1105,97.0228698792708,3.22222712606137,476.767388172422,6.5412540751255,6.74122001205087,0.947178851418451
63,29.5,39.1,35,13,0.51,32.13,105.947586164023,3.29746611154756,467.34232630874,7.2809088570531,6.92796453119934,0.813072354337897
47.5,30,39.1,35,0,NaN,NaN,NaN,NaN,NaN,NaN,NaN,NaN
49.05,30,39.1,35,9,0.515,25.26075,129.735549811163,5.13585502454056,500,4.12639275702297,8.22590246550498,0.807666326158457
50.6,30,39.1,35,17,0.54,27.324,120.849037639624,4.4228164851275,500,4.88675102160045,8.17678772518332,0.855110025129598
52.15,30,39.1,35,19,0.545,28.42175,114.76316367151,4.03786408899909,500,5.39752709450885,7.99457491425081,0.912293314842037
53.7,30,39.1,35,20,0.55,29.535,110.408445911377,3.73822400241671,500,5.90748847773838,7.81833655153684,0.864326976004916
55.25,30,39.1,35,21,0.555,30.66375,107.522471362583,3.50650104317256,500,6.42178188442909,7.65602038547209,0.919518190830591
56.8,30,39.1,35,23,0.535,30.388,100.353509331165,3.30240586189171,500,6.60199215844636,7.22565506606529,0.999104346496759
58.35,30,39.1,35,24,0.495,28.88325,91.1596867170983,3.15614367209709,500,6.41159063155613,6.70432901889941,0.999624721113325
59.9,30,39.1,35,24,0.455,27.2545,85.429091052629,3.13449489268301,498.985255679878,6.08048326207329,6.36778824739124,0.924500442576604
61.45,30,39.1,35,20,0.485,29.80325,95.557842249097,3.20628932244292,478.192099444349,6.456519785626,6.67137673724627,0.931472440992093
63,30,39.1,35,13,0.51,32.13,105.793352175203,3.2926658006599,465.372224889736,7.14319659041976,6.94464867666135,0.870500820724205
47.5,30.5,39.1,35,0,NaN,NaN,NaN,NaN,NaN,NaN,NaN,NaN
49.05,30.5,39.1,35,11,0.52,25.506,128.019700462687,5.0191994222021,500,4.19431792352344,8.19911034112735,0.825187659920066
50.6,30.5,39.1,35,17,0.54,27.324,119.841749369691,4.38595188734048,500,4.88345268036225,8.12608962606486,0.925309175103779
52.15,30.5,39.1,35,19,0.545,28.42175,113.946310032103,4.00912364763265,500,5.38899529689131,7.9493320134268,0.937725518869386
53.7,30.5,39.1,35,21,0.55,29.535,109.750083392501,3.71593307575762,500,5.8930944406619,7.77927490192367,0.904250030116126
55.25,30.5,39.1,35,22,0.555,30.66375,106.971319492924,3.48852699010799,500,6.40441742698668,7.62225237746718,0.942976565129592
56.8,30.5,39.1,35,24,0.53,30.104,98.983064885245,3.28803696801903,500,6.51894401220436,7.14989530653856,0.999304225107221
58.35,30.5,39.1,35,25,0.495,28.88325,90.8171690769838,3.14428497752101,499.973461668036,6.39036882800074,6.67634291670709,0.999653616195213
59.9,30.5,39.1,35,24,0.455,27.2545,85.0532988219425,3.12070662906832,498.794809654968,6.05549239903671,6.34504723731099,0.978228168620107
61.45,30.5,39.1,35,21,0.485,29.80325,95.0925780239791,3.19067813154536,476.920593813851,6.40850744861696,6.65989394655848,0.958822142904012
63,30.5,39.1,35,13,0.51,32.13,105.781083434181,3.29228395375601,463.087892685587,7.0127202115352,6.95265745697867,0.909516654264454
47.5,31,39.1,35,0,NaN,NaN,NaN,NaN,NaN,NaN,NaN,NaN
49.05,31,39.1,35,12,0.525,25.75125,126.48077568191,4.91163635481422,500,4.25938932209819,8.17709797645153,0.83769957305535
50.6,31,39.1,35,19,0.545,27.577,119.113689166882,4.31931280294744,500,4.93857686574775,8.12239646520621,0.82436199401317
52.15,31,39.1,35,20,0.545,28.42175,113.161169508318,3.98149901073362,500,5.38017598558069,7.90545457602346,0.953938715179468
53.7,31,39.1,35,21,0.55,29.535,109.116560753654,3.69448318109545,500,5.87853745771382,7.74166080270061,0.929886560403841
55.25,31,39.1,35,22,0.555,30.66375,106.435828560582,3.47106366835701,500,6.38667159808185,7.58936715118524,0.957135003775016
56.8,31,39.1,35,24,0.53,30.104,98.5426681070226,3.27340778989578,500,6.49696285369675,7.12051285584743,0.999334122526387
58.35,31,39.1,35,25,0.5,29.175,91.3761866051248,3.13200296847043,498.781154198191,6.43512339728499,6.68934647160665,0.99962981602706
59.9,31,39.1,35,25,0.455,27.2545,84.6911614298201,3.10741937771084,498.730704450622,6.03260181394912,6.32144685983653,0.992052377120836
61.45,31,39.1,35,22,0.465,28.57425,90.725162911314,3.17506716401354,488.223755152047,6.30277848115967,6.36220692246503,0.85043212794285
63,31,39.1,35,14,0.505,31.815,103.677306423889,3.25875550601567,464.834799876985,6.9309479018486,6.85347925389982,0.813289180828596
47.5,31.5,39.1,35,0,NaN,NaN,NaN,NaN,NaN,NaN,NaN,NaN
49.05,31.5,39.1,35,13,0.53,25.9965,125.113141524508,4.81269176714203,500,4.32170447409949,8.16004977254455,0.843906663134049
50.6,31.5,39.1,35,19,0.545,27.577,118.192640960519,4.28591365850234,500,4.93407091579743,8.07474627711328,0.876707080122223
52.15,31.5,39.1,35,20,0.545,28.42175,112.406090204858,3.9549320574862,500,5.37106195804306,7.86291241719833,0.964484217338689
53.7,31.5,39.1,35,21,0.55,29.535,108.506615694267,3.67383157928787,500,5.86383793940989,7.70539445458627,0.946133414299687
55.25,31.5,39.1,35,23,0.555,30.66375,105.916473798219,3.45412657611084,500,6.36845694581905,7.55710818293027,0.965631622758195
56.8,31.5,39.1,35,24,0.53,30.104,98.1424719836095,3.26011400423896,500,6.47426611291245,7.09289699363178,0.999362867761787
58.35,31.5,39.1,35,25,0.5,29.175,91.0129707012777,3.11955340878415,498.743425166394,6.41119038149382,6.66437509465205,0.999655811651637
59.9,31.5,39.1,35,25,0.455,27.2545,84.3423251026414,3.09462015823594,498.69269756899,6.01110038244485,6.29752115559369,0.996295504067229
61.45,31.5,39.1,35,23,0.46,28.267,89.2503366166991,3.15740392035586,490.144880614237,6.2452034825326,6.27264069884034,0.860177619367415
63,31.5,39.1,35,14,0.505,31.815,103.672613782069,3.25860800823728,462.406821907725,6.81446509444879,6.85947269318775,0.862924734897151
47.5,32,39.1,35,0,NaN,NaN,NaN,NaN,NaN,NaN,NaN,NaN
49.05,32,39.1,35,14,0.535,26.24175,123.910957137018,4.72190144091068,500,4.38138211784993,8.14752651778852,0.836581841224492
50.6,32,39.1,35,19,0.545,27.577,117.306569687314,4.25378285119171,500,4.9291816022716,8.02848845464342,0.906766762560334
52.15,32,39.1,35,20,0.545,28.42175,111.679536166482,3.9293687463468,500,5.36165878182338,7.8216822034955,0.971462515387241
53.7,32,39.1,35,22,0.55,29.535,107.919086821877,3.65393894775275,500,5.84902269711513,7.67037117361063,0.956306293229538
55.25,32,39.1,35,24,0.555,30.66375,105.415445211333,3.43778713338495,500,6.34967860125188,7.52536934845466,0.97059520318282
56.8,32,39.1,35,26,0.53,30.104,97.7963175107997,3.24861538369651,500,6.45051486228897,7.06768900139395,0.999389796940918
58.35,32,39.1,35,26,0.5,29.175,90.6766136008864,3.10802445932773,498.732218908002,6.38665600134964,6.64082749882931,0.99967935463758
59.9,32,39.1,35,26,0.455,27.2545,84.0069866470864,3.08231619171463,498.637932019814,5.99048813104126,6.27365647325613,0.997895540734501
61.45,32,39.1,35,24,0.455,27.95975,87.7821195933379,3.13958885874651,492.167535780418,6.18907953168366,6.1771528051549,0.850612975899624
63,32,39.1,35,14,0.505,31.815,103.773810642474,3.26178879907195,459.898449274964,6.7073407373249,6.86011442844097,0.897252109867141
47.5,32.5,39.1,35,0,NaN,NaN,NaN,NaN,NaN,NaN,NaN,NaN
49.05,32.5,39.1,35,15,0.54,26.487,122.867797903457,4.63879631152854,500,4.4382611883599,8.13875263009207,0.801132937687295
50.6,32.5,39.1,35,19,0.545,27.577,116.453715637894,4.22285657025397,500,4.92391836228939,7.98357107596314,0.924909218891559
52.15,32.5,39.1,35,22,0.55,28.6825,111.55281717561,3.88922922254372,500,5.40780865791158,7.83097652004588,0.824309288936417
53.7,32.5,39.1,35,22,0.55,29.535,107.352903945364,3.63476905181527,500,5.83412188912334,7.63648483154544,0.962474581321599
55.25,32.5,39.1,35,24,0.555,30.66375,104.936883315116,3.42218036982157,500,6.33022962639675,7.49431795926905,0.973217231063151
56.8,32.5,39.1,35,26,0.525,29.82,96.5442765859199,3.23756796062776,500,6.36768148751841,6.99519526340008,0.999524087760709
58.35,32.5,39.1,35,26,0.495,28.88325,89.4488073515862,3.09690936274783,499.766238941012,6.30420078672103,6.57439543122789,0.999743391243453
59.9,32.5,39.1,35,26,0.455,27.2545,83.6856775595076,3.07052697937983,498.561000968489,5.97043679336685,6.25012526961042,0.998620074005438
61.45,32.5,39.1,35,25,0.45,27.6525,86.3373013305177,3.12222407849264,494.289390284807,6.13360557361312,6.07521206210944,0.806392595825457
63,32.5,39.1,35,14,0.505,31.815,103.934743743678,3.26684720237868,457.541167601078,6.60998886341743,6.8572719521873,0.920433889914418
47.5,33,39.1,35,0,NaN,NaN,NaN,NaN,NaN,NaN,NaN,NaN
49.05,33,39.1,35,15,0.54,26.487,121.87262683966,4.60122425490466,500,4.43719318329767,8.08989921438213,0.891459692175601
50.6,33,39.1,35,19,0.545,27.577,115.632409548996,4.19307428469363,500,4.91830617016539,7.93995050216726,0.936276415643779
52.15,33,39.1,35,22,0.55,28.6825,110.88634067378,3.86599287627576,500,5.39730729557671,7.79256163826178,0.840739526270425
53.7,33,39.1,35,23,0.55,29.535,106.807078339923,3.61628841509811,500,5.81916567695176,7.60363131393247,0.965863864825094
55.25,33,39.1,35,25,0.555,30.66375,104.48686728183,3.40750453815433,500,6.30998695413226,7.46441239692296,0.974126711699386
56.8,33,39.1,35,27,0.525,29.82,96.1765634468647,3.2252368694455,500,6.34565996419668,6.96971048191573,0.999544904232111
58.35,33,39.1,35,27,0.495,28.88325,89.1290561589152,3.08583889136144,499.769356213501,6.28170565966904,6.55185764548648,0.999761385336288
59.9,33,39.1,35,26,0.455,27.2545,83.3790610606065,3.05927685558739,498.471955149448,5.95074750012027,6.2271142946312,0.999001466180056
61.45,33,39.1,35,25,0.45,27.6525,86.037569491015,3.11138484733803,492.754400742457,6.06294940359697,6.11693714210929,0.872456252693795
63,33,39.1,35,15,0.5,31.5,101.735372997373,3.22969438086899,459.491637500857,6.54168539295986,6.76782770135237,0.838218172590168
47.5,33.5,39.1,35,0,NaN,NaN,NaN,NaN,NaN,NaN,NaN,NaN
49.05,33.5,39.1,35,16,0.545,26.73225,121.027957770744,4.52741380806868,500,4.48975560875429,8.08726171621809,0.801097653804205
50.6,33.5,39.1,35,19,0.545,27.577,114.841085334981,4.16437920495271,500,4.91238252779485,7.89759244283916,0.94355618850446
52.15,33.5,39.1,35,22,0.55,28.6825,110.244186749289,3.84360452363946,500,5.38665272892339,7.75541943129795,0.849376822692658
53.7,33.5,39.1,35,23,0.55,29.535,106.280693350294,3.59846600136428,500,5.80418151027008,7.57171229009041,0.967152189762414
55.25,33.5,39.1,35,25,0.555,30.66375,104.073036339785,3.39400876734858,500,6.28880866340723,7.43625445575784,0.97360415130469
56.8,33.5,39.1,35,27,0.525,29.82,95.8643992407881,3.2147685862102,500,6.32249855493705,6.94624486537318,0.999563940968531
58.35,33.5,39.1,35,27,0.495,28.88325,88.8447116890776,3.07599427658167,499.786619221861,6.25849875372349,6.53095158909019,0.999778326773639
59.9,33.5,39.1,35,27,0.455,27.2545,83.0877720066839,3.04858911396958,498.383264556678,5.93131280362682,6.20474522446066,0.999227921118258
61.45,33.5,39.1,35,25,0.45,27.6525,85.7347082500106,3.10043244733787,491.122603663664,6.00196487000084,6.13898726549533,0.909792708828708
63,33.5,39.1,35,15,0.5,31.5,101.9010630779,3.23495438342539,457.422203487125,6.45816936146312,6.7640996585589,0.866417638133151
47.5,34,39.1,35,0,NaN,NaN,NaN,NaN,NaN,NaN,NaN,NaN
49.05,34,39.1,35,16,0.545,26.73225,120.113543026082,4.49320738157403,500,4.48734690117976,8.04146001791791,0.85158908628607
50.6,34,39.1,35,19,0.545,27.577,114.078285080099,4.13671846394091,500,4.90619147516538,7.85646927514412,0.948249072392277
52.15,34,39.1,35,22,0.55,28.6825,109.625247281689,3.82202553060887,500,5.37586620166012,7.71950143188687,0.851566640673409
53.7,34,39.1,35,23,0.55,29.535,105.772895552199,3.58127291525983,500,5.78919270328315,7.54063949743577,0.96665399178766
55.25,34,39.1,35,25,0.55,30.3875,102.724611730239,3.38048907380465,500,6.21516356740814,7.35504604409281,0.993729475373987
56.8,34,39.1,35,27,0.525,29.82,95.6208381464573,3.20660087680944,500,6.29763842276361,6.92540103543721,0.999581203741507
58.35,34,39.1,35,27,0.495,28.88325,88.6074689745433,3.06778042549032,499.783078823907,6.23438861977228,6.51197294560526,0.999794486863072
59.9,34,39.1,35,27,0.455,27.2545,82.8123150091298,3.03848226931809,498.304771583473,5.91208626799199,6.18308878351126,0.999375869604314
61.45,34,39.1,35,26,0.445,27.34525,84.4160755392032,3.08704713027686,493.407464584946,5.94634629399979,6.05511532736119,0.854506518970028
63,34,39.1,35,15,0.5,31.5,102.085304984777,3.24080333285007,455.817720011258,6.3833023804761,6.75862987943921,0.885725968550828
47.5,34.5,39.1,35,0,NaN,NaN,NaN,NaN,NaN,NaN,NaN,NaN
49.05,34.5,39.1,35,16,0.545,26.73225,119.231907069133,4.46022714396033,500,4.48463678617869,7.9969943552186,0.879672222963546
50.6,34.5,39.1,35,20,0.545,27.577,113.342658487158,4.11004309704312,500,4.89977623155111,7.81655601461833,0.95125151513565
52.15,34.5,39.1,35,23,0.55,28.6825,109.028502441279,3.80122034136769,500,5.36496077022703,7.68475844508012,0.848055319794315
53.7,34.5,39.1,35,23,0.55,29.535,105.282886580944,3.56468212564564,500,5.77421844318179,7.51033948810589,0.964423646866805
55.25,34.5,39.1,35,26,0.55,30.3875,102.30974081568,3.36683639047899,500,6.19544314397157,7.3277713921432,0.993089715352995
56.8,34.5,39.1,35,28,0.52,29.536,94.423428210126,3.19689288360394,500,6.21717588039663,6.85543179242226,0.999677862749273
58.35,34.5,39.1,35,27,0.49,28.5915,87.5296731882184,3.06138793656221,500,6.15216937374453,6.45349208327633,0.999839942873233
59.9,34.5,39.1,35,27,0.455,27.2545,82.5530148784444,3.02896823931624,498.242829095243,5.89306001123598,6.1621743444301,0.999480268961221
61.45,34.5,39.1,35,26,0.445,27.34525,84.1424157339525,3.07703954924356,491.847258746323,5.89302596916273,6.07020701041177,0.889215748212482
63,34.5,39.1,35,15,0.5,31.5,102.25875015267,3.24630952865618,454.662192025103,6.31642494684704,6.75225119050901,0.898526495306505
47.5,35,39.1,35,0,NaN,NaN,NaN,NaN,NaN,NaN,NaN,NaN
49.05,35,39.1,35,16,0.545,26.73225,118.381487225742,4.42841463871324,500,4.48168124155337,7.9538175741627,0.895572843314928
50.6,35,39.1,35,20,0.545,27.577,112.632958579216,4.08430788625362,500,4.89317262551997,7.77782698791232,0.953137907111306
52.15,35,39.1,35,23,0.55,28.6825,108.453011961302,3.78115617401907,500,5.35394259528974,7.65114124637568,0.839177418488563
53.7,35,39.1,35,24,0.55,29.535,104.809915655501,3.54866821247677,500,5.75927490730889,7.48075840069273,0.960309723757685
55.25,35,39.1,35,25,0.55,30.3875,101.929568499365,3.35432557793057,500,6.17488178082466,7.30213896300549,0.992130611005169
56.8,35,39.1,35,27,0.52,29.536,94.1283915748443,3.18690383175935,500,6.19479847877331,6.83354204578952,0.999693241945613
58.35,35,39.1,35,28,0.49,28.5915,87.2795729353388,3.05264057273451,500,6.13023729324506,6.43446361168525,0.999854473716315
59.9,35,39.1,35,27,0.455,27.2545,82.3099906852638,3.0200513928072,498.200886348025,5.8742490057353,6.14199682894695,0.999558847972496
61.45,35,39.1,35,26,0.445,27.34525,83.8665255188436,3.06695040340987,490.548463659122,5.84756880392084,6.07247418929637,0.909145493334887
63,35,39.1,35,16,0.495,31.185,100.114790192542,3.21035081585834,456.594382947098,6.2585259833019,6.66724563615139,0.81101931028936
47.5,35.5,39.1,35,0,NaN,NaN,NaN,NaN,NaN,NaN,NaN,NaN
49.05,35.5,39.1,35,16,0.545,26.73225,117.56081480888,4.39771492518886,500,4.47852970033659,7.91188874961252,0.904418504989476
50.6,35.5,39.1,35,20,0.545,27.577,111.948035071362,4.05947111982312,500,4.88640505753649,7.74025398328561,0.954303386595377
52.15,35.5,39.1,35,23,0.55,28.6825,107.89790679681,3.76180272977636,500,5.34281332861375,7.61860085383645,0.82505081927955
53.7,35.5,39.1,35,24,0.55,29.535,104.35327277127,3.53320713632199,500,5.7443769561412,7.45186587946036,0.953984875786653
55.25,35.5,39.1,35,25,0.55,30.3875,101.594053305723,3.34328435395222,500,6.15329451708301,7.27864672233629,0.990764599806715
56.8,35.5,39.1,35,27,0.52,29.536,93.8991502615758,3.17914241134804,500,6.17066562934443,6.81394516449859,0.999707863318204
58.35,35.5,39.1,35,28,0.49,28.5915,87.067494026393,3.04522302175097,500,6.10744744816716,6.41725320497773,0.999868538976042
59.9,35.5,39.1,35,28,0.455,27.2545,82.0831062162526,3.01172673196179,498.180233840723,5.85568034177429,6.12252217475363,0.999621417907469
61.45,35.5,39.1,35,27,0.445,27.34525,83.5904646133247,3.05685501552645,489.660622505592,5.808935775074,6.0660347980989,0.920602590644887
63,35.5,39.1,35,16,0.495,31.185,100.296276894832,3.21617049526479,455.733581182373,6.20107408603993,6.66068716242068,0.824892425939442
47.5,36,39.1,35,0,NaN,NaN,NaN,NaN,NaN,NaN,NaN,NaN
49.05,36,39.1,35,16,0.545,26.73225,116.768520048596,4.36807676303326,500,4.47521882089207,7.87117321227364,0.908922927381366
50.6,36,39.1,35,20,0.545,27.577,111.286826491828,4.03549430655359,500,4.87948562398814,7.70380572188213,0.955036725270739
52.15,36,39.1,35,23,0.55,28.6825,107.362381411719,3.7431319240554,500,5.33157282950542,7.5870884700627,0.805780449682697
53.7,36,39.1,35,24,0.55,29.535,103.91228250162,3.5182760284957,500,5.7295399034835,7.42365691656625,0.944973146169826
55.25,36,39.1,35,26,0.545,30.11125,100.328423231153,3.33192488625192,500,6.08147799689658,7.19957779772902,0.99691029926091
56.8,36,39.1,35,27,0.515,29.252,92.8325187407041,3.17354432998441,500,6.0898386189739,6.74944962987421,0.999785496828911
58.35,36,39.1,35,28,0.49,28.5915,86.8994204584211,3.03934457647976,500,6.08366969221925,6.40196923671733,0.999882063049475
59.9,36,39.1,35,28,0.455,27.2545,81.8718409310187,3.0039751575343,498.18049742898,5.83738565419287,6.10369211411721,0.999673764900395
61.45,36,39.1,35,27,0.445,27.34525,83.3163829739374,3.0468320082624,489.200218516765,5.77609481935067,6.05403790413369,0.926997462008846
63,36,39.1,35,16,0.495,31.185,100.456321045512,3.22130258282868,455.057044734742,6.14914702767328,6.65395340696587,0.834172593822531
47.5,36.5,39.1,35,0,NaN,NaN,NaN,NaN,NaN,NaN,NaN,NaN
49.05,36.5,39.1,35,16,0.545,26.73225,116.003331642896,4.33945259538184,500,4.47176960886437,7.8316397734431,0.910687369601924
50.6,36.5,39.1,35,20,0.545,27.577,110.64835184488,4.01234187347719,500,4.87241588026669,7.66844815284901,0.955554943874256
52.15,36.5,39.1,35,22,0.545,28.42175,106.222359598023,3.73736168948157,500,5.26806302431351,7.50452794137706,0.978955851872654
53.7,36.5,39.1,35,25,0.55,29.535,103.486298335572,3.50385299934221,500,5.71478101978923,7.39615034811751,0.932695482868938
55.25,36.5,39.1,35,26,0.545,30.11125,99.9769350260565,3.32025190007245,500,6.06162563958428,7.17612511776533,0.996416053787705
56.8,36.5,39.1,35,28,0.515,29.252,92.5472671646578,3.16379280612122,500,6.06853346796319,6.72898225782237,0.999800126058185
58.35,36.5,39.1,35,29,0.49,28.5915,86.779336012634,3.0351445713808,500,6.05878847684418,6.38860153095215,0.999894920651795
59.9,36.5,39.1,35,28,0.455,27.2545,81.6750332676838,2.99675405043878,498.19987357857,5.81939519574883,6.08542872526281,0.999719387444949
61.45,36.5,39.1,35,27,0.445,27.34525,83.0465994058399,3.03696617898318,489.060720958061,5.74807623845148,6.03873307918249,0.930254704994827
63,36.5,39.1,35,16,0.495,31.185,100.592919813702,3.22568285437558,454.428441369731,6.10176935022294,6.64730169023689,0.840256174444705
47.5,37,39.1,35,0,NaN,NaN,NaN,NaN,NaN,NaN,NaN,NaN
49.05,37,39.1,35,16,0.545,26.73225,115.264072684012,4.31179839646914,500,4.46818782560389,7.79325761639393,0.910814939854582
50.6,37,39.1,35,20,0.545,27.577,110.031702373453,3.9899808671521,500,4.86519009659679,7.63414510310527,0.956016625383813
52.15,37,39.1,35,23,0.545,28.42175,105.718420658433,3.71963093963014,500,5.257001061348,7.47456432231467,0.976702807227167
53.7,37,39.1,35,25,0.55,29.535,103.074697487562,3.48991696250421,500,5.70012058146347,7.3693831802635,0.9165509467307
55.25,37,39.1,35,26,0.545,30.11125,99.6647422513649,3.30988392216746,500,6.0408286651088,7.15470175071298,0.995769753886286
56.8,37,39.1,35,28,0.515,29.252,92.3164596892955,3.15590249177135,500,6.04556020823771,6.71043629475825,0.999814180952044
58.35,37,39.1,35,29,0.485,28.29975,85.7999676113667,3.0318277585974,500,5.9785824392552,6.33265352357666,0.9999264882806
59.9,37,39.1,35,28,0.455,27.2545,81.4904837808564,2.98998271040953,498.235261063274,5.80173242498528,6.06763922116781,0.999760319800479
61.45,37,39.1,35,27,0.445,27.34525,82.7834997368057,3.02734477603261,489.093002846624,5.72401269617606,6.02164544851698,0.931568909289125
63,37,39.1,35,16,0.495,31.185,100.710251784827,3.22944530334542,453.781628040192,6.05795368596333,6.64085722975912,0.844283188818212
47.5,37.5,39.1,35,0,NaN,NaN,NaN,NaN,NaN,NaN,NaN,NaN
49.05,37.5,39.1,35,16,0.545,26.73225,114.549654338299,4.28507343520652,500,4.4644666513745,7.75599411723377,0.910186636126909
50.6,37.5,39.1,35,20,0.545,27.577,109.436033793776,3.96838067207368,500,4.85779888310062,7.60085896462865,0.95652539511128
52.15,37.5,39.1,35,23,0.545,28.42175,105.23211442467,3.7025205845759,500,5.24583111087204,7.44550480918211,0.973951930008103
53.7,37.5,39.1,35,25,0.55,29.535,102.676876149939,3.47644747418111,500,5.68558238055931,7.34340089236601,0.896039913405025
55.25,37.5,39.1,35,27,0.54,29.835,98.4682772839482,3.30042826492201,500,5.96883344199405,7.07935806260203,0.998414242781605
56.8,37.5,39.1,35,28,0.515,29.252,92.1545622629953,3.15036791545861,500,6.0203878813925,6.69433730620483,0.999827521150508
58.35,37.5,39.1,35,29,0.485,28.29975,85.6118146017715,3.02517918362429,500,5.95650269173128,6.31781615689516,0.999936550933237
59.9,37.5,39.1,35,28,0.455,27.2545,81.3144883079379,2.98352522731798,498.282517149845,5.78440837888844,6.05022171328785,0.999797567548391
61.45,37.5,39.1,35,27,0.445,27.34525,82.5292447085886,3.01804681648873,489.180568359713,5.7031604757206,6.00375023664915,0.931794357864743
63,37.5,39.1,35,16,0.495,31.185,100.814380754508,3.23278437564559,453.104137412915,6.01676906475559,6.63465840336075,0.847171598113398
47.5,38,39.1,35,0,NaN,NaN,NaN,NaN,NaN,NaN,NaN,NaN
49.05,38,39.1,35,16,0.545,26.73225,113.859068326263,4.25923999387492,500,4.46059033181447,7.7198138330284,0.909551049103149
50.6,38,39.1,35,20,0.545,27.577,108.860559231396,3.94751275451994,500,4.85023247040451,7.56855124995934,0.95713201853709
52.15,38,39.1,35,23,0.545,28.42175,104.762807229347,3.68600832916156,500,5.23456115302388,7.41730838284893,0.97074396252495
53.7,38,39.1,35,26,0.55,29.535,102.292245229337,3.4634245887705,500,5.67119365147927,7.31824513769123,0.870914337391521
55.25,38,39.1,35,27,0.54,29.835,98.1492123551361,3.28973394855492,500,5.94981274643026,7.05780738545798,0.998218467934274
56.8,38,39.1,35,29,0.51,28.968,91.080089743162,3.14416217008982,500,5.94460600921881,6.63183923266228,0.999887665443136
58.35,38,39.1,35,29,0.485,28.29975,85.4629782471108,3.01991990201718,500,5.9336517018214,6.30453995211691,0.999945473549282
59.9,38,39.1,35,29,0.455,27.2545,81.1415208382953,2.97717884526575,498.337090100093,5.76741551063396,6.03307316365279,0.999831405976176
61.45,38,39.1,35,27,0.44,27.038,81.3522609537339,3.00881207758466,491.299996933873,5.6464174117337,5.94403589575742,0.87353367943196
63,38,39.1,35,16,0.495,31.185,100.910937294504,3.23588062512439,452.408575216849,5.97740491327351,6.62868997115473,0.849632563388027
47.5,38.5,39.1,35,0,NaN,NaN,NaN,NaN,NaN,NaN,NaN,NaN
49.05,38.5,39.1,35,16,0.545,26.73225,113.191378969322,4.23426307061029,500,4.45653785978309,7.6846783923711,0.909506635381698
50.6,38.5,39.1,35,20,0.545,27.577,108.304542981332,3.9273504362814,500,4.84248338607504,7.53718295085603,0.9578400764378
52.15,38.5,39.1,35,23,0.545,28.42175,104.309901457575,3.67007314671247,500,5.22320458080574,7.3899338255371,0.967144493121269
53.7,38.5,39.1,35,26,0.55,29.535,101.920226731074,3.45082873645079,500,5.65698437669212,7.29394138012355,0.841315299291559
55.25,38.5,39.1,35,27,0.54,29.835,97.8585516265084,3.27999167509664,500,5.92995736264036,7.03815958029845,0.997983459348213
56.8,38.5,39.1,35,28,0.51,28.968,90.8448720219308,3.1360422542782,500,5.92327852769975,6.61410394842038,0.999898853931698
58.35,38.5,39.1,35,29,0.485,28.29975,85.3594855652759,3.01626288448753,500,5.90997688069498,6.29274707629003,0.99995324750704
59.9,38.5,39.1,35,29,0.455,27.2545,80.9644877904974,2.97068329231861,498.395211885457,5.75072111417042,6.01610127002373,0.99986166045078
61.45,38.5,39.1,35,27,0.44,27.038,81.108672744072,2.99980297152422,491.392176742417,5.62759554470569,5.92634960613838,0.877796013376337
63,38.5,39.1,35,16,0.495,31.185,101.004240669278,3.23887255633406,451.71243115763,5.93921826106803,6.62290680481197,0.852176783355176
47.5,39,39.1,35,0,NaN,NaN,NaN,NaN,NaN,NaN,NaN,NaN
49.05,39,39.1,35,16,0.545,26.73225,112.545715342119,4.21011008583712,500,4.45228624282231,7.65054690814174,0.910439595221573
50.6,39,39.1,35,20,0.545,27.577,107.767295137845,3.90786869992549,500,4.83454856178521,7.5067146970133,0.958616168002287
52.15,39,39.1,35,23,0.545,28.42175,103.872832585124,3.65469517482646,500,5.21178121759113,7.36333962569157,0.963239243150609
53.7,39,39.1,35,26,0.55,29.535,101.560251157174,3.43864063508293,500,5.6429859288492,7.27048946343428,0.807844943813405
55.25,39,39.1,35,26,0.535,29.55875,96.6964212850187,3.27132985275151,500,5.85808068300097,6.96672227329213,0.999240993567015
56.8,39,39.1,35,28,0.51,28.968,90.6623253609657,3.12974058826863,500,5.90012796454363,6.59845284639736,0.999908937471628
58.35,39,39.1,35,30,0.485,28.29975,85.3043588410052,3.01431492649247,499.883992911461,5.88539374645049,6.28232073666087,0.999959918640262
59.9,39,39.1,35,29,0.455,27.2545,80.7761041332584,2.96377127201961,498.455578438652,5.73426095093815,5.99924228304043,0.999887996129964
61.45,39,39.1,35,28,0.435,26.73075,79.9547733489908,2.99111597500971,493.613711627945,5.57415843579095,5.87103166287942,0.805875845616505
63,39,39.1,35,16,0.495,31.185,101.097184426409,3.24185295579315,451.029054057894,5.90175430269806,6.61725020275705,0.855125420518385
47.5,39.5,39.1,35,0,NaN,NaN,NaN,NaN,NaN,NaN,NaN,NaN
49.05,39.5,39.1,35,16,0.545,26.73225,111.921263889333,4.18675060607815,500,4.44781328644387,7.61737659640303,0.912476057388269
50.6,39.5,39.1,35,20,0.545,27.577,107.248167085481,3.88904402529213,500,4.82643100964666,7.47710674398093,0.959402560259357
52.15,39.5,39.1,35,24,0.545,28.42175,103.451066709046,3.63985562849038,500,5.20031791023003,7.33748403398269,0.959123041638146
53.7,39.5,39.1,35,25,0.545,29.2665,100.437346991571,3.43181955449307,500,5.57319292743272,7.19551046366906,0.974388946746792
55.25,39.5,39.1,35,27,0.535,29.55875,96.4105888089364,3.26165987428211,500,5.84006976919984,6.94680825522993,0.99919646412877
56.8,39.5,39.1,35,28,0.51,28.968,90.545957917264,3.12572348513063,499.599059226886,5.87488578548786,6.58518659374401,0.999917922210834
58.35,39.5,39.1,35,30,0.48,28.008,84.382210054123,3.01278956205809,500,5.80684994931545,6.22705071945534,0.999974404442231
59.9,39.5,39.1,35,29,0.46,27.554,81.414210040693,2.95471474343809,496.715045521592,5.77077290665349,6.01946112957168,0.999934485575342
61.45,39.5,39.1,35,28,0.435,26.73075,79.7207499954769,2.9823611382201,493.697180781715,5.55668328494196,5.85372073526046,0.828425241834425
63,39.5,39.1,35,16,0.495,31.185,101.191429143903,3.24487507275623,450.365715118921,5.86473764966444,6.61165856291423,0.858633587841078
47.5,40,39.1,35,0,NaN,NaN,NaN,NaN,NaN,NaN,NaN,NaN
49.05,40,39.1,35,16,0.545,26.73225,111.317261728053,4.16415609340975,500,4.44309999933347,7.58512339471197,0.91548874860359
50.6,40,39.1,35,20,0.545,27.577,106.746547807167,3.87085425561761,500,4.81814117953172,7.4483188338363,0.960129229826223
52.15,40,39.1,35,24,0.545,28.42175,103.044098469139,3.62553672694817,500,5.18884866648339,7.31232530591078,0.954885873922437
53.7,40,39.1,35,26,0.545,29.2665,100.101074655864,3.4203295459267,500,5.55947641829255,7.17332429945146,0.969167904264275
55.25,40,39.1,35,27,0.535,29.55875,96.1425649374738,3.25259237746771,500,5.82138248786344,6.92863847776997,0.99914677713417
56.8,40,39.1,35,29,0.505,28.684,89.4839537463061,3.11964697205083,500,5.80422788845817,6.52402253411794,0.999952364350945
58.35,40,39.1,35,30,0.48,28.008,84.2259124958363,3.00720910082249,500,5.78596773940928,6.21439319156336,0.999978276657872
59.9,40,39.1,35,29,0.46,27.554,81.160045771903,2.9454905194129,496.831742466667,5.75306614916653,6.00272574272059,0.999947589944097
61.45,40,39.1,35,28,0.435,26.73075,79.4999398083764,2.97410060729222,493.766645632949,5.54096112007706,5.83665354578694,0.850939307546046
63,40,39.1,35,17,0.49,30.87,99.249186648106,3.21506921438633,452.493907995609,5.82194262357272,6.52721429623602,0.806948851386659
47.5,40.5,39.1,35,0,NaN,NaN,NaN,NaN,NaN,NaN,NaN,NaN
49.05,40.5,39.1,35,16,0.545,26.73225,110.732990754067,4.14229968498973,500,4.4381327481781,7.55374246868849,0.919163933188828
50.6,40.5,39.1,35,20,0.545,27.577,106.261860942866,3.85327849087521,500,4.80969802565947,7.42030997715131,0.960723034499175
52.15,40.5,39.1,35,24,0.545,28.42175,102.651449260987,3.61172163082806,500,5.1774142532982,7.28782214947162,0.950600181886594
53.7,40.5,39.1,35,26,0.545,29.2665,99.7754516255443,3.40920341091501,500,5.54604598976916,7.15191796575421,0.963267750440704
55.25,40.5,39.1,35,27,0.535,29.55875,95.9036187579421,3.24450860601149,500,5.80180916805564,6.91246225906337,0.999091815595681
56.8,40.5,39.1,35,29,0.505,28.684,89.283651686328,3.11266391320346,500,5.7836171690749,6.50846438656507,0.999957812050431
58.35,40.5,39.1,35,30,0.48,28.008,84.110293455183,3.00308102881973,500,5.76463633044868,6.20289210238677,0.999981440689693
59.9,40.5,39.1,35,30,0.46,27.554,80.9488590371649,2.93782605201295,496.959670008382,5.73452834338496,5.987254562283,0.99995789165409
61.45,40.5,39.1,35,29,0.43,26.4235,78.35964102111,2.96552845085284,496.089585582061,5.48347038275397,5.78675391849366,0.813348430826896
63,40.5,39.1,35,17,0.49,30.87,99.3508517174795,3.21836254348816,451.846093278405,5.78674850768825,6.52144079542691,0.817197630512059
47.5,41,39.1,35,0,NaN,NaN,NaN,NaN,NaN,NaN,NaN,NaN
49.05,41,39.1,35,16,0.545,26.73225,110.167772596287,4.12115600431267,500,4.43290523663912,7.5231885620684,0.923101831092133
50.6,41,39.1,35,20,0.545,27.577,105.793562519839,3.83629700546975,500,4.80112971987711,7.39303820540995,0.961113185622848
52.15,41,39.1,35,24,0.545,28.42175,102.272665645779,3.59839438619294,500,5.16606114754298,7.26393437987504,0.946312509092732
53.7,41,39.1,35,26,0.545,29.2665,99.4599637395265,3.3984235812115,500,5.53294138772696,7.13124728822156,0.956746108829043
55.25,41,39.1,35,28,0.53,29.2825,94.7891460674808,3.23705783548129,500,5.73292368337,6.84263512262555,0.999691615905792
56.8,41,39.1,35,29,0.505,28.684,89.1301342365326,3.10731188943427,500,5.76152126806687,6.49496820602137,0.999962443345747
58.35,41,39.1,35,31,0.48,28.008,84.0409647143522,3.00060570959555,500,5.74268710138675,6.1925036814345,0.999984020765855
59.9,41,39.1,35,30,0.455,27.2545,79.9159626035199,2.93221165691977,498.819637714434,5.66818650435323,5.93416154757333,0.999953266860859
61.45,41,39.1,35,29,0.43,26.4235,78.1592771134336,2.9579456587293,496.159796048095,5.468383057819,5.77022387448232,0.85240076798848
63,41,39.1,35,17,0.49,30.87,99.454069811711,3.22170618113738,451.220655648755,5.75180751620957,6.51564334748238,0.827632026656486
47.5,41.5,39.1,35,0,NaN,NaN,NaN,NaN,NaN,NaN,NaN,NaN
49.05,41.5,39.1,35,16,0.545,26.73225,109.620964412157,4.10070100392438,500,4.42742030820802,7.49341618534016,0.926911595828578
50.6,41.5,39.1,35,20,0.545,27.577,105.341139270031,3.81989118722238,500,4.79247387628782,7.36646034168418,0.961233336987693
52.15,41.5,39.1,35,24,0.545,28.42175,101.907317867714,3.58553987237641,500,5.15483974513661,7.24062376023859,0.942040464909377
53.7,41.5,39.1,35,26,0.545,29.2665,99.1541124026074,3.38797302043659,500,5.52019634714337,7.11124303399897,0.949682805503021
55.25,41.5,39.1,35,28,0.53,29.2825,94.5400515587337,3.22855123567775,500,5.71571123672357,6.82560487382224,0.999690225407329
56.8,41.5,39.1,35,30,0.505,28.684,89.0357033807871,3.1040197803928,499.507796035632,5.7379215142731,6.4835879913475,0.999966362883237
58.35,41.5,39.1,35,31,0.48,28.008,84.0202264547595,2.99986526902169,499.314911154343,5.71985007308338,6.18315425519444,0.999986123984578
59.9,41.5,39.1,35,30,0.455,27.2545,79.7320940190944,2.92546530000897,498.958291156521,5.65068277971195,5.91972742259592,0.999961368373659
61.45,41.5,39.1,35,30,0.45,27.6525,81.550715186117,2.94912630634181,487.601215329454,5.64002189307828,5.8992738742316,0.970864991503133
63,41.5,39.1,35,19,0.435,27.405,81.8011211711573,2.98489768915005,482.030858733074,5.60177286831188,5.81796170669243,0.804785595450146
47.5,42,39.1,35,0,NaN,NaN,NaN,NaN,NaN,NaN,NaN,NaN
49.05,42,39.1,35,16,0.545,26.73225,109.091955482968,4.08091183805958,500,4.42169149842111,7.46437965901161,0.930273030383863
50.6,42,39.1,35,21,0.545,27.577,104.904107449094,3.80404349454596,500,4.78377710954056,7.34053183439145,0.961021154434628
52.15,42,39.1,35,24,0.545,28.42175,101.554998396109,3.57314375068774,500,5.14380179248394,7.21785496261005,0.937774078812124
53.7,42,39.1,35,26,0.545,29.2665,98.8574208730272,3.37783543891573,500,5.50783450326187,7.09181954677529,0.942169901635294
55.25,42,39.1,35,28,0.53,29.2825,94.3098896016818,3.22069118421179,500,5.69786572536983,6.81037712488939,0.999686821294307
56.8,42,39.1,35,29,0.5,28.4,88.0487865473889,3.10030938547144,500,5.67039950493774,6.42342257896087,0.999980738306872
58.35,42,39.1,35,31,0.475,27.71625,83.1532340197989,3.00016178306224,500,5.6434747153241,6.12919528189146,0.999990854800589
59.9,42,39.1,35,30,0.455,27.2545,79.5903698759118,2.92026527274072,499.081024221662,5.63236107933203,5.90682865604247,0.999967281728833
61.45,42,39.1,35,30,0.45,27.6525,81.328014462765,2.94107275880174,487.741318420115,5.62465350046498,5.88487999995577,0.973975487442364
63,42,39.1,35,21,0.44,27.72,82.4403859196726,2.97403989609208,479.030443669411,5.60641679743647,5.86295664520567,0.818530684924393
47.5,42.5,39.1,35,0,NaN,NaN,NaN,NaN,NaN,NaN,NaN,NaN
49.05,42.5,39.1,35,17,0.55,26.9775,108.930769508514,4.03783780960113,500,4.46208109067938,7.48669984392062,0.809624542910756
50.6,42.5,39.1,35,21,0.545,27.577,104.482012073305,3.78873742877415,500,4.77509374568991,7.31520669287351,0.960416310824589
52.15,42.5,39.1,35,25,0.545,28.42175,101.215320415844,3.56119241129924,500,5.13299710271585,7.19559650107799,0.933479688931083
53.7,42.5,39.1,35,27,0.545,29.2665,98.569445437292,3.36799567550927,500,5.49586498055576,7.07288627344773,0.934300849886399
55.25,42.5,39.1,35,28,0.53,29.2825,94.1095096194524,3.2138481898558,500,5.67917552046579,6.7969560229991,0.999681100792119
56.8,42.5,39.1,35,29,0.5,28.4,87.8704450550466,3.09402975545939,500,5.65164306815767,6.40928284073996,0.999982667486813
58.35,42.5,39.1,35,31,0.475,27.71625,83.017945803737,2.99528059545346,500,5.62519780206437,6.11737898956655,0.99999191568705
59.9,42.5,39.1,35,31,0.455,27.2545,79.4975603538148,2.91685998106055,499.132140845775,5.61302738713122,5.89579977946244,0.999971492899765
61.45,42.5,39.1,35,30,0.445,27.34525,80.1710037929372,2.9318073081408,489.79666952018,5.56993016744015,5.8272715356809,0.965827719195498
63,42.5,39.1,35,23,0.44,27.72,82.2005037492845,2.96538613814158,479.168022678375,5.58520298448979,5.85183514842661,0.842931835701814
47.5,43,39.1,35,0,NaN,NaN,NaN,NaN,NaN,NaN,NaN,NaN
49.05,43,39.1,35,17,0.55,26.9775,108.442649118729,4.01974419863698,500,4.45533311975364,7.45906822995625,0.82460723472006
50.6,43,39.1,35,21,0.545,27.577,104.074426493644,3.77395751871648,500,4.76648354750988,7.29043755136543,0.959357703352553
52.15,43,39.1,35,25,0.545,28.42175,100.88791619655,3.54967291586727,500,5.12246974606756,7.17382136819217,0.929104560297501
53.7,43,39.1,35,27,0.545,29.2665,98.2897938912623,3.35844032908829,500,5.48427791120325,7.05435924415958,0.926160640635549
55.25,43,39.1,35,29,0.53,29.2825,93.9527241722709,3.20849395277968,500,5.65940099364672,6.78514501219707,0.99967274592797
56.8,43,39.1,35,29,0.5,28.4,87.7310872599122,3.08912279084198,500,5.63199584753527,6.39701573309422,0.999984254997726
58.35,43,39.1,35,32,0.475,27.71625,82.9205792994055,2.99176762005702,500,5.60638177050013,6.10654041771222,0.999992759887038
59.9,43,39.1,35,31,0.455,27.2545,79.4549134314597,2.91529521478874,499.042022223416,5.59252001040757,5.88675777185643,0.999974384680299
61.45,43,39.1,35,31,0.445,27.34525,79.9400993166011,2.92336326479374,489.954242780888,5.55555586096807,5.81337871992827,0.971075945493198
63,43,39.1,35,25,0.44,27.72,81.9715495642609,2.95712660765732,479.38825222465,5.56473645681644,5.83950353547947,0.865052908335417
47.5,43.5,39.1,35,0,NaN,NaN,NaN,NaN,NaN,NaN,NaN,NaN
49.05,43.5,39.1,35,17,0.55,26.9775,107.97061462357,4.00224685844017,500,4.44847821510607,7.43197855746632,0.836736089070259
50.6,43.5,39.1,35,21,0.545,27.577,103.680952229516,3.75968931462872,500,4.75800840975983,7.26617586572069,0.957780491571638
52.15,43.5,39.1,35,25,0.545,28.42175,100.572435278009,3.53857293368665,500,5.11225403630214,7.15250698750858,0.924581021579131
53.7,43.5,39.1,35,27,0.545,29.2665,98.0181546715951,3.34915875391984,500,5.47304013176607,7.03616977204085,0.917818302308849
55.25,43.5,39.1,35,29,0.525,29.00625,92.8666805496012,3.2016093272864,500,5.59769572246068,6.71357070518973,0.999893667946186
56.8,43.5,39.1,35,30,0.5,28.4,87.6408467147174,3.08594530685625,499.718298469216,5.61152745312894,6.38649121270997,0.999985550004356
58.35,43.5,39.1,35,32,0.475,27.71625,82.8667361820955,2.98982496485259,499.904394860127,5.58663904081022,6.09666710716017,0.999993424778207
59.9,43.5,39.1,35,31,0.455,27.2545,79.4602279795984,2.91549021187688,498.754165054521,5.57071265061529,5.87956279721202,0.99997623949247
61.45,43.5,39.1,35,31,0.44,27.038,78.8377686262087,2.91581361884047,492.10798093583,5.50185093884998,5.75910784173853,0.968581810136253
63,43.5,39.1,35,28,0.44,27.72,81.7669497317295,2.9497456613178,479.586787336802,5.54424457932916,5.82703619366941,0.884768585425224
47.5,44,39.1,35,0,NaN,NaN,NaN,NaN,NaN,NaN,NaN,NaN
49.05,44,39.1,35,18,0.55,26.9775,107.514190414595,3.98532815919172,500,4.44158908231649,7.40537301731295,0.8459675178645
50.6,44,39.1,35,21,0.545,27.577,103.301218987162,3.74591938888068,500,4.74972812058297,7.24237221144803,0.955613393618864
52.15,44,39.1,35,25,0.545,28.42175,100.268542416919,3.52788066944923,500,5.10237074301514,7.13163406345204,0.91982959337676
53.7,44,39.1,35,27,0.545,29.2665,97.7543410151053,3.34014456853759,500,5.46209125778101,7.01826862795966,0.909322398756511
55.25,44,39.1,35,28,0.525,29.00625,92.6659040599748,3.19468749183279,500,5.58149802565953,6.7004360038913,0.999893007737022
56.8,44,39.1,35,30,0.5,28.4,87.6060531362367,3.0847201808534,499.082941131306,5.5903594313331,6.37735542193264,0.99998659109751
58.35,44,39.1,35,31,0.475,27.71625,82.8592317541754,2.98955420571597,499.280858499385,5.56557554653627,6.08769556853297,0.99999393714421
59.9,44,39.1,35,32,0.45,26.955,78.5883187600545,2.91553770209811,500,5.50127070002463,5.83164546087549,0.999952549747477
61.45,44,39.1,35,31,0.44,27.038,78.6021244125782,2.90709832134693,492.278178742146,5.48807895752435,5.7456802281399,0.973942212337243
63,44,39.1,35,31,0.435,27.405,80.6282860632432,2.94210129769178,481.82627949622,5.4965460117801,5.76953195537693,0.915415504457684
47.5,44.5,39.1,35,0,NaN,NaN,NaN,NaN,NaN,NaN,NaN,NaN
49.05,44.5,39.1,35,18,0.55,26.9775,107.072928607193,3.96897149873758,500,4.43474173926724,7.37919203827672,0.852433681127481
50.6,44.5,39.1,35,21,0.545,27.577,102.934884789145,3.73263534065146,500,4.74169545717793,7.21897660153264,0.952776584207928
52.15,44.5,39.1,35,26,0.545,28.42175,99.9759152491682,3.51758478099231,500,5.09282401111523,7.11118405383554,0.914761106196702
53.7,44.5,39.1,35,28,0.545,29.2665,97.4983554303838,3.33139785865696,500,5.45134025998554,7.00062528496721,0.900699480319315
55.25,44.5,39.1,35,28,0.525,29.00625,92.4953856400344,3.18880881327419,500,5.56460945559013,6.68872724497114,0.999891068100944
56.8,44.5,39.1,35,30,0.495,28.116,86.6160058742642,3.08066602198977,500,5.52797045940837,6.31401720959604,0.999991504297039
58.35,44.5,39.1,35,32,0.475,27.71625,82.8973887386801,2.99093090655049,498.668128439605,5.5429048959313,6.07951755573911,0.999994315091633
59.9,44.5,39.1,35,32,0.45,26.955,78.5250146087436,2.9131891897141,500,5.48233563192899,5.82359504231417,0.999953253401109
61.45,44.5,39.1,35,32,0.44,27.038,78.4157242078479,2.9002043127394,492.429929050568,5.47254705207364,5.73447195816487,0.978223813970355
63,44.5,39.1,35,32,0.435,27.405,80.4176565246095,2.9344154907721,482.021938361921,5.47813554514318,5.75682757775774,0.929297488159601
47.5,45,39.1,35,0,NaN,NaN,NaN,NaN,NaN,NaN,NaN,NaN
49.05,45,39.1,35,18,0.55,26.9775,106.646409044397,3.95316130272995,500,4.42801029893565,7.35337432310888,0.856344429336231
50.6,45,39.1,35,22,0.545,27.577,102.581636140831,3.71982580196653,500,4.73395105759721,7.19593868426095,0.94918050881885
52.15,45,39.1,35,26,0.545,28.42175,99.694241632755,3.50767428581122,500,5.08359943996908,7.09113532642003,0.909278119705958
53.7,45,39.1,35,28,0.545,29.2665,97.2504800254621,3.32292826355943,500,5.44066260436445,6.98322301140672,0.891954975758091
55.25,45,39.1,35,28,0.525,29.00625,92.3676093490578,3.18440368365638,499.604820389354,5.54680276382889,6.67816036931854,0.999887810284941
56.8,45,39.1,35,30,0.495,28.116,86.4849539297152,3.07600490573749,500,5.51155681799689,6.30209445886928,0.999991941275438
58.35,45,39.1,35,32,0.47,27.4245,81.9585409814113,2.98851541437077,500,5.47714456295264,6.0252630458483,0.99999545701152
59.9,45,39.1,35,32,0.45,26.955,78.4970357185889,2.91215120454791,500,5.4624759611781,5.81671488734974,0.999952955807521
61.45,45,39.1,35,32,0.435,26.73075,77.328941913095,2.89288336141317,494.706719019117,5.4198353481954,5.68177047204582,0.978501399729355
63,45,39.1,35,32,0.43,27.09,79.3145643155353,2.92781706591123,484.356551883143,5.42730255428415,5.70214224266848,0.946463683882772
47.5,20,39.4,35,0,NaN,NaN,NaN,NaN,NaN,NaN,NaN,NaN
49.05,20,39.4,35,0,NaN,NaN,NaN,NaN,NaN,NaN,NaN,NaN
50.6,20,39.4,35,0,NaN,NaN,NaN,NaN,NaN,NaN,NaN,NaN
52.15,20,39.4,35,0,NaN,NaN,NaN,NaN,NaN,NaN,NaN,NaN
53.7,20,39.4,35,0,NaN,NaN,NaN,NaN,NaN,NaN,NaN,NaN
55.25,20,39.4,35,0,NaN,NaN,NaN,NaN,NaN,NaN,NaN,NaN
56.8,20,39.4,35,1,0.525,29.82,117.190630709536,3.92993396074904,500,6.8017453718879,8.24132243114343,0.822591659583058
58.35,20,39.4,35,5,0.525,30.63375,110.500147255382,3.60713746294144,500,7.34677913500122,7.89320008863405,0.938908967710031
59.9,20,39.4,35,6,0.525,31.4475,112.663137331406,3.58257849849452,491.51760697964,7.64140271020186,7.75545659280623,0.864245543757971
61.45,20,39.4,35,6,0.545,33.49025,122.102323224063,3.64590659144268,482.215038964329,8.47317243984333,7.58349189919926,0.882376130094832
63,20,39.4,35,4,0.555,34.965,130.404477021344,3.7295717723822,470.863383101743,9.19222948149855,7.80034499546407,0.801588278291889
47.5,20.5,39.4,35,0,NaN,NaN,NaN,NaN,NaN,NaN,NaN,NaN
49.05,20.5,39.4,35,0,NaN,NaN,NaN,NaN,NaN,NaN,NaN,NaN
50.6,20.5,39.4,35,0,NaN,NaN,NaN,NaN,NaN,NaN,NaN,NaN
52.15,20.5,39.4,35,0,NaN,NaN,NaN,NaN,NaN,NaN,NaN,NaN
53.7,20.5,39.4,35,0,NaN,NaN,NaN,NaN,NaN,NaN,NaN,NaN
55.25,20.5,39.4,35,0,NaN,NaN,NaN,NaN,NaN,NaN,NaN,NaN
56.8,20.5,39.4,35,4,0.53,30.104,116.613445931841,3.87368608596336,500,6.85386179758294,8.21023960535403,0.864104780012385
58.35,20.5,39.4,35,7,0.525,30.63375,109.525265505466,3.57531368198363,500,7.31302859900591,7.82211942808631,0.970904991669604
59.9,20.5,39.4,35,7,0.52,31.148,110.517122550458,3.54812901471871,492.53334662904,7.54881607092318,7.64825239130164,0.899796521332644
61.45,20.5,39.4,35,8,0.54,33.183,120.050048123215,3.6178178019834,482.8204151545,8.38324033410549,7.38810523579003,0.917786238554568
63,20.5,39.4,35,5,0.55,34.65,128.02486101918,3.69480118381471,471.891711286392,9.15827530745527,7.59645271820643,0.844343727457218
47.5,21,39.4,35,0,NaN,NaN,NaN,NaN,NaN,NaN,NaN,NaN
49.05,21,39.4,35,0,NaN,NaN,NaN,NaN,NaN,NaN,NaN,NaN
50.6,21,39.4,35,0,NaN,NaN,NaN,NaN,NaN,NaN,NaN,NaN
52.15,21,39.4,35,0,NaN,NaN,NaN,NaN,NaN,NaN,NaN,NaN
53.7,21,39.4,35,0,NaN,NaN,NaN,NaN,NaN,NaN,NaN,NaN
55.25,21,39.4,35,0,NaN,NaN,NaN,NaN,NaN,NaN,NaN,NaN
56.8,21,39.4,35,6,0.535,30.388,116.266273030181,3.8260587412854,500,6.90097552939148,8.18428100576077,0.805593758181836
58.35,21,39.4,35,8,0.525,30.63375,108.607941536587,3.54536880194514,500,7.28066209055998,7.75585325012671,0.984850260382486
59.9,21,39.4,35,9,0.515,30.8485,108.432317643184,3.51499481800359,493.572701298281,7.45350132780196,7.53892848783721,0.911200519025754
61.45,21,39.4,35,9,0.54,33.183,119.130753373939,3.59011401542774,481.829896387368,8.25253942484603,7.50498693603244,0.957632452608307
63,21,39.4,35,6,0.545,34.335,125.8725572623,3.66601302642492,472.813634454627,9.11679000699892,7.37081849335914,0.852480297821024
47.5,21.5,39.4,35,0,NaN,NaN,NaN,NaN,NaN,NaN,NaN,NaN
49.05,21.5,39.4,35,0,NaN,NaN,NaN,NaN,NaN,NaN,NaN,NaN
50.6,21.5,39.4,35,0,NaN,NaN,NaN,NaN,NaN,NaN,NaN,NaN
52.15,21.5,39.4,35,0,NaN,NaN,NaN,NaN,NaN,NaN,NaN,NaN
53.7,21.5,39.4,35,0,NaN,NaN,NaN,NaN,NaN,NaN,NaN,NaN
55.25,21.5,39.4,35,0,NaN,NaN,NaN,NaN,NaN,NaN,NaN,NaN
56.8,21.5,39.4,35,7,0.535,30.388,115.157986079361,3.78958753716471,500,6.87694397940998,8.12034568000549,0.871326161859494
58.35,21.5,39.4,35,9,0.525,30.63375,107.746314230437,3.51724206897417,500,7.24942606549677,7.69439926628225,0.991390505801069
59.9,21.5,39.4,35,10,0.51,30.549,106.404740421681,3.48308423914631,494.640261461297,7.35451025164389,7.43115609606992,0.904181580655822
61.45,21.5,39.4,35,10,0.535,32.87575,117.159292832424,3.56369946943946,482.507069716092,8.15684156835814,7.3265851621865,0.965539572510361
63,21.5,39.4,35,7,0.545,34.335,125.011653314701,3.64093937133249,471.995594381643,9.03157415860893,7.49128934955451,0.919842473362598
47.5,22,39.4,35,0,NaN,NaN,NaN,NaN,NaN,NaN,NaN,NaN
49.05,22,39.4,35,0,NaN,NaN,NaN,NaN,NaN,NaN,NaN,NaN
50.6,22,39.4,35,0,NaN,NaN,NaN,NaN,NaN,NaN,NaN,NaN
52.15,22,39.4,35,0,NaN,NaN,NaN,NaN,NaN,NaN,NaN,NaN
53.7,22,39.4,35,0,NaN,NaN,NaN,NaN,NaN,NaN,NaN,NaN
55.25,22,39.4,35,3,0.525,29.00625,119.687849647295,4.12627794517715,500,6.18874963207703,8.30798091644036,0.828377178960976
56.8,22,39.4,35,8,0.535,30.388,114.103364423234,3.75488233589688,500,6.85368552031985,8.05796239250936,0.915890121844085
58.35,22,39.4,35,10,0.525,30.63375,106.938152524207,3.49086065284881,500,7.21912312572211,7.63759709008937,0.99467095243016
59.9,22,39.4,35,12,0.505,30.2495,104.433868352992,3.45241634912947,495.736298569146,7.25156844126894,7.32763367706588,0.875604120815302
61.45,22,39.4,35,10,0.535,32.87575,116.320940400741,3.53819883655098,481.298808926763,8.0267149378142,7.42628613138711,0.981210369269976
63,22,39.4,35,7,0.54,34.02,122.922780565224,3.61325045753157,472.907187794881,8.98209636350984,7.27152692368158,0.898415910473383
47.5,22.5,39.4,35,0,NaN,NaN,NaN,NaN,NaN,NaN,NaN,NaN
49.05,22.5,39.4,35,0,NaN,NaN,NaN,NaN,NaN,NaN,NaN,NaN
50.6,22.5,39.4,35,0,NaN,NaN,NaN,NaN,NaN,NaN,NaN,NaN
52.15,22.5,39.4,35,0,NaN,NaN,NaN,NaN,NaN,NaN,NaN,NaN
53.7,22.5,39.4,35,0,NaN,NaN,NaN,NaN,NaN,NaN,NaN,NaN
55.25,22.5,39.4,35,6,0.53,29.2825,118.793898936437,4.05682229783785,500,6.25285185703261,8.27454370080602,0.86770146065827
56.8,22.5,39.4,35,9,0.54,30.672,113.873735122448,3.71262829689776,500,6.89937874705847,8.04174477328398,0.81919346786698
58.35,22.5,39.4,35,11,0.52,30.342,105.140869184717,3.46519244561059,500,7.11673710390422,7.54383683122935,0.997655865586466
59.9,22.5,39.4,35,13,0.5,29.95,102.52524816317,3.42321362815259,496.858125758547,7.1455552421236,7.22984346742992,0.803397651562333
61.45,22.5,39.4,35,11,0.53,32.5685,114.421906738251,3.51326916309475,482.055862813797,7.92706452724334,7.26899274470977,0.979258371009592
63,22.5,39.4,35,8,0.54,34.02,122.128827392586,3.58991262176915,472.111628470412,8.88320126029316,7.38561715441192,0.942021700944276
47.5,23,39.4,35,0,NaN,NaN,NaN,NaN,NaN,NaN,NaN,NaN
49.05,23,39.4,35,0,NaN,NaN,NaN,NaN,NaN,NaN,NaN,NaN
50.6,23,39.4,35,0,NaN,NaN,NaN,NaN,NaN,NaN,NaN,NaN
52.15,23,39.4,35,0,NaN,NaN,NaN,NaN,NaN,NaN,NaN,NaN
53.7,23,39.4,35,0,NaN,NaN,NaN,NaN,NaN,NaN,NaN,NaN
55.25,23,39.4,35,7,0.53,29.2825,117.633380053144,4.01719047393988,500,6.23699454351499,8.20860159927233,0.936011936589085
56.8,23,39.4,35,10,0.54,30.672,112.916057907148,3.68140512216837,500,6.87770202686412,7.98393785946148,0.874869598579141
58.35,23,39.4,35,12,0.52,30.342,104.397530195786,3.44069376428008,500,7.08893573016465,7.4931801482922,0.998179310155186
59.9,23,39.4,35,13,0.5,29.95,101.975008544283,3.40484168762212,494.982455234321,7.06279853472958,7.22794629128852,0.940154138557715
61.45,23,39.4,35,11,0.53,32.5685,113.655592129078,3.48973984460683,480.623149341401,7.80184110563615,7.3504077568229,0.987033790362601
63,23,39.4,35,8,0.535,33.705,120.100286934477,3.56327805769106,473.016873826165,8.82517421516787,7.17477173552626,0.900066670277427
47.5,23.5,39.4,35,0,NaN,NaN,NaN,NaN,NaN,NaN,NaN,NaN
49.05,23.5,39.4,35,0,NaN,NaN,NaN,NaN,NaN,NaN,NaN,NaN
50.6,23.5,39.4,35,0,NaN,NaN,NaN,NaN,NaN,NaN,NaN,NaN
52.15,23.5,39.4,35,0,NaN,NaN,NaN,NaN,NaN,NaN,NaN,NaN
53.7,23.5,39.4,35,0,NaN,NaN,NaN,NaN,NaN,NaN,NaN,NaN
55.25,23.5,39.4,35,9,0.535,29.55875,117.03225034757,3.95930986078809,500,6.2959212599211,8.1857809888741,0.883032871880077
56.8,23.5,39.4,35,11,0.54,30.672,112.010825633545,3.65189181121366,500,6.85659271332722,7.92839700764211,0.915992363502351
58.35,23.5,39.4,35,13,0.52,30.342,103.699920726545,3.41770221892244,500,7.06180008823626,7.44596149675979,0.998468073067493
59.9,23.5,39.4,35,15,0.495,29.6505,100.182336821889,3.37877394384205,496.089147068012,6.9593704769146,7.13690152318276,0.896136066438262
61.45,23.5,39.4,35,12,0.525,32.26125,111.821765517667,3.46613245046819,481.462484847787,7.70015897647864,7.21558445336811,0.981500047604046
63,23.5,39.4,35,8,0.535,33.705,119.366979112015,3.54152140964294,472.243635837458,8.71184681119679,7.28376089663282,0.938692960473823
47.5,24,39.4,35,0,NaN,NaN,NaN,NaN,NaN,NaN,NaN,NaN
49.05,24,39.4,35,0,NaN,NaN,NaN,NaN,NaN,NaN,NaN,NaN
50.6,24,39.4,35,0,NaN,NaN,NaN,NaN,NaN,NaN,NaN,NaN
52.15,24,39.4,35,0,NaN,NaN,NaN,NaN,NaN,NaN,NaN,NaN
53.7,24,39.4,35,0,NaN,NaN,NaN,NaN,NaN,NaN,NaN,NaN
55.25,24,39.4,35,10,0.535,29.55875,115.994687524699,3.92420814563198,500,6.2796539385457,8.12576867337275,0.930086549738469
56.8,24,39.4,35,11,0.54,30.672,111.157398763866,3.62406751316725,500,6.83596479886822,7.87525186120955,0.944818783641337
58.35,24,39.4,35,13,0.52,30.342,103.044275909267,3.39609372847101,500,7.03519964623899,7.40180406409628,0.998624212748874
59.9,24,39.4,35,15,0.495,29.6505,99.6774741811265,3.36174682319443,494.402460689504,6.8916975337192,7.12591697815528,0.963358349113448
61.45,24,39.4,35,12,0.52,31.954,110.052564865196,3.44409353649609,482.39337570924,7.59695308441859,7.10095197665843,0.969508206238349
63,24,39.4,35,9,0.53,33.39,117.395973632071,3.5159021752642,473.1491454435,8.64505616008461,7.08382254830707,0.872163318524763
47.5,24.5,39.4,35,0,NaN,NaN,NaN,NaN,NaN,NaN,NaN,NaN
49.05,24.5,39.4,35,0,NaN,NaN,NaN,NaN,NaN,NaN,NaN,NaN
50.6,24.5,39.4,35,0,NaN,NaN,NaN,NaN,NaN,NaN,NaN,NaN
52.15,24.5,39.4,35,0,NaN,NaN,NaN,NaN,NaN,NaN,NaN,NaN
53.7,24.5,39.4,35,7,0.52,27.924,121.442953085328,4.34905289662399,500,5.5354590105133,8.25604509339859,0.836145823028483
55.25,24.5,39.4,35,11,0.535,29.55875,115.005850664379,3.89075487510056,500,6.26350032076587,8.06827497018913,0.956729430392229
56.8,24.5,39.4,35,13,0.545,30.956,111.28384865675,3.59490401397953,500,6.88152913904296,7.87533934730429,0.856771586551548
58.35,24.5,39.4,35,15,0.52,30.342,102.425324899904,3.37569457846891,500,7.00900023927884,7.3602877584351,0.998700254796843
59.9,24.5,39.4,35,16,0.49,29.351,98.0103782254668,3.3392517537892,495.509654785645,6.7942274525423,7.03939258472626,0.930048589892694
61.45,24.5,39.4,35,13,0.52,31.954,109.345194222446,3.42195638175019,480.742168878128,7.48168017388986,7.16373034165247,0.979759705892121
63,24.5,39.4,35,9,0.53,33.39,116.717782462145,3.49559096921669,472.394409130526,8.51768202521861,7.18785132933486,0.917811627254577
47.5,25,39.4,35,0,NaN,NaN,NaN,NaN,NaN,NaN,NaN,NaN
49.05,25,39.4,35,0,NaN,NaN,NaN,NaN,NaN,NaN,NaN,NaN
50.6,25,39.4,35,0,NaN,NaN,NaN,NaN,NaN,NaN,NaN,NaN
52.15,25,39.4,35,0,NaN,NaN,NaN,NaN,NaN,NaN,NaN,NaN
53.7,25,39.4,35,9,0.525,28.1925,120.229095459024,4.26457729747357,500,5.60413593174983,8.22484812157144,0.910072394414506
55.25,25,39.4,35,13,0.54,29.835,114.718913404744,3.84511189558385,500,6.31741678906243,8.05880730166825,0.865863106076202
56.8,25,39.4,35,13,0.545,30.956,110.552358043421,3.57127400321168,500,6.86146975863849,7.82791530959268,0.904731321531976
58.35,25,39.4,35,15,0.52,30.342,101.836255091869,3.35628024164092,500,6.98305874810993,7.32097997920183,0.998726472249897
59.9,25,39.4,35,18,0.485,29.0515,96.4496838883721,3.31995538572439,496.732371457967,6.70422479828848,6.95518702887203,0.802743476170965
61.45,25,39.4,35,13,0.515,31.64675,107.627702539649,3.40090854636413,481.743288600906,7.37899489129813,7.06859744202771,0.965748682220198
63,25,39.4,35,10,0.525,33.075,114.801744003066,3.47095219963918,473.308298020028,8.44240589254881,6.99965305103099,0.816284875978537
47.5,25.5,39.4,35,0,NaN,NaN,NaN,NaN,NaN,NaN,NaN,NaN
49.05,25.5,39.4,35,0,NaN,NaN,NaN,NaN,NaN,NaN,NaN,NaN
50.6,25.5,39.4,35,0,NaN,NaN,NaN,NaN,NaN,NaN,NaN,NaN
52.15,25.5,39.4,35,0,NaN,NaN,NaN,NaN,NaN,NaN,NaN,NaN
53.7,25.5,39.4,35,11,0.53,28.461,119.237148453198,4.1894925847018,500,5.66944743712108,8.20044262351123,0.926781994627056
55.25,25.5,39.4,35,13,0.54,29.835,113.829294989601,3.81529394971011,500,6.30100692178971,8.0063907740334,0.911558066789283
56.8,25.5,39.4,35,14,0.545,30.956,109.856043783213,3.54878032637335,500,6.84151806628704,7.78262746441909,0.938118476604567
58.35,25.5,39.4,35,16,0.52,30.342,101.269843699748,3.33761267219525,500,6.95721925543815,7.28347977676366,0.998722872254884
59.9,25.5,39.4,35,18,0.485,29.0515,96.0000389430804,3.3044778735377,495.328072120451,6.65159511341774,6.93730309002052,0.943611776450694
61.45,25.5,39.4,35,14,0.515,31.64675,106.980608185913,3.3804611274748,479.934329743409,7.27589881422165,7.10962974170518,0.976872645382669
63,25.5,39.4,35,10,0.525,33.075,114.173771693469,3.45196588642385,472.563071957859,8.30279777859001,7.09816920437859,0.877842268194893
47.5,26,39.4,35,0,NaN,NaN,NaN,NaN,NaN,NaN,NaN,NaN
49.05,26,39.4,35,0,NaN,NaN,NaN,NaN,NaN,NaN,NaN,NaN
50.6,26,39.4,35,0,NaN,NaN,NaN,NaN,NaN,NaN,NaN,NaN
52.15,26,39.4,35,5,0.505,26.33575,127.665594413796,4.8476156712376,500,4.79912124539085,8.28307261961269,0.811240485494037
53.7,26,39.4,35,13,0.535,28.7295,118.454222442351,4.12308680771858,500,5.73152034134764,8.18289123929876,0.898965454624243
55.25,26,39.4,35,14,0.54,29.835,112.978983701243,3.78679348755633,500,6.2846809960684,7.95606463614962,0.941781573587859
56.8,26,39.4,35,15,0.545,30.956,109.189742444099,3.52725618439395,500,6.8215938776,7.73921618826794,0.960065179502289
58.35,26,39.4,35,17,0.515,30.05025,99.7395368622766,3.3190917500612,500,6.85972313274542,7.2027867856435,0.998802566670722
59.9,26,39.4,35,19,0.48,28.752,94.4954710768013,3.28657036299393,496.651804001169,6.57350685204406,6.85472986443893,0.816368479575064
61.45,26,39.4,35,14,0.51,31.3395,105.310458472947,3.3603107411716,480.975249236171,7.17513047300504,7.02818215551294,0.961313900831723
63,26,39.4,35,10,0.525,33.075,113.717688238601,3.43817651515046,471.545872728493,8.15381697770076,7.16681123854149,0.917469675647047
47.5,26.5,39.4,35,0,NaN,NaN,NaN,NaN,NaN,NaN,NaN,NaN
49.05,26.5,39.4,35,0,NaN,NaN,NaN,NaN,NaN,NaN,NaN,NaN
50.6,26.5,39.4,35,0,NaN,NaN,NaN,NaN,NaN,NaN,NaN,NaN
52.15,26.5,39.4,35,8,0.51,26.5965,125.688014833064,4.72573514684503,500,4.87611903568389,8.2408075393949,0.908964057744321
53.7,26.5,39.4,35,13,0.535,28.7295,117.43204889749,4.08750757574931,500,5.72111886149931,8.12755095099466,0.949655556206938
55.25,26.5,39.4,35,14,0.54,29.835,112.165524056542,3.75952820702337,500,6.2684196604179,7.90770454126117,0.96143304277682
56.8,26.5,39.4,35,16,0.54,30.672,107.551790496357,3.50651377465952,500,6.73711332181157,7.64514887486567,0.992627357331384
58.35,26.5,39.4,35,18,0.515,30.05025,99.204023654936,3.30127115930603,500,6.83576083241014,7.16655562755242,0.998792045937392
59.9,26.5,39.4,35,19,0.48,28.752,94.0746021757073,3.2719324629837,495.65930907564,6.5307880618988,6.83195436556621,0.949466895794262
61.45,26.5,39.4,35,15,0.505,31.03225,103.68099652515,3.34107248185839,482.064059603809,7.07542390297572,6.95982480576751,0.933280207971783
63,26.5,39.4,35,11,0.52,32.76,111.728190933262,3.41050643874425,472.74081599534,8.07133603192084,7.01392551949637,0.812021587356815
47.5,27,39.4,35,0,NaN,NaN,NaN,NaN,NaN,NaN,NaN,NaN
49.05,27,39.4,35,0,NaN,NaN,NaN,NaN,NaN,NaN,NaN,NaN
50.6,27,39.4,35,0,NaN,NaN,NaN,NaN,NaN,NaN,NaN,NaN
52.15,27,39.4,35,10,0.52,27.118,123.671566315341,4.56049731968956,500,5.02342598728069,8.2332368657983,0.851597631981223
53.7,27,39.4,35,15,0.54,28.998,116.902011489789,4.0313818708114,500,5.77949942618098,8.11904695351879,0.859457553801184
55.25,27,39.4,35,16,0.545,30.11125,112.168807413315,3.72514616342114,500,6.31823945400539,7.91031860064379,0.849636683654658
56.8,27,39.4,35,16,0.54,30.672,106.930451083738,3.48625622990801,500,6.7176859288668,7.60537318063406,0.994562506908484
58.35,27,39.4,35,18,0.515,30.05025,98.6851666305102,3.2840048462329,500,6.81170637208852,7.13161253424918,0.998792334756549
59.9,27,39.4,35,20,0.475,28.4525,92.4263243696641,3.2484429969129,497.080573926611,6.4604957097063,6.75131830273072,0.818885066628118
61.45,27,39.4,35,15,0.505,31.03225,103.091977469902,3.32209161339902,480.154184031935,6.98775243830811,6.97686701896484,0.957379998336674
63,27,39.4,35,11,0.52,32.76,111.306793865344,3.39764328038291,471.680476405497,7.91667860022165,7.07761131741013,0.870378320739088
47.5,27.5,39.4,35,0,NaN,NaN,NaN,NaN,NaN,NaN,NaN,NaN
49.05,27.5,39.4,35,0,NaN,NaN,NaN,NaN,NaN,NaN,NaN,NaN
50.6,27.5,39.4,35,3,0.49,24.794,135.952593398215,5.48328601267301,500,4.10384128917509,8.30830980442797,0.868777641716818
52.15,27.5,39.4,35,12,0.525,27.37875,122.326450482155,4.46793409056859,500,5.09100492333572,8.20685516744375,0.905977455439655
53.7,27.5,39.4,35,15,0.54,28.998,115.97890548886,3.99954843399062,500,5.76842254338886,8.06807573827324,0.911960263387395
55.25,27.5,39.4,35,16,0.545,30.11125,111.426445313727,3.70049218527053,500,6.30180705352091,7.86544602552886,0.898496873345571
56.8,27.5,39.4,35,17,0.54,30.672,106.331607439797,3.46673211527769,500,6.6982333358067,7.56718926966461,0.995794781687292
58.35,27.5,39.4,35,20,0.515,30.05025,98.1829333403892,3.26729173103016,500,6.78738750735406,7.09791616394084,0.998807305618184
59.9,27.5,39.4,35,20,0.475,28.4525,92.0441236172052,3.23501005596012,496.470944996024,6.42576492494297,6.72577726343166,0.952743994371254
61.45,27.5,39.4,35,16,0.5,30.725,101.501806895512,3.30355758813708,481.26803874267,6.89173555295202,6.91109884516566,0.929853579445769
63,27.5,39.4,35,11,0.52,32.76,111.055876226845,3.38998401180845,470.326522828727,7.75855660089153,7.11957636069904,0.909729378921237
47.5,28,39.4,35,0,NaN,NaN,NaN,NaN,NaN,NaN,NaN,NaN
49.05,28,39.4,35,0,NaN,NaN,NaN,NaN,NaN,NaN,NaN,NaN
50.6,28,39.4,35,6,0.5,25.3,132.4221602664,5.23407748088536,500,4.26428359408724,8.27906196436249,0.906384401848485
52.15,28,39.4,35,13,0.53,27.6395,121.192252624315,4.38474837187052,500,5.15546162075839,8.18673231165685,0.927037369582098
53.7,28,39.4,35,16,0.54,28.998,115.094696473593,3.96905636504564,500,5.75726122046905,8.01891306883372,0.941829306350507
55.25,28,39.4,35,17,0.545,30.11125,110.714551033631,3.67685004885653,500,6.28539684192393,7.82224647923759,0.931660462642782
56.8,28,39.4,35,18,0.54,30.672,105.751779464495,3.44782796897806,500,6.67869806562475,7.53031833553651,0.996596451628566
58.35,28,39.4,35,20,0.515,30.05025,97.7040277974578,3.25135490711251,500,6.76261487543343,7.06557823462353,0.998838364847333
59.9,28,39.4,35,21,0.47,28.153,90.2786864106502,3.20671638584343,497.976740113244,6.35251946821044,6.64887708438237,0.822843071996302
61.45,28,39.4,35,16,0.495,30.41775,99.9414215978925,3.28562834522253,482.450642694501,6.79859368390229,6.84767170278157,0.891058829420582
63,28,39.4,35,11,0.52,32.76,110.965180942819,3.38721553549508,468.72029147971,7.59991993121071,7.1461745044938,0.93588012174338
47.5,28.5,39.4,35,0,NaN,NaN,NaN,NaN,NaN,NaN,NaN,NaN
49.05,28.5,39.4,35,0,NaN,NaN,NaN,NaN,NaN,NaN,NaN,NaN
50.6,28.5,39.4,35,8,0.51,25.806,129.505346897444,5.01842001462621,500,4.41616826835364,8.26068474735242,0.836923624849471
52.15,28.5,39.4,35,15,0.535,27.90025,120.253284852938,4.31011495785659,500,5.21698680613183,8.17274069619027,0.918093563238873
53.7,28.5,39.4,35,16,0.54,28.998,114.247245924391,3.93983191683535,500,5.74599906356767,7.97141926849911,0.959751309662736
55.25,28.5,39.4,35,17,0.545,30.11125,110.031556570352,3.65416768052979,500,6.26899670680316,7.78065160103772,0.953430079820756
56.8,28.5,39.4,35,19,0.54,30.672,105.188793434723,3.42947292105903,500,6.65900511173531,7.49447275412332,0.997132869907801
58.35,28.5,39.4,35,20,0.515,30.05025,97.2605296874496,3.23659635734976,500,6.73718134236064,7.03486955666753,0.998884724960395
59.9,28.5,39.4,35,21,0.47,28.153,89.9072946901546,3.19352448016746,497.655226623225,6.32416590775787,6.62215557292949,0.955905913600405
61.45,28.5,39.4,35,17,0.49,30.1105,98.4053935417546,3.26814212788743,483.721121327291,6.70931105296114,6.78251908535037,0.848927047296583
63,28.5,39.4,35,12,0.515,32.445,108.755450324815,3.35199415394713,470.286740614484,7.518895018151,7.03050749284239,0.853922834998881
47.5,29,39.4,35,0,NaN,NaN,NaN,NaN,NaN,NaN,NaN,NaN
49.05,29,39.4,35,0,NaN,NaN,NaN,NaN,NaN,NaN,NaN,NaN
50.6,29,39.4,35,10,0.515,26.059,127.654625887229,4.89867707460874,500,4.48869325358661,8.2273948645984,0.895329453165823
52.15,29,39.4,35,16,0.54,28.161,119.495695073151,4.24330439519728,500,5.27563957223895,8.16444680048407,0.84941802921327
53.7,29,39.4,35,18,0.545,29.2665,114.029382711118,3.89624255415298,500,5.79934088101209,7.97256626181387,0.815092187934181
55.25,29,39.4,35,17,0.545,30.11125,109.376060551621,3.63239854046648,500,6.25259686267608,7.74058081797268,0.967510039900848
56.8,29,39.4,35,19,0.54,30.672,104.642443472562,3.41166025927758,500,6.63904340100913,7.45943911009213,0.997504697131973
58.35,29,39.4,35,21,0.51,29.7585,95.9241537634163,3.22342032573605,500,6.64424323231946,6.96113734076709,0.99909486244737
59.9,29,39.4,35,22,0.465,27.8535,88.5886989460712,3.18052305620734,499.243376335166,6.23816588215166,6.55247143992962,0.831972748661573
61.45,29,39.4,35,18,0.49,30.1105,97.8868617348954,3.25092116487256,481.913481824738,6.63816301863734,6.78215992897093,0.903678183780648
63,29,39.4,35,12,0.515,32.445,108.68099604672,3.34969936960147,468.484439315349,7.36701933805004,7.05430141095045,0.895245714282045
47.5,29.5,39.4,35,0,NaN,NaN,NaN,NaN,NaN,NaN,NaN,NaN
49.05,29.5,39.4,35,0,NaN,NaN,NaN,NaN,NaN,NaN,NaN,NaN
50.6,29.5,39.4,35,11,0.52,26.312,126.022620597957,4.78954927781836,500,4.55802470489129,8.19965405975444,0.928188422095909
52.15,29.5,39.4,35,17,0.54,28.161,118.534640207756,4.20917723829963,500,5.26916580162098,8.11453265343186,0.911948168155969
53.7,29.5,39.4,35,18,0.545,29.2665,113.258481562032,3.86990181818911,500,5.7871814245595,7.92801841604164,0.863173332647647
55.25,29.5,39.4,35,19,0.55,30.3875,109.680370599119,3.6093910522129,500,6.30027506471615,7.75328975456718,0.848255539457116
56.8,29.5,39.4,35,20,0.54,30.672,104.115246601179,3.39447204620433,500,6.61864465938253,7.42522498031162,0.997773403375438
58.35,29.5,39.4,35,22,0.51,29.7585,95.4925890464106,3.20891809218914,500,6.62061067904127,6.93102345433179,0.999160228934675
59.9,29.5,39.4,35,22,0.465,27.8535,88.1905267012891,3.16622782419765,499.097190534437,6.21449996688125,6.525596035688,0.959383427601575
61.45,29.5,39.4,35,19,0.48,29.496,95.3856438656587,3.23385014461821,486.589025228465,6.54512720632733,6.64045607843469,0.800647409687609
63,29.5,39.4,35,12,0.515,32.445,108.7280671974,3.35115016789645,466.411547765276,7.22084425555673,7.06817615588314,0.923719358456367
47.5,30,39.4,35,0,NaN,NaN,NaN,NaN,NaN,NaN,NaN,NaN
49.05,30,39.4,35,0,NaN,NaN,NaN,NaN,NaN,NaN,NaN,NaN
50.6,30,39.4,35,14,0.53,26.818,124.449819031179,4.64053318782827,500,4.68910283142176,8.21370908147335,0.847955135670012
52.15,30,39.4,35,17,0.54,28.161,117.611805208947,4.17640727278674,500,5.26245708169452,8.06616744510745,0.941331438479081
53.7,30,39.4,35,18,0.545,29.2665,112.518133928794,3.84460505796026,500,5.77483538953004,7.88499923822875,0.896899325343739
55.25,30,39.4,35,19,0.55,30.3875,109.087494918632,3.58988054030876,500,6.28388342138673,7.71593089793319,0.887940188772407
56.8,30,39.4,35,21,0.54,30.672,103.613085796223,3.37810008464473,500,6.59756342730458,7.39219784848906,0.99797634312562
58.35,30,39.4,35,23,0.51,29.7585,95.1027870088918,3.19581924522042,500,6.59620304368803,6.90283417060869,0.999227201997573
59.9,30,39.4,35,23,0.465,27.8535,87.8090784879528,3.15253302055227,499.0297159233,6.19262243680395,6.49859466470657,0.988146143233128
61.45,30,39.4,35,19,0.48,29.496,94.9008772335769,3.21741514895501,484.850338756989,6.47583844079753,6.64178570549832,0.869049278021978
63,30,39.4,35,13,0.51,32.13,106.473303482019,3.31382830631868,468.107479792256,7.1443099006333,6.96514026471954,0.826300949525838
47.5,30.5,39.4,35,0,NaN,NaN,NaN,NaN,NaN,NaN,NaN,NaN
49.05,30.5,39.4,35,4,0.5,24.525,134.340362668431,5.47769062868219,500,3.85558000106899,8.19910583199797,0.861172469412704
50.6,30.5,39.4,35,15,0.535,27.071,123.330118771657,4.55580210452723,500,4.7500335884526,8.20044055364482,0.858571757436995
52.15,30.5,39.4,35,17,0.54,28.161,116.725240324386,4.14492526275295,500,5.2554957427409,8.01926977344798,0.956906763181592
53.7,30.5,39.4,35,19,0.545,29.2665,111.806675785782,3.82029541577511,500,5.76229359415514,7.84348377657796,0.920279838222833
55.25,30.5,39.4,35,20,0.55,30.3875,108.519683616672,3.57119485369548,500,6.26748455668984,7.67984956483724,0.915041688166293
56.8,30.5,39.4,35,22,0.54,30.672,103.145397698145,3.36285203762864,500,6.57546335513902,7.36106825147608,0.998135747081946
58.35,30.5,39.4,35,23,0.51,29.7585,94.7646943074916,3.18445803073043,500,6.57081336949755,6.87694077742836,0.999293092369017
59.9,30.5,39.4,35,23,0.465,27.8535,87.4438758289033,3.13942146692169,498.966419499401,6.17186499001748,6.47186326804326,0.995346649685606
61.45,30.5,39.4,35,20,0.475,29.18875,93.4329434980132,3.20099159772218,486.488134411917,6.40202212843475,6.56714964224409,0.867373979934642
63,30.5,39.4,35,13,0.51,32.13,106.531157632627,3.31562893347735,465.809313999244,7.01117622603512,6.97669550794991,0.869593318163029
47.5,31,39.4,35,0,NaN,NaN,NaN,NaN,NaN,NaN,NaN,NaN
49.05,31,39.4,35,6,0.505,24.77025,132.318645454331,5.3418373029877,500,3.92805985472698,8.16882758288078,0.920485846164354
50.6,31,39.4,35,16,0.54,27.324,122.380633004227,4.47886960196997,500,4.80794410574294,8.1917537902065,0.812337381608378
52.15,31,39.4,35,19,0.545,28.42175,116.276727075762,4.09111779097917,500,5.30845502698231,8.02042427952346,0.82364084009412
53.7,31,39.4,35,19,0.545,29.2665,111.122567597598,3.79692028761887,500,5.74955532737594,7.80343895593204,0.93643643211414
55.25,31,39.4,35,20,0.55,30.3875,107.975509265328,3.55328701819261,500,6.25108009543619,7.64500266752744,0.933243854078079
56.8,31,39.4,35,22,0.54,30.672,102.724502186094,3.3491295704908,500,6.55191655436319,7.33263537535015,0.998264284928664
58.35,31,39.4,35,24,0.51,29.7585,94.4853533638735,3.17507110116012,500,6.54422484324776,6.8536460947289,0.999355749522489
59.9,31,39.4,35,24,0.465,27.8535,87.0949077392772,3.12689276892589,498.883753111651,6.15177471926979,6.44567774249259,0.997627534667946
61.45,31,39.4,35,21,0.47,28.8815,91.9784381843426,3.1846835581373,488.241174006486,6.33249430697839,6.48947786127115,0.867930109193093
63,31,39.4,35,13,0.51,32.13,106.661012980374,3.31967049425377,463.342836782485,6.88756566078882,6.98186029874989,0.900400422795729
47.5,31.5,39.4,35,0,NaN,NaN,NaN,NaN,NaN,NaN,NaN,NaN
49.05,31.5,39.4,35,8,0.515,25.26075,129.914191273252,5.14292692312192,500,4.06425081789987,8.17079686717926,0.845957041737843
50.6,31.5,39.4,35,17,0.54,27.324,121.38676135453,4.442496023808,500,4.80479598058453,8.14228516013612,0.892484838870724
52.15,31.5,39.4,35,19,0.545,28.42175,115.46710237552,4.06263169493504,500,5.30034127025141,7.97618050877848,0.852610409550949
53.7,31.5,39.4,35,20,0.545,29.2665,110.464390276511,3.77443118502419,500,5.73662838515203,7.76482075271822,0.947599409358763
55.25,31.5,39.4,35,20,0.545,30.11125,106.471878254416,3.53595012676047,500,6.17039171674143,7.5598824536554,0.99072395691662
56.8,31.5,39.4,35,22,0.535,30.388,101.320428918564,3.33422498744781,500,6.47409452036592,7.25312667314516,0.998887578232726
58.35,31.5,39.4,35,24,0.505,29.46675,93.2143469993981,3.16337387052858,500,6.45590475933432,6.78453602465156,0.999507290626172
59.9,31.5,39.4,35,24,0.465,27.8535,86.7624591268291,3.11495715536034,498.785501801542,6.13206785082395,6.42022247174274,0.998535791574417
61.45,31.5,39.4,35,22,0.465,28.57425,90.5380676006165,3.16851947472345,490.110930513866,6.26626492591207,6.40831719606597,0.8604383121754
63,31.5,39.4,35,13,0.51,32.13,106.814753225884,3.32445543809162,460.861283203604,6.77466508575161,6.98258448723774,0.921958930282638
47.5,32,39.4,35,0,NaN,NaN,NaN,NaN,NaN,NaN,NaN,NaN
49.05,32,39.4,35,10,0.52,25.506,128.295062500898,5.02999539327602,500,4.13039881237776,8.14881202711727,0.879132917005899
50.6,32,39.4,35,17,0.54,27.324,120.430292798253,4.40749131892303,500,4.80128743317864,8.09423887202862,0.92796578535876
52.15,32,39.4,35,19,0.545,28.42175,114.688160756622,4.03522516230077,500,5.29196489149365,7.93326090954307,0.871836692008606
53.7,32,39.4,35,20,0.545,29.2665,109.830838291777,3.75278349962507,500,5.72352767654096,7.72757472274428,0.955282759980788
55.25,32,39.4,35,21,0.545,30.11125,105.959274562275,3.51892646642949,500,6.15391085964427,7.52715007085796,0.991858992244799
56.8,32,39.4,35,23,0.535,30.388,100.896054432429,3.32025978782511,500,6.45220812048538,7.22470297860392,0.998946964821479
58.35,32,39.4,35,25,0.505,29.46675,92.9106501483814,3.15306744545569,500,6.43150835352436,6.76092361635337,0.999551359243256
59.9,32,39.4,35,25,0.465,27.8535,86.4469558447965,3.10362991526367,498.683999715693,6.11258347626837,6.39561204169353,0.998973614629437
61.45,32,39.4,35,23,0.46,28.267,89.1182030506233,3.15272943894376,492.096850665431,6.2026258652502,6.32297600159503,0.832134065169234
63,32,39.4,35,14,0.505,31.815,104.541529362306,3.2859195147668,462.685554102076,6.70966870689343,6.89062446797161,0.823851502036201
47.5,32.5,39.4,35,0,NaN,NaN,NaN,NaN,NaN,NaN,NaN,NaN
49.05,32.5,39.4,35,11,0.525,25.75125,126.838843409241,4.9255412226296,500,4.19386723379142,8.13117510701075,0.895328948868018
50.6,32.5,39.4,35,17,0.54,27.324,119.509421058176,4.37378938142937,500,4.79742114247903,8.04759399436836,0.945503366372499
52.15,32.5,39.4,35,20,0.545,28.42175,113.938331033997,4.00884291199512,500,5.28334800161779,7.89164553774817,0.884351125988784
53.7,32.5,39.4,35,20,0.545,29.2665,109.220711098377,3.73193621028744,500,5.7102726630348,7.69163806954184,0.960484568805922
55.25,32.5,39.4,35,21,0.545,30.11125,105.467478469054,3.50259383018155,500,6.13743578275551,7.49546895795211,0.992576847854552
56.8,32.5,39.4,35,23,0.535,30.388,100.522423873283,3.30796445548514,500,6.42876022922218,7.19861068252986,0.998997775326578
58.35,32.5,39.4,35,25,0.505,29.46675,92.6618787659886,3.14462500160312,500,6.40595288960702,6.73981308779439,0.999590612634058
59.9,32.5,39.4,35,25,0.465,27.8535,86.1488239647808,3.09292634551424,498.590775433621,6.09324373000262,6.3719058917546,0.999219200234044
61.45,32.5,39.4,35,23,0.46,28.267,88.7672644541669,3.14031430481363,490.455023284901,6.14449396350967,6.33175583044488,0.893212233643894
63,32.5,39.4,35,14,0.505,31.815,104.706593115161,3.29110775153737,460.356501244934,6.61190647560835,6.88995833779977,0.854549782821023
47.5,33,39.4,35,0,NaN,NaN,NaN,NaN,NaN,NaN,NaN,NaN
49.05,33,39.4,35,12,0.53,25.9965,125.543703654734,4.82925407861573,500,4.25457023563922,8.11773011274892,0.896448701439216
50.6,33,39.4,35,18,0.545,27.577,118.858272111511,4.31005084351131,500,4.84920692690898,8.04837837772088,0.827176525928749
52.15,33,39.4,35,20,0.545,28.42175,113.216157627647,3.9834337304229,500,5.27451554603172,7.85131233980936,0.892050072273913
53.7,33,39.4,35,21,0.545,29.2665,108.632903768638,3.71185156300338,500,5.69688429829757,7.65694198458841,0.963851309192329
55.25,33,39.4,35,22,0.545,30.11125,104.995599713793,3.48692265229087,500,6.12097802383782,7.46483984501121,0.992980859069374
56.8,33,39.4,35,24,0.535,30.388,100.213789485592,3.29780799939425,500,6.40324754222567,7.17547487617091,0.99903894955313
58.35,33,39.4,35,26,0.505,29.46675,92.4725955369013,3.13820138077329,500,6.37905130826803,6.7212877973495,0.999625385832942
59.9,33,39.4,35,25,0.465,27.8535,85.868337851283,3.08285629638225,498.513585821064,6.074022745745,6.34911762948917,0.999373944273236
61.45,33,39.4,35,24,0.455,27.95975,87.4133936685151,3.1264011183403,492.554756898069,6.08368179658157,6.2500805637411,0.851364961448356
63,33,39.4,35,14,0.505,31.815,104.865023112842,3.29608747800856,458.386884514637,6.52471297829948,6.88665512184512,0.876196689275836
47.5,33.5,39.4,35,0,NaN,NaN,NaN,NaN,NaN,NaN,NaN,NaN
49.05,33.5,39.4,35,13,0.535,26.24175,124.405050380513,4.74072995819688,500,4.3122433833593,8.10776600848381,0.878333687553664
50.6,33.5,39.4,35,19,0.545,27.577,118.013440369816,4.27941546831837,500,4.84425036979712,8.00445812670961,0.844393043268749
52.15,33.5,39.4,35,20,0.545,28.42175,112.520297757767,3.95895037278727,500,5.26549075027561,7.81223453527031,0.896152023028702
53.7,33.5,39.4,35,21,0.545,29.2665,108.066397464554,3.69249474534208,500,5.68338231927455,7.62341364901743,0.965794853089389
55.25,33.5,39.4,35,22,0.545,30.11125,104.542628521828,3.47187939796016,500,6.10454540135504,7.43526294269727,0.993131253433539
56.8,33.5,39.4,35,24,0.53,30.104,98.8948992559888,3.28510826654228,500,6.32780671452555,7.09748079208121,0.999330099730157
58.35,33.5,39.4,35,26,0.5,29.175,91.2991167611952,3.12936132857567,500,6.29327896314636,6.65703641307175,0.999710749314725
59.9,33.5,39.4,35,26,0.465,27.8535,85.6054142320931,3.07341677821793,498.456293858651,6.05492403713543,6.32722119013134,0.999480406870628
61.45,33.5,39.4,35,24,0.455,27.95975,87.0953724104321,3.11502686577784,491.063597569817,6.03388875941904,6.25282588699367,0.898258980568429
63,33.5,39.4,35,14,0.505,31.815,105.000949293537,3.30035987092682,456.870428083112,6.44771054421172,6.88167074259586,0.89094242669138
47.5,34,39.4,35,0,NaN,NaN,NaN,NaN,NaN,NaN,NaN,NaN
49.05,34,39.4,35,14,0.54,26.487,123.416681207897,4.65951905492873,500,4.36656627360122,8.10177573555409,0.82644652889439
50.6,34,39.4,35,19,0.545,27.577,117.199096069623,4.24988563185348,500,4.83906934775416,7.96180052163895,0.854039320261425
52.15,34,39.4,35,21,0.545,28.42175,111.849515604836,3.93534935761646,500,5.25629162734378,7.77438025914913,0.897462159361136
53.7,34,39.4,35,21,0.545,29.2665,107.520250186257,3.67383357033664,500,5.66978358379737,7.59097777034211,0.966570272222763
55.25,34,39.4,35,22,0.545,30.11125,104.107385068259,3.45742488499345,500,6.08813903934657,7.40671763170047,0.993059338437162
56.8,34,39.4,35,24,0.53,30.104,98.5522159607498,3.27372495219073,500,6.30459049390693,7.07335532696332,0.99935527459784
58.35,34,39.4,35,26,0.5,29.175,91.0521118956253,3.12089500927593,500,6.26903537407241,6.63727933200837,0.999735472697837
59.9,34,39.4,35,26,0.465,27.8535,85.3593065076307,3.06458098650549,498.419558425527,6.03596461944424,6.30615573730051,0.999558829738818
61.45,34,39.4,35,25,0.45,27.6525,85.8171711229427,3.10341456009195,493.245004827422,5.97843236614994,6.17555553123264,0.83073863020278
63,34,39.4,35,14,0.505,31.815,105.112059848354,3.30385226617488,455.763882106689,6.38006093145861,6.87569692611261,0.900497908995254
47.5,34.5,39.4,35,0,NaN,NaN,NaN,NaN,NaN,NaN,NaN,NaN
49.05,34.5,39.4,35,14,0.54,26.487,122.471037278659,4.6238168640714,500,4.36511661875787,8.05562480857885,0.870343477658261
50.6,34.5,39.4,35,19,0.545,27.577,116.41375623728,4.22140755837401,500,4.83369100110241,7.92038393522464,0.8588438974489
52.15,34.5,39.4,35,21,0.545,28.42175,111.202674692418,3.91259069875774,500,5.24692939423946,7.73771345010326,0.896535511819835
53.7,34.5,39.4,35,22,0.545,29.2665,106.993588071902,3.6558381792118,500,5.65610173637428,7.55955780949558,0.966326163794583
55.25,34.5,39.4,35,23,0.545,30.11125,103.688481195778,3.44351301243816,500,6.07175123057113,7.37914183164674,0.992776093734303
56.8,34.5,39.4,35,25,0.53,30.104,98.2751658806244,3.26452185359502,500,6.2792729484822,7.05193900192376,0.999373923697918
58.35,34.5,39.4,35,27,0.5,29.175,90.8608928951219,3.11434080188935,500,6.24365121106882,6.61982203155252,0.999758067849922
59.9,34.5,39.4,35,26,0.465,27.8535,85.1281787206123,3.05628300646642,498.401573447058,6.01716382577926,6.28583076123505,0.999619981822392
61.45,34.5,39.4,35,25,0.45,27.6525,85.5185826204808,3.09261667554401,492.033685371451,5.93553321004539,6.17346867933897,0.873893633414352
63,34.5,39.4,35,14,0.505,31.815,105.203160175907,3.30671570567049,454.929151321876,6.32052734374183,6.86922594255012,0.906174966086513
47.5,35,39.4,35,0,NaN,NaN,NaN,NaN,NaN,NaN,NaN,NaN
49.05,35,39.4,35,14,0.54,26.487,121.55856098743,4.58936689649375,500,4.36338557218775,8.01084522608522,0.891799666353369
50.6,35,39.4,35,19,0.545,27.577,115.656045685322,4.19393138069121,500,4.82813182453373,7.88018651772181,0.860442749571164
52.15,35,39.4,35,21,0.545,28.42175,110.578729435678,3.89063760801773,500,5.23740886484445,7.70219516569672,0.89378258066712
53.7,35,39.4,35,22,0.545,29.2665,106.485597401939,3.63848076817996,500,5.64234804199052,7.52907718969664,0.965137286195841
55.25,35,39.4,35,23,0.545,30.11125,103.284312401587,3.43009049446924,500,6.05536395266442,7.35242001229637,0.992277420986989
56.8,35,39.4,35,25,0.525,29.82,97.090028353224,3.25586949541328,500,6.20320864725712,6.97891716138933,0.999554069643014
58.35,35,39.4,35,27,0.5,29.175,90.7297153632851,3.10984457114945,500,6.21696368324593,6.6046602398556,0.999778868457747
59.9,35,39.4,35,27,0.465,27.8535,84.9086126077874,3.0484001151664,498.398777695514,5.99853496338151,6.26613257631335,0.999670134134466
61.45,35,39.4,35,25,0.45,27.6525,85.2245246612452,3.08198262946371,491.255087113356,5.89936887928572,6.16377910540338,0.896436624153666
63,35,39.4,35,15,0.5,31.5,103.101416490318,3.27306084096246,456.788288277714,6.26737265275619,6.78334461474471,0.807338106341397
47.5,35.5,39.4,35,0,NaN,NaN,NaN,NaN,NaN,NaN,NaN,NaN
49.05,35.5,39.4,35,14,0.54,26.487,120.677718544415,4.55611124492826,500,4.36141507394781,7.96738903598229,0.901272375602642
50.6,35.5,39.4,35,19,0.545,27.577,114.924694453419,4.1674110473735,500,4.82239738317808,7.84118353042719,0.859919562427516
52.15,35.5,39.4,35,21,0.545,28.42175,109.976716534902,3.86945619234926,500,5.22773027122282,7.66778483439089,0.889538455823379
53.7,35.5,39.4,35,22,0.545,29.2665,105.995517370905,3.62173534146225,500,5.62853295866232,7.49946081882997,0.963026294776148
55.25,35.5,39.4,35,23,0.55,30.3875,103.830468856926,3.41688091672318,500,6.10159752957202,7.37752040664763,0.950642076946151
56.8,35.5,39.4,35,25,0.525,29.82,96.767987690389,3.24507000973806,500,6.18046866022495,6.95650632699376,0.999568579596956
58.35,35.5,39.4,35,27,0.495,28.88325,89.6514436182636,3.1039250644669,500,6.13358117376883,6.54422825663547,0.999836746132902
59.9,35.5,39.4,35,27,0.465,27.8535,84.6952458219542,3.04073979291487,498.406739418255,5.98007841175017,6.24693347846891,0.999713135106485
61.45,35.5,39.4,35,26,0.45,27.6525,84.9374413332035,3.07160080763777,490.888603771514,5.86881770778313,6.1495502656354,0.908057312356913
63,35.5,39.4,35,15,0.5,31.5,103.207256116374,3.27642082909124,456.097432014497,6.21547528843537,6.77688390176213,0.815678327119488
47.5,36,39.4,35,0,NaN,NaN,NaN,NaN,NaN,NaN,NaN,NaN
49.05,36,39.4,35,14,0.54,26.487,119.827061856211,4.52399523752071,500,4.35924057623674,7.92519816834047,0.903643506074764
50.6,36,39.4,35,19,0.545,27.577,114.218532253442,4.14180412131277,500,4.81648406014695,7.80334623102682,0.858065531965956
52.15,36,39.4,35,22,0.545,28.42175,109.395746680035,3.84901516198105,500,5.21789175507521,7.6344412223578,0.88410598090156
53.7,36,39.4,35,23,0.545,29.2665,105.522633626713,3.605577490534,500,5.61466797583657,7.47063721914925,0.959978903156948
55.25,36,39.4,35,24,0.55,30.3875,103.428853156946,3.40366443955395,500,6.08395080708473,7.35146732571688,0.944159252911377
56.8,36,39.4,35,26,0.525,29.82,96.5048656516856,3.23624633305451,500,6.15571835455363,6.93655089835582,0.999580115958658
58.35,36,39.4,35,28,0.495,28.88325,89.4343279350143,3.09640805432264,500,6.11011968510519,6.52719254668639,0.999853976865596
59.9,36,39.4,35,27,0.465,27.8535,84.4809468658162,3.03304600376312,498.421447309575,5.96177532311353,6.22810513092388,0.999751338651012
61.45,36,39.4,35,26,0.45,27.6525,84.6595203240549,3.06155032362553,490.806295266212,5.84283849439587,6.13281613385357,0.913761875411849
63,36,39.4,35,15,0.5,31.5,103.299641818068,3.27935370851009,455.438307586353,6.16859280319892,6.77041474701281,0.821394097305136
47.5,36.5,39.4,35,0,NaN,NaN,NaN,NaN,NaN,NaN,NaN,NaN
49.05,36.5,39.4,35,14,0.54,26.487,119.00523600082,4.49296772004457,500,4.35688752762122,7.88421661561637,0.901385489007435
50.6,36.5,39.4,35,19,0.545,27.577,113.536481165111,4.11707151485334,500,4.81038187163465,7.76664188034963,0.855506162419722
52.15,36.5,39.4,35,22,0.545,28.42175,108.834996864944,3.82928556000049,500,5.20789190921806,7.602123061019,0.877779150429721
53.7,36.5,39.4,35,23,0.545,29.2665,105.066272535677,3.58998419816778,500,5.60076735095645,7.44254143395771,0.955955193672215
55.25,36.5,39.4,35,24,0.55,30.3875,103.04658095795,3.39108452350308,500,6.06571776075288,7.32653113488044,0.935930072907731
56.8,36.5,39.4,35,26,0.525,29.82,96.3162517347116,3.2299212520024,500,6.12861839914799,6.91943527571238,0.999589057537445
58.35,36.5,39.4,35,28,0.495,28.88325,89.2723674023903,3.09080063366797,500,6.08570500488485,6.51215679109632,0.999869857303203
59.9,36.5,39.4,35,27,0.465,27.8535,84.2580900906995,3.02504497067512,498.441023871724,5.94358167855174,6.20953800575149,0.999786066112446
61.45,36.5,39.4,35,26,0.445,27.34525,83.4452494407897,3.05154458053189,492.864408397599,5.79104960506135,6.06853727536773,0.848035093623145
63,36.5,39.4,35,15,0.5,31.5,103.384571530847,3.28204988986817,454.765749559645,6.12540803766216,6.76408601030131,0.825628119060376
47.5,37,39.4,35,0,NaN,NaN,NaN,NaN,NaN,NaN,NaN,NaN
49.05,37,39.4,35,14,0.54,26.487,118.210980640841,4.46298110925514,500,4.3543703213886,7.84439592230176,0.895986271586495
50.6,37,39.4,35,19,0.545,27.577,112.877547514137,4.0931771952764,500,4.80407753165538,7.73103435560591,0.852763223791561
52.15,37,39.4,35,22,0.545,28.42175,108.293703482594,3.81024051941187,500,5.19773202371056,7.57078936891095,0.870851651241964
53.7,37,39.4,35,23,0.545,29.2665,104.625796106669,3.57493366499817,500,5.58684951957739,7.41511865394107,0.950898968598867
55.25,37,39.4,35,24,0.55,30.3875,102.692653869421,3.37943739594967,500,6.0467106869826,7.30309199255132,0.925776556391462
56.8,37,39.4,35,26,0.52,29.536,95.1146907546426,3.22029695133541,500,6.05751117940649,6.84768811542994,0.999722144103253
58.35,37,39.4,35,28,0.495,28.88325,89.1704241014647,3.08727113816709,500,6.06014511846233,6.49911150915052,0.999884343124552
59.9,37,39.4,35,28,0.465,27.8535,84.021300286338,3.01654371214885,498.467387192616,5.9254230502878,6.1911682850968,0.999817893556274
61.45,37,39.4,35,26,0.445,27.34525,83.1778852161007,3.0417672252439,492.906862095203,5.76779754756682,6.05160726547599,0.857413224809387
63,37,39.4,35,15,0.5,31.5,103.466681454714,3.28465655411789,454.075717519922,6.08475508804923,6.75796430165504,0.829270596858955
47.5,37.5,39.4,35,0,NaN,NaN,NaN,NaN,NaN,NaN,NaN,NaN
49.05,37.5,39.4,35,14,0.54,26.487,117.443127248946,4.4339912881393,500,4.35169320499035,7.80569496812259,0.888601680891696
50.6,37.5,39.4,35,19,0.545,27.577,112.240813603724,4.07008788496661,500,4.79755732059892,7.69648497183163,0.850283716259334
52.15,37.5,39.4,35,22,0.545,28.42175,107.771156277724,3.79185505036544,500,5.1874179204168,7.54039953920088,0.863615230562346
53.7,37.5,39.4,35,24,0.545,29.2665,104.20059749613,3.56040515593357,500,5.57293806187032,7.38832817807487,0.944746720608096
55.25,37.5,39.4,35,25,0.545,30.11125,101.429636417194,3.36849637318922,500,5.97186519413313,7.22728578680052,0.985678740852172
56.8,37.5,39.4,35,27,0.52,29.536,94.8573482306893,3.21158410856884,500,6.03385749196751,6.82894547157075,0.999734381857615
58.35,37.5,39.4,35,28,0.49,28.5915,88.1928854464596,3.08458407031669,500,5.9783005766096,6.44188270770609,0.999923414707608
59.9,37.5,39.4,35,28,0.47,28.153,84.6717057896283,3.0075553507487,496.894095971997,5.9553785414294,6.21398645131362,0.999865296064942
61.45,37.5,39.4,35,26,0.445,27.34525,82.9226356570945,3.03243289628343,492.998691856182,5.74751479946778,6.03394174627005,0.864122353446058
63,37.5,39.4,35,15,0.5,31.5,103.549059950732,3.28727174446769,453.380254641981,6.04570977981649,6.75205990019835,0.832959412441012
47.5,38,39.4,35,0,NaN,NaN,NaN,NaN,NaN,NaN,NaN,NaN
49.05,38,39.4,35,14,0.54,26.487,116.700593638538,4.40595739942381,500,4.34885219168709,7.76807707843624,0.880345027748903
50.6,38,39.4,35,20,0.545,27.577,111.625429760753,4.0477727729903,500,4.79080962998536,7.6629532658265,0.84845006354078
52.15,38,39.4,35,22,0.545,28.42175,107.266693165549,3.77410585785705,500,5.17696137239408,7.51091327420211,0.856352040058479
53.7,38,39.4,35,24,0.545,29.2665,103.790097014393,3.54637886369715,500,5.55906216012165,7.36214694873472,0.937437647837466
55.25,38,39.4,35,25,0.545,30.11125,101.09065237236,3.35723865240932,500,5.95427244519077,7.20437783931509,0.983248557933336
56.8,38,39.4,35,27,0.52,29.536,94.6629071072086,3.20500091776844,500,6.0081965901673,6.81283007674531,0.999745761576611
58.35,38,39.4,35,29,0.49,28.5915,87.9898113172839,3.07748146537551,500,5.95649963400841,6.42654227407498,0.999933744070234
59.9,38,39.4,35,28,0.465,27.8535,83.5165120932253,2.99842074041773,498.567318956203,5.88874225686189,6.15519709960499,0.999872872586152
61.45,38,39.4,35,26,0.445,27.34525,82.679754779959,3.02355088287578,493.083653868553,5.72955538762954,6.01610022603062,0.87038780262271
63,38,39.4,35,15,0.5,31.5,103.633433215527,3.28995026081038,452.692453692471,6.00762248979822,6.74634726468396,0.837092779837795
47.5,38.5,39.4,35,0,NaN,NaN,NaN,NaN,NaN,NaN,NaN,NaN
49.05,38.5,39.4,35,14,0.54,26.487,115.982376948909,4.37884158073429,500,4.34583719353194,7.73150692817978,0.872365548241188
50.6,38.5,39.4,35,20,0.545,27.577,111.030606994856,4.02620324889784,500,4.78382720788324,7.63039761916018,0.847577225637686
52.15,38.5,39.4,35,23,0.545,28.42175,106.779695877617,3.75697118853052,500,5.16638111672272,7.48229044347552,0.849323897519807
53.7,38.5,39.4,35,24,0.545,29.2665,103.393738561106,3.53283578702974,500,5.54525649281568,7.33657160431513,0.928925740411239
55.25,38.5,39.4,35,25,0.545,30.11125,100.770409895596,3.34660334245826,500,5.93605820547665,7.18286226185604,0.980318789491676
56.8,38.5,39.4,35,26,0.515,29.252,93.5614936911877,3.19846484654682,500,5.93673793480944,6.74638607856401,0.999842995991787
58.35,38.5,39.4,35,29,0.49,28.5915,87.8361393397471,3.072106721919,500,5.93396920224117,6.41291081118904,0.999942646106094
59.9,38.5,39.4,35,28,0.465,27.8535,83.2738170627792,2.98970747169222,498.653554084348,5.86990254132308,6.13799061878776,0.999895590345639
61.45,38.5,39.4,35,27,0.44,27.038,81.4608527499321,3.01282834344005,495.233740097041,5.67572744472294,5.95820497902611,0.810590467708899
63,38.5,39.4,35,15,0.5,31.5,103.720449755421,3.29271269064827,452.020928905075,5.97009824893832,6.74078056951103,0.841859632865212
47.5,39,39.4,35,0,NaN,NaN,NaN,NaN,NaN,NaN,NaN,NaN
49.05,39,39.4,35,14,0.54,26.487,115.287545939533,4.35260867367134,500,4.34263406746124,7.69594839278815,0.865780693103984
50.6,39,39.4,35,20,0.545,27.577,110.455610445068,4.0053526650857,500,4.77660914303922,7.59877567732312,0.847899588998333
52.15,39,39.4,35,23,0.545,28.42175,106.30958636419,3.74043070409774,500,5.15570342863541,7.45449092918465,0.842760092480521
53.7,39,39.4,35,24,0.545,29.2665,103.010986432631,3.51975762160255,500,5.53156050792646,7.31161795674962,0.919194014241766
55.25,39,39.4,35,26,0.54,29.835,99.5423263973364,3.33642790002804,500,5.86166938326588,7.11044295678793,0.995518064573665
56.8,39,39.4,35,26,0.515,29.252,93.3115662839381,3.18992090400445,500,5.91478256660062,6.72857317403072,0.999854679456881
58.35,39,39.4,35,29,0.49,28.5915,87.7389079227041,3.06870601132169,500,5.91042597864421,6.40099501251222,0.999950256687941
59.9,39,39.4,35,28,0.465,27.8535,83.0615064375041,2.98208506785517,498.757118828968,5.8504750499722,6.12178206177707,0.999914920750885
61.45,39,39.4,35,27,0.44,27.038,81.2385028851523,3.00460473722732,495.310191105962,5.65861680334819,5.94112443052726,0.832145417036943
63,39,39.4,35,15,0.5,31.5,103.809949010894,3.29555393685379,451.369425829515,5.93294388433248,6.73530488686039,0.847285141698927
47.5,39.5,39.4,35,0,NaN,NaN,NaN,NaN,NaN,NaN,NaN,NaN
49.05,39.5,39.4,35,14,0.54,26.487,114.615233204937,4.32722592988777,500,4.33922663488222,7.66136352200163,0.861518091601445
50.6,39.5,39.4,35,20,0.545,27.577,109.899753698144,3.98519613076638,500,4.76916257260163,7.56804456906717,0.84955150458474
52.15,39.5,39.4,35,23,0.545,28.42175,105.855823862256,3.72446537817888,500,5.14496217336331,7.42747450497978,0.836844747484534
53.7,39.5,39.4,35,25,0.545,29.2665,102.641322467317,3.50712666247474,500,5.51801702559597,7.28731718003893,0.908269448573312
55.25,39.5,39.4,35,26,0.54,29.835,99.2377939743133,3.32622067954796,500,5.84493763220605,7.08933419838159,0.994932305728198
56.8,39.5,39.4,35,27,0.515,29.252,93.1052381310977,3.18286743234985,500,5.89129329902773,6.71311370982738,0.999865503486655
58.35,39.5,39.4,35,29,0.49,28.5915,87.7004310035754,3.0673602645393,499.373764268472,5.88550109220538,6.39069026556488,0.999956730996441
59.9,39.5,39.4,35,29,0.465,27.8535,82.8942131218002,2.97607888135424,498.848274160552,5.83025404921224,6.1070217874766,0.999930927911403
61.45,39.5,39.4,35,27,0.44,27.038,81.0274950289515,2.99680061502151,495.370284517999,5.64295046645791,5.92424873947483,0.85283277264165
63,39.5,39.4,35,15,0.5,31.5,103.901179724446,3.29845014998241,450.738219248157,5.89610526961423,6.72986377795224,0.853283146627182
47.5,40,39.4,35,0,NaN,NaN,NaN,NaN,NaN,NaN,NaN,NaN
49.05,40,39.4,35,13,0.54,26.487,113.964627727178,4.30266272991195,500,4.33559883400248,7.62771236728219,0.860139038702549
50.6,40,39.4,35,20,0.545,27.577,109.362393998216,3.96571033826074,500,4.76150403184436,7.53816095475677,0.852548056747457
52.15,40,39.4,35,23,0.545,28.42175,105.417902526179,3.70905741293829,500,5.1341982174958,7.40120077610615,0.831705078049041
53.7,40,39.4,35,25,0.545,29.2665,102.284243526883,3.49492571803539,500,5.50467015430853,7.26370879211711,0.896235509816162
55.25,40,39.4,35,26,0.54,29.835,98.9466864953679,3.31646343205523,500,5.82776093912127,7.06949032586595,0.994261467059671
56.8,40,39.4,35,27,0.515,29.252,92.9607293031549,3.17792729738667,499.645535212173,5.86619517730309,6.70011894033922,0.999875494323086
58.35,40,39.4,35,30,0.485,28.29975,86.6901846798756,3.06328446999976,500,5.80952585993015,6.33230026929088,0.999973799944406
59.9,40,39.4,35,29,0.465,27.8535,82.7797242453873,2.97196848673909,498.87273133115,5.80904095637209,6.09410542974401,0.999943859524937
61.45,40,39.4,35,28,0.435,26.73075,79.8463816466428,2.98706103070968,497.618325414989,5.57756835752757,5.87307145925815,0.826019159443695
63,40,39.4,35,16,0.495,31.185,101.930685787501,3.26858059283312,452.767953968135,5.85444813182357,6.64500636849725,0.802927789304312
47.5,40.5,39.4,35,0,NaN,NaN,NaN,NaN,NaN,NaN,NaN,NaN
49.05,40.5,39.4,35,13,0.54,26.487,113.334968032119,4.27889032476757,500,4.3317370647392,7.59495330521808,0.861722536878045
50.6,40.5,39.4,35,20,0.545,27.577,108.842928323659,3.94687342073682,500,4.75366030859889,7.50908094417544,0.856774555954132
52.15,40.5,39.4,35,23,0.545,28.42175,104.995349511266,3.69419017165607,500,5.12345807992952,7.37562919305159,0.82740261675638
53.7,40.5,39.4,35,25,0.545,29.2665,101.93925935642,3.48313803688243,500,5.49156257020088,7.24083149613257,0.883238119483704
55.25,40.5,39.4,35,25,0.54,29.835,98.6746633026575,3.30734584557257,500,5.80993821600329,7.0511877335802,0.993498953486759
56.8,40.5,39.4,35,27,0.51,28.968,91.8868918361713,3.17201366460133,500,5.79905969970282,6.63466976914599,0.999932481078208
58.35,40.5,39.4,35,29,0.485,28.29975,86.5337546323653,3.05775685765299,500,5.78946820896177,6.3192511477984,0.999977377776969
59.9,40.5,39.4,35,29,0.465,27.8535,82.7196422481215,2.96981141501504,498.760722831549,5.78665939365387,6.08324703758956,0.999954088434021
61.45,40.5,39.4,35,28,0.455,27.95975,83.2738321626768,2.9783468079177,489.3168270042,5.74294405586041,6.0082050967883,0.961184422554547
63,40.5,39.4,35,16,0.495,31.185,102.030433556445,3.27177917448916,452.151872843875,5.81924051472037,6.6394254501383,0.815984903056108
47.5,41,39.4,35,0,NaN,NaN,NaN,NaN,NaN,NaN,NaN,NaN
49.05,41,39.4,35,13,0.54,26.487,112.725536101965,4.25588160614509,500,4.32763263707995,7.56304356740195,0.865867697868978
50.6,41,39.4,35,20,0.545,27.577,108.340790278685,3.92866483949251,500,4.74566862865252,7.48075992875386,0.861992296972218
52.15,41,39.4,35,23,0.545,28.42175,104.587723397216,3.67984812325827,500,5.11279174264714,7.35071914425895,0.823929689799547
53.7,41,39.4,35,25,0.545,29.2665,101.605890925765,3.47174725114945,500,5.47873230021889,7.218713713661,0.86948141113715
55.25,41,39.4,35,26,0.54,29.835,98.4305990134776,3.2991653766877,500,5.79121613043301,7.0345534175236,0.992638468920088
56.8,41,39.4,35,28,0.51,28.968,91.6736920824675,3.16465382775709,500,5.77829849359869,6.61946405960636,0.999939135089039
58.35,41,39.4,35,29,0.485,28.29975,86.424614685573,3.05390028836202,500,5.76843651551252,6.30768621563261,0.999980344655869
59.9,41,39.4,35,29,0.46,27.554,81.7628207248967,2.96736665184353,500,5.71483044175365,6.02932897855386,0.999951451785857
61.45,41,39.4,35,29,0.45,27.6525,82.0905526423088,2.96864849985747,491.30197567747,5.68841245872722,5.94879391627082,0.948714405026249
63,41,39.4,35,16,0.495,31.185,102.130931573016,3.27500181410986,451.553412318952,5.78431831933478,6.63377770170081,0.828686551021426
47.5,41.5,39.4,35,0,NaN,NaN,NaN,NaN,NaN,NaN,NaN,NaN
49.05,41.5,39.4,35,13,0.54,26.487,112.135652113322,4.23361090774048,500,4.32328413192387,7.53193979086308,0.871822035493824
50.6,41.5,39.4,35,20,0.545,27.577,107.85544773029,3.91106529826631,500,4.73757598771319,7.45315237423741,0.867863674097342
52.15,41.5,39.4,35,24,0.545,28.42175,104.194612836876,3.66601679477428,500,5.10224962625897,7.32643013902768,0.821212636474652
53.7,41.5,39.4,35,25,0.545,29.2665,101.283669436762,3.46073734258492,500,5.46620924975245,7.19736581815765,0.855211962057548
55.25,41.5,39.4,35,26,0.535,29.55875,97.2705362316669,3.290752695282,500,5.72271496129183,6.96258407452989,0.998376836495806
56.8,41.5,39.4,35,28,0.51,28.968,91.501913058766,3.15872386974475,500,5.75648373897696,6.60648575035704,0.999944985722341
58.35,41.5,39.4,35,29,0.485,28.29975,86.3685680482228,3.05191982431727,499.613988294341,5.74603640090916,6.29751791942767,0.999982808866447
59.9,41.5,39.4,35,30,0.46,27.554,81.6559026508372,2.96348634139643,500,5.6949130050968,6.01821700402451,0.999959459218184
61.45,41.5,39.4,35,29,0.45,27.6525,81.8384385928581,2.95953127539492,491.429628502736,5.67354259231598,5.93311975079657,0.955328983285797
63,41.5,39.4,35,19,0.44,27.72,83.0050543392599,2.99441032969913,482.871279942717,5.64525509069618,5.88814177016213,0.816610774157902
47.5,42,39.4,35,0,NaN,NaN,NaN,NaN,NaN,NaN,NaN,NaN
49.05,42,39.4,35,13,0.54,26.487,111.564670011378,4.21205383816128,500,4.31869944657275,7.50159849144625,0.878685540918234
50.6,42,39.4,35,20,0.545,27.577,107.386401112313,3.89405668173889,500,4.72943747019673,7.42621161918699,0.873993145956945
52.15,42,39.4,35,24,0.545,28.42175,103.815635314815,3.65268272765804,500,5.09187885856081,7.3027221065047,0.819121653222853
53.7,42,39.4,35,26,0.545,29.2665,100.972136290987,3.45009264144966,500,5.45401179971397,7.17677554963086,0.840693721378821
55.25,42,39.4,35,26,0.535,29.55875,97.0151414246098,3.28211245146056,500,5.70643856659402,6.945506365387,0.998265833046921
56.8,42,39.4,35,28,0.51,28.968,91.3868498418316,3.15475178962412,499.535161795606,5.73360743057367,6.59556085639501,0.999950095993061
58.35,42,39.4,35,30,0.485,28.29975,86.367196391818,3.05187135546491,498.920329113358,5.72194647376322,6.28855695582585,0.999984856004762
59.9,42,39.4,35,30,0.46,27.554,81.5844081014093,2.96089163465955,500,5.67414873597467,6.00877870164095,0.999965429141849
61.45,42,39.4,35,30,0.445,27.34525,80.7136037401267,2.95164987484579,493.515673249047,5.62062953199228,5.87706402665647,0.949233883934856
63,42,39.4,35,21,0.445,28.035,83.6736021494818,2.98461216869919,480.806693336765,5.65063934642016,5.93415079967882,0.821173424930598
47.5,42.5,39.4,35,0,NaN,NaN,NaN,NaN,NaN,NaN,NaN,NaN
49.05,42.5,39.4,35,13,0.54,26.487,111.011973891302,4.19118714430859,500,4.31389730024291,7.47197642335927,0.885609725905269
50.6,42.5,39.4,35,20,0.545,27.577,106.933182314804,3.87762201525923,500,4.7213134651114,7.39988972266708,0.879974704874841
52.15,42.5,39.4,35,24,0.545,28.42175,103.450435899156,3.63983343387216,500,5.08171910930793,7.27955584439978,0.817485461067894
53.7,42.5,39.4,35,26,0.545,29.2665,100.670844458578,3.43979787328783,500,5.4421438404146,7.15690709086151,0.826179050958845
55.25,42.5,39.4,35,27,0.535,29.55875,96.7792510104597,3.27413205938884,500,5.68949254608919,6.92992780552335,0.998143530479122
56.8,42.5,39.4,35,28,0.505,28.684,90.3963449869789,3.15145534050268,500,5.66864075019,6.53093563055753,0.999973917684658
58.35,42.5,39.4,35,30,0.48,28.008,85.3754072727155,3.04825075952283,500,5.65205844220806,6.22959796266852,0.999990453212521
59.9,42.5,39.4,35,30,0.46,27.554,81.552169756917,2.95972162868974,500,5.65245278576013,6.00080080951337,0.999969793863306
61.45,42.5,39.4,35,30,0.445,27.34525,80.4579637690063,2.94230126873977,493.655693111483,5.60619199193972,5.86204277716885,0.957533213547285
63,42.5,39.4,35,23,0.44,27.72,82.5004664679479,2.97620730403853,482.965910785895,5.6016166804235,5.86968205497383,0.859781150426494
47.5,43,39.4,35,0,NaN,NaN,NaN,NaN,NaN,NaN,NaN,NaN
49.05,43,39.4,35,13,0.54,26.487,110.476975133094,4.1709886032051,500,4.3089079913759,7.44303082489063,0.891926462089028
50.6,43,39.4,35,20,0.545,27.577,106.495354076518,3.86174544281532,500,4.71326580935364,7.3741373998316,0.885434330975523
52.15,43,39.4,35,24,0.545,28.42175,103.098685868431,3.6274573475747,500,5.07179840277666,7.25689362233997,0.816107978291388
53.7,43,39.4,35,26,0.545,29.2665,100.379361877625,3.42983827507987,500,5.43059258974773,7.13770325154789,0.811882587732478
55.25,43,39.4,35,27,0.535,29.55875,96.5713727011704,3.26709934287378,500,5.6715838142165,6.91582527074336,0.998008089421848
56.8,43,39.4,35,28,0.505,28.684,90.210635702181,3.14498102434043,500,5.65024361713369,6.51748250623105,0.999976427457277
58.35,43,39.4,35,30,0.48,28.008,85.2502624384104,3.04378257777815,500,5.6336238361734,6.21783846929509,0.999991447001662
59.9,43,39.4,35,31,0.46,27.554,81.5613411305114,2.96005447958596,499.4249954229,5.62973417094233,5.99396471508617,0.999972895668499
61.45,43,39.4,35,30,0.445,27.34525,80.2511239692473,2.93473725671725,493.79328630319,5.59030080302718,5.84900866138988,0.964596754273148
63,43,39.4,35,25,0.44,27.72,82.2669838922282,2.96778441169654,483.173569088802,5.58190274087141,5.85834828317268,0.878351414519196
47.5,43.5,39.4,35,0,NaN,NaN,NaN,NaN,NaN,NaN,NaN,NaN
49.05,43.5,39.4,35,13,0.54,26.487,109.959110222195,4.15143693971362,500,4.3037732187138,7.41471957047947,0.897187699893632
50.6,43.5,39.4,35,20,0.545,27.577,106.072509799416,3.84641222030736,500,4.70535305191187,7.34890407431261,0.890058412410671
52.15,43.5,39.4,35,24,0.545,28.42175,102.76008109275,3.6155437681617,500,5.0621294163576,7.23469985117387,0.814784149226116
53.7,43.5,39.4,35,25,0.54,28.998,99.3800166499637,3.42713347989391,500,5.36446575573252,7.06695690041274,0.98221007040614
55.25,43.5,39.4,35,27,0.535,29.55875,96.4026467843774,3.26139118820577,500,5.65237851279152,6.90305847394317,0.997857347330224
56.8,43.5,39.4,35,28,0.505,28.684,90.062551569469,3.13981842035521,500,5.6312810242533,6.50590965926088,0.999978521546851
58.35,43.5,39.4,35,31,0.48,28.008,85.1672372745525,3.04081824030822,500,5.61395279196486,6.20732463759922,0.999992238091923
59.9,43.5,39.4,35,31,0.46,27.554,81.6116016936759,2.96187855460826,498.710956392487,5.60587955351986,5.98794146638337,0.999974991947528
61.45,43.5,39.4,35,31,0.44,27.038,79.1528736768156,2.92746777412588,495.985392491195,5.53599865149289,5.79556234423894,0.965240556549531
63,43.5,39.4,35,28,0.435,27.405,81.1308648525261,2.96044024274862,485.428179885644,5.53065191970958,5.79734365536894,0.906438563836692
47.5,44,39.4,35,0,NaN,NaN,NaN,NaN,NaN,NaN,NaN,NaN
49.05,44,39.4,35,14,0.545,26.73225,109.723617841225,4.1045410633682,500,4.34463371296355,7.43568430698499,0.808162264541466
50.6,44,39.4,35,20,0.545,27.577,105.664273705155,3.83160872122259,500,4.69762521659344,7.32413805776364,0.893604719567396
52.15,44,39.4,35,24,0.545,28.42175,102.434340045545,3.60408279031181,500,5.05270679514894,7.21294157366531,0.813312863080391
53.7,44,39.4,35,26,0.54,28.998,99.1073589740461,3.41773084261143,500,5.35368284588028,7.04859880696325,0.980573074528683
55.25,44,39.4,35,27,0.53,29.2825,95.2961481965184,3.25437200363761,500,5.59216024159408,6.83039189963189,0.999545267908841
56.8,44,39.4,35,28,0.505,28.684,89.963578930177,3.13636797274359,499.666261589192,5.61173675635989,6.49589243794706,0.999980241245369
58.35,44,39.4,35,31,0.48,28.008,85.1313879724017,3.03953827379326,499.48084348013,5.59289239849062,6.19789768451389,0.999992851126305
59.9,44,39.4,35,31,0.455,27.2545,80.7534466113509,2.96293994060984,500,5.53519558211222,5.93721405707829,0.999956541233848
61.45,44,39.4,35,31,0.44,27.038,78.9461223788118,2.91982108065729,496.13998544747,5.52062898632342,5.78286888402376,0.971133909883442
63,44,39.4,35,31,0.435,27.405,80.8925065460798,2.9517426216413,485.638260301242,5.51342343134802,5.78522964914145,0.920664861052667
47.5,44.5,39.4,35,0,NaN,NaN,NaN,NaN,NaN,NaN,NaN,NaN
49.05,44.5,39.4,35,14,0.545,26.73225,109.245675348385,4.0866621907391,500,4.3387393249212,7.40858630641458,0.822222167050466
50.6,44.5,39.4,35,20,0.545,27.577,105.27030125373,3.81732245181599,500,4.69011860915151,7.29978683600581,0.895898249045341
52.15,44.5,39.4,35,24,0.545,28.42175,102.121201319138,3.59306521657316,500,5.04350593902978,7.19158837583007,0.811506045684812
53.7,44.5,39.4,35,26,0.54,28.998,98.8437828236246,3.40864138297898,500,5.34320038409204,7.03075632166922,0.978785223853776
55.25,44.5,39.4,35,27,0.53,29.2825,95.0919037559456,3.24739703768277,500,5.57658642201088,6.81672100646184,0.999527859166921
56.8,44.5,39.4,35,28,0.505,28.684,89.922000059835,3.13491842350561,499.004203263284,5.59160081685385,6.48699930269389,0.999981619333834
58.35,44.5,39.4,35,30,0.48,28.008,85.1445398052175,3.04000784794407,498.861012822995,5.57048483099085,6.18934154981285,0.999993302719736
59.9,44.5,39.4,35,32,0.455,27.2545,80.6826861301177,2.9603436544467,500,5.51583215072158,5.92930407655859,0.999957755489268
61.45,44.5,39.4,35,31,0.44,27.038,78.8066292944165,2.91466193114936,496.252645985734,5.50370464877899,5.77244316401562,0.975818473034084
63,44.5,39.4,35,31,0.435,27.405,80.6852275965025,2.94417907668318,485.800160023351,5.4960439446963,5.77359803271474,0.932819223322445
47.5,45,39.4,35,0,NaN,NaN,NaN,NaN,NaN,NaN,NaN,NaN
49.05,45,39.4,35,15,0.545,26.73225,108.783253938036,4.06936393075912,500,4.33292400323907,7.3819373452419,0.833172756257283
50.6,45,39.4,35,21,0.545,27.577,104.89027974268,3.80354207283897,500,4.68285132242517,7.27579739650699,0.896817722726092
52.15,45,39.4,35,25,0.545,28.42175,101.820420515434,3.58248244796448,500,5.03448355190664,7.17061127437705,0.809194081623906
53.7,45,39.4,35,26,0.54,28.998,98.5889543898721,3.39985358955349,500,5.33295824839702,7.01333908851159,0.976821113941919
55.25,45,39.4,35,28,0.53,29.2825,94.9160118204377,3.24139031231752,500,5.56000113256139,6.80419011869385,0.999505563430949
56.8,45,39.4,35,29,0.5,28.4,88.9193531073043,3.13096313758114,500,5.5303108558862,6.41956674369325,0.999989407807978
58.35,45,39.4,35,30,0.475,27.71625,84.2335011068239,3.03913772991743,500,5.50526042494319,6.13159317768227,0.999994904623811
59.9,45,39.4,35,32,0.455,27.2545,80.6513755230906,2.95919483105875,500,5.49571130723919,5.92191312488606,0.999958046477024
61.45,45,39.4,35,32,0.435,26.73075,77.7904475074607,2.91014833132107,498.574511044915,5.44287816172961,5.72271790817259,0.977017271933395
63,45,39.4,35,31,0.43,27.09,79.5456827534174,2.93634856970902,488.190085140543,5.44588725266195,5.71590550478367,0.946991891378587
47.5,20,39.7,35,0,NaN,NaN,NaN,NaN,NaN,NaN,NaN,NaN
49.05,20,39.7,35,0,NaN,NaN,NaN,NaN,NaN,NaN,NaN,NaN
50.6,20,39.7,35,0,NaN,NaN,NaN,NaN,NaN,NaN,NaN,NaN
52.15,20,39.7,35,0,NaN,NaN,NaN,NaN,NaN,NaN,NaN,NaN
53.7,20,39.7,35,0,NaN,NaN,NaN,NaN,NaN,NaN,NaN,NaN
55.25,20,39.7,35,0,NaN,NaN,NaN,NaN,NaN,NaN,NaN,NaN
56.8,20,39.7,35,0,NaN,NaN,NaN,NaN,NaN,NaN,NaN,NaN
58.35,20,39.7,35,4,0.535,31.21725,115.70332658878,3.70639074834523,500,7.38995666666848,8.12554790378184,0.858687096783706
59.9,20,39.7,35,7,0.53,31.747,114.720726169819,3.61359265977316,492.620192599986,7.68546756093826,7.89324993160606,0.857665749813728
61.45,20,39.7,35,7,0.54,33.183,121.683176060082,3.66703360335357,486.964360221502,8.51298583024433,7.18216177140587,0.840507383570626
63,20,39.7,35,4,0.555,34.965,131.234309715435,3.75330501116645,472.822798449739,9.20278572679616,7.75106365138563,0.832601577916713
47.5,20.5,39.7,35,0,NaN,NaN,NaN,NaN,NaN,NaN,NaN,NaN
49.05,20.5,39.7,35,0,NaN,NaN,NaN,NaN,NaN,NaN,NaN,NaN
50.6,20.5,39.7,35,0,NaN,NaN,NaN,NaN,NaN,NaN,NaN,NaN
52.15,20.5,39.7,35,0,NaN,NaN,NaN,NaN,NaN,NaN,NaN,NaN
53.7,20.5,39.7,35,0,NaN,NaN,NaN,NaN,NaN,NaN,NaN,NaN
55.25,20.5,39.7,35,0,NaN,NaN,NaN,NaN,NaN,NaN,NaN,NaN
56.8,20.5,39.7,35,0,NaN,NaN,NaN,NaN,NaN,NaN,NaN,NaN
58.35,20.5,39.7,35,5,0.53,30.9255,113.576261471127,3.67257640041799,500,7.29375841359835,8.02041788960182,0.930219481499748
59.9,20.5,39.7,35,8,0.525,31.4475,112.460511848935,3.57613520467238,493.54431351462,7.5956593505115,7.79781139909468,0.888302738787671
61.45,20.5,39.7,35,8,0.54,33.183,120.697870320847,3.63734051534964,486.161837741687,8.37709346870259,7.31999959632868,0.916802369886896
63,20.5,39.7,35,5,0.55,34.65,128.688974133131,3.71396750744967,473.971675752805,9.17244390706582,7.53646169633469,0.862902010110914
47.5,21,39.7,35,0,NaN,NaN,NaN,NaN,NaN,NaN,NaN,NaN
49.05,21,39.7,35,0,NaN,NaN,NaN,NaN,NaN,NaN,NaN,NaN
50.6,21,39.7,35,0,NaN,NaN,NaN,NaN,NaN,NaN,NaN,NaN
52.15,21,39.7,35,0,NaN,NaN,NaN,NaN,NaN,NaN,NaN,NaN
53.7,21,39.7,35,0,NaN,NaN,NaN,NaN,NaN,NaN,NaN,NaN
55.25,21,39.7,35,0,NaN,NaN,NaN,NaN,NaN,NaN,NaN,NaN
56.8,21,39.7,35,3,0.53,30.104,118.970864042884,3.95199521800705,500,6.7359464085212,8.29675746675502,0.870713166737731
58.35,21,39.7,35,6,0.53,30.9255,112.566337211696,3.63991971711681,500,7.26326717315674,7.95088724576848,0.956941345418614
59.9,21,39.7,35,9,0.52,31.148,110.277729753803,3.54044335924628,494.483789676751,7.50249890566015,7.69737790986196,0.906319368413706
61.45,21,39.7,35,9,0.535,32.87575,118.66155764178,3.60939469492803,486.894089735115,8.28936369630897,7.14689893319232,0.926246041685269
63,21,39.7,35,6,0.545,34.335,126.380516547196,3.68080723888732,475.068815875692,9.13421756686062,7.30283256448701,0.876177275220761
47.5,21.5,39.7,35,0,NaN,NaN,NaN,NaN,NaN,NaN,NaN,NaN
49.05,21.5,39.7,35,0,NaN,NaN,NaN,NaN,NaN,NaN,NaN,NaN
50.6,21.5,39.7,35,0,NaN,NaN,NaN,NaN,NaN,NaN,NaN,NaN
52.15,21.5,39.7,35,0,NaN,NaN,NaN,NaN,NaN,NaN,NaN,NaN
53.7,21.5,39.7,35,0,NaN,NaN,NaN,NaN,NaN,NaN,NaN,NaN
55.25,21.5,39.7,35,0,NaN,NaN,NaN,NaN,NaN,NaN,NaN,NaN
56.8,21.5,39.7,35,5,0.535,30.388,118.531782937674,3.9006115222349,500,6.78520608398398,8.27114846762288,0.836609885654827
58.35,21.5,39.7,35,8,0.53,30.9255,111.603883508161,3.60879803101522,500,7.23398783980895,7.88435182989137,0.972372962047747
59.9,21.5,39.7,35,10,0.515,30.8485,108.171411323007,3.50653715166075,495.451225046077,7.40573142364455,7.59553968530233,0.905606625090311
61.45,21.5,39.7,35,9,0.535,32.87575,117.76670374264,3.58217542543183,485.897867142995,8.15163283318138,7.27308185531549,0.963446242461189
63,21.5,39.7,35,7,0.54,34.02,124.285625030288,3.65331055350641,475.950696352625,9.08872038587925,7.0569610547753,0.862233289295073
47.5,22,39.7,35,0,NaN,NaN,NaN,NaN,NaN,NaN,NaN,NaN
49.05,22,39.7,35,0,NaN,NaN,NaN,NaN,NaN,NaN,NaN,NaN
50.6,22,39.7,35,0,NaN,NaN,NaN,NaN,NaN,NaN,NaN,NaN
52.15,22,39.7,35,0,NaN,NaN,NaN,NaN,NaN,NaN,NaN,NaN
53.7,22,39.7,35,0,NaN,NaN,NaN,NaN,NaN,NaN,NaN,NaN
55.25,22,39.7,35,0,NaN,NaN,NaN,NaN,NaN,NaN,NaN,NaN
56.8,22,39.7,35,6,0.535,30.388,117.413836919654,3.86382246017025,500,6.76330562624762,8.20761320162811,0.883405661526301
58.35,22,39.7,35,9,0.53,30.9255,110.685246605127,3.579093195102,500,7.20575612599954,7.82095309245003,0.981715786939223
59.9,22,39.7,35,11,0.51,30.549,106.14364180433,3.47453735979345,496.454303429425,7.30580531018383,7.495001626692,0.876436204952765
61.45,22,39.7,35,10,0.53,32.5685,115.811381246011,3.55593230409787,486.695372370971,8.05992294315388,7.12131431120707,0.961791713665107
63,22,39.7,35,8,0.54,34.02,123.408826535052,3.6275375230762,475.29343965568,8.99495026082558,7.21139757327497,0.929453618106718
47.5,22.5,39.7,35,0,NaN,NaN,NaN,NaN,NaN,NaN,NaN,NaN
49.05,22.5,39.7,35,0,NaN,NaN,NaN,NaN,NaN,NaN,NaN,NaN
50.6,22.5,39.7,35,0,NaN,NaN,NaN,NaN,NaN,NaN,NaN,NaN
52.15,22.5,39.7,35,0,NaN,NaN,NaN,NaN,NaN,NaN,NaN,NaN
53.7,22.5,39.7,35,0,NaN,NaN,NaN,NaN,NaN,NaN,NaN,NaN
55.25,22.5,39.7,35,0,NaN,NaN,NaN,NaN,NaN,NaN,NaN,NaN
56.8,22.5,39.7,35,7,0.535,30.388,116.346924204808,3.82871278810082,500,6.74197301511887,8.14569344396801,0.915772028071503
58.35,22.5,39.7,35,9,0.53,30.9255,109.80694881875,3.55069275577597,500,7.1784170317953,7.76081303892604,0.987560757606413
59.9,22.5,39.7,35,11,0.51,30.549,105.546410868861,3.45498742573769,495.06786638672,7.22965389471823,7.46699038407353,0.96337353092874
61.45,22.5,39.7,35,11,0.53,32.5685,114.996383571622,3.53090819569897,485.481232171924,7.92481003354419,7.23204514730984,0.979337720764247
63,22.5,39.7,35,8,0.535,33.705,121.378844823422,3.60121183276729,476.154217633806,8.94166157970708,6.97147526669487,0.889399041542434
47.5,23,39.7,35,0,NaN,NaN,NaN,NaN,NaN,NaN,NaN,NaN
49.05,23,39.7,35,0,NaN,NaN,NaN,NaN,NaN,NaN,NaN,NaN
50.6,23,39.7,35,0,NaN,NaN,NaN,NaN,NaN,NaN,NaN,NaN
52.15,23,39.7,35,0,NaN,NaN,NaN,NaN,NaN,NaN,NaN,NaN
53.7,23,39.7,35,0,NaN,NaN,NaN,NaN,NaN,NaN,NaN,NaN
55.25,23,39.7,35,3,0.525,29.00625,121.062496573709,4.17366934966461,500,6.06726566129364,8.32004867666791,0.857732500903253
56.8,23,39.7,35,9,0.54,30.672,116.215918651098,3.78899056635034,500,6.78808940823479,8.13062419558045,0.810843737616249
58.35,23,39.7,35,10,0.53,30.9255,108.966145985511,3.52350474480644,500,7.15181434214638,7.70402009234607,0.991294509404977
59.9,23,39.7,35,12,0.505,30.2495,103.63793081119,3.42610392936048,496.011136630024,7.13078873105619,7.37026388440133,0.946340216522725
61.45,23,39.7,35,11,0.525,32.26125,113.113109762144,3.50616016930973,486.350851038482,7.83063562689292,7.1050105956077,0.970977622909703
63,23,39.7,35,8,0.535,33.705,120.569536534432,3.57720031254804,475.531350590446,8.83352264609971,7.12296598832556,0.936691498904429
47.5,23.5,39.7,35,0,NaN,NaN,NaN,NaN,NaN,NaN,NaN,NaN
49.05,23.5,39.7,35,0,NaN,NaN,NaN,NaN,NaN,NaN,NaN,NaN
50.6,23.5,39.7,35,0,NaN,NaN,NaN,NaN,NaN,NaN,NaN,NaN
52.15,23.5,39.7,35,0,NaN,NaN,NaN,NaN,NaN,NaN,NaN,NaN
53.7,23.5,39.7,35,0,NaN,NaN,NaN,NaN,NaN,NaN,NaN,NaN
55.25,23.5,39.7,35,6,0.53,29.2825,120.149020560785,4.10309982278784,500,6.13273147567378,8.28996292271153,0.882750552134113
56.8,23.5,39.7,35,9,0.54,30.672,115.243561940386,3.75728879565681,500,6.76789274987892,8.07306460265207,0.851938972972261
58.35,23.5,39.7,35,11,0.53,30.9255,108.161315044301,3.49747991283249,500,7.12578383934421,7.65061850889708,0.993709037200622
59.9,23.5,39.7,35,14,0.5,29.95,101.825042143092,3.39983446220673,496.995208597829,7.03214125180426,7.27671920796826,0.895775228170809
61.45,23.5,39.7,35,12,0.52,31.954,111.290584008786,3.4828373289349,487.293806475039,7.73505363309916,7.00837264147926,0.949924450031409
63,23.5,39.7,35,9,0.53,33.39,118.600271394495,3.55196979318644,476.380826280404,8.77211032135666,6.89294852778659,0.866605930461232
47.5,24,39.7,35,0,NaN,NaN,NaN,NaN,NaN,NaN,NaN,NaN
49.05,24,39.7,35,0,NaN,NaN,NaN,NaN,NaN,NaN,NaN,NaN
50.6,24,39.7,35,0,NaN,NaN,NaN,NaN,NaN,NaN,NaN,NaN
52.15,24,39.7,35,0,NaN,NaN,NaN,NaN,NaN,NaN,NaN,NaN
53.7,24,39.7,35,0,NaN,NaN,NaN,NaN,NaN,NaN,NaN,NaN
55.25,24,39.7,35,8,0.535,29.55875,119.452330440947,4.04118342084652,500,6.19393307424596,8.26696067633114,0.812951656829428
56.8,24,39.7,35,10,0.54,30.672,114.321334332182,3.72722138537371,500,6.74814334165213,8.01762229706064,0.886017287929969
58.35,24,39.7,35,12,0.53,30.9255,107.393023534569,3.4726366116819,500,7.10014931217526,7.60061374998453,0.995280151294059
59.9,24,39.7,35,14,0.5,29.95,101.305320238771,3.3824814770875,495.848280579713,6.97253711741626,7.24647434506434,0.966565710182142
61.45,24,39.7,35,12,0.52,31.954,110.550314314423,3.45967059881152,485.8531194801,7.60719789095157,7.09257118985219,0.969275632461207
63,24,39.7,35,9,0.53,33.39,117.852047667739,3.52956117603292,475.788197821515,8.64946882292738,7.04097866545943,0.915347282259095
47.5,24.5,39.7,35,0,NaN,NaN,NaN,NaN,NaN,NaN,NaN,NaN
49.05,24.5,39.7,35,0,NaN,NaN,NaN,NaN,NaN,NaN,NaN,NaN
50.6,24.5,39.7,35,0,NaN,NaN,NaN,NaN,NaN,NaN,NaN,NaN
52.15,24.5,39.7,35,0,NaN,NaN,NaN,NaN,NaN,NaN,NaN,NaN
53.7,24.5,39.7,35,0,NaN,NaN,NaN,NaN,NaN,NaN,NaN,NaN
55.25,24.5,39.7,35,9,0.535,29.55875,118.386698708168,4.00513210836614,500,6.17928602494965,8.2067867110024,0.88314559048298
56.8,24.5,39.7,35,11,0.54,30.672,113.447331780117,3.69872625782853,500,6.72878634092996,7.964387223868,0.91364916840315
58.35,24.5,39.7,35,13,0.53,30.9255,106.664190107888,3.44906921821436,500,7.07472062667583,7.55399813402692,0.996303555064677
59.9,24.5,39.7,35,15,0.495,29.6505,99.6172386993198,3.35971530663293,496.786779603547,6.87888456006962,7.15685632731121,0.928681661558237
61.45,24.5,39.7,35,13,0.515,31.64675,108.784595753511,3.43746500836613,486.864158677034,7.51119547708384,7.01468455988095,0.943477947519589
63,24.5,39.7,35,10,0.525,33.075,115.939801735967,3.50536059670346,476.638591272085,8.57997943707845,6.82326584625443,0.800176479368474
47.5,25,39.7,35,0,NaN,NaN,NaN,NaN,NaN,NaN,NaN,NaN
49.05,25,39.7,35,0,NaN,NaN,NaN,NaN,NaN,NaN,NaN,NaN
50.6,25,39.7,35,0,NaN,NaN,NaN,NaN,NaN,NaN,NaN,NaN
52.15,25,39.7,35,0,NaN,NaN,NaN,NaN,NaN,NaN,NaN,NaN
53.7,25,39.7,35,2,0.505,27.1185,125.225207778052,4.61770406836854,500,5.19875494009507,8.25689804437231,0.835239211909062
55.25,25,39.7,35,10,0.535,29.55875,117.370403095325,3.97074988270224,500,6.16467673504575,8.14919051623789,0.92410493714188
56.8,25,39.7,35,11,0.54,30.672,112.619100321639,3.67172340641755,500,6.70976925844101,7.91337927592769,0.935441640247134
58.35,25,39.7,35,13,0.53,30.9255,105.979285170491,3.42692228647849,500,7.04929331203794,7.51078382222922,0.99696678689038
59.9,25,39.7,35,15,0.495,29.6505,99.1313592682842,3.34332841834992,495.996041703189,6.83083105566416,7.12528315853304,0.973855876864767
61.45,25,39.7,35,13,0.515,31.64675,108.109295825994,3.41612632658942,485.210273612358,7.39436703581587,7.07574496634157,0.963337521751024
63,25,39.7,35,10,0.525,33.075,115.247096476879,3.48441712704095,476.06797536015,8.44397908390925,6.96634173864833,0.863583248378166
47.5,25.5,39.7,35,0,NaN,NaN,NaN,NaN,NaN,NaN,NaN,NaN
49.05,25.5,39.7,35,0,NaN,NaN,NaN,NaN,NaN,NaN,NaN,NaN
50.6,25.5,39.7,35,0,NaN,NaN,NaN,NaN,NaN,NaN,NaN,NaN
52.15,25.5,39.7,35,0,NaN,NaN,NaN,NaN,NaN,NaN,NaN,NaN
53.7,25.5,39.7,35,7,0.52,27.924,122.95025433204,4.40303159762354,500,5.43446551435331,8.26808813362712,0.822358974235812
55.25,25.5,39.7,35,11,0.535,29.55875,116.400755698165,3.93794580955436,500,6.15009380358574,8.09405762062849,0.948437437614257
56.8,25.5,39.7,35,13,0.545,30.956,112.684473639448,3.64014968469596,500,6.75681148915737,7.91417881155161,0.810768794052809
58.35,25.5,39.7,35,14,0.53,30.9255,105.342938151492,3.40634551265112,500,7.02364920660081,7.47101764492591,0.997390466069976
59.9,25.5,39.7,35,16,0.49,29.351,97.5275128290296,3.32280034169295,496.967851394046,6.74257216687033,7.03909122317875,0.937448468143103
61.45,25.5,39.7,35,14,0.51,31.3395,106.395163066909,3.39492216107179,486.274398598561,7.29921681691706,7.00933087966463,0.934103915890997
63,25.5,39.7,35,10,0.525,33.075,114.720597193607,3.46849878136378,475.237287753409,8.29707421391986,7.07803120699572,0.904902578970331
47.5,26,39.7,35,0,NaN,NaN,NaN,NaN,NaN,NaN,NaN,NaN
49.05,26,39.7,35,0,NaN,NaN,NaN,NaN,NaN,NaN,NaN,NaN
50.6,26,39.7,35,0,NaN,NaN,NaN,NaN,NaN,NaN,NaN,NaN
52.15,26,39.7,35,0,NaN,NaN,NaN,NaN,NaN,NaN,NaN,NaN
53.7,26,39.7,35,9,0.525,28.1925,121.72724380816,4.31771725842545,500,5.50307134692539,8.23961900699452,0.881664401979901
55.25,26,39.7,35,13,0.54,29.835,116.090694026,3.89109080026814,500,6.20576882893047,8.08687768622747,0.8221623031529
56.8,26,39.7,35,13,0.545,30.956,111.942692121878,3.61618723742985,500,6.73866269076004,7.86784359910876,0.854393674851387
58.35,26,39.7,35,15,0.525,30.63375,103.732240295263,3.38620770539887,500,6.93627511754312,7.39230691702352,0.998247761722304
59.9,26,39.7,35,16,0.49,29.351,97.0710971756445,3.30725008264265,496.49708075747,6.70385679895791,7.00731246155393,0.976888802803173
61.45,26,39.7,35,14,0.505,31.03225,104.717910926037,3.37448657206735,487.362204406623,7.20454542641025,6.95405853041772,0.884347899602638
63,26,39.7,35,10,0.525,33.075,114.373152383273,3.45799402519344,474.155579241929,8.1410335153751,7.1577773605755,0.931529113841182
47.5,26.5,39.7,35,0,NaN,NaN,NaN,NaN,NaN,NaN,NaN,NaN
49.05,26.5,39.7,35,0,NaN,NaN,NaN,NaN,NaN,NaN,NaN,NaN
50.6,26.5,39.7,35,0,NaN,NaN,NaN,NaN,NaN,NaN,NaN,NaN
52.15,26.5,39.7,35,0,NaN,NaN,NaN,NaN,NaN,NaN,NaN,NaN
53.7,26.5,39.7,35,11,0.53,28.461,120.724055162903,4.24173624127414,500,5.56840054037819,8.218004249993,0.89196857944247
55.25,26.5,39.7,35,13,0.54,29.835,115.218129579162,3.86184446385662,500,6.19073145268562,8.03635554889475,0.867163648413193
56.8,26.5,39.7,35,14,0.545,30.956,111.235976474147,3.59335755505061,500,6.72067917351669,7.8236293434308,0.889810246342293
58.35,26.5,39.7,35,15,0.525,30.63375,103.13417142173,3.36668450391253,500,6.9123447823374,7.35381473914798,0.998286796066111
59.9,26.5,39.7,35,18,0.485,29.0515,95.4483608363406,3.28548821356352,497.58397001485,6.61867499794647,6.92481761080603,0.93551583230961
61.45,26.5,39.7,35,15,0.5,30.725,103.0705035176,3.35461362140278,488.451674159621,7.1110255269093,6.90104973908375,0.811202164676977
63,26.5,39.7,35,11,0.52,32.76,112.259321975543,3.42671923002267,475.528025815813,8.06535965081229,7.00198824870017,0.83148219000547
47.5,27,39.7,35,0,NaN,NaN,NaN,NaN,NaN,NaN,NaN,NaN
49.05,27,39.7,35,0,NaN,NaN,NaN,NaN,NaN,NaN,NaN,NaN
50.6,27,39.7,35,0,NaN,NaN,NaN,NaN,NaN,NaN,NaN,NaN
52.15,27,39.7,35,4,0.5,26.075,129.974526979404,4.98464149489564,500,4.63606234571435,8.27039251191384,0.873826754521121
53.7,27,39.7,35,13,0.535,28.7295,119.927460369563,4.17436643065708,500,5.6305617245352,8.20329319244906,0.842376145108693
55.25,27,39.7,35,14,0.54,29.835,114.383342530659,3.8338643382155,500,6.17569644379783,7.9877296028202,0.900039054618513
56.8,27,39.7,35,14,0.545,30.956,110.560319049233,3.57153117486862,500,6.70280332990447,7.78145979698547,0.917215811779681
58.35,27,39.7,35,16,0.525,30.63375,102.582018744103,3.34866017853194,500,6.88797692085608,7.31822048799749,0.998296472990343
59.9,27,39.7,35,18,0.485,29.0515,95.0238413776375,3.27087556159363,497.34133338599,6.58731291634147,6.89341040806872,0.97790505317697
61.45,27,39.7,35,15,0.5,30.725,102.478027974755,3.33533044669666,486.663285179067,7.01011541652797,6.92864288250946,0.876232810596241
63,27,39.7,35,11,0.52,32.76,111.941563438128,3.41701964096849,474.392386120506,7.90495900929719,7.07514550789562,0.87543849669292
47.5,27.5,39.7,35,0,NaN,NaN,NaN,NaN,NaN,NaN,NaN,NaN
49.05,27.5,39.7,35,0,NaN,NaN,NaN,NaN,NaN,NaN,NaN,NaN
50.6,27.5,39.7,35,0,NaN,NaN,NaN,NaN,NaN,NaN,NaN,NaN
52.15,27.5,39.7,35,7,0.51,26.5965,127.236963373757,4.78397395799285,500,4.79234819671849,8.24938407722567,0.857074699221636
53.7,27.5,39.7,35,13,0.535,28.7295,118.921265707321,4.13934338249259,500,5.62124608609239,8.15016334885226,0.916717883812754
55.25,27.5,39.7,35,14,0.54,29.835,113.584049444765,3.8070738878755,500,6.16064750843924,7.94087746565421,0.923981559704955
56.8,27.5,39.7,35,15,0.545,30.956,109.911831214932,3.55058247883873,500,6.68496442211968,7.74119777781022,0.937632726898702
58.35,27.5,39.7,35,16,0.525,30.63375,102.080286211231,3.33228175496734,500,6.86295006318172,7.28573141305387,0.998294223093348
59.9,27.5,39.7,35,19,0.48,28.752,93.4064507137711,3.24869402872048,498.569038299371,6.50025309290423,6.81647158209767,0.927131670430019
61.45,27.5,39.7,35,16,0.495,30.41775,100.870592641966,3.31617534636738,487.817880262609,6.91965375710698,6.86999893671813,0.81427671708069
63,27.5,39.7,35,11,0.52,32.76,111.7903613063,3.41240419127901,472.995368150252,7.74175107214012,7.12414452251103,0.906248356419883
47.5,28,39.7,35,0,NaN,NaN,NaN,NaN,NaN,NaN,NaN,NaN
49.05,28,39.7,35,0,NaN,NaN,NaN,NaN,NaN,NaN,NaN,NaN
50.6,28,39.7,35,0,NaN,NaN,NaN,NaN,NaN,NaN,NaN,NaN
52.15,28,39.7,35,9,0.515,26.85725,125.51885748596,4.67355583635553,500,4.86534327059505,8.215686115685,0.909676634777037
53.7,28,39.7,35,14,0.535,28.7295,117.957428617494,4.10579469247616,500,5.61180571553793,8.0990091867627,0.949999328984379
55.25,28,39.7,35,14,0.54,29.835,112.818109749793,3.78140136583855,500,6.14556790734232,7.89570464448992,0.941403310130478
56.8,28,39.7,35,15,0.545,30.956,109.286953333585,3.53039647672778,500,6.66706984271881,7.70262377843805,0.952458306086319
58.35,28,39.7,35,18,0.52,30.342,100.656417196086,3.31739559673343,500,6.77398922308863,7.21123482912771,0.998507094762246
59.9,28,39.7,35,19,0.48,28.752,92.9950988055632,3.23438713152348,498.447600572575,6.47448164743998,6.78569149323128,0.977726074835785
61.45,28,39.7,35,16,0.495,30.41775,100.334396664929,3.29854761331556,485.94734463919,6.8333632254618,6.88214785206891,0.875938736347939
63,28,39.7,35,11,0.52,32.76,111.775237758433,3.41194254451871,471.375500955507,7.57887761115967,7.15594989421888,0.927848646330136
47.5,28.5,39.7,35,0,NaN,NaN,NaN,NaN,NaN,NaN,NaN,NaN
49.05,28.5,39.7,35,0,NaN,NaN,NaN,NaN,NaN,NaN,NaN,NaN
50.6,28.5,39.7,35,0,NaN,NaN,NaN,NaN,NaN,NaN,NaN,NaN
52.15,28.5,39.7,35,12,0.525,27.37875,123.871983025845,4.52438416749651,500,5.00546059676683,8.22079444277796,0.837508665958812
53.7,28.5,39.7,35,15,0.54,28.998,117.458894207749,4.05058604758084,500,5.66953612627049,8.09460626561376,0.827933613973244
55.25,28.5,39.7,35,15,0.54,29.835,112.083531837127,3.75678001800326,500,6.13044092770896,7.85214415655903,0.954103053045804
56.8,28.5,39.7,35,17,0.55,31.24,109.660339806,3.51025415512163,500,6.70969223857253,7.71488596018529,0.828679649810775
58.35,28.5,39.7,35,18,0.52,30.342,100.1641749912,3.30117246691715,500,6.75050834979094,7.17854086367773,0.998525512240987
59.9,28.5,39.7,35,20,0.48,28.752,92.6039692812904,3.22078357266592,498.360360252377,6.45051656670809,6.7555225536801,0.990944224447403
61.45,28.5,39.7,35,17,0.49,30.1105,98.7661803529827,3.28012422088583,487.227075679181,6.74670567932481,6.81834396903518,0.830859139638831
63,28.5,39.7,35,12,0.515,32.445,109.466961614703,3.37392392093399,473.045221462439,7.50637432382034,7.04033617662103,0.823624103625618
47.5,29,39.7,35,0,NaN,NaN,NaN,NaN,NaN,NaN,NaN,NaN
49.05,29,39.7,35,0,NaN,NaN,NaN,NaN,NaN,NaN,NaN,NaN
50.6,29,39.7,35,4,0.495,25.047,134.7846923689,5.38127090545376,500,4.11843092464901,8.25880427089303,0.839863652533847
52.15,29,39.7,35,13,0.53,27.6395,122.735891478318,4.44059738701199,500,5.06963251917094,8.2030487261024,0.865767672891717
53.7,29,39.7,35,16,0.54,28.998,116.585296416691,4.02045990815543,500,5.65927753481676,8.04686325464918,0.871738217480797
55.25,29,39.7,35,15,0.54,29.835,111.378473993863,3.73314811442476,500,6.11525060241668,7.81014708674428,0.963409716245027
56.8,29,39.7,35,17,0.545,30.956,108.09765451952,3.4919774686497,500,6.63058706635988,7.62926375799533,0.970679272429578
58.35,29,39.7,35,19,0.52,30.342,99.7205455858438,3.286551499105,500,6.72623680727994,7.14859355616004,0.99856409010937
59.9,29,39.7,35,20,0.48,28.752,92.2330745845838,3.20788378493962,498.26489307857,6.42770004032858,6.72617964843032,0.99528648732266
61.45,29,39.7,35,17,0.49,30.1105,98.2810527465781,3.26401264497694,485.428707442847,6.67446591941882,6.81902829816874,0.88584902237639
63,29,39.7,35,12,0.515,32.445,109.46848110626,3.37397075377592,471.219955653638,7.35159653180903,7.06875759308649,0.861273906014276
47.5,29.5,39.7,35,0,NaN,NaN,NaN,NaN,NaN,NaN,NaN,NaN
49.05,29.5,39.7,35,0,NaN,NaN,NaN,NaN,NaN,NaN,NaN,NaN
50.6,29.5,39.7,35,7,0.505,25.553,131.664916778628,5.15262070123383,500,4.27134449438633,8.2405066584163,0.834451642859076
52.15,29.5,39.7,35,15,0.535,27.90025,121.788156782057,4.3651277957028,500,5.1307746967986,8.19104662165302,0.843194330432585
53.7,29.5,39.7,35,16,0.54,28.998,115.747135709103,3.99155582140504,500,5.64885261922647,8.00061568117816,0.899388826674681
55.25,29.5,39.7,35,17,0.545,30.11125,111.467903689246,3.70186902533922,500,6.16497450391253,7.81870816799031,0.818192929316687
56.8,29.5,39.7,35,17,0.545,30.956,107.531631138125,3.47369269731635,500,6.61164255124148,7.59383419355565,0.976140588881576
58.35,29.5,39.7,35,19,0.52,30.342,99.3339807163151,3.2738112423807,500,6.70095899042746,7.12159862037122,0.998622432739256
59.9,29.5,39.7,35,21,0.48,28.752,91.8824820234946,3.19569010933134,498.15557928145,6.4055874737607,6.69778018759337,0.997079208810624
61.45,29.5,39.7,35,18,0.485,29.80325,96.7521513380648,3.24636243825975,486.853673629317,6.59195759447584,6.75129011366288,0.858630811512527
63,29.5,39.7,35,12,0.515,32.445,109.555303504805,3.37664674078611,469.143048540402,7.2034448022615,7.08644779819014,0.889229699321407
47.5,30,39.7,35,0,NaN,NaN,NaN,NaN,NaN,NaN,NaN,NaN
49.05,30,39.7,35,0,NaN,NaN,NaN,NaN,NaN,NaN,NaN,NaN
50.6,30,39.7,35,8,0.51,25.806,129.702289555657,5.02605167618605,500,4.34522707984727,8.20686211027922,0.90196972612099
52.15,30,39.7,35,15,0.535,27.90025,120.788043829142,4.32928177450531,500,5.12549619659348,8.14079661125077,0.922972011545301
53.7,30,39.7,35,16,0.54,28.998,114.942467333806,3.96380672231899,500,5.63824725530191,7.95579021978964,0.917727435918339
55.25,30,39.7,35,17,0.545,30.11125,110.821412320741,3.68039893132106,500,6.1492570183068,7.77996980070187,0.848289216561943
56.8,30,39.7,35,18,0.545,30.956,106.987361845488,3.45611066822226,500,6.5919273309016,7.55910990320075,0.980106073418446
58.35,30,39.7,35,20,0.515,30.05025,98.0586065441401,3.26315443446028,500,6.61139212354612,7.05051715183619,0.998896781752963
59.9,30,39.7,35,21,0.475,28.4525,90.5443537550078,3.18229869976304,499.545622451772,6.31759097025236,6.63041286514247,0.996085358596626
61.45,30,39.7,35,19,0.48,29.496,95.2453557215568,3.22909396940456,488.399431862059,6.51235859480771,6.67973584768043,0.833883041400026
63,30,39.7,35,12,0.515,32.445,109.675741034187,3.38035879285519,466.841431246189,7.06441494913892,7.0967835295239,0.909900898711419
47.5,30.5,39.7,35,0,NaN,NaN,NaN,NaN,NaN,NaN,NaN,NaN
49.05,30.5,39.7,35,0,NaN,NaN,NaN,NaN,NaN,NaN,NaN,NaN
50.6,30.5,39.7,35,11,0.52,26.312,127.556647788165,4.84785070645199,500,4.48434984793581,8.20828997992023,0.848569366268122
52.15,30.5,39.7,35,16,0.54,28.161,120.067021980744,4.26359227231788,500,5.18264082505158,8.13579006137333,0.810563802374954
53.7,30.5,39.7,35,17,0.54,28.998,114.169459801199,3.93714945172766,500,5.6274507513258,7.91234208346854,0.930421422544749
55.25,30.5,39.7,35,18,0.545,30.11125,110.19936361142,3.65974058238764,500,6.13346998791268,7.74258948206861,0.871400751459736
56.8,30.5,39.7,35,18,0.545,30.956,106.47056784475,3.43941619862871,500,6.57117134191735,7.52547349287476,0.983015771316057
58.35,30.5,39.7,35,20,0.515,30.05025,97.6499106835763,3.24955401980271,500,6.58777736814809,7.0224476610149,0.998980322446104
59.9,30.5,39.7,35,22,0.475,28.4525,90.1827020790203,3.16958798274388,499.437299195021,6.29754662155375,6.60300032479634,0.99771439815868
61.45,30.5,39.7,35,20,0.475,29.18875,93.760775302793,3.21222304150719,490.065139587261,6.43568100054638,6.60409740670344,0.80079044551148
63,30.5,39.7,35,12,0.515,32.445,109.791971595929,3.38394118033375,464.384158931479,6.93659457145211,7.10196155997041,0.925184037447588
47.5,31,39.7,35,0,NaN,NaN,NaN,NaN,NaN,NaN,NaN,NaN
49.05,31,39.7,35,0,NaN,NaN,NaN,NaN,NaN,NaN,NaN,NaN
50.6,31,39.7,35,12,0.525,26.565,126.138036848345,4.74827919624864,500,4.5499099063134,8.18844271777455,0.891320121178032
52.15,31,39.7,35,17,0.54,28.161,119.154752109591,4.23119747557228,500,5.17631460613116,8.08861463942493,0.861735412249639
53.7,31,39.7,35,17,0.54,28.998,113.426404094009,3.91152507393646,500,5.6164575465141,7.87024614502891,0.939497021341106
55.25,31,39.7,35,18,0.545,30.11125,109.600528632066,3.63985316557984,500,6.11762448171387,7.70645069111353,0.888963372072457
56.8,31,39.7,35,19,0.545,30.956,105.990180582936,3.42389780924332,500,6.54908031801308,7.49367549894764,0.985166618570871
58.35,31,39.7,35,21,0.515,30.05025,97.2981238432386,3.23784740037898,500,6.56314642619729,6.99700256361329,0.999066322000862
59.9,31,39.7,35,22,0.475,28.4525,89.8422363421961,3.15762187302332,499.332948145116,6.27764336992042,6.57659172405329,0.998464491032579
61.45,31,39.7,35,20,0.475,29.18875,93.3594828413094,3.19847485217111,488.467474853596,6.37820388433813,6.60027575329923,0.874035253874196
63,31,39.7,35,13,0.51,32.13,107.473780630089,3.34496671740083,466.155725071876,6.87734613117771,7.00754630297748,0.81889054894006
47.5,31.5,39.7,35,0,NaN,NaN,NaN,NaN,NaN,NaN,NaN,NaN
49.05,31.5,39.7,35,0,NaN,NaN,NaN,NaN,NaN,NaN,NaN,NaN
50.6,31.5,39.7,35,14,0.53,26.818,124.900813571861,4.65735004742565,500,4.61239483175002,8.17372327928071,0.902890176380317
52.15,31.5,39.7,35,17,0.54,28.161,118.277468462343,4.20004504322797,500,5.16971045007622,8.04280688096735,0.888929867116554
53.7,31.5,39.7,35,18,0.54,28.998,112.711716054772,3.88687895905827,500,5.60526816850794,7.82948572422454,0.946133093239789
55.25,31.5,39.7,35,18,0.545,30.11125,109.023796301279,3.62069978168555,500,6.10173674835413,7.67144163310331,0.902212369801545
56.8,31.5,39.7,35,19,0.545,30.956,105.557683155861,3.40992644901993,500,6.52535281908095,7.46452687833914,0.986757661313471
58.35,31.5,39.7,35,21,0.515,30.05025,97.0137450796564,3.22838395952301,500,6.53726736308666,6.97438673697952,0.999150525179512
59.9,31.5,39.7,35,23,0.475,28.4525,89.5223862385605,3.1463803264585,499.240850830142,6.25780916442962,6.55117781552111,0.998871014503879
61.45,31.5,39.7,35,21,0.47,28.8815,91.9220997501788,3.18273288264733,490.239191685267,6.30530412533629,6.52415811893679,0.844785245933034
63,31.5,39.7,35,13,0.51,32.13,107.608763732769,3.34916787216836,463.686658292586,6.76514502080216,7.01108991538764,0.845011985754883
47.5,32,39.7,35,0,NaN,NaN,NaN,NaN,NaN,NaN,NaN,NaN
49.05,32,39.7,35,0,NaN,NaN,NaN,NaN,NaN,NaN,NaN,NaN
50.6,32,39.7,35,15,0.535,27.071,123.83468503024,4.57444073104945,500,4.67161832551781,8.16334169107021,0.880046836580434
52.15,32,39.7,35,17,0.54,28.161,117.433365376493,4.17007085602404,500,5.16283744762038,7.9983104912587,0.904375252692785
53.7,32,39.7,35,18,0.54,28.998,112.023933850196,3.86316069557198,500,5.59388903430771,7.79004313134277,0.951054542161033
55.25,32,39.7,35,19,0.545,30.11125,108.468162111116,3.60224707081625,500,6.08582573190354,7.63746403261482,0.912129951938421
56.8,32,39.7,35,20,0.54,30.672,104.148820687421,3.39556666299625,500,6.45090053475027,7.38390522066043,0.995885353657276
58.35,32,39.7,35,21,0.51,29.7585,95.8413722685143,3.22063854927212,500,6.44849395733632,6.906414212681,0.999365387172568
59.9,32,39.7,35,23,0.475,28.4525,89.2217359326382,3.13581358167606,499.164709631569,6.23801325280832,6.52671764201036,0.999120151333994
61.45,32,39.7,35,21,0.47,28.8815,91.5590372065522,3.17016211784541,488.908458789493,6.25784945931731,6.51485661608951,0.899661853042655
63,32,39.7,35,13,0.51,32.13,107.723310235294,3.3527329671738,461.405530672804,6.6652913902234,7.01122886769741,0.86483982875869
47.5,32.5,39.7,35,0,NaN,NaN,NaN,NaN,NaN,NaN,NaN,NaN
49.05,32.5,39.7,35,3,0.5,24.525,133.017242454929,5.42374077288193,500,3.80482687515875,8.08064536581932,0.838595555034765
50.6,32.5,39.7,35,15,0.535,27.071,122.843154230891,4.53781368367962,500,4.66903853656369,8.11488798872042,0.928978169906636
52.15,32.5,39.7,35,18,0.54,28.161,116.620735738939,4.14121429419905,500,5.15571081558598,7.9550831618916,0.913597961030528
53.7,32.5,39.7,35,18,0.54,28.998,111.361712119134,3.84032388851417,500,5.5823310349532,7.75189417755302,0.954730759504652
55.25,32.5,39.7,35,19,0.545,30.11125,107.932716175016,3.58446481547647,500,6.06991032296805,7.60444099141093,0.919465841982455
56.8,32.5,39.7,35,20,0.54,30.672,103.70966050026,3.38124871218896,500,6.42888110885525,7.35497500404749,0.996135850715642
58.35,32.5,39.7,35,22,0.51,29.7585,95.5021332292217,3.2092388134221,500,6.42471531133415,6.88221996751239,0.999426645342121
59.9,32.5,39.7,35,24,0.475,28.4525,88.9374385275981,3.125821580796,499.104309215286,6.21824387766452,6.50314152904343,0.999286912792935
61.45,32.5,39.7,35,22,0.465,28.57425,90.1745413822488,3.15579731339401,490.751393874412,6.18894226514804,6.43920907529111,0.865681643326497
63,32.5,39.7,35,13,0.51,32.13,107.813444979588,3.35553828134415,459.494870342261,6.57781116616862,7.0089241073715,0.879642428333181
47.5,33,39.7,35,0,NaN,NaN,NaN,NaN,NaN,NaN,NaN,NaN
49.05,33,39.7,35,6,0.51,25.0155,130.642119783476,5.22244687427699,500,3.93963176464246,8.08795868268244,0.838717642490879
50.6,33,39.7,35,16,0.54,27.324,121.985712108382,4.46441634125244,500,4.72389716067146,8.11078051286408,0.846745954343844
52.15,33,39.7,35,18,0.54,28.161,115.837982393437,4.11341864257083,500,5.14834929477306,7.91309495156757,0.919239616347049
53.7,33,39.7,35,19,0.54,28.998,110.723814096226,3.81832588786214,500,5.57060730611422,7.71500649674217,0.957480445830497
55.25,33,39.7,35,20,0.545,30.11125,107.416630632033,3.56732552225608,500,6.05400714274121,7.57232270790831,0.924782870328568
56.8,33,39.7,35,20,0.54,30.672,103.319816532073,3.36853861932944,500,6.40529333514834,7.32840806255483,0.996316453058921
58.35,33,39.7,35,22,0.51,29.7585,95.228103728377,3.20003036874765,500,6.39979726571055,6.8605591980619,0.999480408716433
59.9,33,39.7,35,24,0.475,28.4525,88.6647094180478,3.11623616265874,499.056916988537,6.19849256349924,6.48035566127925,0.999405720234929
61.45,33,39.7,35,22,0.465,28.57425,89.8419196848234,3.14415670349435,489.778284883636,6.14954267942308,6.42624397085321,0.907758589705368
63,33,39.7,35,13,0.51,32.13,107.883502184552,3.3577187110038,458.032928528753,6.50199705674021,7.00489135633983,0.890449151077787
47.5,33.5,39.7,35,0,NaN,NaN,NaN,NaN,NaN,NaN,NaN,NaN
49.05,33.5,39.7,35,7,0.515,25.26075,129.020686465857,5.1075556531717,500,4.00580121370039,8.06881949856013,0.874086610137625
50.6,33.5,39.7,35,17,0.54,27.324,121.075700791847,4.43111187204829,500,4.72022587587046,8.06529079698398,0.876996342726727
52.15,33.5,39.7,35,18,0.54,28.161,115.083622092967,4.0866312308855,500,5.14077171229268,7.87232350103782,0.922673285697048
53.7,33.5,39.7,35,19,0.54,28.998,110.1091027049,3.79712748137456,500,5.55873091879154,7.67934030977083,0.959529569135562
55.25,33.5,39.7,35,20,0.545,30.11125,106.91914626161,3.55080397730449,500,6.03812935531372,7.54108856653801,0.92850193779262
56.8,33.5,39.7,35,21,0.54,30.672,102.993263024721,3.35789198698229,500,6.37985556394172,7.30474986283595,0.996434798886821
58.35,33.5,39.7,35,24,0.51,29.7585,95.0283008679735,3.19331622454,500,6.37343384937765,6.84163173431037,0.999526785151383
59.9,33.5,39.7,35,25,0.475,28.4525,88.3967880348116,3.10681971829581,499.019070056366,6.1787429393939,6.45825115107286,0.999494420127583
61.45,33.5,39.7,35,23,0.46,28.267,88.5149420224387,3.13138790895527,491.67306389026,6.08665066620949,6.35200399447414,0.860486560505236
63,33.5,39.7,35,13,0.51,32.13,107.94055577781,3.35949442196732,456.959973590162,6.43647763657084,6.99968440990583,0.898084466696526
47.5,34,39.7,35,0,NaN,NaN,NaN,NaN,NaN,NaN,NaN,NaN
49.05,34,39.7,35,10,0.525,25.75125,127.252868857245,4.94161910032502,500,4.12987899335397,8.0887282707585,0.818002529688771
50.6,34,39.7,35,17,0.54,27.324,120.198328853357,4.3990019343199,500,4.71629830233798,8.0210999002237,0.893715928357808
52.15,34,39.7,35,19,0.54,28.161,114.356284139066,4.06080338550002,500,5.13299381864569,7.83274863200667,0.924685584478833
53.7,34,39.7,35,19,0.54,28.998,109.516531350341,3.77669257708605,500,5.54671323471554,7.64485020918399,0.961043957968878
55.25,34,39.7,35,20,0.545,30.11125,106.439558046851,3.53487676688451,500,6.02228653721178,7.51074413276413,0.930936768901971
56.8,34,39.7,35,21,0.535,30.388,101.664977384713,3.34556329421852,500,6.3074743015753,7.22493420026616,0.99836405627947
58.35,34,39.7,35,24,0.505,29.46675,93.9145393297056,3.18713598648326,500,6.28697276216473,6.77652053556403,0.99964568911588
59.9,34,39.7,35,25,0.475,28.4525,88.125951672895,3.09730082322801,498.988645105618,6.1589624808983,6.43672031218414,0.999563345634738
61.45,34,39.7,35,23,0.46,28.267,88.2042357357592,3.12039607088687,491.07438939532,6.05349929130652,6.33679359755897,0.896214034460904
63,34,39.7,35,13,0.51,32.13,107.991291668743,3.3610735035401,456.134386887119,6.37941859533312,6.9937360130198,0.903216151087953
47.5,34.5,39.7,35,0,NaN,NaN,NaN,NaN,NaN,NaN,NaN,NaN
49.05,34.5,39.7,35,11,0.53,25.9965,126.028713034635,4.84791079701631,500,4.1885942901568,8.07817729376738,0.8073143327513
50.6,34.5,39.7,35,17,0.54,27.324,119.352008807521,4.36802842949498,500,4.71213957727903,7.97816431617005,0.903296728587504
52.15,34.5,39.7,35,19,0.54,28.161,113.654705462581,4.0358902546991,500,5.12502638928392,7.79434837876024,0.9257741083014
53.7,34.5,39.7,35,20,0.54,28.998,108.945134923013,3.75698789306204,500,5.5345633622701,7.61148700906408,0.962147162457483
55.25,34.5,39.7,35,21,0.545,30.11125,105.977199410187,3.51952175383575,500,6.00648526198798,7.48131222051224,0.932317367299907
56.8,34.5,39.7,35,22,0.535,30.388,101.304562169499,3.33370284880542,500,6.28424607744111,7.20050415103222,0.998393311882971
58.35,34.5,39.7,35,25,0.505,29.46675,93.6318620339248,3.17754289271551,500,6.26344005658646,6.7556732920623,0.999675854409999
59.9,34.5,39.7,35,25,0.475,28.4525,87.8460503759577,3.08746332926659,498.96681359919,6.13909620237523,6.41568209854727,0.999619014991248
61.45,34.5,39.7,35,24,0.455,27.95975,86.9240775746956,3.10890038625866,493.017364908967,5.99924399805719,6.26501917498334,0.823505855230112
63,34.5,39.7,35,13,0.51,32.13,108.040770315723,3.36261345520456,455.420000255969,6.32881039026843,6.98737809734371,0.906399533344848
47.5,35,39.7,35,0,NaN,NaN,NaN,NaN,NaN,NaN,NaN,NaN
49.05,35,39.7,35,11,0.53,25.9965,125.041514709646,4.80993651874854,500,4.1884993378815,8.03145034998461,0.85251295092248
50.6,35,39.7,35,17,0.54,27.324,118.535253430196,4.33813692834856,500,4.70776811461964,7.93644786204043,0.908802859516527
52.15,35,39.7,35,19,0.54,28.161,112.977723529431,4.01185055677821,500,5.11687499621776,7.75709705519409,0.926280454613545
53.7,35,39.7,35,20,0.54,28.998,108.394021346337,3.73798266591962,500,5.52228871651675,7.57919920104638,0.962929717559172
55.25,35,39.7,35,21,0.545,30.11125,105.531425004292,3.50471750605811,500,5.99072990431636,7.45281856178135,0.932804573805513
56.8,35,39.7,35,22,0.535,30.388,101.004998800523,3.32384489931956,500,6.2592707594252,7.1787810094033,0.998403397546807
58.35,35,39.7,35,25,0.505,29.46675,93.4170064049591,3.17025143271515,500,6.23866554041722,6.73726983387964,0.999702119692918
59.9,35,39.7,35,26,0.475,28.4525,87.5561955914561,3.07727600708044,498.958877119532,6.11906202426708,6.39511645900683,0.999665744695781
61.45,35,39.7,35,24,0.455,27.95975,86.6288218464554,3.09834035878201,492.735317203978,5.9706452245105,6.24865569029568,0.859704838733098
63,35,39.7,35,14,0.505,31.815,105.95570276235,3.33036940947193,457.224574246002,6.27813389827145,6.90109246168282,0.802436406968795
47.5,35.5,39.7,35,0,NaN,NaN,NaN,NaN,NaN,NaN,NaN,NaN
49.05,35.5,39.7,35,12,0.535,26.24175,124.009787734778,4.72566759971337,500,4.24323589173156,8.02586368114809,0.801645353912657
50.6,35.5,39.7,35,17,0.54,27.324,117.746679952393,4.30927682449102,500,4.70319478051396,7.89592107423472,0.911807737542825
52.15,35.5,39.7,35,20,0.54,28.161,112.324268124014,3.98864628827152,500,5.10854118718315,7.72096495575967,0.926449958176188
53.7,35.5,39.7,35,20,0.54,28.998,107.862363864874,3.71964838488426,500,5.50989636153551,7.54793390248285,0.963453943408178
55.25,35.5,39.7,35,21,0.545,30.11125,105.101592394912,3.49044268819502,500,5.97502319843062,7.4252745448769,0.932498963779034
56.8,35.5,39.7,35,22,0.53,30.104,99.7835670486335,3.31462819056051,500,6.18593846885044,7.10311870881115,0.999121782772398
58.35,35.5,39.7,35,25,0.505,29.46675,93.2775229474255,3.16551784460198,500,6.2122261310811,6.72146332435862,0.9997251572589
59.9,35.5,39.7,35,26,0.475,28.4525,87.2637311426428,3.06699696485872,498.972519396454,6.0987481636098,6.37510255696423,0.999706404400349
61.45,35.5,39.7,35,24,0.455,27.95975,86.3458376191289,3.08821923011217,492.696904582656,5.94629081570541,6.23040456846037,0.878000331021069
63,35.5,39.7,35,14,0.505,31.815,106.021038400694,3.33242302060959,456.548684387454,6.23286172509166,6.89483082247481,0.810357553655713
47.5,36,39.7,35,0,NaN,NaN,NaN,NaN,NaN,NaN,NaN,NaN
49.05,36,39.7,35,12,0.535,26.24175,123.09960352018,4.69098301447807,500,4.24218705963755,7.98206286370367,0.817063444836973
50.6,36,39.7,35,18,0.54,27.324,116.985008998389,4.28140129550537,500,4.69842373221464,7.85655802734955,0.913177934042326
52.15,36,39.7,35,20,0.54,28.161,111.693352781715,3.9662424197193,500,5.10002444037097,7.68591898692822,0.926458661985345
53.7,36,39.7,35,21,0.54,28.998,107.34939416611,3.70195855459377,500,5.49739470110445,7.51763737567636,0.96375718549852
55.25,36,39.7,35,22,0.545,30.11125,104.687043915625,3.47667545902694,500,5.95936619652394,7.39866150848503,0.931446899228389
56.8,36,39.7,35,23,0.53,30.104,99.4492069160126,3.30352135649789,500,6.16336005591507,7.08051628587101,0.999128552808312
58.35,36,39.7,35,26,0.5,29.175,92.1962943635724,3.1601129173461,500,6.12928824735504,6.65893770038995,0.999800769348607
59.9,36,39.7,35,26,0.475,28.4525,86.9838151632312,3.05715895486271,499.012375214268,6.07801332599486,6.35584813594948,0.999742811708592
61.45,36,39.7,35,24,0.455,27.95975,86.0739353852585,3.07849445668357,492.759067547615,5.92519511279702,6.21131991866744,0.887480837350203
63,36,39.7,35,14,0.505,31.815,106.087387377074,3.33450848269915,455.866855005918,6.1908804391383,6.8885495211362,0.816908692913065
47.5,36.5,39.7,35,0,NaN,NaN,NaN,NaN,NaN,NaN,NaN,NaN
49.05,36.5,39.7,35,12,0.535,26.24175,122.219952892332,4.65746197918707,500,4.24091146232514,7.93957286669766,0.819978378941404
50.6,36.5,39.7,35,18,0.54,27.324,116.249060005875,4.25446713533432,500,4.69345407674929,7.81833297840363,0.913424186192021
52.15,36.5,39.7,35,20,0.54,28.161,111.084066412062,3.9446065982054,500,5.09132429225953,7.65192363610496,0.926427114254164
53.7,36.5,39.7,35,21,0.54,28.998,106.854396354019,3.68488848727563,500,5.48479514170204,7.48825529034268,0.963855281128797
55.25,36.5,39.7,35,22,0.545,30.11125,104.287091696156,3.46339297425899,500,5.94375737743773,7.37292242153878,0.929645622323289
56.8,36.5,39.7,35,23,0.53,30.104,99.1649805793265,3.29407987574165,500,6.13919750421622,7.06042761680494,0.999128647274499
58.35,36.5,39.7,35,26,0.5,29.175,91.9555742573225,3.15186201396136,500,6.10658295147447,6.64088860808997,0.999818877627287
59.9,36.5,39.7,35,26,0.475,28.4525,86.7347672598415,3.04840584341768,499.071405746577,6.05669055220511,6.33768959288125,0.999775987217534
61.45,36.5,39.7,35,25,0.45,27.6525,84.797719593112,3.0665480369989,494.729133858977,5.87382479013726,6.14605667105093,0.821740543491157
63,36.5,39.7,35,14,0.505,31.815,106.156534596351,3.33668189836086,455.176917021164,6.15096808768538,6.88236246465175,0.822713296148997
47.5,37,39.7,35,0,NaN,NaN,NaN,NaN,NaN,NaN,NaN,NaN
49.05,37,39.7,35,12,0.535,26.24175,121.369512786393,4.62505407552443,500,4.23942555072052,7.89832809251566,0.814357070099832
50.6,37,39.7,35,18,0.54,27.324,115.53774449103,4.22843450779646,500,4.68828161065,7.78121808031366,0.912869891140618
52.15,37,39.7,35,20,0.54,28.161,110.495565472134,3.92370886943412,500,5.08244228807012,7.61894191065046,0.92643068965298
53.7,37,39.7,35,21,0.54,28.998,106.376701740089,3.66841512311501,500,5.47211347334036,7.4597329413577,0.963746969167833
55.25,37,39.7,35,22,0.545,30.11125,103.901011747045,3.45057119007167,500,5.92819071906044,7.34796651318312,0.927048331517669
56.8,37,39.7,35,23,0.525,29.82,98.0068914709985,3.28661607883966,500,6.06533325215454,6.98923537655422,0.999483860399196
58.35,37,39.7,35,26,0.5,29.175,91.7785017591765,3.14579269097434,500,6.08251101114663,6.62514137109555,0.999835371252807
59.9,37,39.7,35,27,0.475,28.4525,86.5319625794058,3.04127800999581,499.12199239806,6.03459513279434,6.32104235023817,0.999806369830663
61.45,37,39.7,35,25,0.45,27.6525,84.5474208936771,3.05749646121244,494.816798574214,5.85428102197272,6.12779924314592,0.839184380294366
63,37,39.7,35,14,0.505,31.815,106.229076530748,3.33896201573937,454.488288587835,6.1122732997382,6.87632613265838,0.828247935872082
47.5,37.5,39.7,35,0,NaN,NaN,NaN,NaN,NaN,NaN,NaN,NaN
49.05,37.5,39.7,35,12,0.535,26.24175,120.54704899715,4.59371227136721,500,4.23774200696407,7.8582568368859,0.80250069721909
50.6,37.5,39.7,35,18,0.54,27.324,114.850058191502,4.20326665903609,500,4.68290036190189,7.74518236219829,0.911739241635941
52.15,37.5,39.7,35,21,0.54,28.161,109.927066909958,3.90352142714953,500,5.07338364229753,7.58693607412572,0.926510469697354
53.7,37.5,39.7,35,22,0.54,28.998,105.915684382509,3.65251687642284,500,5.45937081701029,7.43201564634021,0.963419128348674
55.25,37.5,39.7,35,23,0.545,30.11125,103.528057431904,3.43818531053689,500,5.91265257730936,7.32368962740015,0.923569573147256
56.8,37.5,39.7,35,24,0.525,29.82,97.7014638036178,3.2763737023346,500,6.04377563098165,6.96820585504639,0.999491778122171
58.35,37.5,39.7,35,26,0.5,29.175,91.6732466665305,3.14218497571655,499.87409055112,6.05658477981229,6.61176980085039,0.999850426472789
59.9,37.5,39.7,35,27,0.475,28.4525,86.3842759088679,3.03608737049004,499.112010707742,6.01153601403464,6.30629859695202,0.999834026566691
61.45,37.5,39.7,35,25,0.45,27.6525,84.3050513637792,3.04873162874168,494.886067270999,5.83661682232056,6.10949938291531,0.852329481491627
63,37.5,39.7,35,14,0.505,31.815,106.304716516551,3.34133951018549,453.810394904046,6.07427902570459,6.87045500992836,0.833844015114248
47.5,38,39.7,35,0,NaN,NaN,NaN,NaN,NaN,NaN,NaN,NaN
49.05,38,39.7,35,10,0.53,25.9965,119.770879687625,4.60719249466755,500,4.18222918674134,7.77785250088761,0.851815326219308
50.6,38,39.7,35,18,0.54,27.324,114.185072842504,4.17892961654603,500,4.67730405070448,7.71019166156424,0.910207979494547
52.15,38,39.7,35,21,0.54,28.161,109.377841993229,3.88401839399272,500,5.0641586019555,7.55586813412885,0.926685160731153
53.7,38,39.7,35,22,0.54,28.998,105.470757282197,3.63717350445539,500,5.44659404496782,7.40504953944772,0.962852305923379
55.25,38,39.7,35,23,0.545,30.11125,103.167508883743,3.42621142874316,500,5.89711724175986,7.30000740971746,0.919091174006607
56.8,38,39.7,35,24,0.525,29.82,97.4300962958783,3.26727351763509,500,6.02087879716348,6.94947501475115,0.999498062796178
58.35,38,39.7,35,27,0.495,28.88325,90.6372972906727,3.1380574308872,500,5.97748411732472,6.55157375810095,0.999903093596552
59.9,38,39.7,35,27,0.475,28.4525,86.2942266493058,3.03292247251756,498.972600792573,5.98732885807519,6.29370366613465,0.999858850107588
61.45,38,39.7,35,25,0.46,28.267,85.8885439885239,3.03847397985368,490.960596180382,5.89965005575973,6.1750815873145,0.934385406752395
63,38,39.7,35,14,0.505,31.815,106.382509758214,3.34378468515523,453.148944005506,6.03672672778434,6.86473495684663,0.839699930798165
47.5,38.5,39.7,35,0,NaN,NaN,NaN,NaN,NaN,NaN,NaN,NaN
49.05,38.5,39.7,35,10,0.53,25.9965,118.989627124785,4.5771402736824,500,4.18040544770889,7.73986158384365,0.836148282181076
50.6,38.5,39.7,35,18,0.54,27.324,113.54192811566,4.15539189414655,500,4.6714876899063,7.67620908874928,0.908434903904821
52.15,38.5,39.7,35,21,0.54,28.161,108.847211063005,3.86517563520489,500,5.05478349320687,7.52570010640592,0.92696257766986
53.7,38.5,39.7,35,22,0.54,28.998,105.041369131883,3.62236599530599,500,5.43381560244947,7.37878293994833,0.962025971065926
55.25,38.5,39.7,35,23,0.545,30.11125,102.818782400537,3.41463015984182,500,5.8815411029538,7.27689121574505,0.913469272708542
56.8,38.5,39.7,35,24,0.525,29.82,97.2120178001418,3.25996035547088,500,5.99642579104803,6.93330483383108,0.999503138440534
58.35,38.5,39.7,35,27,0.495,28.88325,90.4244698215829,3.13068888790503,500,5.95612301486598,6.53561801469219,0.999914451927161
59.9,38.5,39.7,35,27,0.47,28.153,85.2168300857913,3.0269182710827,500,5.91447672128305,6.23510197054236,0.999873795214335
61.45,38.5,39.7,35,26,0.445,27.34525,82.7967848675181,3.0278306055903,497.023608463326,5.75927637424111,6.03334493231045,0.823179435606619
63,38.5,39.7,35,14,0.505,31.815,106.461054380155,3.34625347729546,452.506012682011,5.99953415456894,6.85913407655633,0.845901291144821
47.5,39,39.7,35,0,NaN,NaN,NaN,NaN,NaN,NaN,NaN,NaN
49.05,39,39.7,35,10,0.53,25.9965,118.233322705051,4.54804772584965,500,4.17839342956815,7.70289530157837,0.819659646997519
50.6,39,39.7,35,18,0.54,27.324,112.919824072628,4.13262421580399,500,4.66544940776692,7.64319568492327,0.906581260753035
52.15,39,39.7,35,21,0.54,28.161,108.334539198995,3.84697060470136,500,5.04528137366996,7.49639411273488,0.927348651476776
53.7,39,39.7,35,23,0.54,28.998,104.627001508592,3.6080764710874,500,5.42107267067947,7.35316838596927,0.960923113852081
55.25,39,39.7,35,24,0.545,30.11125,102.481630295388,3.40343327810663,500,5.86585551282416,7.25439170613639,0.906543545436764
56.8,39,39.7,35,25,0.52,29.536,96.0622280817416,3.25237771132657,500,5.92647543518739,6.86323172636506,0.999717259631825
58.35,39,39.7,35,27,0.495,28.88325,90.2657035663361,3.12519205997719,500,5.93333078677346,6.52175519188234,0.999924532012099
59.9,39,39.7,35,28,0.47,28.153,85.0802822394077,3.02206806519404,500,5.8929489330661,6.22211676637063,0.999895850341508
61.45,39,39.7,35,26,0.46,28.267,85.3160728114402,3.01822170062052,491.085177015566,5.86692077739661,6.13728951279834,0.942026689780849
63,39,39.7,35,14,0.505,31.815,106.538638256853,3.3486920715654,451.881268028352,5.96272658050131,6.85361102675142,0.852445933162578
47.5,39.5,39.7,35,0,NaN,NaN,NaN,NaN,NaN,NaN,NaN,NaN
49.05,39.5,39.7,35,9,0.53,25.9965,117.501072507963,4.51988046498426,500,4.17620707152858,7.66688205591239,0.803782730078937
50.6,39.5,39.7,35,18,0.54,27.324,112.318014349801,4.11059926620557,500,4.65919236963659,7.61111105710163,0.904820152593813
52.15,39.5,39.7,35,21,0.54,28.161,107.839232747278,3.82938222177047,500,5.03568216507676,7.4679123806784,0.927852365109314
53.7,39.5,39.7,35,23,0.54,28.998,104.227166398511,3.59428810257641,500,5.40840563312875,7.32816526179112,0.959533990202524
55.25,39.5,39.7,35,24,0.545,30.11125,102.156461420993,3.39263436160881,500,5.84995869646597,7.23263728034645,0.898150139633463
56.8,39.5,39.7,35,25,0.52,29.536,95.8043091180034,3.24364535204508,500,5.90533012013555,6.84555811029848,0.999729235152897
58.35,39.5,39.7,35,27,0.495,28.88325,90.1706676780438,3.12190171390144,499.762287240357,5.90869973333754,6.50997567583674,0.999933443698137
59.9,39.5,39.7,35,28,0.47,28.153,84.9833185978522,3.01862389790971,500,5.8705564312319,6.21099107773387,0.999914334531506
61.45,39.5,39.7,35,27,0.455,27.95975,84.111387091372,3.00830254531503,492.994752139036,5.81392147263568,6.07630619581416,0.926335573567366
63,39.5,39.7,35,14,0.505,31.815,106.613353378415,3.35104049594264,451.273148431545,5.9263881507853,6.84812101218952,0.859270476193515
47.5,40,39.7,35,0,NaN,NaN,NaN,NaN,NaN,NaN,NaN,NaN
49.05,40,39.7,35,8,0.525,25.75125,116.84181722907,4.53732604161234,500,4.11996759684796,7.59186752214324,0.857105176323929
50.6,40,39.7,35,18,0.54,27.324,111.735800189777,4.08929147232385,500,4.6527265357463,7.57991387632459,0.903336077493388
52.15,40,39.7,35,21,0.54,28.161,107.360736638229,3.81239077583286,500,5.02602212847376,7.44021721066516,0.928486030810193
53.7,40,39.7,35,23,0.54,28.998,103.841403944843,3.58098503154847,500,5.39585585393799,7.30374270410024,0.957858853069811
55.25,40,39.7,35,24,0.545,30.11125,101.844794998652,3.38228386395956,500,5.83370753673301,7.21180506080904,0.888139762326975
56.8,40,39.7,35,25,0.52,29.536,95.5821847509126,3.23612488999569,500,5.88298834150703,6.83024112331259,0.999741054689641
58.35,40,39.7,35,28,0.49,28.5915,89.2306576290891,3.12088059839774,500,5.83239072910361,6.4520079261957,0.99996141118592
59.9,40,39.7,35,28,0.47,28.153,84.9299683180629,3.01672888566273,500,5.84719412700447,6.20157338145659,0.999929484186058
61.45,40,39.7,35,27,0.455,27.95975,83.833343745939,2.99835813073933,493.084680925456,5.79764417732686,6.05918508802769,0.934145708275737
63,40,39.7,35,15,0.5,31.5,104.638491895204,3.32185688556205,453.221893779421,5.88592866757472,6.76372247656575,0.808069303237112
47.5,40.5,39.7,35,0,NaN,NaN,NaN,NaN,NaN,NaN,NaN,NaN
49.05,40.5,39.7,35,7,0.525,25.75125,116.143338584374,4.51020197405461,500,4.11777554043767,7.55755817915655,0.848643440434803
50.6,40.5,39.7,35,18,0.54,27.324,111.172525363146,4.06867681756501,500,4.64606995672693,7.54956219480023,0.902314414998837
52.15,40.5,39.7,35,22,0.54,28.161,106.898532408352,3.79597785619657,500,5.01634256999249,7.41327096404741,0.929261474947798
53.7,40.5,39.7,35,23,0.54,28.998,103.469280313078,3.56815229716112,500,5.3834628536401,7.27988218656287,0.955909416200675
55.25,40.5,39.7,35,25,0.545,30.11125,101.549810253982,3.37248736781045,500,5.81691075684629,7.1920754320647,0.876401463048876
56.8,40.5,39.7,35,25,0.52,29.536,95.4139690278319,3.23042961226408,499.724580316862,5.85927921974055,6.8172108132258,0.999752735188593
58.35,40.5,39.7,35,27,0.49,28.5915,89.035492455951,3.11405461259294,500,5.81276588725318,6.43732386809707,0.999966621343295
59.9,40.5,39.7,35,29,0.47,28.153,84.9224276265738,3.01646103884395,499.359062287709,5.8227522670699,6.19357407989059,0.999941665937579
61.45,40.5,39.7,35,28,0.455,27.95975,83.6068211872362,2.99025639310924,493.177105875384,5.78002574623433,6.04405583435348,0.941938857626078
63,40.5,39.7,35,15,0.5,31.5,104.725057580785,3.3246050025646,452.626949615801,5.85095092565244,6.75819999133561,0.822067124507327
47.5,41,39.7,35,0,NaN,NaN,NaN,NaN,NaN,NaN,NaN,NaN
49.05,41,39.7,35,7,0.525,25.75125,115.466805372585,4.48393011494918,500,4.11543837960401,7.52403218088603,0.84153928245327
50.6,41,39.7,35,18,0.54,27.324,110.627571974558,4.04873268827984,500,4.63924934892052,7.52001357913497,0.901921662692017
52.15,41,39.7,35,22,0.54,28.161,106.452136831585,3.78012630345459,500,5.0066877261641,7.38703610586447,0.930183667499522
53.7,41,39.7,35,23,0.54,28.998,103.110385573809,3.55577576294258,500,5.37126106670461,7.25657895651448,0.953708687834422
55.25,41,39.7,35,25,0.545,30.11125,101.276858746457,3.36342259940911,500,5.79932598313562,7.17358812838432,0.862890698141331
56.8,41,39.7,35,26,0.515,29.252,94.3221963256667,3.22446999609144,500,5.79300176966422,6.74808796438077,0.999875301531304
58.35,41,39.7,35,27,0.49,28.5915,88.882502587249,3.10870372618607,500,5.79184275009389,6.42448390201917,0.999971033090236
59.9,41,39.7,35,29,0.465,27.8535,84.0453216003704,3.01740612850702,500,5.74664206893796,6.13784486768413,0.999942521544723
61.45,41,39.7,35,28,0.45,27.6525,82.4121051411881,2.98027683360232,495.197920498034,5.72942418224616,5.98558509504897,0.933688084054357
63,41,39.7,35,16,0.44,27.72,83.5827264635839,3.01524987242366,487.023399535262,5.69683451971201,5.91344175453515,0.805284263880925
47.5,41.5,39.7,35,0,NaN,NaN,NaN,NaN,NaN,NaN,NaN,NaN
49.05,41.5,39.7,35,6,0.525,25.75125,114.81153136635,4.4584838159837,500,4.11297526930139,7.49124042128245,0.835370174743207
50.6,41.5,39.7,35,18,0.54,27.324,110.100357114764,4.02943775123568,500,4.63229976737827,7.49122507861105,0.902279221678739
52.15,41.5,39.7,35,22,0.54,28.161,106.021101061017,3.76482017900701,500,4.99710186998726,7.36147530800798,0.931243872462239
53.7,41.5,39.7,35,24,0.54,28.998,102.764331511454,3.54384204122539,500,5.35927647133779,7.23384148381864,0.951288845725551
55.25,41.5,39.7,35,25,0.54,29.835,100.091943484981,3.35484979001111,500,5.72947560755623,7.10140103619564,0.979058339679672
56.8,41.5,39.7,35,26,0.515,29.252,94.1007136605622,3.21689845687687,500,5.77319218296119,6.73322063301084,0.999885688846422
58.35,41.5,39.7,35,28,0.49,28.5915,88.7813504220247,3.10516588573614,499.883226315869,5.76940126591181,6.41341859420059,0.999974752626144
59.9,41.5,39.7,35,29,0.465,27.8535,83.9261698002422,3.01312832499478,500,5.72615529166132,6.12805081974908,0.999952032505041
61.45,41.5,39.7,35,29,0.45,27.6525,82.1804143205903,2.97189817631644,495.310950221178,5.71229378701645,5.97112664022958,0.943502231986308
63,41.5,39.7,35,19,0.445,28.035,84.2125494633003,3.00383625693955,484.431600753007,5.69839898085974,5.96631304222766,0.81459120944755
47.5,42,39.7,35,0,NaN,NaN,NaN,NaN,NaN,NaN,NaN,NaN
49.05,42,39.7,35,5,0.525,25.75125,114.176860480616,4.43383759936378,500,4.11040326990404,7.45914595542299,0.829519276258149
50.6,42,39.7,35,18,0.54,27.324,109.590330301065,4.01077185994236,500,4.62526328166129,7.46315305764071,0.903436059535055
52.15,42,39.7,35,22,0.54,28.161,105.605010178883,3.75004474908146,500,4.98762579601861,7.33655158332968,0.932414348859825
53.7,42,39.7,35,24,0.54,28.998,102.430749279226,3.53233841227762,500,5.34752346947877,7.21168840114637,0.948687103645352
55.25,42,39.7,35,25,0.54,29.835,99.817850766463,3.34566283782346,500,5.71408058495747,7.0830941891352,0.976688983502656
56.8,42,39.7,35,26,0.515,29.252,93.9158384102175,3.21057836764042,500,5.75244912586296,6.72045529327005,0.99989529394716
58.35,42,39.7,35,28,0.49,28.5915,88.7382938667781,3.10365996421237,499.182481741606,5.74538858177193,6.40386500951388,0.9999778696664
59.9,42,39.7,35,30,0.465,27.8535,83.8447415219204,3.01020487629635,500,5.70506314405922,6.1192734142546,0.999959282873418
61.45,42,39.7,35,29,0.445,27.34525,81.0849492256691,2.96522976479166,497.413792687449,5.65396575947488,5.9176973508995,0.941780072092782
63,42,39.7,35,21,0.44,27.72,83.0459487126829,2.99588559569563,486.626355270345,5.64771943338195,5.90034222022476,0.848586356749435
47.5,42.5,39.7,35,0,NaN,NaN,NaN,NaN,NaN,NaN,NaN,NaN
49.05,42.5,39.7,35,4,0.525,25.75125,113.562162348323,4.40996698600352,500,4.10773557177592,7.42771943204454,0.82335609282189
50.6,42.5,39.7,35,18,0.54,27.324,109.096971638713,3.99271598736325,500,4.61818665372841,7.43575292576296,0.905347651993521
52.15,42.5,39.7,35,22,0.54,28.161,105.203483049721,3.73578647951854,500,4.9782929712188,7.31222838327687,0.933646004642432
53.7,42.5,39.7,35,24,0.54,28.998,102.109286838625,3.52125273600334,500,5.33600243632215,7.19014304817232,0.945940007190847
55.25,42.5,39.7,35,26,0.54,29.835,99.5603798089841,3.33703300851296,500,5.69806750007362,7.06587947968002,0.974026499759332
56.8,42.5,39.7,35,27,0.515,29.252,93.7830780322207,3.20603986162385,499.530108461213,5.73063341724953,6.7095107568083,0.999904029460476
58.35,42.5,39.7,35,28,0.485,28.29975,87.8031832795852,3.10261338985628,500,5.67620925392322,6.34377631235026,0.999987145139387
59.9,42.5,39.7,35,30,0.465,27.8535,83.8073379190859,3.00886200725531,499.9336595034,5.68320236682949,6.11129162560731,0.999964736241407
61.45,42.5,39.7,35,30,0.445,27.34525,80.85928157469,2.95697722912352,497.542540405452,5.63759416236771,5.9038302960255,0.951556675304787
63,42.5,39.7,35,22,0.44,27.72,82.7842391246314,2.98644441286549,486.775681779954,5.62735790642539,5.89057211449627,0.866958220173997
47.5,43,39.7,35,0,NaN,NaN,NaN,NaN,NaN,NaN,NaN,NaN
49.05,43,39.7,35,3,0.525,25.75125,112.966828673439,4.38684835390279,500,4.10498116342542,7.39693591954529,0.816380981597472
50.6,43,39.7,35,18,0.54,27.324,108.619790632405,3.97525218241856,500,4.61111812287507,7.40897880070003,0.907868754421496
52.15,43,39.7,35,22,0.54,28.161,104.816172367348,3.72203303744002,500,4.96912575567244,7.28846956053375,0.934869404220422
53.7,43,39.7,35,24,0.54,28.998,101.799606148825,3.51057335501845,500,5.3246983316705,7.16922646566263,0.943077106278064
55.25,43,39.7,35,25,0.54,29.835,99.324760541237,3.32913559715894,500,5.68114528541503,7.04981914339826,0.971076382445064
56.8,43,39.7,35,27,0.51,28.968,92.7814580355704,3.20289485071701,500,5.66644353167321,6.64137805736838,0.999955789159887
58.35,43,39.7,35,29,0.485,28.29975,87.6523590527136,3.09728386479434,500,5.65768577780353,6.33117541981355,0.999988571297913
59.9,43,39.7,35,30,0.465,27.8535,83.8171033427333,3.00921260677234,499.220710680603,5.66034000310054,6.10391682323481,0.999968769013336
61.45,43,39.7,35,30,0.445,27.34525,80.6964979964951,2.95102432768013,497.648146838849,5.6200287959525,5.89195255838082,0.959715957504958
63,43,39.7,35,24,0.44,27.72,82.5524330741795,2.97808200123303,486.960063274633,5.60819418257601,5.88008654303049,0.883554963741831
47.5,43.5,39.7,35,0,NaN,NaN,NaN,NaN,NaN,NaN,NaN,NaN
49.05,43.5,39.7,35,2,0.525,25.75125,112.39027031157,4.36445882477823,500,4.10214580295779,7.36677314052809,0.808305776022498
50.6,43.5,39.7,35,18,0.54,27.324,108.158325577795,3.9583635477161,500,4.60410352145812,7.3827831424098,0.910764561573881
52.15,43.5,39.7,35,22,0.54,28.161,104.442764780001,3.70877329569267,500,4.96013217448312,7.26523908895145,0.935998506793374
53.7,43.5,39.7,35,25,0.54,28.998,101.501380111786,3.50028898930223,500,5.31358066161003,7.14895019039709,0.940115233659555
55.25,43.5,39.7,35,25,0.54,29.835,99.118283498348,3.32221496558901,500,5.6629830577528,7.03490211234407,0.9678527194955
56.8,43.5,39.7,35,27,0.51,28.968,92.5924269796711,3.19636933787873,500,5.64879592685086,6.62837452384892,0.999960191533994
58.35,43.5,39.7,35,29,0.485,28.29975,87.540827015962,3.09334276860969,500,5.6381581155578,6.32008411404473,0.999989698656354
59.9,43.5,39.7,35,31,0.465,27.8535,83.8734243636308,3.01123465143091,498.556938179715,5.63620285269915,6.09699627946453,0.999971672928664
61.45,43.5,39.7,35,30,0.445,27.34525,80.6078205973064,2.947781446405,497.668898275789,5.6009731951513,5.88244175370846,0.966442751152182
63,43.5,39.7,35,26,0.435,27.405,81.3887849608904,2.9698516679763,489.252449582725,5.55916041180428,5.81821947139862,0.907103438135062
47.5,44,39.7,35,0,NaN,NaN,NaN,NaN,NaN,NaN,NaN,NaN
49.05,44,39.7,35,0,NaN,NaN,NaN,NaN,NaN,NaN,NaN,NaN
50.6,44,39.7,35,18,0.54,27.324,107.71214346603,3.9420342360573,500,4.59718206809081,7.35711639986001,0.913738932808859
52.15,44,39.7,35,22,0.54,28.161,104.082980968747,3.69599733563252,500,4.95130373042298,7.242500461998,0.93693581508495
53.7,44,39.7,35,25,0.54,28.998,101.214289337707,3.49038862465366,500,5.30260490936939,7.1293102270104,0.937054513705985
55.25,44,39.7,35,25,0.535,29.55875,98.0169329686517,3.31600399098919,500,5.6005995208233,6.96334411225998,0.995506372282869
56.8,44,39.7,35,27,0.51,28.968,92.439903208256,3.19110408755371,500,5.63053526295809,6.61704030612238,0.999963838883496
58.35,44,39.7,35,29,0.485,28.29975,87.4751610726701,3.09102239675863,499.661430432366,5.61768207773079,6.31025253373234,0.999990564141145
59.9,44,39.7,35,31,0.46,27.554,82.9896288900759,3.01189042934151,500,5.56616724454507,6.04362617875789,0.999958948248927
61.45,44,39.7,35,31,0.44,27.038,79.6228588406909,2.94485016793738,499.986903361943,5.53389264091504,5.83318272960836,0.968298017011142
63,44,39.7,35,28,0.435,27.405,81.1467287337082,2.96101911088153,489.442395793764,5.54235633944475,5.80662589484823,0.920652360516051
47.5,44.5,39.7,35,0,NaN,NaN,NaN,NaN,NaN,NaN,NaN,NaN
49.05,44.5,39.7,35,0,NaN,NaN,NaN,NaN,NaN,NaN,NaN,NaN
50.6,44.5,39.7,35,18,0.54,27.324,107.28084033815,3.92624946340763,500,4.59038229124895,7.33192671731576,0.916472001429256
52.15,44.5,39.7,35,23,0.54,28.161,103.736575541563,3.68369644336363,500,4.94261466778558,7.22021576524932,0.937577433363586
53.7,44.5,39.7,35,25,0.54,28.998,100.938018878095,3.48086140003088,500,5.29171534840789,7.1102831108828,0.933876772747623
55.25,44.5,39.7,35,26,0.535,29.55875,97.7948628462009,3.30849115223752,500,5.58539041176364,6.94800264751615,0.995170471650344
56.8,44.5,39.7,35,27,0.51,28.968,92.3357908529037,3.18751004048963,499.534733430106,5.61154021120034,6.60701463454533,0.999966765188658
58.35,44.5,39.7,35,30,0.485,28.29975,87.4592846204918,3.09046138642539,499.045110279151,5.5964054475835,6.30136696700198,0.999991195002785
59.9,44.5,39.7,35,31,0.46,27.554,82.9034783610237,3.0087638223497,500,5.54767131819915,6.03438849348374,0.999961146899276
61.45,44.5,39.7,35,31,0.44,27.038,79.5209062475765,2.94107945290245,500,5.51683692805446,5.82341870706686,0.973374200463105
63,44.5,39.7,35,31,0.435,27.405,80.9560628166995,2.95406177035941,489.558760335647,5.52533585388788,5.79583506100844,0.93231449630763
47.5,45,39.7,35,0,NaN,NaN,NaN,NaN,NaN,NaN,NaN,NaN
49.05,45,39.7,35,0,NaN,NaN,NaN,NaN,NaN,NaN,NaN,NaN
50.6,45,39.7,35,18,0.54,27.324,106.864042029712,3.91099553614816,500,4.58371859719944,7.30715975190383,0.918656144407571
52.15,45,39.7,35,23,0.54,28.161,103.403336588949,3.67186309395791,500,4.93402293193308,7.19834452264589,0.937816842802222
53.7,45,39.7,35,25,0.54,28.998,100.672255185041,3.47169650269126,500,5.28084894978644,7.09182426836038,0.930546437324242
55.25,45,39.7,35,26,0.535,29.55875,97.5950116597368,3.30173000075229,500,5.56910462431609,6.93359812261237,0.994794795935711
56.8,45,39.7,35,27,0.51,28.968,92.289512415565,3.18591246946855,498.844132771405,5.59169428292871,6.59790626579516,0.999969001231887
58.35,45,39.7,35,29,0.48,28.008,86.5819785226244,3.09133028144189,500,5.53012392169566,6.24088710754266,0.999993771401994
59.9,45,39.7,35,31,0.46,27.554,82.8601167786372,3.00719012769969,500,5.52814242696933,6.02567601444866,0.999962397103877
61.45,45,39.7,35,31,0.44,27.038,79.4757497180846,2.93940933937734,499.971336709095,5.4984585469113,5.8158411049168,0.977427533380076
63,45,39.7,35,31,0.43,27.09,79.7762053597836,2.94485807898795,492.005538343093,5.47780628624384,5.73789684070098,0.944078458617251
47.5,20,40,35,0,NaN,NaN,NaN,NaN,NaN,NaN,NaN,NaN
49.05,20,40,35,0,NaN,NaN,NaN,NaN,NaN,NaN,NaN,NaN
50.6,20,40,35,0,NaN,NaN,NaN,NaN,NaN,NaN,NaN,NaN
52.15,20,40,35,0,NaN,NaN,NaN,NaN,NaN,NaN,NaN,NaN
53.7,20,40,35,0,NaN,NaN,NaN,NaN,NaN,NaN,NaN,NaN
55.25,20,40,35,0,NaN,NaN,NaN,NaN,NaN,NaN,NaN,NaN
56.8,20,40,35,0,NaN,NaN,NaN,NaN,NaN,NaN,NaN,NaN
58.35,20,40,35,4,0.54,31.509,119.947331434072,3.80676414465936,500,7.34929249369378,8.32841668676645,0.867627268526235
59.9,20,40,35,7,0.535,32.0465,117.034764097736,3.65202952265414,494.35879650734,7.72239064127971,8.03227562708399,0.89286288272869
61.45,20,40,35,7,0.54,33.183,122.411374056686,3.68897851480232,490.325441055568,8.50493642561931,7.10565228523168,0.826785300336653
63,20,40,35,4,0.555,34.965,132.227372816849,3.78170664426851,474.872460012104,9.19619799912071,7.68863850152407,0.860831175088246
47.5,20.5,40,35,0,NaN,NaN,NaN,NaN,NaN,NaN,NaN,NaN
49.05,20.5,40,35,0,NaN,NaN,NaN,NaN,NaN,NaN,NaN,NaN
50.6,20.5,40,35,0,NaN,NaN,NaN,NaN,NaN,NaN,NaN,NaN
52.15,20.5,40,35,0,NaN,NaN,NaN,NaN,NaN,NaN,NaN,NaN
53.7,20.5,40,35,0,NaN,NaN,NaN,NaN,NaN,NaN,NaN,NaN
55.25,20.5,40,35,0,NaN,NaN,NaN,NaN,NaN,NaN,NaN,NaN
56.8,20.5,40,35,0,NaN,NaN,NaN,NaN,NaN,NaN,NaN,NaN
58.35,20.5,40,35,4,0.54,31.509,118.817973022904,3.77092173737358,500,7.31942874186838,8.25736735964344,0.891844728852772
59.9,20.5,40,35,8,0.53,31.747,114.644384343645,3.61118796559186,495.183633617786,7.6436992699633,7.946385140203,0.881945296689498
61.45,20.5,40,35,7,0.54,33.183,121.448956268122,3.65997517608783,489.517436813391,8.36285690820013,7.23666037780916,0.905724351955517
63,20.5,40,35,5,0.55,34.65,129.531710510215,3.7382889036137,476.136045716787,9.16935106663227,7.46436180103403,0.85286874705449
47.5,21,40,35,0,NaN,NaN,NaN,NaN,NaN,NaN,NaN,NaN
49.05,21,40,35,0,NaN,NaN,NaN,NaN,NaN,NaN,NaN,NaN
50.6,21,40,35,0,NaN,NaN,NaN,NaN,NaN,NaN,NaN,NaN
52.15,21,40,35,0,NaN,NaN,NaN,NaN,NaN,NaN,NaN,NaN
53.7,21,40,35,0,NaN,NaN,NaN,NaN,NaN,NaN,NaN,NaN
55.25,21,40,35,0,NaN,NaN,NaN,NaN,NaN,NaN,NaN,NaN
56.8,21,40,35,0,NaN,NaN,NaN,NaN,NaN,NaN,NaN,NaN
58.35,21,40,35,5,0.54,31.509,117.732194746119,3.73646243124565,500,7.29075184581789,8.18794558037871,0.908806172075907
59.9,21,40,35,9,0.525,31.4475,112.342573371784,3.57238487548403,496.007437327733,7.56000174432548,7.85115314659324,0.865693450349358
61.45,21,40,35,8,0.535,32.87575,119.33424830837,3.62985630163174,490.289703452511,8.28204431009456,7.07903052800112,0.892339394612455
63,21,40,35,6,0.545,34.335,127.063240533068,3.70069143827197,477.401596867703,9.13442717364787,7.22622534978868,0.845462709383379
47.5,21.5,40,35,0,NaN,NaN,NaN,NaN,NaN,NaN,NaN,NaN
49.05,21.5,40,35,0,NaN,NaN,NaN,NaN,NaN,NaN,NaN,NaN
50.6,21.5,40,35,0,NaN,NaN,NaN,NaN,NaN,NaN,NaN,NaN
52.15,21.5,40,35,0,NaN,NaN,NaN,NaN,NaN,NaN,NaN,NaN
53.7,21.5,40,35,0,NaN,NaN,NaN,NaN,NaN,NaN,NaN,NaN
55.25,21.5,40,35,0,NaN,NaN,NaN,NaN,NaN,NaN,NaN,NaN
56.8,21.5,40,35,2,0.53,30.104,121.387594550862,4.03227459974962,500,6.62263072990277,8.3800297896289,0.847362129173337
58.35,21.5,40,35,6,0.54,31.509,116.692246898704,3.70345764380666,500,7.26309504229513,8.12033410059747,0.921511858649994
59.9,21.5,40,35,10,0.52,31.148,110.134907814312,3.53585809086656,496.844979075162,7.47105643737168,7.75014975978261,0.835687378492982
61.45,21.5,40,35,9,0.53,32.5685,117.303190495165,3.60173758371325,491.124193517877,8.19921523875226,6.95368747564201,0.871727000441836
63,21.5,40,35,7,0.54,34.02,124.824372577685,3.66914675419416,478.504907711288,9.09209673379581,6.98422660742072,0.8318568187179
47.5,22,40,35,0,NaN,NaN,NaN,NaN,NaN,NaN,NaN,NaN
49.05,22,40,35,0,NaN,NaN,NaN,NaN,NaN,NaN,NaN,NaN
50.6,22,40,35,0,NaN,NaN,NaN,NaN,NaN,NaN,NaN,NaN
52.15,22,40,35,0,NaN,NaN,NaN,NaN,NaN,NaN,NaN,NaN
53.7,22,40,35,0,NaN,NaN,NaN,NaN,NaN,NaN,NaN,NaN
55.25,22,40,35,0,NaN,NaN,NaN,NaN,NaN,NaN,NaN,NaN
56.8,22,40,35,4,0.535,30.388,120.810634292167,3.97560333987649,500,6.67537276389393,8.35385773121458,0.842229088854093
58.35,22,40,35,7,0.54,31.509,115.70178646109,3.67202343651305,500,7.23628959336251,8.05472013073031,0.93168316483456
59.9,22,40,35,10,0.52,31.148,109.482912720154,3.51492592526499,496.147528098047,7.40350445470403,7.70288756973711,0.949218948094183
61.45,22,40,35,10,0.525,32.26125,115.338288365494,3.5751338948582,492.016890053882,8.11482031180005,6.86225949600744,0.831354047862876
63,22,40,35,7,0.54,34.02,124.056621741423,3.64657912232283,477.769302552443,8.99005988245592,7.14161202442801,0.920270395699608
47.5,22.5,40,35,0,NaN,NaN,NaN,NaN,NaN,NaN,NaN,NaN
49.05,22.5,40,35,0,NaN,NaN,NaN,NaN,NaN,NaN,NaN,NaN
50.6,22.5,40,35,0,NaN,NaN,NaN,NaN,NaN,NaN,NaN,NaN
52.15,22.5,40,35,0,NaN,NaN,NaN,NaN,NaN,NaN,NaN,NaN
53.7,22.5,40,35,0,NaN,NaN,NaN,NaN,NaN,NaN,NaN,NaN
55.25,22.5,40,35,0,NaN,NaN,NaN,NaN,NaN,NaN,NaN,NaN
56.8,22.5,40,35,5,0.535,30.388,119.683036170454,3.93849664902113,500,6.65553620764772,8.29053404989649,0.881085547003368
58.35,22.5,40,35,8,0.54,31.509,114.764309924127,3.64227077736924,500,7.21016024728028,7.99137994694383,0.940323692461804
59.9,22.5,40,35,11,0.515,30.8485,107.410972676749,3.48188640215079,496.924447665307,7.31235507973836,7.59993701790303,0.945120625549585
61.45,22.5,40,35,10,0.525,32.26125,114.487890718507,3.54877417082435,491.010267515662,7.97051756027972,6.96193856337054,0.9259580239581
63,22.5,40,35,8,0.535,33.705,121.892545468996,3.6164529140779,478.858734801421,8.94056264755522,6.9037045804674,0.897679012123009
47.5,23,40,35,0,NaN,NaN,NaN,NaN,NaN,NaN,NaN,NaN
49.05,23,40,35,0,NaN,NaN,NaN,NaN,NaN,NaN,NaN,NaN
50.6,23,40,35,0,NaN,NaN,NaN,NaN,NaN,NaN,NaN,NaN
52.15,23,40,35,0,NaN,NaN,NaN,NaN,NaN,NaN,NaN,NaN
53.7,23,40,35,0,NaN,NaN,NaN,NaN,NaN,NaN,NaN,NaN
55.25,23,40,35,0,NaN,NaN,NaN,NaN,NaN,NaN,NaN,NaN
56.8,23,40,35,6,0.535,30.388,118.607833118056,3.90311416078899,500,6.63608095833957,8.2290305964541,0.907460805396351
58.35,23,40,35,8,0.54,31.509,113.881123716027,3.61424112844035,500,7.18452386052668,7.93077327737754,0.947999422194201
59.9,23,40,35,12,0.51,30.549,105.448346428742,3.45177735535507,497.732866564466,7.21653068091861,7.49827667750831,0.921990165713343
61.45,23,40,35,11,0.52,31.954,112.594682800599,3.52364908307565,491.95942052209,7.88363392026467,6.88893969316058,0.886426781845209
63,23,40,35,9,0.53,33.39,119.913190071561,3.59129050828274,479.685349281666,8.88443659327508,6.67433623955022,0.834300054606424
47.5,23.5,40,35,0,NaN,NaN,NaN,NaN,NaN,NaN,NaN,NaN
49.05,23.5,40,35,0,NaN,NaN,NaN,NaN,NaN,NaN,NaN,NaN
50.6,23.5,40,35,0,NaN,NaN,NaN,NaN,NaN,NaN,NaN,NaN
52.15,23.5,40,35,0,NaN,NaN,NaN,NaN,NaN,NaN,NaN,NaN
53.7,23.5,40,35,0,NaN,NaN,NaN,NaN,NaN,NaN,NaN,NaN
55.25,23.5,40,35,0,NaN,NaN,NaN,NaN,NaN,NaN,NaN,NaN
56.8,23.5,40,35,7,0.535,30.388,117.58324396515,3.8693972609303,500,6.61696675111284,8.16954736584712,0.9261610351447
58.35,23.5,40,35,9,0.535,31.21725,111.972033175084,3.58686409517444,500,7.10166611035829,7.84860491836802,0.977609453652762
59.9,23.5,40,35,13,0.505,30.2495,103.616576164799,3.42539797896821,498.58173840409,7.1162381516836,7.39963484605749,0.844538760956933
61.45,23.5,40,35,12,0.515,31.64675,110.747309692533,3.49948445551387,492.936062319463,7.79551317993922,6.83793705079181,0.806111239412734
63,23.5,40,35,9,0.53,33.39,119.093430210464,3.56673944925021,479.233978628207,8.76744258415037,6.83184081463367,0.904592595462358
47.5,24,40,35,0,NaN,NaN,NaN,NaN,NaN,NaN,NaN,NaN
49.05,24,40,35,0,NaN,NaN,NaN,NaN,NaN,NaN,NaN,NaN
50.6,24,40,35,0,NaN,NaN,NaN,NaN,NaN,NaN,NaN,NaN
52.15,24,40,35,0,NaN,NaN,NaN,NaN,NaN,NaN,NaN,NaN
53.7,24,40,35,0,NaN,NaN,NaN,NaN,NaN,NaN,NaN,NaN
55.25,24,40,35,3,0.525,29.00625,122.478956536714,4.22250227232799,500,5.9519699138598,8.33216876257249,0.836933993465352
56.8,24,40,35,9,0.54,30.672,117.431704840781,3.82862887456902,500,6.66539884199767,8.15887324993646,0.814159196634805
58.35,24,40,35,11,0.535,31.21725,111.159955556325,3.56085034896811,500,7.07767002137768,7.79439429532026,0.981663951362734
59.9,24,40,35,13,0.505,30.2495,103.063177804662,3.4071035159147,498.001043766797,7.06669992460414,7.35670081307091,0.962003325230505
61.45,24,40,35,12,0.515,31.64675,109.993751991139,3.47567292032006,491.76384440574,7.6562291763137,6.92622022311361,0.898388720844218
63,24,40,35,10,0.525,33.075,117.173619068405,3.54266421975526,480.062051221748,8.70406763874245,6.60957090145455,0.802515693957377
47.5,24.5,40,35,0,NaN,NaN,NaN,NaN,NaN,NaN,NaN,NaN
49.05,24.5,40,35,0,NaN,NaN,NaN,NaN,NaN,NaN,NaN,NaN
50.6,24.5,40,35,0,NaN,NaN,NaN,NaN,NaN,NaN,NaN,NaN
52.15,24.5,40,35,0,NaN,NaN,NaN,NaN,NaN,NaN,NaN,NaN
53.7,24.5,40,35,0,NaN,NaN,NaN,NaN,NaN,NaN,NaN,NaN
55.25,24.5,40,35,6,0.53,29.2825,121.548424000205,4.15088957569214,500,6.01827914475795,8.30547573001594,0.851478530851338
56.8,24.5,40,35,9,0.54,30.672,116.507911691028,3.79851042289477,500,6.64687402739261,8.10406081492054,0.837179592909389
58.35,24.5,40,35,11,0.535,31.21725,110.394098134973,3.53631720074551,500,7.05394096335758,7.74267677415217,0.984952386463877
59.9,24.5,40,35,14,0.5,29.95,101.376878052339,3.38487071961064,498.806219351596,6.96549826890187,7.26448957598779,0.913332741799905
61.45,24.5,40,35,13,0.51,31.3395,108.20356493352,3.45262575770256,492.796721697926,7.56666049161378,6.88137626031182,0.820120646411011
63,24.5,40,35,10,0.525,33.075,116.415576812498,3.51974533068776,479.63518631664,8.57314798852332,6.77062623014931,0.868700741122037
47.5,25,40,35,0,NaN,NaN,NaN,NaN,NaN,NaN,NaN,NaN
49.05,25,40,35,0,NaN,NaN,NaN,NaN,NaN,NaN,NaN,NaN
50.6,25,40,35,0,NaN,NaN,NaN,NaN,NaN,NaN,NaN,NaN
52.15,25,40,35,0,NaN,NaN,NaN,NaN,NaN,NaN,NaN,NaN
53.7,25,40,35,0,NaN,NaN,NaN,NaN,NaN,NaN,NaN,NaN
55.25,25,40,35,7,0.53,29.2825,120.434544395447,4.11285048733706,500,6.0057629503594,8.24478006134159,0.915965847763337
56.8,25,40,35,10,0.54,30.672,115.627478231869,3.76980562832122,500,6.62862558249716,8.05126791430659,0.857816407269563
58.35,25,40,35,12,0.535,31.21725,109.670534931914,3.5131388873752,500,7.03030032277786,7.69377837983711,0.987584291868264
59.9,25,40,35,14,0.5,29.95,100.854924472871,3.36744322113091,498.442853189752,6.92569608589171,7.22477900593241,0.972697007745363
61.45,25,40,35,13,0.51,31.3395,107.52100272825,3.43084614394773,491.40979354517,7.43741759684209,6.95792238510763,0.893776834658346
63,25,40,35,10,0.525,33.075,115.816454042369,3.50163126356369,478.9784422001,8.4302827464113,6.92386091016065,0.908917990017547
47.5,25.5,40,35,0,NaN,NaN,NaN,NaN,NaN,NaN,NaN,NaN
49.05,25.5,40,35,0,NaN,NaN,NaN,NaN,NaN,NaN,NaN,NaN
50.6,25.5,40,35,0,NaN,NaN,NaN,NaN,NaN,NaN,NaN,NaN
52.15,25.5,40,35,0,NaN,NaN,NaN,NaN,NaN,NaN,NaN,NaN
53.7,25.5,40,35,0,NaN,NaN,NaN,NaN,NaN,NaN,NaN,NaN
55.25,25.5,40,35,9,0.535,29.55875,119.790541498956,4.0526254154508,500,6.0674417535551,8.22846890343531,0.82828639622669
56.8,25.5,40,35,11,0.54,30.672,114.78815012567,3.74244099262097,500,6.61062304905624,8.00045680478046,0.876415044812957
58.35,25.5,40,35,12,0.535,31.21725,108.985532058617,3.49119579907316,500,7.00656777878009,7.64816757888332,0.989652092632142
59.9,25.5,40,35,15,0.495,29.6505,99.297001814782,3.34891491930261,499.275889879539,6.82329723662438,7.14018147746094,0.930424086652503
61.45,25.5,40,35,14,0.505,31.03225,105.7831660368,3.40881392863232,492.491992935339,7.34741406833769,6.91220975569926,0.817449001183817
63,25.5,40,35,10,0.525,33.075,115.393562749774,3.48884543461144,478.067368586322,8.27675136861752,7.05041643203919,0.933604258099158
47.5,26,40,35,0,NaN,NaN,NaN,NaN,NaN,NaN,NaN,NaN
49.05,26,40,35,0,NaN,NaN,NaN,NaN,NaN,NaN,NaN,NaN
50.6,26,40,35,0,NaN,NaN,NaN,NaN,NaN,NaN,NaN,NaN
52.15,26,40,35,0,NaN,NaN,NaN,NaN,NaN,NaN,NaN,NaN
53.7,26,40,35,2,0.505,27.1185,126.790158556797,4.6754119349078,500,5.105441930749,8.2671212233335,0.80898846884848
55.25,26,40,35,10,0.535,29.55875,118.793158526053,4.01888302198343,500,6.05421339511168,8.17333211413348,0.878743367196016
56.8,26,40,35,11,0.54,30.672,113.9878195882,3.71634779565076,500,6.5928391819092,7.95156326468847,0.893046390186669
58.35,26,40,35,13,0.535,31.21725,108.33787143623,3.47044891642378,500,6.9825603749713,7.60633004140017,0.991244069154167
59.9,26,40,35,15,0.495,29.6505,98.7938409950344,3.3319451946859,499.05535318144,6.7911314511712,7.10318423688231,0.975838780875128
61.45,26,40,35,14,0.505,31.03225,105.164740600481,3.38888545305227,490.883235879344,7.2310888260243,6.96999994446309,0.88341717655369
63,26,40,35,11,0.52,32.76,113.294642527472,3.45832242147349,479.414974077697,8.20715405453169,6.86659578341688,0.836370475308238
47.5,26.5,40,35,0,NaN,NaN,NaN,NaN,NaN,NaN,NaN,NaN
49.05,26.5,40,35,0,NaN,NaN,NaN,NaN,NaN,NaN,NaN,NaN
50.6,26.5,40,35,0,NaN,NaN,NaN,NaN,NaN,NaN,NaN,NaN
52.15,26.5,40,35,0,NaN,NaN,NaN,NaN,NaN,NaN,NaN,NaN
53.7,26.5,40,35,6,0.515,27.6555,124.666523814196,4.5078383617796,500,5.26127567348315,8.25224121450712,0.854050618308447
55.25,26.5,40,35,11,0.535,29.55875,117.840171257365,3.98664257647449,500,6.04094337919681,8.12046843768108,0.910284369397764
56.8,26.5,40,35,12,0.54,30.672,113.224527972014,3.69146217957792,500,6.57524959354404,7.90451882313845,0.907656629134287
58.35,26.5,40,35,13,0.535,31.21725,107.730567692138,3.45099480870795,500,6.95808656857982,7.56861264387796,0.992446062109119
59.9,26.5,40,35,16,0.495,29.6505,98.3247037733491,3.31612295824182,498.904658269322,6.76194061705994,7.06783584595194,0.987961388261447
61.45,26.5,40,35,15,0.5,30.725,103.476028554749,3.36781215800648,492.004595508874,7.14163612317114,6.91893443615449,0.808911470763469
63,26.5,40,35,11,0.52,32.76,112.906175201248,3.44646444448254,478.486401140173,8.0470643920842,6.98416152259217,0.872902854557956
47.5,27,40,35,0,NaN,NaN,NaN,NaN,NaN,NaN,NaN,NaN
49.05,27,40,35,0,NaN,NaN,NaN,NaN,NaN,NaN,NaN,NaN
50.6,27,40,35,0,NaN,NaN,NaN,NaN,NaN,NaN,NaN,NaN
52.15,27,40,35,0,NaN,NaN,NaN,NaN,NaN,NaN,NaN,NaN
53.7,27,40,35,8,0.52,27.924,123.285813394504,4.41504846707148,500,5.33212294339037,8.22236007574147,0.899373647383609
55.25,27,40,35,11,0.535,29.55875,116.929041230101,3.95581820036708,500,6.02762285105201,8.06969240034496,0.930351316550677
56.8,27,40,35,12,0.54,30.672,112.496440652146,3.66772433007778,500,6.55783180888781,7.85926486005508,0.920194022903556
58.35,27,40,35,14,0.53,30.9255,106.115717674236,3.43133393717924,500,6.87721895678698,7.49168306791513,0.996328337687133
59.9,27,40,35,16,0.495,29.6505,97.8866398875675,3.30134870870871,498.760301815392,6.734743362705,7.03412628691397,0.992416655310751
61.45,27,40,35,15,0.5,30.725,102.915573149353,3.34957113586177,490.210296676494,7.03994499839432,6.95617275521904,0.872206506453756
63,27,40,35,11,0.52,32.76,112.688184131087,3.43981026041168,477.286504539936,7.8819952224199,7.06932172185378,0.89853558297127
47.5,27.5,40,35,0,NaN,NaN,NaN,NaN,NaN,NaN,NaN,NaN
49.05,27.5,40,35,0,NaN,NaN,NaN,NaN,NaN,NaN,NaN,NaN
50.6,27.5,40,35,0,NaN,NaN,NaN,NaN,NaN,NaN,NaN,NaN
52.15,27.5,40,35,0,NaN,NaN,NaN,NaN,NaN,NaN,NaN,NaN
53.7,27.5,40,35,10,0.525,28.1925,122.130367955519,4.3320162438776,500,5.39970322601744,8.19917200438814,0.912389139783284
55.25,27.5,40,35,12,0.535,29.55875,116.05731621851,3.92632693258374,500,6.01424229836078,8.02082394427273,0.943518108814179
56.8,27.5,40,35,13,0.54,30.672,111.801804896836,3.64507710279198,500,6.54056363435465,7.8157555297067,0.93069050476403
58.35,27.5,40,35,14,0.53,30.9255,105.53599100572,3.41258802624759,500,6.85414322543665,7.45434743682902,0.996585427840751
59.9,27.5,40,35,17,0.49,29.351,96.4408690567889,3.28577796520694,499.756978118539,6.63561388306409,6.95941610306147,0.98886320631062
61.45,27.5,40,35,16,0.495,30.41775,101.27417062899,3.32944319119561,491.391815261265,6.95192521062473,6.89851857812743,0.802088061925003
63,27.5,40,35,11,0.52,32.76,112.617687818384,3.43765835831453,475.858933592855,7.71495903445964,7.12720298869603,0.916712234317117
47.5,28,40,35,0,NaN,NaN,NaN,NaN,NaN,NaN,NaN,NaN
49.05,28,40,35,0,NaN,NaN,NaN,NaN,NaN,NaN,NaN,NaN
50.6,28,40,35,0,NaN,NaN,NaN,NaN,NaN,NaN,NaN,NaN
52.15,28,40,35,3,0.495,25.81425,132.437996039696,5.13042199714096,500,4.47686698032293,8.25917398101164,0.845793246004176
53.7,28,40,35,12,0.53,28.461,121.18565533471,4.25795493252909,500,5.46411162405904,8.1827287780654,0.892964027447407
55.25,28,40,35,12,0.535,29.55875,115.222660860803,3.89808976566338,500,6.00079135527471,7.9737009132681,0.952472178192635
56.8,28,40,35,13,0.54,30.672,111.138895766124,3.62346425945894,500,6.52342100868396,7.77395318455451,0.939288685973269
58.35,28,40,35,15,0.53,30.9255,104.997763383932,3.39518401914058,500,6.83048792413758,7.42023110929538,0.996767490161965
59.9,28,40,35,17,0.49,29.351,96.0039772151101,3.27089289002453,499.628637429555,6.61198512369377,6.92715578765532,0.993460009337385
61.45,28,40,35,16,0.495,30.41775,100.7659727467,3.3127359106673,489.520693353585,6.86538610998297,6.91749700774538,0.864846396392911
63,28,40,35,11,0.52,32.76,112.646711368515,3.43854430306823,474.23149757492,7.54929761200094,7.16515558033527,0.929775997651188
47.5,28.5,40,35,0,NaN,NaN,NaN,NaN,NaN,NaN,NaN,NaN
49.05,28.5,40,35,0,NaN,NaN,NaN,NaN,NaN,NaN,NaN,NaN
50.6,28.5,40,35,0,NaN,NaN,NaN,NaN,NaN,NaN,NaN,NaN
52.15,28.5,40,35,6,0.505,26.33575,129.394505545815,4.91326449961799,500,4.63548290946739,8.23543592399908,0.865457500365436
53.7,28.5,40,35,12,0.53,28.461,120.179250172209,4.22259408215483,500,5.45618965631046,8.13123072409147,0.944734257290125
55.25,28.5,40,35,13,0.535,29.55875,114.422874688777,3.87103225572045,500,5.98725877113985,7.92818798785624,0.958789273189914
56.8,28.5,40,35,13,0.54,30.672,110.505952916113,3.60282840754151,500,6.5063758201102,7.73382220253106,0.946224060519771
58.35,28.5,40,35,15,0.53,30.9255,104.512585065649,3.37949540235888,500,6.80602910120053,7.38966051359727,0.996902282379078
59.9,28.5,40,35,18,0.49,29.351,95.596901465723,3.25702366071762,499.490936592506,6.58898623291989,6.89619617813974,0.995561757939467
61.45,28.5,40,35,17,0.49,30.1105,99.1713322025937,3.2935797214458,490.820425104994,6.77949430228218,6.85395692479058,0.802854109627789
63,28.5,40,35,12,0.515,32.445,110.266098402462,3.39855442756858,476.004359559044,7.48639331383385,7.0491179114275,0.818493238309016
47.5,29,40,35,0,NaN,NaN,NaN,NaN,NaN,NaN,NaN,NaN
49.05,29,40,35,0,NaN,NaN,NaN,NaN,NaN,NaN,NaN,NaN
50.6,29,40,35,0,NaN,NaN,NaN,NaN,NaN,NaN,NaN,NaN
52.15,29,40,35,8,0.51,26.5965,127.528257653384,4.79492631185999,500,4.71033646459442,8.20058014124619,0.910648507457562
53.7,29,40,35,14,0.535,28.7295,119.484375852998,4.15894379829087,500,5.5166963615459,8.123182994854,0.86372687652065
55.25,29,40,35,13,0.535,29.55875,113.655901880208,3.84508485237732,500,5.97363264182711,7.88418269861958,0.9634134051546
56.8,29,40,35,14,0.54,30.672,109.90111126662,3.58310873978285,500,6.48939434372677,7.69532429576947,0.951784139571771
58.35,29,40,35,16,0.525,30.63375,103.086257242479,3.36512040616899,500,6.72307098478451,7.31360453822872,0.997880704128488
59.9,29,40,35,18,0.49,29.351,95.2148808506831,3.24400806959501,499.350994438144,6.56630819603458,6.86640307291833,0.996723502985046
61.45,29,40,35,17,0.49,30.1105,98.7099383886085,3.27825636866238,489.031663612273,6.70753899886861,6.85866156291237,0.865208844288005
63,29,40,35,12,0.515,32.445,110.314520088034,3.40004685122619,474.164095381819,7.33000682651033,7.0827203278806,0.841564815991402
47.5,29.5,40,35,0,NaN,NaN,NaN,NaN,NaN,NaN,NaN,NaN
49.05,29.5,40,35,0,NaN,NaN,NaN,NaN,NaN,NaN,NaN,NaN
50.6,29.5,40,35,0,NaN,NaN,NaN,NaN,NaN,NaN,NaN,NaN
52.15,29.5,40,35,10,0.52,27.118,125.597823598576,4.6315297440289,500,4.85338097926094,8.20151202686064,0.842072766364192
53.7,29.5,40,35,14,0.535,28.7295,118.572212723141,4.12719374591069,500,5.50787253819502,8.0752622399147,0.903535395390665
55.25,29.5,40,35,15,0.54,29.835,113.5495646549,3.80591803770405,500,6.02741072869907,7.88697617019676,0.808693437058796
56.8,29.5,40,35,14,0.54,30.672,109.322330402075,3.564238732462,500,6.47243675253043,7.65841426598166,0.956265437818515
58.35,29.5,40,35,16,0.525,30.63375,102.598306178572,3.34919186121752,500,6.7000758926987,7.28206704743566,0.997940233722679
59.9,29.5,40,35,19,0.49,29.351,94.8508655464954,3.23160592642484,499.214646416679,6.54374769241237,6.83762887037827,0.997461477593172
61.45,29.5,40,35,18,0.485,29.80325,97.1627673686531,3.26013999710277,490.474057119823,6.62425294650216,6.79051569063001,0.812807936834214
63,29.5,40,35,12,0.515,32.445,110.410066171949,3.40299171434579,472.083320262898,7.18126779033269,7.10425815599948,0.859161947251072
47.5,30,40,35,0,NaN,NaN,NaN,NaN,NaN,NaN,NaN,NaN
49.05,30,40,35,0,NaN,NaN,NaN,NaN,NaN,NaN,NaN,NaN
50.6,30,40,35,0,NaN,NaN,NaN,NaN,NaN,NaN,NaN,NaN
52.15,30,40,35,12,0.525,27.37875,124.325609405922,4.54095272450064,500,4.91946411402372,8.18219379144553,0.864751704109009
53.7,30,40,35,14,0.535,28.7295,117.696560127028,4.09671453130156,500,5.49885488987506,8.02882686752046,0.924660035380168
55.25,30,40,35,15,0.54,29.835,112.851461710943,3.78251924621896,500,6.01302653703334,7.8460395505751,0.82235393084508
56.8,30,40,35,16,0.545,30.956,109.682503140928,3.54317428417521,500,6.52301688437635,7.67374273677265,0.80779635686669
58.35,30,40,35,16,0.525,30.63375,102.167364045649,3.33512430066999,500,6.67619659043761,7.25350976847133,0.99801040613828
59.9,30,40,35,19,0.49,29.351,94.4957044298575,3.21950544887253,499.08495458399,6.52116574958546,6.80972827429729,0.997976159506161
61.45,30,40,35,18,0.485,29.80325,96.7428042541132,3.24604881192867,488.9193250646,6.56546347479631,6.78493419928617,0.87347539626224
63,30,40,35,12,0.515,32.445,110.51088187348,3.40609899440529,469.777583119582,7.04277439858912,7.1177418304375,0.872540229223705
47.5,30.5,40,35,0,NaN,NaN,NaN,NaN,NaN,NaN,NaN,NaN
49.05,30.5,40,35,0,NaN,NaN,NaN,NaN,NaN,NaN,NaN,NaN
50.6,30.5,40,35,2,0.49,24.794,135.736014733777,5.47455088867376,500,3.98063213435069,8.17584121650419,0.843381232536811
52.15,30.5,40,35,13,0.53,27.6395,123.244397875221,4.45899520162164,500,4.98239881125417,8.16839929076291,0.851208309733407
53.7,30.5,40,35,15,0.535,28.7295,116.855443776641,4.06743743457564,500,5.48963785803251,7.98378356981453,0.936557212384672
55.25,30.5,40,35,16,0.54,29.835,112.180317349743,3.76002404389953,500,5.99852580546032,7.80659582480087,0.8333568333605
56.8,30.5,40,35,16,0.545,30.956,109.12037405398,3.52501531379959,500,6.50556271428113,7.63981810592507,0.819081466359892
58.35,30.5,40,35,17,0.525,30.63375,101.808423899077,3.32340715384427,500,6.65107872990274,7.22826108839332,0.998092241167728
59.9,30.5,40,35,20,0.49,29.351,94.1395361593645,3.20737065719616,498.964012577548,6.4984557254773,6.78257627108928,0.99835624124468
61.45,30.5,40,35,19,0.48,29.496,95.2452523026581,3.22909046320376,490.47424948642,6.4851960167073,6.71344006021017,0.827652172541497
63,30.5,40,35,12,0.515,32.445,110.594367301796,3.40867213135446,467.317098937635,6.9166552479241,7.12574197552386,0.882686498761664
47.5,31,40,35,0,NaN,NaN,NaN,NaN,NaN,NaN,NaN,NaN
49.05,31,40,35,0,NaN,NaN,NaN,NaN,NaN,NaN,NaN,NaN
50.6,31,40,35,6,0.505,25.553,131.844935446651,5.1596656144739,500,4.2045116394142,8.1864816673218,0.8238245612853
52.15,31,40,35,14,0.53,27.6395,122.244726128235,4.42282697328951,500,4.9779546498151,8.11924488149564,0.928561109759619
53.7,31,40,35,15,0.535,28.7295,116.046996074818,4.03929744947937,500,5.480218825079,7.94005977869855,0.943723462852606
55.25,31,40,35,16,0.54,29.835,111.534671807775,3.73838350285822,500,5.98391346461444,7.76858573182025,0.842446301864594
56.8,31,40,35,17,0.545,30.956,108.572958097305,3.50733163513714,500,6.48766694493488,7.60667819497152,0.829033506711594
58.35,31,40,35,17,0.52,30.342,100.497764308015,3.31216677569096,500,6.56736124173487,7.15316568844415,0.998622083536281
59.9,31,40,35,20,0.49,29.351,93.774825909231,3.19494483694699,498.85547049361,6.47551962600484,6.75609323438824,0.998646180468065
61.45,31,40,35,19,0.48,29.496,94.8612274195211,3.21607090519125,489.265095133011,6.43762288823401,6.70090332228652,0.884845116912349
63,31,40,35,12,0.515,32.445,110.654565001566,3.41052750813889,464.859653600081,6.80432780678971,7.12985019184964,0.89037592997599
47.5,31.5,40,35,0,NaN,NaN,NaN,NaN,NaN,NaN,NaN,NaN
49.05,31.5,40,35,0,NaN,NaN,NaN,NaN,NaN,NaN,NaN,NaN
50.6,31.5,40,35,8,0.51,25.806,129.990521383378,5.03722085497085,500,4.276601650373,8.15775461085468,0.8893014234908
52.15,31.5,40,35,15,0.535,27.90025,121.392355112589,4.3509414830544,500,5.03676901362593,8.11208122206584,0.849375649451523
53.7,31.5,40,35,16,0.535,28.7295,115.269468374768,4.01223371011568,500,5.47059899712693,7.89760386547846,0.948371117507493
55.25,31.5,40,35,16,0.54,29.835,110.913190076815,3.71755287671578,500,5.96919959870506,7.73193393139658,0.850263436004008
56.8,31.5,40,35,17,0.545,30.956,108.041220303094,3.49015442250594,500,6.46918776314046,7.57413559067947,0.838267163617735
58.35,31.5,40,35,18,0.52,30.342,100.100051398713,3.29905910614702,500,6.54409071032105,7.12623535276098,0.998711266049815
59.9,31.5,40,35,20,0.49,29.351,93.4006361259378,3.1821960453115,498.76577808358,6.45225120867597,6.73027938437412,0.998871284391812
61.45,31.5,40,35,20,0.475,29.18875,93.4170748546868,3.20044794157635,490.894405518096,6.36122134816257,6.62725003555823,0.838533943534545
63,31.5,40,35,12,0.515,32.445,110.695111346513,3.41177720285137,462.620200326695,6.70629190705981,7.1310633094045,0.896223842839734
47.5,32,40,35,0,NaN,NaN,NaN,NaN,NaN,NaN,NaN,NaN
49.05,32,40,35,0,NaN,NaN,NaN,NaN,NaN,NaN,NaN,NaN
50.6,32,40,35,10,0.52,26.312,127.944942669611,4.86260803700256,500,4.41266605902794,8.16492750779553,0.842109667246193
52.15,32,40,35,15,0.535,27.90025,120.479131694811,4.3182097542069,500,5.03127624912751,8.06589565676848,0.893566502074511
53.7,32,40,35,16,0.535,28.7295,114.521235629612,3.98618965278239,500,5.46078364427829,7.85638297410061,0.951644956493389
55.25,32,40,35,17,0.54,29.835,110.314652106135,3.69749127220159,500,5.95439776789989,7.69655211987306,0.85734759549216
56.8,32,40,35,17,0.545,30.956,107.528981510405,3.47360710396709,500,6.44995852316768,7.5422610742319,0.847275480413395
58.35,32,40,35,18,0.52,30.342,99.7754217576007,3.28836008692903,500,6.51948373487863,7.10226837024434,0.998800781383664
59.9,32,40,35,21,0.49,29.351,93.0261339216607,3.16943660937143,498.702404753394,6.4285245794392,6.70525416576085,0.999047773596851
61.45,32,40,35,20,0.475,29.18875,93.0631648064803,3.18832306304588,490.078158468909,6.32271386290658,6.61037049642037,0.891615639426153
63,32,40,35,12,0.515,32.445,110.723093245868,3.4126396438856,460.77833401421,6.62203855904978,7.1300460317159,0.900724244010851
47.5,32.5,40,35,0,NaN,NaN,NaN,NaN,NaN,NaN,NaN,NaN
49.05,32.5,40,35,0,NaN,NaN,NaN,NaN,NaN,NaN,NaN,NaN
50.6,32.5,40,35,12,0.525,26.565,126.593572458052,4.76542715821764,500,4.47667028121951,8.14881324093016,0.860448249503727
52.15,32.5,40,35,16,0.535,27.90025,119.599820017166,4.28669348902485,500,5.02551839369719,8.02104179541835,0.915909796327297
53.7,32.5,40,35,16,0.535,28.7295,113.800795450724,3.9611129831958,500,5.45078148545779,7.81637700293253,0.954167079269674
55.25,32.5,40,35,17,0.54,29.835,109.737942367096,3.67816129938313,500,5.93952283882225,7.66234339371839,0.864126498595446
56.8,32.5,40,35,18,0.545,30.956,107.043510779991,3.45792449864294,500,6.42978591955027,7.51146294617948,0.856381008161756
58.35,32.5,40,35,19,0.52,30.342,99.5362739290037,3.28047834450609,500,6.49297910859508,7.08150926454244,0.998886976921077
59.9,32.5,40,35,21,0.49,29.351,92.6702719175424,3.15731225230971,498.66810838667,6.40418760977346,6.68128572496041,0.999187056670743
61.45,32.5,40,35,21,0.47,28.8815,91.6764152130688,3.17422624216432,491.763126139222,6.25220425390291,6.53581550898201,0.835492462720475
63,32.5,40,35,12,0.515,32.445,110.745460147488,3.41332902288452,459.387053548411,6.55013599729685,7.12728841670804,0.904273683442782
47.5,33,40,35,0,NaN,NaN,NaN,NaN,NaN,NaN,NaN,NaN
49.05,33,40,35,0,NaN,NaN,NaN,NaN,NaN,NaN,NaN,NaN
50.6,33,40,35,13,0.53,26.818,125.414505215924,4.67650478096516,500,4.53732452621711,8.13686846850913,0.843193982763906
52.15,33,40,35,16,0.535,27.90025,118.7527006399,4.25633105939552,500,5.01951100741652,7.97747041335614,0.92820515038122
53.7,33,40,35,17,0.535,28.7295,113.106763313195,3.93695550960495,500,5.44060332484806,7.77757081834595,0.956290054339045
55.25,33,40,35,18,0.54,29.835,109.182039343094,3.65952871939314,500,5.92458905207014,7.62920717961252,0.87090315632224
56.8,33,40,35,18,0.545,30.956,106.595447254024,3.44345029248043,500,6.40845049107693,7.48238699137606,0.86571451686034
58.35,33,40,35,20,0.515,30.05025,98.2676356808158,3.2701104210719,500,6.41084007359617,7.0076111511469,0.999218399728575
59.9,33,40,35,22,0.49,29.351,92.3561993471585,3.14661167752916,498.652189552893,6.37906014039558,6.65878614951216,0.99929765265091
61.45,33,40,35,21,0.47,28.8815,91.3465630846314,3.16280536276272,491.310010205796,6.22065320112767,6.51660795838811,0.886411268974771
63,33,40,35,12,0.515,32.445,110.7675331696,3.4140093441085,458.36194377512,6.48849649055876,7.12318828957193,0.90718318091575
47.5,33.5,40,35,0,NaN,NaN,NaN,NaN,NaN,NaN,NaN,NaN
49.05,33.5,40,35,0,NaN,NaN,NaN,NaN,NaN,NaN,NaN,NaN
50.6,33.5,40,35,14,0.53,26.818,124.425064589045,4.63961013457545,500,4.5353729859538,8.0893594755094,0.906207908953892
52.15,33.5,40,35,16,0.535,27.90025,117.936158715882,4.22706458601204,500,5.01327017179668,7.93513437641255,0.935585135297077
53.7,33.5,40,35,17,0.535,28.7295,112.437865329286,3.91367289125415,500,5.43026038656567,7.73994775902564,0.958219420289997
55.25,33.5,40,35,18,0.54,29.835,108.646005323961,3.64156210236168,500,5.90960894007602,7.59704456282952,0.877846385107422
56.8,33.5,40,35,19,0.545,30.956,106.197657255417,3.43060011808428,500,6.38571080397752,7.45566063644143,0.87522495584724
58.35,33.5,40,35,21,0.515,30.05025,97.9545166400627,3.25969057295905,500,6.38696659239727,6.98476625010603,0.999280189684883
59.9,33.5,40,35,22,0.485,29.0515,91.1153982202703,3.13634057519475,499.932301178369,6.29762564683195,6.59375155501626,0.999404930340131
61.45,33.5,40,35,22,0.465,28.57425,90.0121797704144,3.15011521808672,493.051288637569,6.15883908440935,6.44258862032759,0.8095774086537
63,33.5,40,35,12,0.515,32.445,110.792704639263,3.41478516379296,457.555131616451,6.43475452454233,7.11808668841268,0.909683671337494
47.5,34,40,35,0,NaN,NaN,NaN,NaN,NaN,NaN,NaN,NaN
49.05,34,40,35,0,NaN,NaN,NaN,NaN,NaN,NaN,NaN,NaN
50.6,34,40,35,15,0.535,27.071,123.455456156624,4.56043205484186,500,4.59171641572143,8.08331237378195,0.839813409481722
52.15,34,40,35,17,0.535,27.90025,117.148690313221,4.19884016498851,500,5.00681016809245,7.89399374933706,0.940418323942988
53.7,34,40,35,17,0.535,28.7295,111.792929700531,3.89122434085281,500,5.41976294046858,7.70348602548435,0.960074441985432
55.25,34,40,35,18,0.54,29.835,108.128976736217,3.62423250330877,500,5.89459334141928,7.56576402205939,0.88499139959305
56.8,34,40,35,19,0.545,30.956,105.862911702319,3.41978652611186,500,6.36131364046191,7.43165242265244,0.884719756537303
58.35,34,40,35,21,0.515,30.05025,97.723570450707,3.2520052395806,500,6.36114141594185,6.96489731633912,0.99933419545032
59.9,34,40,35,23,0.485,29.0515,90.815027216685,3.12600131548061,499.937712847135,6.27476456153889,6.57212147778889,0.999478037136627
61.45,34,40,35,22,0.465,28.57425,89.7019723422534,3.13925903014964,492.872727301713,6.13226927174671,6.42257339646416,0.86307923207582
63,34,40,35,12,0.515,32.445,110.82265269802,3.41570820459299,456.839746363271,6.38664234387085,7.11227814878476,0.911931161958413
47.5,34.5,40,35,0,NaN,NaN,NaN,NaN,NaN,NaN,NaN,NaN
49.05,34.5,40,35,0,NaN,NaN,NaN,NaN,NaN,NaN,NaN,NaN
50.6,34.5,40,35,15,0.535,27.071,122.546029512655,4.52683792666158,500,4.58877560550273,8.0387460288112,0.874890186754022
52.15,34.5,40,35,17,0.535,27.90025,116.388902708064,4.17160787835464,500,5.00014211155011,7.85401700476957,0.943871523561864
53.7,34.5,40,35,18,0.535,28.7295,111.17087768025,3.86957231000366,500,5.40911965976348,7.66815778322875,0.961918681407717
55.25,34.5,40,35,19,0.54,29.835,107.63015512672,3.60751315993698,500,5.87955235192547,7.53528745538896,0.892255196898082
56.8,34.5,40,35,19,0.54,30.672,104.486256496002,3.40656809128853,500,6.28964378642229,7.3506930566949,0.979695913858759
58.35,34.5,40,35,21,0.51,29.7585,96.6114790311687,3.24651709700317,500,6.27777150772081,6.89736257305862,0.999528291397483
59.9,34.5,40,35,23,0.485,29.0515,90.5599035557813,3.11721954307975,499.938211847104,6.2511309455405,6.5522560203808,0.999537622046359
61.45,34.5,40,35,22,0.465,28.57425,89.396211861365,3.12855846999886,492.864532537502,6.1093951751842,6.40129962214317,0.889564454395278
63,34.5,40,35,13,0.51,32.13,108.720609462687,3.3837724700494,458.539051131976,6.33716314543789,7.02581313842771,0.808581516117624
47.5,35,40,35,0,NaN,NaN,NaN,NaN,NaN,NaN,NaN,NaN
49.05,35,40,35,0,NaN,NaN,NaN,NaN,NaN,NaN,NaN,NaN
50.6,35,40,35,15,0.535,27.071,121.668162552877,4.49440961002094,500,4.58559244160777,7.99546981763866,0.894683431122309
52.15,35,40,35,17,0.535,27.90025,115.655510537448,4.1453216561661,500,4.99327396408152,7.81517855188849,0.946550684900296
53.7,35,40,35,18,0.535,28.7295,110.570714641276,3.84868217829325,500,5.39833780785111,7.63392995939236,0.963776263320951
55.25,35,40,35,19,0.54,29.835,107.148798833544,3.59137921345881,500,5.86449679060864,7.50555603592505,0.899467050160302
56.8,35,40,35,20,0.54,30.672,104.118555966911,3.39457994153986,500,6.26740649669286,7.32619697573821,0.981093818652751
58.35,35,40,35,22,0.51,29.7585,96.3001778396704,3.23605618023995,500,6.25497736571246,6.87557851134513,0.999562659734232
59.9,35,40,35,23,0.485,29.0515,90.3598210749556,3.11033237784471,499.883873477763,6.22654942175188,6.53453911367434,0.999587364948849
61.45,35,40,35,23,0.46,28.267,88.0906579630152,3.11637803668643,494.669234359456,6.05479354130876,6.33099619076648,0.817861934749138
63,35,40,35,13,0.51,32.13,108.768176718546,3.38525293241662,457.854043813565,6.29357336194545,7.01992109629202,0.818108459900037
47.5,35.5,40,35,0,NaN,NaN,NaN,NaN,NaN,NaN,NaN,NaN
49.05,35.5,40,35,0,NaN,NaN,NaN,NaN,NaN,NaN,NaN,NaN
50.6,35.5,40,35,16,0.535,27.071,120.820375410301,4.46309243878323,500,4.58217737689687,7.95343250220394,0.906375752809901
52.15,35.5,40,35,18,0.535,27.90025,114.94732932322,4.1199390443892,500,4.98621163766574,7.77745498205486,0.948780615732742
53.7,35.5,40,35,18,0.535,28.7295,109.991521650839,3.82852196003548,500,5.38742404691992,7.60076571005546,0.965642301579416
55.25,35.5,40,35,19,0.54,29.835,106.684215320983,3.57580745168371,500,5.84943969566749,7.47653498482608,0.906408873355622
56.8,35.5,40,35,20,0.54,30.672,103.808224487289,3.38446219637744,500,6.2436355698651,7.30424068908801,0.982301057656972
58.35,35.5,40,35,22,0.51,29.7585,96.0572706049484,3.22789356334991,500,6.23033363217124,6.85643273145688,0.999592208640285
59.9,35.5,40,35,24,0.485,29.0515,90.2190804655763,3.1054878565849,499.707071626302,6.20083581439529,6.51922919054436,0.99962992280309
61.45,35.5,40,35,23,0.47,28.8815,89.6899023591681,3.10544474349214,491.201788377181,6.11244613004014,6.40230551749472,0.936180307208818
63,35.5,40,35,13,0.51,32.13,108.820073019809,3.38686813009054,457.166642579176,6.25261263641576,7.01375462528401,0.827210338621094
47.5,36,40,35,0,NaN,NaN,NaN,NaN,NaN,NaN,NaN,NaN
49.05,36,40,35,0,NaN,NaN,NaN,NaN,NaN,NaN,NaN,NaN
50.6,36,40,35,16,0.535,27.071,120.001287814389,4.43283542589446,500,4.57853858958553,7.91258490230902,0.913437083207303
52.15,36,40,35,18,0.535,27.90025,114.263267532591,4.09542092033553,500,4.97896043132221,7.74082201316876,0.950735457491318
53.7,36,40,35,19,0.535,28.7295,109.43244780304,3.80906203738458,500,5.37638554621071,7.56862588438012,0.967491686729776
55.25,36,40,35,20,0.54,29.835,106.23575412316,3.5607760725041,500,5.83439744976589,7.4482159813401,0.912856355790252
56.8,36,40,35,21,0.535,30.388,102.502443170789,3.37312238945599,500,6.17068283556139,7.22668459729518,0.995489837023485
58.35,36,40,35,22,0.51,29.7585,95.8975291952808,3.22252563789441,499.957944956211,6.20326320566337,6.84016956389733,0.999617675110847
59.9,36,40,35,25,0.48,28.752,89.115914447689,3.09946836559853,500,6.12055622025839,6.45889779808505,0.999669212001068
61.45,36,40,35,23,0.47,28.8815,89.3582985539738,3.09396321361335,491.221641459921,6.09382311380922,6.37965877940699,0.937407009797334
63,36,40,35,13,0.51,32.13,108.875864400007,3.38860455648947,456.475881343368,6.21321465571089,7.00747465775766,0.835873679029397
47.5,36.5,40,35,0,NaN,NaN,NaN,NaN,NaN,NaN,NaN,NaN
49.05,36.5,40,35,0,NaN,NaN,NaN,NaN,NaN,NaN,NaN,NaN
50.6,36.5,40,35,16,0.535,27.071,119.209619799546,4.4035912895551,500,4.57468451745362,7.87288505678131,0.917628701361116
52.15,36.5,40,35,18,0.535,27.90025,113.602318042712,4.07173118673531,500,4.97152611199604,7.70525284979453,0.95250412174066
53.7,36.5,40,35,19,0.535,28.7295,108.892703444021,3.79027492452083,500,5.36523112142356,7.53747016590322,0.969287656571215
55.25,36.5,40,35,20,0.54,29.835,105.802800333324,3.54626446567201,500,5.81939027597003,7.42061588696498,0.91861170440748
56.8,36.5,40,35,21,0.535,30.388,102.165032896368,3.36201898434803,500,6.14922590229675,7.20409599298979,0.99565121611412
58.35,36.5,40,35,23,0.505,29.46675,94.7733702328289,3.21628174918608,500,6.12473120846847,6.77430998973655,0.999731043263531
59.9,36.5,40,35,25,0.48,28.752,88.9225826913581,3.09274425053416,500,6.0977673175465,6.44291972902464,0.999706034743298
61.45,36.5,40,35,24,0.455,27.95975,86.194798909307,3.08281722509346,496.691707533923,5.95731560000334,6.22546004260055,0.803268503633596
63,36.5,40,35,13,0.51,32.13,108.934415972919,3.39042688991346,455.789634726992,6.1747237493889,7.00119179915615,0.844090686971445
47.5,37,40,35,0,NaN,NaN,NaN,NaN,NaN,NaN,NaN,NaN
49.05,37,40,35,0,NaN,NaN,NaN,NaN,NaN,NaN,NaN,NaN
50.6,37,40,35,16,0.535,27.071,118.444188326296,4.37531632840664,500,4.57062524401123,7.83429799826555,0.91989065266357
52.15,37,40,35,19,0.535,27.90025,112.963549629791,4.04883646669082,500,4.96391541223393,7.67071778122163,0.954126157465345
53.7,37,40,35,19,0.535,28.7295,108.371554339931,3.77213506465239,500,5.35397223911716,7.50725781097839,0.970989917316248
55.25,37,40,35,20,0.54,29.835,105.384768597642,3.53225301148457,500,5.80444197890603,7.39377095362831,0.923522418708709
56.8,37,40,35,21,0.535,30.388,101.872188978361,3.35238215671848,500,6.12640642075535,7.1838853021451,0.995768195545739
58.35,37,40,35,23,0.505,29.46675,94.5163797208828,3.20756037638636,500,6.10180617237038,6.75572533563115,0.999749675759087
59.9,37,40,35,26,0.48,28.752,88.7723353576989,3.08751861984206,500,6.07410665027327,6.4291043176545,0.999739840040215
61.45,37,40,35,24,0.465,28.57425,87.7760169601896,3.07185724770342,492.966608626109,6.01771050751568,6.29224180719442,0.920565466696089
63,37,40,35,13,0.51,32.13,108.994107318679,3.39228469712663,455.115325645814,6.13680217209037,6.99497396096348,0.851869113660901
47.5,37.5,40,35,0,NaN,NaN,NaN,NaN,NaN,NaN,NaN,NaN
49.05,37.5,40,35,0,NaN,NaN,NaN,NaN,NaN,NaN,NaN,NaN
50.6,37.5,40,35,16,0.535,27.071,117.703901295876,4.34797020043129,500,4.56637206683584,7.79679285310184,0.920746975942465
52.15,37.5,40,35,19,0.535,27.90025,112.346098905933,4.02670581467669,500,4.95613617327967,7.63718452881058,0.955613530426607
53.7,37.5,40,35,20,0.535,28.7295,107.868316777005,3.75461865946172,500,5.34262378273175,7.47794803250869,0.97256145027717
55.25,37.5,40,35,21,0.54,29.835,104.98109763211,3.51872289700387,500,5.78957890309956,7.36772674461139,0.927485597687258
56.8,37.5,40,35,22,0.53,30.104,100.620303569895,3.3424230524148,500,6.05286526193392,7.1101308840769,0.998435129079175
58.35,37.5,40,35,23,0.505,29.46675,94.3233067116165,3.20100814347074,500,6.07683874298736,6.73973380080911,0.999766564665342
59.9,37.5,40,35,26,0.48,28.752,88.6705406998939,3.08397818238362,500,6.04944101806884,6.41735585836426,0.999771002790545
61.45,37.5,40,35,24,0.465,28.57425,87.4706140806128,3.06116920236272,493.004613185646,5.9992083998446,6.2723581430184,0.924429712409097
63,37.5,40,35,13,0.51,32.13,109.052999764475,3.39411763972844,454.457246959014,6.09933142800032,6.98885497232943,0.859233193315875
47.5,38,40,35,0,NaN,NaN,NaN,NaN,NaN,NaN,NaN,NaN
49.05,38,40,35,0,NaN,NaN,NaN,NaN,NaN,NaN,NaN,NaN
50.6,38,40,35,16,0.535,27.071,116.987750095901,4.32151564758969,500,4.56193572947902,7.76033971212398,0.920501530336397
52.15,38,40,35,19,0.535,27.90025,111.749162973786,4.00531045326783,500,4.94819751780028,7.60461889436457,0.956965069322289
53.7,38,40,35,20,0.535,28.7295,107.38235354119,3.73770352916653,500,5.33120449069161,7.44950013115611,0.973973277387304
55.25,38,40,35,21,0.54,29.835,104.591245395402,3.50565595426185,500,5.77482814576311,7.34252536569988,0.930441331629379
56.8,38,40,35,22,0.53,30.104,100.312593876256,3.33220149735104,500,6.03249228846128,7.08918615807387,0.99845789422429
58.35,38,40,35,24,0.505,29.46675,94.208159083877,3.19710042959868,499.554524150631,6.04949034689203,6.726368877534,0.999782039498146
59.9,38,40,35,26,0.48,28.752,88.6206153642522,3.08224176976392,499.777413332381,6.02362148657088,6.40742997824,0.999799623551408
61.45,38,40,35,25,0.46,28.267,86.250101125276,3.05126476546064,494.83006584935,5.94692229828448,6.20940429043621,0.90511051295647
63,38,40,35,13,0.51,32.13,109.108967360563,3.3958595505933,453.816826782007,6.06232994273067,6.98284306488986,0.866219285258498
47.5,38.5,40,35,0,NaN,NaN,NaN,NaN,NaN,NaN,NaN,NaN
49.05,38.5,40,35,0,NaN,NaN,NaN,NaN,NaN,NaN,NaN,NaN
50.6,38.5,40,35,16,0.535,27.071,116.294801521259,4.29591819737944,500,4.55732448496403,7.72490746763248,0.919339181963275
52.15,38.5,40,35,19,0.535,27.90025,111.171992953917,3.9846235411481,500,4.94011028866084,7.57298541504316,0.958176445701275
53.7,38.5,40,35,20,0.535,28.7295,106.91307069685,3.72136900039506,500,5.31973697639468,7.42187348970183,0.975206971477319
55.25,38.5,40,35,21,0.54,29.835,104.214685243726,3.49303453138012,500,5.76021511019561,7.31819277985117,0.932360446236256
56.8,38.5,40,35,22,0.53,30.104,100.035401777945,3.32299368117011,500,6.01097013393538,7.07044786155616,0.998469368120196
58.35,38.5,40,35,24,0.5,29.175,93.106140437707,3.19129872965577,500,5.97607265461064,6.66214126070405,0.999858288779637
59.9,38.5,40,35,26,0.475,28.4525,87.6562793922673,3.08079358201449,500,5.94408453674269,6.34855056587531,0.999824211306735
61.45,38.5,40,35,25,0.46,28.267,85.9408570763591,3.04032465689175,494.879662388679,5.92888061924187,6.1908947521774,0.913141302502655
63,38.5,40,35,13,0.51,32.13,109.159801566323,3.39744169207355,453.193666027291,6.02589357472467,6.97692845782807,0.872869414324082
47.5,39,40,35,0,NaN,NaN,NaN,NaN,NaN,NaN,NaN,NaN
49.05,39,40,35,0,NaN,NaN,NaN,NaN,NaN,NaN,NaN,NaN
50.6,39,40,35,16,0.535,27.071,115.624189672741,4.27114586357139,500,4.55254307864031,7.69046280555622,0.917382156613314
52.15,39,40,35,19,0.535,27.90025,110.613888455884,3.96461997494229,500,4.93188772654945,7.5422478754082,0.959246886699749
53.7,39,40,35,21,0.535,28.7295,106.459915066278,3.70559581845414,500,5.30824725470201,7.39502754103924,0.976255205697775
55.25,39,40,35,22,0.54,29.835,103.850903702136,3.48084141786947,500,5.74576053119806,7.29472942502444,0.933231455752026
56.8,39,40,35,23,0.53,30.104,99.8048675745712,3.31533575520101,500,5.98802107510535,7.05401671754171,0.998469881790609
58.35,39,40,35,24,0.5,29.175,92.8871294660984,3.18379192685856,500,5.95372555891206,6.64611170981634,0.999871131640022
59.9,39,40,35,27,0.475,28.4525,87.4958144823853,3.07515383472051,500,5.9222284371944,6.3365003596605,0.999851506834338
61.45,39,40,35,25,0.46,28.267,85.6815386859004,3.03115076541198,494.940477404726,5.90969139335067,6.17409954520862,0.921427280063419
63,39,40,35,14,0.505,31.815,107.17453109369,3.36867927372906,455.059501280992,5.98450002669029,6.89326982821142,0.80743655916328
47.5,39.5,40,35,0,NaN,NaN,NaN,NaN,NaN,NaN,NaN,NaN
49.05,39.5,40,35,0,NaN,NaN,NaN,NaN,NaN,NaN,NaN,NaN
50.6,39.5,40,35,16,0.535,27.071,114.975108243417,4.24716886126913,500,4.54759313389396,7.65697006969015,0.914724115064437
52.15,39.5,40,35,20,0.535,27.90025,110.074193004771,3.94527622529444,500,4.92354616265727,7.5123696279485,0.960183169876235
53.7,39.5,40,35,21,0.535,28.7295,106.022372300493,3.69036608017867,500,5.29676373749153,7.36892180915323,0.977120917818823
55.25,39.5,40,35,22,0.54,29.835,103.49940095751,3.46905986115333,500,5.73147714808996,7.27210677389327,0.933050087776647
56.8,39.5,40,35,23,0.525,29.82,98.5953009395203,3.30634812003757,500,5.91808289252773,6.98124959928801,0.99931550718613
58.35,39.5,40,35,25,0.5,29.175,92.7234016158682,3.17818000397149,500,5.92961171626795,6.63247103784368,0.999883074983517
59.9,39.5,40,35,27,0.475,28.4525,87.3778259781735,3.07100697577273,500,5.89968482496425,6.32593881471332,0.999875315614939
61.45,39.5,40,35,26,0.455,27.95975,84.4782624611604,3.02142409932708,496.867759188129,5.85546127875882,6.11499798877817,0.907706281597023
63,39.5,40,35,14,0.505,31.815,107.240232174121,3.37074437133809,454.450657547075,5.94930191524544,6.88757291954645,0.821262662420942
47.5,40,40,35,0,NaN,NaN,NaN,NaN,NaN,NaN,NaN,NaN
49.05,40,40,35,0,NaN,NaN,NaN,NaN,NaN,NaN,NaN,NaN
50.6,40,40,35,16,0.535,27.071,114.346803453919,4.22395934593917,500,4.54247475562594,7.62439161925304,0.911452572741316
52.15,40,40,35,20,0.535,27.90025,109.552290395097,3.92657020618443,500,4.9151054450063,7.48331373264512,0.961001229567392
53.7,40,40,35,21,0.535,28.7295,105.599965424546,3.67566318329752,500,5.28531571523213,7.34351611213441,0.977815679525539
55.25,40,40,35,22,0.54,29.835,103.159695867299,3.45767373444944,500,5.71736623640369,7.25027096747932,0.931813155788822
56.8,40,40,35,23,0.525,29.82,98.3324301669591,3.29753286944866,500,5.89815707516556,6.96369489097803,0.999325644618092
58.35,40,40,35,25,0.5,29.175,92.6278016652755,3.17490322760156,499.381448812163,5.90365517081658,6.62106860433316,0.999894168818289
59.9,40,40,35,27,0.475,28.4525,87.3096032559663,3.06860919975279,500,5.87626753448362,6.31663456069292,0.999895640970998
61.45,40,40,35,27,0.455,27.95975,84.2206215258224,3.0122093912078,496.947579285071,5.83704341646744,6.09923471415142,0.919245287963378
63,40,40,35,14,0.505,31.815,107.299251107127,3.37259943759631,453.855933178634,5.91471131105264,6.88189961926932,0.8343776518051
47.5,40.5,40,35,0,NaN,NaN,NaN,NaN,NaN,NaN,NaN,NaN
49.05,40.5,40,35,0,NaN,NaN,NaN,NaN,NaN,NaN,NaN,NaN
50.6,40.5,40,35,16,0.535,27.071,113.738567786152,4.20149118193462,500,4.5371887603195,7.59268837239882,0.907664764196004
52.15,40.5,40,35,20,0.535,27.90025,109.047601918426,3.90848117556029,500,4.90658887260758,7.45504295648033,0.961725645862012
53.7,40.5,40,35,21,0.535,28.7295,105.192253734967,3.66147178805642,500,5.27393140322612,7.31877100803957,0.978357692981709
55.25,40.5,40,35,23,0.54,29.835,102.831338237054,3.44666794828403,500,5.70341422309886,7.22915268788178,0.929517368134491
56.8,40.5,40,35,23,0.525,29.82,98.1020496631285,3.28980716509485,500,5.87707585834431,6.94827799418706,0.999333752395935
58.35,40.5,40,35,25,0.495,28.88325,91.6153230724403,3.17191877896152,500,5.83338096864054,6.55851191974552,0.999940068413865
59.9,40.5,40,35,28,0.475,28.4525,87.2949547614902,3.06809435942326,499.313389847773,5.85172436385812,6.30834575406045,0.999912648502975
61.45,40.5,40,35,27,0.455,27.95975,84.0299030631336,3.00538821209537,497.009969311056,5.81738251594402,6.08547992457761,0.929964639733866
63,40.5,40,35,14,0.505,31.815,107.349517850668,3.37417940753317,453.273500529863,5.88086884386873,6.87621582766927,0.84676461238871
47.5,41,40,35,0,NaN,NaN,NaN,NaN,NaN,NaN,NaN,NaN
49.05,41,40,35,0,NaN,NaN,NaN,NaN,NaN,NaN,NaN,NaN
50.6,41,40,35,16,0.535,27.071,113.149734583888,4.17973974304194,500,4.5317388687847,7.56182033710863,0.903479257110531
52.15,41,40,35,20,0.535,27.90025,108.559584395914,3.89098966482072,500,4.89802251946767,7.42751968660457,0.962387300368428
53.7,41,40,35,22,0.535,28.7295,104.79883192135,3.64777778664264,500,5.26263569347974,7.29464855157607,0.978769613833526
55.25,41,40,35,23,0.54,29.835,102.513932366525,3.43602923970252,500,5.68958959103255,7.20868065457054,0.926162889516303
56.8,41,40,35,24,0.525,29.82,97.9196391726131,3.28369011309903,499.787179874873,5.85456401220707,6.93486735766134,0.999340043957452
58.35,41,40,35,25,0.495,28.88325,91.4219651040995,3.16522431181046,500,5.81266731894151,6.54416907611289,0.999947494627087
59.9,41,40,35,28,0.475,28.4525,87.3333212266753,3.06944279858273,498.599103678687,5.82576652578713,6.30083891594934,0.999926629085165
61.45,41,40,35,28,0.45,27.6525,82.9240598470747,2.99879070055419,499.052871372264,5.75181589691716,6.03181057001513,0.923612552021791
63,41,40,35,15,0.5,31.5,105.416402918208,3.3465524735939,455.25711057603,5.84090712541937,6.79282325774197,0.803105620977739
47.5,41.5,40,35,0,NaN,NaN,NaN,NaN,NaN,NaN,NaN,NaN
49.05,41.5,40,35,0,NaN,NaN,NaN,NaN,NaN,NaN,NaN,NaN
50.6,41.5,40,35,16,0.535,27.071,112.57967353222,4.15868174549222,500,4.52613335180007,7.53174702293525,0.899043907515663
52.15,41.5,40,35,20,0.535,27.90025,108.087728938925,3.87407743439307,500,4.88943394203384,7.4007058134769,0.963019557619515
53.7,41.5,40,35,22,0.535,28.7295,104.419329277081,3.63456827571246,500,5.25144781048013,7.2711133949046,0.97907623015603
55.25,41.5,40,35,23,0.54,29.835,102.207177320822,3.42574752206542,500,5.67584022453644,7.18879512816219,0.921760889924732
56.8,41.5,40,35,24,0.52,29.536,96.7953146319524,3.27719781392038,500,5.78823980134462,6.86319165256657,0.9997053308109
58.35,41.5,40,35,26,0.495,28.88325,91.2740193574275,3.16010211307341,500,5.79075064990893,6.53189783651121,0.999954005116878
59.9,41.5,40,35,28,0.47,28.153,86.2959602699323,3.06524918374355,500,5.75415307122403,6.24052455309125,0.999935332975037
61.45,41.5,40,35,28,0.45,27.6525,82.7398273286914,2.99212828238645,499.141030657909,5.73378620447188,6.01860757916421,0.935382500311355
63,41.5,40,35,18,0.445,28.035,84.521425409486,3.01485376884202,488.188164819512,5.72970920788501,5.99552101841046,0.817826833502625
47.5,42,40,35,0,NaN,NaN,NaN,NaN,NaN,NaN,NaN,NaN
49.05,42,40,35,0,NaN,NaN,NaN,NaN,NaN,NaN,NaN,NaN
50.6,42,40,35,16,0.535,27.071,112.027786990408,4.13829511249706,500,4.52038585073279,7.50242768980695,0.894539359298168
52.15,42,40,35,20,0.535,27.90025,107.631560357209,3.85772745252136,500,4.88085035721043,7.37456263619875,0.963653464121816
53.7,42,40,35,22,0.535,28.7295,104.053408854922,3.62183152699914,500,5.24037911413062,7.24813418430159,0.979301971909128
55.25,42,40,35,23,0.54,29.835,101.910930763655,3.4158180245904,500,5.66209127160167,7.16945791414861,0.916343711670282
56.8,42,40,35,24,0.52,29.536,96.5704375875944,3.26958415450956,500,5.76929529702049,6.84841495195649,0.999719925393608
58.35,42,40,35,26,0.495,28.88325,91.1820033121246,3.15691632043224,499.499762443503,5.76766827157321,6.52143755088264,0.999959636570349
59.9,42,40,35,29,0.47,28.153,86.1911597074523,3.06152664751367,500,5.73389164700235,6.23052174845494,0.999945897757136
61.45,42,40,35,28,0.45,27.6525,82.618886647165,2.9877546929632,499.168000381362,5.7146004349213,6.00751436615553,0.94559931570865
63,42,40,35,19,0.44,27.72,83.339110848213,3.00646143031071,490.406760859052,5.68236978661155,5.93241405251519,0.845403674776412
47.5,42.5,40,35,0,NaN,NaN,NaN,NaN,NaN,NaN,NaN,NaN
49.05,42.5,40,35,0,NaN,NaN,NaN,NaN,NaN,NaN,NaN,NaN
50.6,42.5,40,35,16,0.535,27.071,111.4935071299,4.1185588685272,500,4.51451530018373,7.47382142744002,0.890176008293926
52.15,42.5,40,35,20,0.535,27.90025,107.190637132746,3.84192389432878,500,4.87229645110645,7.34905083201641,0.964312611762767
53.7,42.5,40,35,22,0.535,28.7295,103.700766411148,3.60955695056119,500,5.22943131580582,7.22568505851223,0.979468290590701
55.25,42.5,40,35,24,0.54,29.835,101.62530382322,3.40624447203688,500,5.64824352678928,7.15065650619689,0.909975621894106
56.8,42.5,40,35,25,0.52,29.536,96.380044236797,3.26313800910066,500,5.74927539465872,6.83547714299489,0.999733915546115
58.35,42.5,40,35,26,0.495,28.88325,91.1523383158347,3.15588925470072,498.826534972176,5.7435373937984,6.51237305278391,0.999964432280352
59.9,42.5,40,35,29,0.47,28.153,86.1349839403977,3.05953127341306,499.89769858723,5.71257116075895,6.22136657474317,0.999954073759881
61.45,42.5,40,35,29,0.45,27.6525,82.5631673236625,2.98573970974279,499.064724343704,5.69402610872009,5.99870668005326,0.954358041941105
63,42.5,40,35,22,0.44,27.72,83.0694842370563,2.99673464058645,490.551090912126,5.66248295819863,5.92185081759201,0.864627452545141
47.5,43,40,35,0,NaN,NaN,NaN,NaN,NaN,NaN,NaN,NaN
49.05,43,40,35,0,NaN,NaN,NaN,NaN,NaN,NaN,NaN,NaN
50.6,43,40,35,16,0.535,27.071,110.97629381725,4.09945306110781,500,4.5085450180394,7.44588707879247,0.886181482823401
52.15,43,40,35,20,0.535,27.90025,106.764551876497,3.82665215818845,500,4.86379203501656,7.3241305140603,0.965008417116711
53.7,43,40,35,22,0.535,28.7295,103.361128967361,3.5977350447227,500,5.21859536345335,7.20374686230593,0.979591086464123
55.25,43,40,35,24,0.54,29.835,101.350793062643,3.39704350804903,500,5.63417231136608,7.13240174209624,0.90276160437121
56.8,43,40,35,25,0.52,29.536,96.2380453438,3.25833035427275,499.479014438664,5.72792583151364,6.82411589863851,0.999747010729041
58.35,43,40,35,27,0.49,28.5915,90.1300254767566,3.15233637538278,500,5.67920359740426,6.44722211525808,0.999981145181167
59.9,43,40,35,30,0.47,28.153,86.1315146295701,3.05940804282208,499.248378794879,5.6898503106672,6.21291503233974,0.999960328089866
61.45,43,40,35,29,0.45,27.6525,82.5677805750675,2.9859065391942,498.773299719518,5.67185658568205,5.99202395363777,0.961781357246633
63,43,40,35,22,0.44,27.72,82.8501841660556,2.98882338261384,490.702554746341,5.6435743155554,5.91105247466488,0.881491884290002
47.5,43.5,40,35,0,NaN,NaN,NaN,NaN,NaN,NaN,NaN,NaN
49.05,43.5,40,35,0,NaN,NaN,NaN,NaN,NaN,NaN,NaN,NaN
50.6,43.5,40,35,16,0.535,27.071,110.475633177415,4.08095870774684,500,4.50250110621807,7.41858303070123,0.882776074661308
52.15,43.5,40,35,21,0.535,27.90025,106.352932183539,3.81189889637331,500,4.85534980571408,7.2997613733921,0.965736547712518
53.7,43.5,40,35,23,0.535,28.7295,103.034252802789,3.58635732619047,500,5.20785120178402,7.18230752676267,0.979678488053867
55.25,43.5,40,35,24,0.54,29.835,101.088450102736,3.38825038051738,500,5.61972688572042,7.114720031192,0.89485165490833
56.8,43.5,40,35,25,0.515,29.252,95.2047871954809,3.25464197988107,500,5.66449785719725,6.75367782903972,0.999898832111594
58.35,43.5,40,35,27,0.49,28.5915,89.9931141025761,3.1475478412317,500,5.66035347508687,6.43536016564687,0.999983240872017
59.9,43.5,40,35,29,0.47,28.153,86.1806891834466,3.06115473247777,498.607169085033,5.66550351269489,6.20501876725687,0.999965047066426
61.45,43.5,40,35,30,0.445,27.34525,81.6576999535728,2.9861749281346,500,5.59966802613102,5.94232252155338,0.962360259175089
63,43.5,40,35,24,0.435,27.405,81.660690817726,2.97977342885335,493.036897013105,5.59749375904654,5.85130228862639,0.900366235222206
47.5,44,40,35,0,NaN,NaN,NaN,NaN,NaN,NaN,NaN,NaN
49.05,44,40,35,0,NaN,NaN,NaN,NaN,NaN,NaN,NaN,NaN
50.6,44,40,35,16,0.535,27.071,109.991036773892,4.06305776564929,500,4.49641034736063,7.39186689988296,0.88013622798569
52.15,44,40,35,21,0.535,27.90025,105.955441798237,3.79765205681801,500,4.84697348686605,7.27590286182017,0.966475039646792
53.7,44,40,35,23,0.535,28.7295,102.719920673863,3.57541623327461,500,5.19716852419992,7.16136105771317,0.979729322643752
55.25,44,40,35,25,0.54,29.835,100.840076983384,3.37992548963915,500,5.6047306089935,7.09764232437019,0.886438881665536
56.8,44,40,35,26,0.515,29.252,95.017880198492,3.24825243397005,500,5.64720178936138,6.74073368333621,0.999907349539915
58.35,44,40,35,27,0.49,28.5915,89.9003802559,3.14430443509085,499.903974072665,5.64090531354275,6.42494358495531,0.9999848694846
59.9,44,40,35,29,0.465,27.8535,85.2574636475404,3.06092461082235,500,5.59784989934653,6.14875972601556,0.999959448259785
61.45,44,40,35,30,0.445,27.34525,81.5927488630306,2.9837997042642,500,5.58075986173883,5.93463125063903,0.968578042448379
63,44,40,35,26,0.435,27.405,81.4270303765315,2.97124723140053,493.19833467388,5.58056166600939,5.83925542026115,0.915335462620809
47.5,44.5,40,35,0,NaN,NaN,NaN,NaN,NaN,NaN,NaN,NaN
49.05,44.5,40,35,0,NaN,NaN,NaN,NaN,NaN,NaN,NaN,NaN
50.6,44.5,40,35,16,0.535,27.071,109.522041346448,4.04573312202904,500,4.49029781126287,7.36569514664324,0.87835149983125
52.15,44.5,40,35,21,0.535,27.90025,105.571781994109,3.78390093257621,500,4.83865661813277,7.25251432288075,0.967184315330673
53.7,44.5,40,35,23,0.535,28.7295,102.417938045288,3.56490499470189,500,5.18650851428516,7.14090481080991,0.979732518000044
55.25,44.5,40,35,25,0.54,29.835,100.608413278104,3.37216065956442,500,5.58898237558441,7.08119232357243,0.877751310435665
56.8,44.5,40,35,26,0.515,29.252,94.8675242740278,3.2431124119386,500,5.62902285089753,6.72920512167965,0.999914337078956
58.35,44.5,40,35,28,0.49,28.5915,89.8572319469356,3.14279530444138,499.282856990189,5.62091118111025,6.41559786954059,0.999986086301822
59.9,44.5,40,35,30,0.465,27.8535,85.1605141251264,3.05744391638847,500,5.57970567442011,6.13831801041866,0.999963002123844
61.45,44.5,40,35,30,0.445,27.34525,81.5679540626549,2.98289297273402,500,5.56060051911795,5.92837589395043,0.973632317719548
63,44.5,40,35,27,0.43,27.09,80.3127508274464,2.96466411323169,495.608845148879,5.52915225606856,5.78410412304653,0.923240316273597
47.5,45,40,35,0,NaN,NaN,NaN,NaN,NaN,NaN,NaN,NaN
49.05,45,40,35,0,NaN,NaN,NaN,NaN,NaN,NaN,NaN,NaN
50.6,45,40,35,16,0.535,27.071,109.068209053226,4.0289686030522,500,4.48418441089513,7.34002265436558,0.877386746214138
52.15,45,40,35,21,0.535,27.90025,105.201693062013,3.77063621515984,500,4.83038220998327,7.22955492920621,0.967808901022155
53.7,45,40,35,23,0.535,28.7295,102.128128112799,3.5548174563706,500,5.17582644537611,7.12093519055297,0.979667475177116
55.25,45,40,35,25,0.54,29.835,100.39724904482,3.365082924244,500,5.57226027933275,7.06537607802454,0.869039094733131
56.8,45,40,35,26,0.515,29.252,94.7649516980242,3.23960589696514,499.342229710755,5.60973531114465,6.7187868749703,0.999919701098185
58.35,45,40,35,27,0.49,28.5915,89.8654360261626,3.14308224563813,498.668021471791,5.60042873573213,6.40696750083851,0.999986934644146
59.9,45,40,35,30,0.465,27.8535,85.1067384923565,3.05551325658738,500,5.56024201006019,6.12862601531431,0.999965432417104
61.45,45,40,35,31,0.445,27.34525,81.5846863719979,2.98350486362341,500,5.53904545723646,5.92308536570633,0.977730554847652
63,45,40,35,30,0.43,27.09,80.0678287446458,2.95562306181786,495.765244246244,5.5137709490366,5.77144085130322,0.936724722156228
47.5,20,40.3,35,0,NaN,NaN,NaN,NaN,NaN,NaN,NaN,NaN
49.05,20,40.3,35,0,NaN,NaN,NaN,NaN,NaN,NaN,NaN,NaN
50.6,20,40.3,35,0,NaN,NaN,NaN,NaN,NaN,NaN,NaN,NaN
52.15,20,40.3,35,0,NaN,NaN,NaN,NaN,NaN,NaN,NaN,NaN
53.7,20,40.3,35,0,NaN,NaN,NaN,NaN,NaN,NaN,NaN,NaN
55.25,20,40.3,35,0,NaN,NaN,NaN,NaN,NaN,NaN,NaN,NaN
56.8,20,40.3,35,0,NaN,NaN,NaN,NaN,NaN,NaN,NaN,NaN
58.35,20,40.3,35,4,0.55,32.0925,125.359008636467,3.90617772490355,500,7.35187628045989,8.54761540597658,0.835012671589202
59.9,20,40.3,35,8,0.535,32.0465,118.107162068648,3.68549333214697,497.88993220829,7.71637813783506,8.15616962831704,0.847860889778396
61.45,20,40.3,35,7,0.54,33.183,123.229093536933,3.71362123789089,493.762289197012,8.50099653504981,7.02504249924273,0.801651360721947
63,20,40.3,35,4,0.555,34.965,133.353285491532,3.8139077789656,477.124126176052,9.17684241782419,7.60988520600027,0.902455316001548
47.5,20.5,40.3,35,0,NaN,NaN,NaN,NaN,NaN,NaN,NaN,NaN
49.05,20.5,40.3,35,0,NaN,NaN,NaN,NaN,NaN,NaN,NaN,NaN
50.6,20.5,40.3,35,0,NaN,NaN,NaN,NaN,NaN,NaN,NaN,NaN
52.15,20.5,40.3,35,0,NaN,NaN,NaN,NaN,NaN,NaN,NaN,NaN
53.7,20.5,40.3,35,0,NaN,NaN,NaN,NaN,NaN,NaN,NaN,NaN
55.25,20.5,40.3,35,0,NaN,NaN,NaN,NaN,NaN,NaN,NaN,NaN
56.8,20.5,40.3,35,0,NaN,NaN,NaN,NaN,NaN,NaN,NaN,NaN
58.35,20.5,40.3,35,4,0.545,31.80075,123.028513406628,3.86872993267856,500,7.27484053745104,8.45265008498732,0.891717115471974
59.9,20.5,40.3,35,8,0.535,32.0465,117.20402506172,3.65731125276458,497.447793459587,7.64733007643305,8.10018799995822,0.919458848907334
61.45,20.5,40.3,35,7,0.54,33.183,122.281405958255,3.68506180749948,492.941723483483,8.35253056719691,7.13876408893252,0.895611267498294
63,20.5,40.3,35,5,0.55,34.65,130.536750492244,3.76729438650056,478.526149893742,9.15379832300809,7.37915650057701,0.862768270995222
47.5,21,40.3,35,0,NaN,NaN,NaN,NaN,NaN,NaN,NaN,NaN
49.05,21,40.3,35,0,NaN,NaN,NaN,NaN,NaN,NaN,NaN,NaN
50.6,21,40.3,35,0,NaN,NaN,NaN,NaN,NaN,NaN,NaN,NaN
52.15,21,40.3,35,0,NaN,NaN,NaN,NaN,NaN,NaN,NaN,NaN
53.7,21,40.3,35,0,NaN,NaN,NaN,NaN,NaN,NaN,NaN,NaN
55.25,21,40.3,35,0,NaN,NaN,NaN,NaN,NaN,NaN,NaN,NaN
56.8,21,40.3,35,0,NaN,NaN,NaN,NaN,NaN,NaN,NaN,NaN
58.35,21,40.3,35,5,0.545,31.80075,121.873879414402,3.83242154396993,500,7.24833295622578,8.38598434642964,0.902136699319123
59.9,21,40.3,35,9,0.53,31.747,114.81461763224,3.61655015063595,498.193482166918,7.57275562303786,8.00592239311652,0.874736998699999
61.45,21,40.3,35,8,0.535,32.87575,120.080748593593,3.65256301661841,493.764802716166,8.27907947722199,7.00190679137631,0.827205395478616
63,21,40.3,35,6,0.545,34.335,127.914486279681,3.72548380019459,479.970007263389,9.12276917876974,7.14268445676526,0.807484629736015
47.5,21.5,40.3,35,0,NaN,NaN,NaN,NaN,NaN,NaN,NaN,NaN
49.05,21.5,40.3,35,0,NaN,NaN,NaN,NaN,NaN,NaN,NaN,NaN
50.6,21.5,40.3,35,0,NaN,NaN,NaN,NaN,NaN,NaN,NaN,NaN
52.15,21.5,40.3,35,0,NaN,NaN,NaN,NaN,NaN,NaN,NaN,NaN
53.7,21.5,40.3,35,0,NaN,NaN,NaN,NaN,NaN,NaN,NaN,NaN
55.25,21.5,40.3,35,0,NaN,NaN,NaN,NaN,NaN,NaN,NaN,NaN
56.8,21.5,40.3,35,0,NaN,NaN,NaN,NaN,NaN,NaN,NaN,NaN
58.35,21.5,40.3,35,6,0.545,31.80075,120.782177099518,3.79809209215247,500,7.22285593816426,8.32070901757727,0.907847292264498
59.9,21.5,40.3,35,9,0.53,31.747,114.01932703584,3.59149926090149,497.96468485814,7.51495572016522,7.94478249200547,0.939734813330722
61.45,21.5,40.3,35,8,0.535,32.87575,119.222744745793,3.62646463565981,492.750097160582,8.13158097056677,7.11811230421774,0.917457920930986
63,21.5,40.3,35,6,0.545,34.335,127.395711978742,3.71037460255546,479.031200285417,9.01118689410383,7.29689519609843,0.899875301335316
47.5,22,40.3,35,0,NaN,NaN,NaN,NaN,NaN,NaN,NaN,NaN
49.05,22,40.3,35,0,NaN,NaN,NaN,NaN,NaN,NaN,NaN,NaN
50.6,22,40.3,35,0,NaN,NaN,NaN,NaN,NaN,NaN,NaN,NaN
52.15,22,40.3,35,0,NaN,NaN,NaN,NaN,NaN,NaN,NaN,NaN
53.7,22,40.3,35,0,NaN,NaN,NaN,NaN,NaN,NaN,NaN,NaN
55.25,22,40.3,35,0,NaN,NaN,NaN,NaN,NaN,NaN,NaN,NaN
56.8,22,40.3,35,0,NaN,NaN,NaN,NaN,NaN,NaN,NaN,NaN
58.35,22,40.3,35,6,0.545,31.80075,119.754443202365,3.76577417835634,500,7.19825305392017,8.25713812054081,0.910337007430785
59.9,22,40.3,35,10,0.525,31.4475,111.796371151865,3.55501617463598,498.67594539431,7.43579598841458,7.84002514734602,0.920114869753417
61.45,22,40.3,35,9,0.53,32.5685,117.124714151831,3.59625755413456,493.620152906369,8.05629589235455,6.9981953454948,0.883291521236626
63,22,40.3,35,7,0.54,34.02,124.860758570942,3.67021630132105,480.497038832111,8.97380359704175,7.06221184485866,0.879219707872043
47.5,22.5,40.3,35,0,NaN,NaN,NaN,NaN,NaN,NaN,NaN,NaN
49.05,22.5,40.3,35,0,NaN,NaN,NaN,NaN,NaN,NaN,NaN,NaN
50.6,22.5,40.3,35,0,NaN,NaN,NaN,NaN,NaN,NaN,NaN,NaN
52.15,22.5,40.3,35,0,NaN,NaN,NaN,NaN,NaN,NaN,NaN,NaN
53.7,22.5,40.3,35,0,NaN,NaN,NaN,NaN,NaN,NaN,NaN,NaN
55.25,22.5,40.3,35,0,NaN,NaN,NaN,NaN,NaN,NaN,NaN,NaN
56.8,22.5,40.3,35,3,0.535,30.388,123.175066879819,4.05341144135247,500,6.5685126407865,8.43458290824185,0.800808942816642
58.35,22.5,40.3,35,7,0.545,31.80075,118.787810233665,3.73537763208934,500,7.17436373586734,8.19542741774172,0.910509308281955
59.9,22.5,40.3,35,11,0.52,31.148,109.700956180281,3.5219261647708,499.398037544528,7.34857560024207,7.73282388807957,0.882204115922074
61.45,22.5,40.3,35,10,0.525,32.26125,115.107638108678,3.56798444290528,494.54041318442,7.97880403479613,6.91006351621044,0.832087370790938
63,22.5,40.3,35,8,0.535,33.705,122.551308408558,3.63599787594,481.816426088843,8.92920227758363,6.83344871287864,0.856428804537609
47.5,23,40.3,35,0,NaN,NaN,NaN,NaN,NaN,NaN,NaN,NaN
49.05,23,40.3,35,0,NaN,NaN,NaN,NaN,NaN,NaN,NaN,NaN
50.6,23,40.3,35,0,NaN,NaN,NaN,NaN,NaN,NaN,NaN,NaN
52.15,23,40.3,35,0,NaN,NaN,NaN,NaN,NaN,NaN,NaN,NaN
53.7,23,40.3,35,0,NaN,NaN,NaN,NaN,NaN,NaN,NaN,NaN
55.25,23,40.3,35,0,NaN,NaN,NaN,NaN,NaN,NaN,NaN,NaN
56.8,23,40.3,35,4,0.535,30.388,122.026878372719,4.01562716772144,500,6.55063793708354,8.37109914635611,0.84668689634727
58.35,23,40.3,35,8,0.545,31.80075,117.876734847184,3.70672813839876,500,7.1510242045159,8.13556594339007,0.908969039020425
59.9,23,40.3,35,11,0.52,31.148,109.02760746096,3.50030844551688,499.250389344641,7.30335236094034,7.67503861428658,0.962028371952018
61.45,23,40.3,35,10,0.525,32.26125,114.337831648355,3.5441227989726,493.314779125541,7.83709708730263,7.0145202803897,0.933557560826859
63,23,40.3,35,9,0.53,33.39,120.448327484421,3.60731738497818,482.870901610108,8.87817022147311,6.62270667122962,0.818962632353894
47.5,23.5,40.3,35,0,NaN,NaN,NaN,NaN,NaN,NaN,NaN,NaN
49.05,23.5,40.3,35,0,NaN,NaN,NaN,NaN,NaN,NaN,NaN,NaN
50.6,23.5,40.3,35,0,NaN,NaN,NaN,NaN,NaN,NaN,NaN,NaN
52.15,23.5,40.3,35,0,NaN,NaN,NaN,NaN,NaN,NaN,NaN,NaN
53.7,23.5,40.3,35,0,NaN,NaN,NaN,NaN,NaN,NaN,NaN,NaN
55.25,23.5,40.3,35,0,NaN,NaN,NaN,NaN,NaN,NaN,NaN,NaN
56.8,23.5,40.3,35,5,0.535,30.388,120.932476277728,3.97961288264208,500,6.53298819486601,8.30966670714648,0.876616569347824
58.35,23.5,40.3,35,8,0.54,31.509,115.916917540732,3.67885104385196,500,7.07235120271679,8.04565784030247,0.950002190876671
59.9,23.5,40.3,35,11,0.515,30.8485,107.110457268289,3.47214474831156,499.957491315374,7.21087299760962,7.57263740726634,0.954135627111505
61.45,23.5,40.3,35,11,0.52,31.954,112.402225269377,3.51762612722592,494.297445711612,7.75784288845943,6.94521866786127,0.907048632025635
63,23.5,40.3,35,9,0.53,33.39,119.718279926329,3.58545312747318,482.33754549798,8.75400742135322,6.76488820624299,0.911310747165342
47.5,24,40.3,35,0,NaN,NaN,NaN,NaN,NaN,NaN,NaN,NaN
49.05,24,40.3,35,0,NaN,NaN,NaN,NaN,NaN,NaN,NaN,NaN
50.6,24,40.3,35,0,NaN,NaN,NaN,NaN,NaN,NaN,NaN,NaN
52.15,24,40.3,35,0,NaN,NaN,NaN,NaN,NaN,NaN,NaN,NaN
53.7,24,40.3,35,0,NaN,NaN,NaN,NaN,NaN,NaN,NaN,NaN
55.25,24,40.3,35,0,NaN,NaN,NaN,NaN,NaN,NaN,NaN,NaN
56.8,24,40.3,35,6,0.535,30.388,119.889923080153,3.9453048269104,500,6.51553243959684,8.25042067237539,0.896480898924656
58.35,24,40.3,35,8,0.54,31.509,115.07079791792,3.65199777580754,500,7.05012216159024,7.99111095682423,0.951139749237588
59.9,24,40.3,35,12,0.51,30.549,105.392988974504,3.44996526807765,500,7.11069157909732,7.47675797531044,0.9282541133299
61.45,24,40.3,35,12,0.515,31.64675,110.517793037869,3.49223199974307,495.328214058582,7.67595393714901,6.89614343400527,0.85423635641588
63,24,40.3,35,10,0.525,33.075,117.683528918687,3.55808099527397,483.374213646122,8.6968653169874,6.55865522991501,0.860744283640999
47.5,24.5,40.3,35,0,NaN,NaN,NaN,NaN,NaN,NaN,NaN,NaN
49.05,24.5,40.3,35,0,NaN,NaN,NaN,NaN,NaN,NaN,NaN,NaN
50.6,24.5,40.3,35,0,NaN,NaN,NaN,NaN,NaN,NaN,NaN,NaN
52.15,24.5,40.3,35,0,NaN,NaN,NaN,NaN,NaN,NaN,NaN,NaN
53.7,24.5,40.3,35,0,NaN,NaN,NaN,NaN,NaN,NaN,NaN,NaN
55.25,24.5,40.3,35,0,NaN,NaN,NaN,NaN,NaN,NaN,NaN,NaN
56.8,24.5,40.3,35,6,0.535,30.388,118.896678771366,3.91261941461651,500,6.49824279227208,8.19342144988113,0.909958853076089
58.35,24.5,40.3,35,9,0.54,31.509,114.269525176804,3.62656781163491,500,7.02824335620303,7.93867114664741,0.952011671826391
59.9,24.5,40.3,35,13,0.51,30.549,104.770239687438,3.42958000875441,500,7.07561854498091,7.42817889996065,0.978816758185151
61.45,24.5,40.3,35,12,0.515,31.64675,109.838417106669,3.47076452105411,493.894312850474,7.54473860511286,6.98826316113307,0.931963899686567
63,24.5,40.3,35,10,0.525,33.075,117.010228990374,3.5377242325132,482.867909187594,8.55963222828569,6.70921354183676,0.916382473451925
47.5,25,40.3,35,0,NaN,NaN,NaN,NaN,NaN,NaN,NaN,NaN
49.05,25,40.3,35,0,NaN,NaN,NaN,NaN,NaN,NaN,NaN,NaN
50.6,25,40.3,35,0,NaN,NaN,NaN,NaN,NaN,NaN,NaN,NaN
52.15,25,40.3,35,0,NaN,NaN,NaN,NaN,NaN,NaN,NaN,NaN
53.7,25,40.3,35,0,NaN,NaN,NaN,NaN,NaN,NaN,NaN,NaN
55.25,25,40.3,35,0,NaN,NaN,NaN,NaN,NaN,NaN,NaN,NaN
56.8,25,40.3,35,7,0.535,30.388,117.949892283271,3.8814628235906,500,6.48109433404905,8.13865965541727,0.919316862615571
58.35,25,40.3,35,9,0.54,31.509,113.506970616486,3.60236664497401,500,7.00657117892584,7.88807659662606,0.952777391517129
59.9,25,40.3,35,13,0.51,30.549,104.188187431892,3.41052693809592,500,7.04384349467703,7.38325941983158,0.989612924320366
61.45,25,40.3,35,13,0.51,31.3395,108.020617341207,3.44678815364659,494.983213623862,7.46109718556475,6.94473886820279,0.885771169554298
63,25,40.3,35,11,0.52,32.76,115.038994113846,3.51156880689395,483.896292392357,8.49664543620696,6.50973209187939,0.838275985440655
47.5,25.5,40.3,35,0,NaN,NaN,NaN,NaN,NaN,NaN,NaN,NaN
49.05,25.5,40.3,35,0,NaN,NaN,NaN,NaN,NaN,NaN,NaN,NaN
50.6,25.5,40.3,35,0,NaN,NaN,NaN,NaN,NaN,NaN,NaN,NaN
52.15,25.5,40.3,35,0,NaN,NaN,NaN,NaN,NaN,NaN,NaN,NaN
53.7,25.5,40.3,35,0,NaN,NaN,NaN,NaN,NaN,NaN,NaN,NaN
55.25,25.5,40.3,35,5,0.525,29.00625,122.760349599825,4.23220339064254,500,5.83152404260156,8.28423920736518,0.858677553699489
56.8,25.5,40.3,35,8,0.535,30.388,117.046645381963,3.85173902138882,500,6.46406498587612,8.08606823653508,0.925960236357599
58.35,25.5,40.3,35,10,0.54,31.509,112.778316283834,3.57924136861956,500,6.98495782570165,7.83921715664929,0.953510121189047
59.9,25.5,40.3,35,13,0.51,30.549,103.637445958681,3.39249880384565,500,7.014259781621,7.34164688751031,0.993138862851043
61.45,25.5,40.3,35,14,0.505,31.03225,106.237886321492,3.42346708090751,496.086135799806,7.37432481880901,6.90094943659889,0.801678911424763
63,25.5,40.3,35,11,0.52,32.76,114.416410119373,3.49256441145828,483.406127497012,8.34836268591564,6.66592229161911,0.884631021948002
47.5,26,40.3,35,0,NaN,NaN,NaN,NaN,NaN,NaN,NaN,NaN
49.05,26,40.3,35,0,NaN,NaN,NaN,NaN,NaN,NaN,NaN,NaN
50.6,26,40.3,35,0,NaN,NaN,NaN,NaN,NaN,NaN,NaN,NaN
52.15,26,40.3,35,0,NaN,NaN,NaN,NaN,NaN,NaN,NaN,NaN
53.7,26,40.3,35,0,NaN,NaN,NaN,NaN,NaN,NaN,NaN,NaN
55.25,26,40.3,35,7,0.53,29.2825,121.891919301169,4.16261997101236,500,5.89740536561177,8.26387099336507,0.828598905538357
56.8,26,40.3,35,9,0.535,30.388,116.184107314885,3.82335485437952,500,6.44713538339115,8.03553947405901,0.930766538450819
58.35,26,40.3,35,11,0.54,31.509,112.081001065775,3.55711070061809,500,6.96324146105048,7.79234186428602,0.954208919732532
59.9,26,40.3,35,13,0.51,30.549,103.107673611829,3.37515707917867,499.952764807091,6.98599562262279,7.30288783888625,0.994689056539245
61.45,26,40.3,35,14,0.505,31.03225,105.646022954091,3.4043945557957,494.466932949597,7.25793606038439,6.97591954618123,0.890133029276866
63,26,40.3,35,11,0.52,32.76,113.953857391965,3.47844497533472,482.666602479252,8.19093061047634,6.82167536195287,0.912074444883611
47.5,26.5,40.3,35,0,NaN,NaN,NaN,NaN,NaN,NaN,NaN,NaN
49.05,26.5,40.3,35,0,NaN,NaN,NaN,NaN,NaN,NaN,NaN,NaN
50.6,26.5,40.3,35,0,NaN,NaN,NaN,NaN,NaN,NaN,NaN,NaN
52.15,26.5,40.3,35,0,NaN,NaN,NaN,NaN,NaN,NaN,NaN,NaN
53.7,26.5,40.3,35,0,NaN,NaN,NaN,NaN,NaN,NaN,NaN,NaN
55.25,26.5,40.3,35,8,0.53,29.2825,120.848882100985,4.12700015712405,500,5.88604290658466,8.20841312756816,0.891582847654448
56.8,26.5,40.3,35,9,0.535,30.388,115.359612926232,3.79622261834381,500,6.43028870419152,7.98694454306542,0.934280593947538
58.35,26.5,40.3,35,11,0.54,31.509,111.415732931365,3.535997109758,500,6.94122959351449,7.74812976912606,0.954817642484804
59.9,26.5,40.3,35,14,0.51,30.549,102.59042054232,3.35822516423843,499.69756785246,6.95837728208268,7.26651080169635,0.995529848239615
61.45,26.5,40.3,35,15,0.5,30.725,103.922025686991,3.38232793122834,495.608733825382,7.17006107167212,6.92547093763365,0.807407954320908
63,26.5,40.3,35,12,0.515,32.445,111.927825387842,3.44977116313276,483.943925923604,8.12391752921246,6.6322900598386,0.802405027699048
47.5,27,40.3,35,0,NaN,NaN,NaN,NaN,NaN,NaN,NaN,NaN
49.05,27,40.3,35,0,NaN,NaN,NaN,NaN,NaN,NaN,NaN,NaN
50.6,27,40.3,35,0,NaN,NaN,NaN,NaN,NaN,NaN,NaN,NaN
52.15,27,40.3,35,0,NaN,NaN,NaN,NaN,NaN,NaN,NaN,NaN
53.7,27,40.3,35,0,NaN,NaN,NaN,NaN,NaN,NaN,NaN,NaN
55.25,27,40.3,35,9,0.53,29.2825,119.851708236313,4.09294658025487,500,5.87457158481478,8.15526099237925,0.927072372057975
56.8,27,40.3,35,10,0.535,30.388,114.570694502452,3.77026110643847,500,6.41351039483635,7.9401534948121,0.936832981514529
58.35,27,40.3,35,12,0.54,31.509,110.787407338605,3.5160559630139,500,6.91867606111755,7.70748130306289,0.955251551779355
59.9,27,40.3,35,14,0.505,30.2495,101.074263731018,3.34135320355769,500,6.86249185803046,7.18656583507896,0.995202219854399
61.45,27,40.3,35,15,0.5,30.725,103.384333037588,3.36482776363183,493.807514763668,7.06896407142085,6.97865378780605,0.88296770541902
63,27,40.3,35,12,0.515,32.445,111.500178853597,3.43659050249952,483.192087937312,7.96204944202212,6.78125599186123,0.832621045052763
47.5,27.5,40.3,35,0,NaN,NaN,NaN,NaN,NaN,NaN,NaN,NaN
49.05,27.5,40.3,35,0,NaN,NaN,NaN,NaN,NaN,NaN,NaN,NaN
50.6,27.5,40.3,35,0,NaN,NaN,NaN,NaN,NaN,NaN,NaN,NaN
52.15,27.5,40.3,35,0,NaN,NaN,NaN,NaN,NaN,NaN,NaN,NaN
53.7,27.5,40.3,35,5,0.51,27.387,126.574074605617,4.62168454396674,500,5.0925622865085,8.24029019697826,0.833372259841172
55.25,27.5,40.3,35,10,0.53,29.2825,118.897866403237,4.06037279614912,500,5.86298704418533,8.10422312634987,0.94690121875603
56.8,27.5,40.3,35,10,0.535,30.388,113.815090974793,3.74539591203084,500,6.39678776885648,7.89505198024201,0.938619837791305
58.35,27.5,40.3,35,12,0.535,31.21725,109.16663429335,3.49699715040082,500,6.84107971632855,7.63167709448154,0.982399746854295
59.9,27.5,40.3,35,15,0.505,30.2495,100.576232905761,3.32488910248967,500,6.83732141165769,7.15251745849261,0.9959375920093
61.45,27.5,40.3,35,15,0.5,30.725,102.86768595412,3.34801256156616,491.918458474841,6.98091807816168,7.00977526001506,0.920814385261406
63,27.5,40.3,35,12,0.515,32.445,111.235828820455,3.42844286701974,482.132658722468,7.79698795707973,6.90364879511731,0.852915819985054
47.5,28,40.3,35,0,NaN,NaN,NaN,NaN,NaN,NaN,NaN,NaN
49.05,28,40.3,35,0,NaN,NaN,NaN,NaN,NaN,NaN,NaN,NaN
50.6,28,40.3,35,0,NaN,NaN,NaN,NaN,NaN,NaN,NaN,NaN
52.15,28,40.3,35,0,NaN,NaN,NaN,NaN,NaN,NaN,NaN,NaN
53.7,28,40.3,35,7,0.515,27.6555,125.034091302112,4.52112929804601,500,5.16549769307905,8.2089192746703,0.884171279907439
55.25,28,40.3,35,10,0.53,29.2825,117.98488360677,4.02919435180636,500,5.85128475719858,8.05510829634268,0.958133815128994
56.8,28,40.3,35,11,0.535,30.388,113.090747057482,3.72155940033835,500,6.38010952095038,7.85154960623757,0.93976327928472
58.35,28,40.3,35,13,0.535,31.21725,108.56427806112,3.4777015291584,500,6.81966504056079,7.59263454275249,0.982852776457911
59.9,28,40.3,35,15,0.505,30.2495,100.088361351235,3.3087608506334,499.97753068634,6.81206221884394,7.11997299196608,0.996469545949861
61.45,28,40.3,35,16,0.495,30.41775,101.228321889193,3.32793588905139,493.132590436371,6.89560253727786,6.95131891045587,0.870299100411481
63,28,40.3,35,12,0.515,32.445,111.12386722744,3.4249920550914,480.774397271239,7.63156020513434,6.99392340589501,0.866436258734181
47.5,28.5,40.3,35,0,NaN,NaN,NaN,NaN,NaN,NaN,NaN,NaN
49.05,28.5,40.3,35,0,NaN,NaN,NaN,NaN,NaN,NaN,NaN,NaN
50.6,28.5,40.3,35,0,NaN,NaN,NaN,NaN,NaN,NaN,NaN,NaN
52.15,28.5,40.3,35,0,NaN,NaN,NaN,NaN,NaN,NaN,NaN,NaN
53.7,28.5,40.3,35,9,0.52,27.924,123.725535207769,4.43079555965367,500,5.23513995026428,8.18397950184795,0.900328336217153
55.25,28.5,40.3,35,12,0.535,29.55875,117.555870592466,3.97702442060189,500,5.91057477000079,8.05061309035912,0.818504424590925
56.8,28.5,40.3,35,11,0.535,30.388,112.395807594924,3.69869052240766,500,6.36346531684611,7.80957745353141,0.940359542218946
58.35,28.5,40.3,35,13,0.535,31.21725,108.000952791266,3.45965620902758,500,6.79759274229328,7.5563265419241,0.983153236976933
59.9,28.5,40.3,35,15,0.505,30.2495,99.6159050803404,3.29314220335346,499.789397993932,6.78642518310936,7.08882240965766,0.996893086767889
61.45,28.5,40.3,35,16,0.495,30.41775,100.754154141101,3.31234736760942,491.343341191475,6.82259501891974,6.96321729763066,0.910338129962316
63,28.5,40.3,35,12,0.515,32.445,111.125476190132,3.42504164555809,479.156939135683,7.46876153395201,7.05581218614962,0.875112536183912
47.5,29,40.3,35,0,NaN,NaN,NaN,NaN,NaN,NaN,NaN,NaN
49.05,29,40.3,35,0,NaN,NaN,NaN,NaN,NaN,NaN,NaN,NaN
50.6,29,40.3,35,0,NaN,NaN,NaN,NaN,NaN,NaN,NaN,NaN
52.15,29,40.3,35,0,NaN,NaN,NaN,NaN,NaN,NaN,NaN,NaN
53.7,29,40.3,35,10,0.525,28.1925,122.631955902189,4.34980778228924,500,5.30158957811309,8.16552926859112,0.886927365837309
55.25,29,40.3,35,12,0.535,29.55875,116.730921147553,3.94911561373716,500,5.89802240528546,8.0047508843691,0.831035564682041
56.8,29,40.3,35,12,0.535,30.388,111.728609010045,3.67673453369898,500,6.34684571419789,7.76907814627501,0.940515594494677
58.35,29,40.3,35,13,0.535,31.21725,107.489518061459,3.44327312820506,500,6.77449952143073,7.52352474549299,0.983344410748941
59.9,29,40.3,35,15,0.505,30.2495,99.1739040797196,3.27853035850905,499.638013670675,6.76014789421697,7.05916631188086,0.997249736282421
61.45,29,40.3,35,17,0.49,30.1105,99.1731693888323,3.29364073624922,492.662179855076,6.73833391250009,6.89822704474791,0.855893133351141
63,29,40.3,35,12,0.515,32.445,111.188454305653,3.42698271862083,477.30538547278,7.31163963561336,7.09647060059668,0.880179756670164
47.5,29.5,40.3,35,0,NaN,NaN,NaN,NaN,NaN,NaN,NaN,NaN
49.05,29.5,40.3,35,0,NaN,NaN,NaN,NaN,NaN,NaN,NaN,NaN
50.6,29.5,40.3,35,0,NaN,NaN,NaN,NaN,NaN,NaN,NaN,NaN
52.15,29.5,40.3,35,4,0.5,26.075,131.699310950529,5.05078853118038,500,4.48204062350012,8.22254241303146,0.810724875597774
53.7,29.5,40.3,35,12,0.53,28.461,121.736494052942,4.27730909149158,500,5.36479959509405,8.15327854535818,0.802875781558418
55.25,29.5,40.3,35,13,0.535,29.55875,115.93945174227,3.92233946774712,500,5.88533857352585,7.96033846142938,0.837914719776028
56.8,29.5,40.3,35,12,0.535,30.388,111.087668515665,3.65564263905703,500,6.33024264402828,7.72999543428445,0.940373066249152
58.35,29.5,40.3,35,14,0.535,31.21725,107.045425733757,3.42904726501397,500,6.74991102092689,7.494657543133,0.983477444751841
59.9,29.5,40.3,35,16,0.505,30.2495,98.7826216643422,3.26559518882435,499.509939063203,6.73297274488014,7.03131684651462,0.997558767639679
61.45,29.5,40.3,35,17,0.49,30.1105,98.7360717464271,3.27912428376902,491.146264640425,6.67899764491659,6.89589797419291,0.900809213472827
63,29.5,40.3,35,12,0.515,32.445,111.267513469585,3.42941943194898,475.217435060953,7.163147340819,7.1226532657603,0.882487865778097
47.5,30,40.3,35,0,NaN,NaN,NaN,NaN,NaN,NaN,NaN,NaN
49.05,30,40.3,35,0,NaN,NaN,NaN,NaN,NaN,NaN,NaN,NaN
50.6,30,40.3,35,0,NaN,NaN,NaN,NaN,NaN,NaN,NaN,NaN
52.15,30,40.3,35,6,0.505,26.33575,129.689496022729,4.92446564167448,500,4.55849156460072,8.18707908437951,0.87234539468011
53.7,30,40.3,35,12,0.53,28.461,120.784388651156,4.24385610664262,500,5.35733946249203,8.10495834512318,0.881439783573422
55.25,30,40.3,35,13,0.535,29.55875,115.179533590108,3.89663072999054,500,5.87252081712927,7.9173275823072,0.841275222768027
56.8,30,40.3,35,13,0.535,30.388,110.471671350772,3.63537157268566,500,6.31365045095266,7.69226877185438,0.940118531486285
58.35,30,40.3,35,14,0.53,30.9255,105.559084228371,3.41333476349199,500,6.67331482075036,7.41503524411993,0.993041075570857
59.9,30,40.3,35,16,0.5,29.95,97.4033688555967,3.25219929400991,500,6.64243291309502,6.95791387731676,0.99786898172196
61.45,30,40.3,35,18,0.485,29.80325,97.2165671891006,3.26194516333288,492.579453798231,6.59717696244526,6.82563423192767,0.840679824064233
63,30,40.3,35,12,0.515,32.445,111.335619256784,3.43151854698055,472.901567544977,7.02593698834259,7.13937906802225,0.882693040778341
47.5,30.5,40.3,35,0,NaN,NaN,NaN,NaN,NaN,NaN,NaN,NaN
49.05,30.5,40.3,35,0,NaN,NaN,NaN,NaN,NaN,NaN,NaN,NaN
50.6,30.5,40.3,35,0,NaN,NaN,NaN,NaN,NaN,NaN,NaN,NaN
52.15,30.5,40.3,35,8,0.51,26.5965,127.915432579336,4.80948367564666,500,4.63182565519808,8.15694321539373,0.901413460747159
53.7,30.5,40.3,35,13,0.53,28.461,119.86977544336,4.21172044001829,500,5.34966115042026,8.05811808025195,0.920208012283239
55.25,30.5,40.3,35,14,0.535,29.55875,114.449377608088,3.87192887412654,500,5.85957051225579,7.87569543286099,0.842654868758602
56.8,30.5,40.3,35,13,0.535,30.388,109.879456108477,3.61588311532438,500,6.29706709779211,7.65583430431749,0.939979530977223
58.35,30.5,40.3,35,15,0.53,30.9255,105.09870223157,3.39844795497469,500,6.6504859787368,7.38491724221473,0.993244877644786
59.9,30.5,40.3,35,16,0.5,29.95,97.0115820218341,3.23911793061216,500,6.61748129650348,6.93049902284839,0.998158185171962
61.45,30.5,40.3,35,18,0.485,29.80325,96.8109927289604,3.24833676625738,491.444653223559,6.54951433336032,6.8137219222565,0.89234439199763
63,30.5,40.3,35,12,0.515,32.445,111.383349509419,3.43298965971395,470.432896933163,6.9020965453363,7.1499417083968,0.88137813970894
47.5,31,40.3,35,0,NaN,NaN,NaN,NaN,NaN,NaN,NaN,NaN
49.05,31,40.3,35,0,NaN,NaN,NaN,NaN,NaN,NaN,NaN,NaN
50.6,31,40.3,35,0,NaN,NaN,NaN,NaN,NaN,NaN,NaN,NaN
52.15,31,40.3,35,10,0.515,26.85725,126.361550802002,4.70493258997112,500,4.70205897282978,8.1324346583674,0.914597450514049
53.7,31,40.3,35,13,0.53,28.461,118.990661620119,4.18083207266501,500,5.34176686693315,8.01267255141514,0.939906516837006
55.25,31,40.3,35,14,0.535,29.55875,113.747334349807,3.84817809784944,500,5.84649345448018,7.83542983180426,0.843219907759051
56.8,31,40.3,35,14,0.535,30.388,109.309998017948,3.59714354409465,500,6.28049481125245,7.620630398792,0.940205943010201
58.35,31,40.3,35,15,0.53,30.9255,104.710206529088,3.38588564547341,500,6.62600403920743,7.3582463809796,0.99346878857619
59.9,31,40.3,35,17,0.5,29.95,96.6784994243663,3.22799664188201,500,6.59158514016531,6.90521467837217,0.998398858548996
61.45,31,40.3,35,19,0.48,29.496,95.3578632695791,3.23290830178937,492.965039816396,6.47233610871827,6.73970080424065,0.819835531338523
63,31,40.3,35,12,0.515,32.445,111.412338740366,3.43388314810805,467.97832183842,6.7928750333108,7.15635004747494,0.879120917402607
47.5,31.5,40.3,35,0,NaN,NaN,NaN,NaN,NaN,NaN,NaN,NaN
49.05,31.5,40.3,35,0,NaN,NaN,NaN,NaN,NaN,NaN,NaN,NaN
50.6,31.5,40.3,35,0,NaN,NaN,NaN,NaN,NaN,NaN,NaN,NaN
52.15,31.5,40.3,35,11,0.52,27.118,125.011994936922,4.60992679906047,500,4.76917950336126,8.11351610351707,0.914006584540817
53.7,31.5,40.3,35,14,0.53,28.461,118.145152529922,4.15112443448655,500,5.33366148970109,7.96855353782913,0.950525206460635
55.25,31.5,40.3,35,14,0.535,29.55875,113.071889667874,3.82532717614493,500,5.83329966307533,7.79651630552447,0.843889157996519
56.8,31.5,40.3,35,14,0.535,30.388,108.762389792663,3.57912300225955,500,6.26393946928564,7.58660449300458,0.941037537258363
58.35,31.5,40.3,35,16,0.525,30.63375,103.411491475218,3.37573726609434,500,6.54645319376713,7.2825942636445,0.996843194935934
59.9,31.5,40.3,35,17,0.5,29.95,96.4144064926478,3.21917884783465,500,6.56451591287962,6.88249222722,0.998599448270115
61.45,31.5,40.3,35,19,0.48,29.496,94.9780821497189,3.22003261966771,492.232847365115,6.43404869489371,6.7219673578268,0.880634819139829
63,31.5,40.3,35,12,0.515,32.445,111.42881026869,3.43439082350717,465.756968814199,6.69848394123158,7.15978291518043,0.876514659294964
47.5,32,40.3,35,0,NaN,NaN,NaN,NaN,NaN,NaN,NaN,NaN
49.05,32,40.3,35,0,NaN,NaN,NaN,NaN,NaN,NaN,NaN,NaN
50.6,32,40.3,35,0,NaN,NaN,NaN,NaN,NaN,NaN,NaN,NaN
52.15,32,40.3,35,12,0.525,27.37875,123.852478788962,4.52367178154452,500,4.83308120356746,8.09959678747373,0.890234496890724
53.7,32,40.3,35,14,0.53,28.461,117.331467284669,4.12253495255505,500,5.32535260906324,7.92570221741456,0.956670698983632
55.25,32,40.3,35,15,0.535,29.55875,112.421657511746,3.80332921763423,500,5.8200022657958,7.75893014160856,0.845383408617676
56.8,32,40.3,35,14,0.535,30.388,108.23581939568,3.5617947675293,500,6.24740850612859,7.55371796555481,0.942662022785384
58.35,32,40.3,35,16,0.525,30.63375,102.985094154809,3.36181806519964,500,6.52394690685402,7.25464487312921,0.99700644043578
59.9,32,40.3,35,18,0.495,29.6505,95.1454429544437,3.20889843187952,500,6.47505576054201,6.81487071920623,0.99885682461148
61.45,32,40.3,35,19,0.48,29.496,94.5961071027423,3.20708255704985,491.885286279768,6.40175661536503,6.7001072725642,0.912173141579793
63,32,40.3,35,12,0.515,32.445,111.439507844075,3.43472053765064,463.943354647004,6.6180626307867,7.16093503261356,0.874144914722288
47.5,32.5,40.3,35,0,NaN,NaN,NaN,NaN,NaN,NaN,NaN,NaN
49.05,32.5,40.3,35,0,NaN,NaN,NaN,NaN,NaN,NaN,NaN,NaN
50.6,32.5,40.3,35,3,0.495,25.047,133.610881878513,5.33440659074989,500,3.9983814743233,8.08525859725306,0.840442423576672
52.15,32.5,40.3,35,14,0.53,27.6395,122.870128488316,4.4454540960696,500,4.89355962944397,8.09028241922958,0.809915025325028
53.7,32.5,40.3,35,14,0.53,28.461,116.547945912629,4.09500530243593,500,5.3168499997153,7.88406765301182,0.960552957486354
55.25,32.5,40.3,35,15,0.535,29.55875,111.795371009,3.78214136284517,500,5.80661566684993,7.72263347282858,0.848227740943487
56.8,32.5,40.3,35,15,0.535,30.388,107.729543874218,3.54513439101678,500,6.23090778975244,7.52194619888613,0.945173154600959
58.35,32.5,40.3,35,16,0.525,30.63375,102.628624713873,3.35018157143259,500,6.49969784691067,7.22971157007254,0.997174256089364
59.9,32.5,40.3,35,18,0.495,29.6505,94.8469745941969,3.19883221511263,500,6.45052750747623,6.79169627513864,0.999001721307478
61.45,32.5,40.3,35,20,0.48,29.496,94.2094490549313,3.19397372711321,491.782149173184,6.37381981704115,6.67597742150058,0.929131952649215
63,32.5,40.3,35,12,0.515,32.445,111.449846855647,3.43503920035898,462.579824661132,6.54984931211665,7.16024559734492,0.87253465304286
47.5,33,40.3,35,0,NaN,NaN,NaN,NaN,NaN,NaN,NaN,NaN
49.05,33,40.3,35,0,NaN,NaN,NaN,NaN,NaN,NaN,NaN,NaN
50.6,33,40.3,35,6,0.505,25.553,130.942688823986,5.12435678096449,500,4.14219751984475,8.08455193821345,0.853188690488162
52.15,33,40.3,35,14,0.53,27.6395,121.955464393042,4.41236145346485,500,4.88894733157103,8.04490057379395,0.876741049051581
53.7,33,40.3,35,15,0.53,28.461,115.793050184241,4.06848143720324,500,5.30816458718515,7.84360897147688,0.963292145675013
55.25,33,40.3,35,16,0.535,29.55875,111.191872719716,3.76172445450895,500,5.79315350904182,7.68757577129262,0.852733984703499
56.8,33,40.3,35,15,0.535,30.388,107.242858414451,3.52911867890126,500,6.21443836667637,7.491271836554,0.94854252123479
58.35,33,40.3,35,17,0.525,30.63375,102.359477345626,3.34139559621744,500,6.47314069195541,7.20813606647834,0.997344295566451
59.9,33,40.3,35,19,0.495,29.6505,94.6083546554332,3.19078446081628,500,6.42494324810895,6.77117723688942,0.99911943171778
61.45,33,40.3,35,20,0.48,29.496,93.8222338723156,3.18084600868984,491.791434964632,6.34873954197873,6.65081409771153,0.938648180969517
63,33,40.3,35,12,0.515,32.445,111.463409644599,3.43545722436735,461.573735285088,6.49152303771403,7.15803357224559,0.872080520291255
47.5,33.5,40.3,35,0,NaN,NaN,NaN,NaN,NaN,NaN,NaN,NaN
49.05,33.5,40.3,35,0,NaN,NaN,NaN,NaN,NaN,NaN,NaN,NaN
50.6,33.5,40.3,35,8,0.51,25.806,129.238880475391,5.00809426007096,500,4.21189136105021,8.06258595579077,0.880259839787547
52.15,33.5,40.3,35,14,0.53,27.6395,121.07366708774,4.38045793475785,500,4.88409608947777,8.00082476889242,0.910989506691655
53.7,33.5,40.3,35,15,0.53,28.461,115.065359976356,4.04291345969417,500,5.29930724736459,7.80429618288319,0.965477400542808
55.25,33.5,40.3,35,16,0.535,29.55875,110.610104718616,3.74204270202956,500,5.77962704632621,7.65369598557545,0.858987091551316
56.8,33.5,40.3,35,16,0.535,30.388,106.775060203509,3.51372450320879,500,6.19799388954534,7.46167074258864,0.952617481613313
58.35,33.5,40.3,35,17,0.52,30.342,101.082878358588,3.33145074018154,500,6.39593343435113,7.13245225737673,0.998551002674683
59.9,33.5,40.3,35,19,0.495,29.6505,94.4334672676598,3.18488616609028,500,6.39809494636806,6.75344837090339,0.999216004990796
61.45,33.5,40.3,35,21,0.48,29.496,93.4484930894992,3.16817511152357,491.83271090362,6.32520231726886,6.62561914731453,0.944227546113281
63,33.5,40.3,35,12,0.515,32.445,111.482062858961,3.43603214236279,460.775718715605,6.44061535710865,7.1545675526578,0.873005755282282
47.5,34,40.3,35,0,NaN,NaN,NaN,NaN,NaN,NaN,NaN,NaN
49.05,34,40.3,35,0,NaN,NaN,NaN,NaN,NaN,NaN,NaN,NaN
50.6,34,40.3,35,9,0.515,26.059,127.710017261474,4.9008026885711,500,4.2788852774686,8.04468759664692,0.886564675912807
52.15,34,40.3,35,15,0.53,27.6395,120.223113764881,4.34968482660252,500,4.87901703712947,7.95802239639323,0.92987893449702
53.7,34,40.3,35,16,0.535,28.7295,114.700145405346,3.99241704190278,500,5.35349874352992,7.80851189596454,0.801493592202974
55.25,34,40.3,35,16,0.535,29.55875,110.049098958962,3.72306335548567,500,5.76604439460179,7.62092514165188,0.866852114518247
56.8,34,40.3,35,16,0.535,30.388,106.325407984772,3.49892747086917,500,6.18155903250026,7.43309283264866,0.957149601900903
58.35,34,40.3,35,18,0.52,30.342,100.742587675365,3.32023557034358,500,6.37217343622061,7.10898592705079,0.99865016199437
59.9,34,40.3,35,19,0.49,29.351,93.319917470356,3.179445929282,500,6.30958958733357,6.69097173948428,0.999343435365346
61.45,34,40.3,35,21,0.475,29.18875,92.1166719728504,3.15589643177082,493.336285217358,6.26035979771382,6.55339811719233,0.927505491073655
63,34,40.3,35,12,0.515,32.445,111.506283217871,3.43677864749179,460.062110435764,6.39487104599458,7.15009416585709,0.875347037011226
47.5,34.5,40.3,35,0,NaN,NaN,NaN,NaN,NaN,NaN,NaN,NaN
49.05,34.5,40.3,35,0,NaN,NaN,NaN,NaN,NaN,NaN,NaN,NaN
50.6,34.5,40.3,35,11,0.52,26.312,126.35402293274,4.80214438023488,500,4.34291004685558,8.03066684179188,0.876610799948072
52.15,34.5,40.3,35,15,0.53,27.6395,119.402288116675,4.31998726882451,500,4.87371708901192,7.91644877157613,0.941243637598076
53.7,34.5,40.3,35,17,0.535,28.7295,114.033593533452,3.9692160856768,500,5.343910803277,7.77166043207899,0.811446303795699
55.25,34.5,40.3,35,17,0.535,29.55875,109.50796820889,3.70475639899825,500,5.75241081806013,7.58918889319342,0.876008750462171
56.8,34.5,40.3,35,16,0.535,30.388,105.893081068312,3.48470057484243,500,6.16510859764057,7.40544403562099,0.961845885921593
58.35,34.5,40.3,35,18,0.52,30.342,100.481881974754,3.31164333184213,500,6.34617776538686,7.0886102837458,0.99874247967523
59.9,34.5,40.3,35,20,0.49,29.351,93.0670181980495,3.17082955258933,500,6.28571925437147,6.67163384745273,0.999410472743055
61.45,34.5,40.3,35,21,0.475,29.18875,91.7445014599619,3.14314595383365,493.366249966893,6.23909570766028,6.5291093212298,0.933973768700376
63,34.5,40.3,35,12,0.515,32.445,111.535502959579,3.43767924054797,459.366495617068,6.35247489812593,7.14484349121156,0.8789776372399
47.5,35,40.3,35,0,NaN,NaN,NaN,NaN,NaN,NaN,NaN,NaN
49.05,35,40.3,35,0,NaN,NaN,NaN,NaN,NaN,NaN,NaN,NaN
50.6,35,40.3,35,12,0.525,26.565,125.164371933925,4.71162702555711,500,4.40367471383923,8.02010776419215,0.848135473899567
52.15,35,40.3,35,16,0.535,27.90025,118.754694983291,4.25640254059699,500,4.92807854868349,7.91784169464962,0.80246714062879
53.7,35,40.3,35,17,0.535,28.7295,113.390307932163,3.94682496848754,500,5.33419058751335,7.73593986453556,0.821433384003571
55.25,35,40.3,35,17,0.535,29.55875,108.98589772267,3.68709426896166,500,5.73872988655823,7.55840998194192,0.886010303341041
56.8,35,40.3,35,18,0.54,30.672,106.413661964137,3.46940734103212,500,6.21614753075568,7.42548684414492,0.807675957570522
58.35,35,40.3,35,19,0.515,30.05025,99.3201902053307,3.30513690253261,500,6.26756701894117,7.01821709740324,0.99924268922561
59.9,35,40.3,35,20,0.49,29.351,92.8667234125666,3.16400543124822,500,6.26087954910058,6.65483388528136,0.999467215290299
61.45,35,40.3,35,22,0.475,29.18875,91.4029680475556,3.13144509605775,493.389635796718,6.21768268129697,6.50588694506987,0.938165775028627
63,35,40.3,35,12,0.515,32.445,111.568408156276,3.43869342444986,458.668185754618,6.31212753998446,7.13902449151438,0.883656094069906
47.5,35.5,40.3,35,0,NaN,NaN,NaN,NaN,NaN,NaN,NaN,NaN
49.05,35.5,40.3,35,0,NaN,NaN,NaN,NaN,NaN,NaN,NaN,NaN
50.6,35.5,40.3,35,12,0.525,26.565,124.242354411098,4.67691904427246,500,4.40208300979461,7.9759329623094,0.887401163066429
52.15,35.5,40.3,35,17,0.535,27.90025,118.000444122403,4.22936870180028,500,4.92197604325091,7.87870225944306,0.820516169687789
53.7,35.5,40.3,35,17,0.535,28.7295,112.769280168945,3.92520858939228,500,5.32434258903993,7.70131715002473,0.831442201441217
55.25,35.5,40.3,35,17,0.535,29.55875,108.482137711996,3.67005159934016,500,5.72500512218784,7.52851082655038,0.896356031418597
56.8,35.5,40.3,35,18,0.54,30.672,106.012970494374,3.45634358680145,500,6.19825330011951,7.39860513549417,0.830355326984579
58.35,35.5,40.3,35,19,0.515,30.05025,98.9946603666421,3.29430405293274,500,6.24464387973564,6.99603359456517,0.999293876028136
59.9,35.5,40.3,35,22,0.49,29.351,92.7262332463294,3.1592188765742,500,6.23487722679757,6.64048404439045,0.999516009414264
61.45,35.5,40.3,35,22,0.47,28.8815,90.107602360569,3.11990728876856,495.010173732972,6.15996374332406,6.43630109007031,0.920655974435857
63,35.5,40.3,35,12,0.515,32.445,111.603177607964,3.43976506728199,457.969066693429,6.27300655134858,7.13281847403214,0.889083803269511
47.5,36,40.3,35,0,NaN,NaN,NaN,NaN,NaN,NaN,NaN,NaN
49.05,36,40.3,35,0,NaN,NaN,NaN,NaN,NaN,NaN,NaN,NaN
50.6,36,40.3,35,13,0.53,26.818,123.253949812943,4.59594115194807,500,4.45862314620283,7.97160727320227,0.832204729393532
52.15,36,40.3,35,17,0.535,27.90025,117.271785371096,4.20325213469759,500,4.91569169277571,7.84068814831598,0.83442098363624
53.7,36,40.3,35,18,0.535,28.7295,112.169582680425,3.90433466229574,500,5.31437076265758,7.66775588465097,0.841342348389906
55.25,36,40.3,35,18,0.535,29.55875,107.995996610409,3.6536049937974,500,5.71124168381665,7.49941653613339,0.906562151440686
56.8,36,40.3,35,18,0.54,30.672,105.627110713137,3.44376339049091,500,6.17968354501708,7.37276408538342,0.851668591568377
58.35,36,40.3,35,19,0.515,30.05025,98.72982043283,3.28549081730867,500,6.21970868365348,6.97662767339854,0.999338782544801
59.9,36,40.3,35,22,0.49,29.351,92.6491376001499,3.15659219788593,499.877962922948,6.20747076484533,6.62836510650022,0.999558522114161
61.45,36,40.3,35,22,0.47,28.8815,89.76134863244,3.10791851643578,495.02787573021,6.13965390652488,6.41463521601808,0.927270348953559
63,36,40.3,35,12,0.515,32.445,111.637669689245,3.44082816117261,457.277107908727,6.23466848300671,7.1263745980365,0.89495669622517
47.5,36.5,40.3,35,0,NaN,NaN,NaN,NaN,NaN,NaN,NaN,NaN
49.05,36.5,40.3,35,0,NaN,NaN,NaN,NaN,NaN,NaN,NaN,NaN
50.6,36.5,40.3,35,14,0.53,26.818,122.404784340869,4.56427714001303,500,4.45607570112714,7.93038351691309,0.856368344333845
52.15,36.5,40.3,35,17,0.535,27.90025,116.567609399622,4.1780130787223,500,4.90923679205089,7.80377539933539,0.84554842799122
53.7,36.5,40.3,35,18,0.535,28.7295,111.590361188089,3.88417345196014,500,5.30427900567965,7.63521763790169,0.850953776919368
55.25,36.5,40.3,35,18,0.535,29.55875,107.526835072336,3.6377328226781,500,5.69744769828097,7.47105856693741,0.916218015269097
56.8,36.5,40.3,35,19,0.54,30.672,105.26151986552,3.43184402274126,500,6.16023399732155,7.34840254588568,0.870759309409955
58.35,36.5,40.3,35,20,0.515,30.05025,98.5469358459687,3.27940485839448,499.724766339797,6.19243400401164,6.96018797972095,0.999377588282976
59.9,36.5,40.3,35,22,0.485,29.0515,91.556681380397,3.15153026110173,500,6.12429085079076,6.56577952191358,0.999615273025769
61.45,36.5,40.3,35,23,0.47,28.8815,89.4681235535445,3.09776582080378,495.042503379126,6.11834032191183,6.39465996201868,0.932576011570147
63,36.5,40.3,35,13,0.51,32.13,109.585903259678,3.41070349392088,459.034933998673,6.19004645287417,7.04244603924597,0.809372262368174
47.5,37,40.3,35,0,NaN,NaN,NaN,NaN,NaN,NaN,NaN,NaN
49.05,37,40.3,35,0,NaN,NaN,NaN,NaN,NaN,NaN,NaN,NaN
50.6,37,40.3,35,14,0.53,26.818,121.583538697128,4.5336542134808,500,4.45328675825872,7.89032661952023,0.871131162596625
52.15,37,40.3,35,18,0.535,27.90025,115.886894157479,4.15361490156824,500,4.90262075659655,7.76793619286001,0.854674133771948
53.7,37,40.3,35,18,0.535,28.7295,111.03082796831,3.86469753975217,500,5.29407195137187,7.60366298709814,0.860088690310073
55.25,37,40.3,35,18,0.535,29.55875,107.074060612381,3.62241504165032,500,5.68363498297214,7.44337901163303,0.925019221846624
56.8,37,40.3,35,19,0.54,30.672,104.925765014181,3.42089739874089,500,6.13966086669794,7.32590772155914,0.887153301066233
58.35,37,40.3,35,20,0.51,29.7585,97.3606166778667,3.27169100182693,500,6.11814662919212,6.89069909052961,0.999600016480933
59.9,37,40.3,35,23,0.485,29.0515,91.359000406567,3.14472575965327,500,6.10103912353927,6.55105337544844,0.999652282508317
61.45,37,40.3,35,23,0.465,28.57425,88.1782563157067,3.08593423504402,496.779664454114,6.06230918134582,6.32914275926843,0.915891839086121
63,37,40.3,35,13,0.51,32.13,109.637307428467,3.41230337467996,458.359722429473,6.15318776615988,7.03615966434776,0.824219201655619
47.5,37.5,40.3,35,0,NaN,NaN,NaN,NaN,NaN,NaN,NaN,NaN
49.05,37.5,40.3,35,0,NaN,NaN,NaN,NaN,NaN,NaN,NaN,NaN
50.6,37.5,40.3,35,14,0.53,26.818,120.789038464384,4.50402858022164,500,4.45027460611505,7.85137956096942,0.879973416650279
52.15,37.5,40.3,35,18,0.535,27.90025,115.228696485939,4.13002379856593,500,4.89584947423064,7.73313896749801,0.862246536785837
53.7,37.5,40.3,35,19,0.535,28.7295,110.490256074157,3.84588162251889,500,5.28375595155212,7.57305220685019,0.868576399873488
55.25,37.5,40.3,35,19,0.535,29.55875,106.63712276727,3.6076330280296,500,5.66981905739585,7.41633514731589,0.932776372975038
56.8,37.5,40.3,35,20,0.535,30.388,103.609655880502,3.4095582427439,500,6.06298565297079,7.25257648550129,0.982394979357196
58.35,37.5,40.3,35,21,0.51,29.7585,97.0937634441888,3.26272370731686,500,6.09479346468187,6.87202848164947,0.99962263856594
59.9,37.5,40.3,35,23,0.485,29.0515,91.2171695580375,3.13984371058422,500,6.07682184907466,6.53835678017345,0.999686102122589
61.45,37.5,40.3,35,23,0.465,28.57425,87.8832004861592,3.07560830069588,496.807967552347,6.04208438615634,6.3106379233622,0.924376251555316
63,37.5,40.3,35,13,0.51,32.13,109.686331443981,3.41382917659449,457.700637908283,6.11677443322162,7.02983335086322,0.838447836645076
47.5,38,40.3,35,0,NaN,NaN,NaN,NaN,NaN,NaN,NaN,NaN
49.05,38,40.3,35,0,NaN,NaN,NaN,NaN,NaN,NaN,NaN,NaN
50.6,38,40.3,35,14,0.53,26.818,120.020197941273,4.4753597561814,500,4.44706624127053,7.81349447112224,0.884803910517719
52.15,38,40.3,35,18,0.535,27.90025,114.592144000684,4.10720850174047,500,4.88892507297371,7.69934907843195,0.868528976519311
53.7,38,40.3,35,19,0.535,28.7295,109.967974530868,3.8277023453547,500,5.2733399860292,7.5433456516845,0.876277089848621
55.25,38,40.3,35,19,0.535,29.55875,106.215508650186,3.593369430378,500,5.65601846775698,7.38990344253808,0.939404157578813
56.8,38,40.3,35,20,0.535,30.388,103.278524191576,3.39866145161169,500,6.04442916604228,7.23005735429556,0.984048140491173
58.35,38,40.3,35,22,0.51,29.7585,96.8861912011956,3.25574848198651,500,6.06955193055678,6.85608715638791,0.999642221933228
59.9,38,40.3,35,23,0.485,29.0515,91.1380211162595,3.13711929216252,499.882926403609,6.0513283488275,6.52747884682127,0.999717122657497
61.45,38,40.3,35,24,0.46,28.267,86.6823593511824,3.06655673934915,498.639306952588,5.97551035382043,6.25124728182039,0.904677132749614
63,38,40.3,35,13,0.51,32.13,109.730728779951,3.41521097976817,457.058994184892,6.08085530730388,7.02352118647658,0.851852337359718
47.5,38.5,40.3,35,0,NaN,NaN,NaN,NaN,NaN,NaN,NaN,NaN
49.05,38.5,40.3,35,0,NaN,NaN,NaN,NaN,NaN,NaN,NaN,NaN
50.6,38.5,40.3,35,14,0.53,26.818,119.276013289569,4.44761030985045,500,4.44369158424762,7.77663170707568,0.88669184351579
52.15,38.5,40.3,35,18,0.535,27.90025,113.976427594332,4.08514001108706,500,4.88184710941537,7.66652961794523,0.873678031002787
53.7,38.5,40.3,35,19,0.535,28.7295,109.463364472683,3.81013816713424,500,5.26283622581958,7.51450390390996,0.88308824671125
55.25,38.5,40.3,35,19,0.535,29.55875,105.808738764861,3.57960802689089,500,5.64225353184482,7.3640818903814,0.944898648893463
56.8,38.5,40.3,35,20,0.535,30.388,102.96902723713,3.38847661040969,500,6.02495566624917,7.20925520497567,0.985288852816033
58.35,38.5,40.3,35,22,0.51,29.7585,96.7569074487162,3.25140405090029,499.309421660233,6.04229325901346,6.84277278416338,0.999659137823128
59.9,38.5,40.3,35,24,0.485,29.0515,91.1231339154536,3.13660685043642,499.127195297976,6.02419584455877,6.51813641660735,0.99974560758643
61.45,38.5,40.3,35,24,0.46,28.267,86.4086528582359,3.05687384081211,498.682477621713,5.95683580862672,6.23406047048803,0.91679103649471
63,38.5,40.3,35,13,0.51,32.13,109.768248598992,3.41637873012736,456.434372213556,6.04554820261312,7.01725243529615,0.864305593270488
47.5,39,40.3,35,0,NaN,NaN,NaN,NaN,NaN,NaN,NaN,NaN
49.05,39,40.3,35,0,NaN,NaN,NaN,NaN,NaN,NaN,NaN,NaN
50.6,39,40.3,35,14,0.53,26.818,118.555554757206,4.42074557227257,500,4.44017643374045,7.74075658261151,0.886242053667793
52.15,39,40.3,35,19,0.535,27.90025,113.380794775325,4.06379135582388,500,4.8746146478117,7.63464217191657,0.87778857583295
53.7,39,40.3,35,20,0.535,28.7295,108.975856150357,3.79316925635172,500,5.2522600624045,7.48648776493821,0.888946203323228
55.25,39,40.3,35,20,0.535,29.55875,105.416362956415,3.56633358841002,500,5.62854465662738,7.33888950454769,0.949310820812187
56.8,39,40.3,35,20,0.535,30.388,102.69076772072,3.37931972228248,500,6.00428689132184,7.19039692839949,0.986170024536873
58.35,39,40.3,35,22,0.505,29.46675,95.5988136827998,3.24429445672834,500,5.97211356174072,6.77441862651929,0.999782393007972
59.9,39,40.3,35,24,0.48,28.752,90.0374215225923,3.1315185560167,500,5.94741774254685,6.45548045871829,0.999784687902641
61.45,39,40.3,35,25,0.46,28.267,86.1900927020821,3.04914185099523,498.720486682084,5.93714174077754,6.21858785240583,0.926965714540783
63,39,40.3,35,13,0.51,32.13,109.796712196473,3.4172646186266,455.82550900105,6.01100234694623,7.01103729621031,0.875744829920923
47.5,39.5,40.3,35,0,NaN,NaN,NaN,NaN,NaN,NaN,NaN,NaN
49.05,39.5,40.3,35,0,NaN,NaN,NaN,NaN,NaN,NaN,NaN,NaN
50.6,39.5,40.3,35,14,0.53,26.818,117.857958657964,4.39473333798062,500,4.43653683135569,7.70583614264356,0.883791677204435
52.15,39.5,40.3,35,19,0.535,27.90025,112.804543960942,4.04313738984211,500,4.86722852346337,7.60364740618945,0.880921235479235
53.7,39.5,40.3,35,20,0.535,28.7295,108.504926711471,3.77677741385932,500,5.2416295337454,7.45925816136597,0.893824564576197
55.25,39.5,40.3,35,20,0.535,29.55875,105.037956401624,3.55353174277073,500,5.61491040294073,7.31436225398883,0.952722283203544
56.8,39.5,40.3,35,21,0.53,30.104,101.466148125678,3.3705204665718,500,5.9304207496641,7.11849203621282,0.996692583890694
58.35,39.5,40.3,35,23,0.505,29.46675,95.3754978417337,3.23671588626956,500,5.94942324192187,6.75862075584817,0.99979563072069
59.9,39.5,40.3,35,24,0.48,28.752,89.8811810858527,3.12608448406555,500,5.92572249834006,6.44320107421089,0.999812852149645
61.45,39.5,40.3,35,25,0.46,28.267,86.0413372143033,3.04387933683459,498.703670921864,5.91618019750129,6.20531368612496,0.935898974483309
63,39.5,40.3,35,14,0.505,31.815,107.841530878079,3.38964422059026,457.707259254067,5.96948196666545,6.92845835397551,0.816468296332703
47.5,40,40.3,35,0,NaN,NaN,NaN,NaN,NaN,NaN,NaN,NaN
49.05,40,40.3,35,0,NaN,NaN,NaN,NaN,NaN,NaN,NaN,NaN
50.6,40,40.3,35,14,0.53,26.818,117.182419581078,4.36954357450512,500,4.43277652262097,7.67183701333126,0.879517324460414
52.15,40,40.3,35,19,0.535,27.90025,112.247019771142,4.02315462302818,500,4.85969319395892,7.57350545430017,0.883120124585296
53.7,40,40.3,35,20,0.535,28.7295,108.050098635548,3.76094601839739,500,5.23096418347036,7.43277602763552,0.897730910038897
55.25,40,40.3,35,20,0.535,29.55875,104.673115590017,3.54118883883849,500,5.60136548335911,7.2905455989135,0.955226497644047
56.8,40,40.3,35,21,0.53,30.104,101.178546409105,3.36096686184911,500,5.91213578811347,7.09914344883492,0.996761368551176
58.35,40,40.3,35,23,0.505,29.46675,95.2070247596468,3.23099849015065,499.8761048319,5.92526818134195,6.74527521354837,0.999807881976434
59.9,40,40.3,35,24,0.48,28.752,89.7798441889396,3.12255996761754,500,5.9028231014904,6.43245019868969,0.999838138104681
61.45,40,40.3,35,26,0.46,28.267,85.9654833430194,3.04119585888207,498.564792641783,5.89371391008547,6.19450457584014,0.943900258803824
63,40,40.3,35,14,0.505,31.815,107.886983640907,3.39107287885925,457.109769719679,5.9358452328955,6.92241012154342,0.833527945901068
47.5,40.5,40.3,35,0,NaN,NaN,NaN,NaN,NaN,NaN,NaN,NaN
49.05,40.5,40.3,35,0,NaN,NaN,NaN,NaN,NaN,NaN,NaN,NaN
50.6,40.5,40.3,35,14,0.53,26.818,116.528183141403,4.34514815203977,500,4.42888779442713,7.6387244130248,0.873496721838435
52.15,40.5,40.3,35,19,0.535,27.90025,111.707609320676,4.00382108836574,500,4.85201781771416,7.54417612247618,0.884424789566581
53.7,40.5,40.3,35,20,0.535,28.7295,107.610938689552,3.74565999023833,500,5.22028346712881,7.40700222355584,0.900702855247623
55.25,40.5,40.3,35,21,0.535,29.55875,104.321454328968,3.52929181135767,500,5.58791888533191,7.26748484759532,0.956916364122063
56.8,40.5,40.3,35,21,0.53,30.104,100.914082061699,3.35218183835035,500,5.89286616439284,7.08157123688159,0.996781768640473
58.35,40.5,40.3,35,23,0.505,29.46675,95.108781633927,3.22766445685143,499.146041679652,5.89961242670252,6.73408184450178,0.999819312362772
59.9,40.5,40.3,35,25,0.48,28.752,89.7393216343269,3.12115058550107,499.453823653747,5.87834391698542,6.4229950415793,0.99986054844108
61.45,40.5,40.3,35,26,0.455,27.95975,84.9131259324602,3.03697729530701,500,5.81994967558962,6.14020868897685,0.933869100491044
63,40.5,40.3,35,14,0.505,31.815,107.922049218575,3.39217505008881,456.524310117297,5.90304046150537,6.91638046693759,0.849144447103684
47.5,41,40.3,35,0,NaN,NaN,NaN,NaN,NaN,NaN,NaN,NaN
49.05,41,40.3,35,0,NaN,NaN,NaN,NaN,NaN,NaN,NaN,NaN
50.6,41,40.3,35,14,0.53,26.818,115.894539457276,4.32152060024148,500,4.42485486831247,7.60646200830857,0.865747263799886
52.15,41,40.3,35,19,0.535,27.90025,111.185739473941,3.9851162435441,500,4.84421642920029,7.51561895066952,0.884878283141198
53.7,41,40.3,35,21,0.535,28.7295,107.187057253863,3.73090576772526,500,5.20960487310963,7.38189755341111,0.902804168779465
55.25,41,40.3,35,21,0.535,29.55875,103.982599934416,3.51782805207987,500,5.57457230816693,7.24521532957246,0.957877556628156
56.8,41,40.3,35,22,0.53,30.104,100.682465712656,3.34448796547488,500,5.87230196148228,7.06582593446696,0.996755951316392
58.35,41,40.3,35,23,0.5,29.175,94.0391839817177,3.22327965661415,500,5.8320251162832,6.66713819259022,0.999896262883661
59.9,41,40.3,35,25,0.48,28.752,89.7605117498811,3.12188758172931,498.753322936231,5.85201763401321,6.41456107110926,0.999880144472132
61.45,41,40.3,35,27,0.455,27.95975,84.7969670507221,3.03282279171745,500,5.80043505516083,6.12924368657867,0.943281273383461
63,41,40.3,35,15,0.5,31.5,105.999071051059,3.3650498746368,458.515807364646,5.86233761404894,6.83398082844157,0.800290261392088
47.5,41.5,40.3,35,0,NaN,NaN,NaN,NaN,NaN,NaN,NaN,NaN
49.05,41.5,40.3,35,0,NaN,NaN,NaN,NaN,NaN,NaN,NaN,NaN
50.6,41.5,40.3,35,14,0.53,26.818,115.280817452208,4.29863589574944,500,4.4206585547219,7.57501224078847,0.856253908715695
52.15,41.5,40.3,35,19,0.535,27.90025,110.680875005998,3.96702090504557,500,4.83630724535316,7.48779317832455,0.884532380811918
53.7,41.5,40.3,35,21,0.535,28.7295,106.77810785173,3.71667129089369,500,5.19894196418139,7.35742297320907,0.904121192117577
55.25,41.5,40.3,35,21,0.535,29.55875,103.656189959825,3.50678529910179,500,5.5613190812757,7.22375449570362,0.958186308118844
56.8,41.5,40.3,35,22,0.53,30.104,100.496457284522,3.33830910458815,499.839231047765,5.85010348659682,7.05180223853907,0.996684602005784
58.35,41.5,40.3,35,24,0.5,29.175,93.8499388996174,3.21679310709914,500,5.81123507186548,6.65328922379158,0.999905728652392
59.9,41.5,40.3,35,26,0.475,28.4525,88.7162080504135,3.1180461488591,500,5.78202960446741,6.35283814315246,0.999903793679401
61.45,41.5,40.3,35,27,0.455,27.95975,84.7280855121067,3.03035919534712,500,5.7797079060742,6.12034987292841,0.951477671392719
63,41.5,40.3,35,17,0.445,28.035,84.8537420642585,3.02670740375454,491.898235784639,5.76458972215351,6.03838731306784,0.809270887004915
47.5,42,40.3,35,0,NaN,NaN,NaN,NaN,NaN,NaN,NaN,NaN
49.05,42,40.3,35,0,NaN,NaN,NaN,NaN,NaN,NaN,NaN,NaN
50.6,42,40.3,35,14,0.53,26.818,114.686380011947,4.27647028159992,500,4.41628095152272,7.54433683198405,0.844994334551978
52.15,42,40.3,35,20,0.535,27.90025,110.192517600295,3.94951721222194,500,4.8283112375537,7.46065766574772,0.883450576143094
53.7,42,40.3,35,21,0.535,28.7295,106.38378669484,3.70294598565376,500,5.18830257106171,7.33354009015211,0.904759389117643
55.25,42,40.3,35,21,0.535,29.55875,103.341870086121,3.49615156547963,500,5.54814368534897,7.20309743195309,0.957910232444695
56.8,42,40.3,35,22,0.525,29.82,99.3189290899255,3.33061465760984,500,5.78405165473657,6.97870127736521,0.99894684040233
58.35,42,40.3,35,24,0.5,29.175,93.7095484337144,3.21198109455748,499.929245366311,5.78948268156191,6.64148301816338,0.999914474396178
59.9,42,40.3,35,26,0.475,28.4525,88.5908397708664,3.11363991813958,500,5.76196909484509,6.34148760520624,0.999919765245675
61.45,42,40.3,35,28,0.455,27.95975,84.7068000594264,3.02959790625547,499.947407935892,5.75760896932798,6.11320964610738,0.958609194427397
63,42,40.3,35,19,0.44,27.72,83.6670096111911,3.01829039001411,494.146632281068,5.71918120560789,5.97948606555367,0.822920889492292
47.5,42.5,40.3,35,0,NaN,NaN,NaN,NaN,NaN,NaN,NaN,NaN
49.05,42.5,40.3,35,0,NaN,NaN,NaN,NaN,NaN,NaN,NaN,NaN
50.6,42.5,40.3,35,14,0.53,26.818,114.110619984776,4.25500111808398,500,4.4117093381187,7.5143972809168,0.831967219335563
52.15,42.5,40.3,35,20,0.535,27.90025,109.720205605879,3.93258861859228,500,4.82025016326721,7.43417081861881,0.881709416113821
53.7,42.5,40.3,35,21,0.535,28.7295,106.003832032374,3.68972074113278,500,5.17768737640168,7.31021204306247,0.904839586307999
55.25,42.5,40.3,35,22,0.535,29.55875,103.039294155973,3.48591514038898,500,5.53502192684345,7.18321619355558,0.957110934189512
56.8,42.5,40.3,35,23,0.525,29.82,99.0964506607008,3.32315394569755,500,5.76527006076156,6.96375254256889,0.9989393162072
58.35,42.5,40.3,35,24,0.5,29.175,93.6290861039737,3.2092231740865,499.251641384657,5.76673532424138,6.63133740902841,0.999922469303381
59.9,42.5,40.3,35,26,0.475,28.4525,88.5151896419476,3.11098109628144,499.955963631951,5.74052216236328,6.33130226299236,0.999932747196736
61.45,42.5,40.3,35,28,0.455,27.95975,84.7326661196305,3.03052302397663,499.325535857794,5.73399556192703,6.10731565581901,0.964790251119151
63,42.5,40.3,35,21,0.44,27.72,83.3961477793074,3.00851903965756,494.279301071047,5.69957336698171,5.9664936110393,0.85060943014505
47.5,43,40.3,35,0,NaN,NaN,NaN,NaN,NaN,NaN,NaN,NaN
49.05,43,40.3,35,0,NaN,NaN,NaN,NaN,NaN,NaN,NaN,NaN
50.6,43,40.3,35,14,0.53,26.818,113.552956985367,4.23420676356801,500,4.40693882558038,7.48515525660906,0.817228073697553
52.15,43,40.3,35,20,0.535,27.90025,109.263514471683,3.91621990740882,500,4.81214429422667,7.40829055441712,0.879398819031265
53.7,43,40.3,35,22,0.535,28.7295,105.63802306025,3.67698787170854,500,5.16708910654515,7.28740476465378,0.904493445107605
55.25,43,40.3,35,22,0.535,29.55875,102.748127784022,3.47606471126221,500,5.52192172658821,7.16406230386899,0.955847404693029
56.8,43,40.3,35,23,0.525,29.82,98.9089931474552,3.31686764411319,500,5.74513096234213,6.95035804446383,0.998924045314389
58.35,43,40.3,35,25,0.495,28.88325,92.6729643272493,3.20853658529595,500,5.69930927463424,6.56610869056004,0.99996062091532
59.9,43,40.3,35,27,0.475,28.4525,88.4946369158384,3.11025874407656,499.284455700118,5.71757077539305,6.32206442792534,0.999943151661171
61.45,43,40.3,35,28,0.455,27.95975,84.803567020574,3.03305884425197,498.61815695698,5.70874863061545,6.10213513282949,0.970122036840291
63,43,40.3,35,22,0.44,27.72,83.199766244827,3.0014345687167,494.388908690453,5.68061919244111,5.95380680459302,0.872307661430022
47.5,43.5,40.3,35,0,NaN,NaN,NaN,NaN,NaN,NaN,NaN,NaN
49.05,43.5,40.3,35,0,NaN,NaN,NaN,NaN,NaN,NaN,NaN,NaN
50.6,43.5,40.3,35,14,0.53,26.818,113.012834947087,4.21406648322349,500,4.40197363487758,7.45657284685187,0.800934696921419
52.15,43.5,40.3,35,20,0.535,27.90025,108.822057770878,3.90039722837172,500,4.8040101127177,7.38297433378382,0.876622141616762
53.7,43.5,40.3,35,22,0.535,28.7295,105.286178111077,3.66474105400639,500,5.15649249234441,7.26508844458262,0.903857938428666
55.25,43.5,40.3,35,22,0.535,29.55875,102.468057475966,3.46658967229554,500,5.5088043898994,7.14557112031857,0.954179449886481
56.8,43.5,40.3,35,23,0.525,29.82,98.7681897382872,3.31214586647509,499.419466509361,5.72329925632593,6.93832773013753,0.998900938325292
58.35,43.5,40.3,35,25,0.495,28.88325,92.5136427833493,3.20302053208518,500,5.68129652909384,6.55316369848797,0.999965063654972
59.9,43.5,40.3,35,27,0.475,28.4525,88.5304788681691,3.11151845595885,498.622655041356,5.69320080126379,6.31354489609981,0.999951379327473
61.45,43.5,40.3,35,29,0.45,27.6525,83.8941187143961,3.03387103207291,500,5.63659444669909,6.0507401604974,0.967474575982534
63,43.5,40.3,35,23,0.435,27.405,82.0215509875305,2.99294110518265,496.768766301347,5.62868913812494,5.8957328964242,0.880988777995218
47.5,44,40.3,35,0,NaN,NaN,NaN,NaN,NaN,NaN,NaN,NaN
49.05,44,40.3,35,0,NaN,NaN,NaN,NaN,NaN,NaN,NaN,NaN
50.6,44,40.3,35,13,0.525,26.565,112.406852797291,4.23138915103674,500,4.34338224719267,7.38598189764942,0.856177507878491
52.15,44,40.3,35,20,0.535,27.90025,108.395488722391,3.8851081521632,500,4.79585826780201,7.35817925475264,0.873496796064888
53.7,44,40.3,35,22,0.535,28.7295,104.948151805348,3.65297522773971,500,5.14587507029986,7.24323877133142,0.903068990862044
55.25,44,40.3,35,23,0.535,29.55875,102.198807652921,3.45748070039908,500,5.49562614609427,7.12766669273667,0.952170624930666
56.8,44,40.3,35,24,0.52,29.536,97.6783283791715,3.30709399983652,500,5.66157917957083,6.86666058823508,0.999645956017561
58.35,44,40.3,35,25,0.495,28.88325,92.3968451999841,3.19897674949959,500,5.66277829326137,6.54184640689666,0.999968764943964
59.9,44,40.3,35,27,0.47,28.153,87.5768559299539,3.1107468450948,500,5.62782011420318,6.25430998779138,0.999955849471447
61.45,44,40.3,35,29,0.45,27.6525,83.8296927837409,3.03154119098602,500,5.61619966695284,6.04340633552494,0.972695452676176
63,44,40.3,35,25,0.435,27.405,81.8072773143772,2.98512232491798,496.893585603435,5.61176499942667,5.88231888980313,0.90234266273087
47.5,44.5,40.3,35,0,NaN,NaN,NaN,NaN,NaN,NaN,NaN,NaN
49.05,44.5,40.3,35,0,NaN,NaN,NaN,NaN,NaN,NaN,NaN,NaN
50.6,44.5,40.3,35,12,0.525,26.565,111.890927405483,4.21196790534475,500,4.33854987908899,7.35833356984145,0.842701963439719
52.15,44.5,40.3,35,20,0.535,27.90025,107.98350210802,3.87034173916077,500,4.7876920747962,7.33386217165135,0.870156010814589
53.7,44.5,40.3,35,22,0.535,28.7295,104.623830803621,3.64168644785397,500,5.13520878303592,7.22183734263398,0.90225482019098
55.25,44.5,40.3,35,23,0.535,29.55875,101.940168222165,3.44873068794062,500,5.4823396956975,7.11026610038849,0.949890355285931
56.8,44.5,40.3,35,24,0.52,29.536,97.4996930374949,3.30104594520229,500,5.64377198998108,6.85345102645025,0.99965398195981
58.35,44.5,40.3,35,26,0.495,28.88325,92.3295529710148,3.19664694835293,499.589482831953,5.64370450784939,6.53178159000813,0.999971766924668
59.9,44.5,40.3,35,28,0.47,28.153,87.4732751407426,3.10706763544711,500,5.6095907000082,6.24305187953794,0.999961474657784
61.45,44.5,40.3,35,30,0.45,27.6525,83.8091879003108,3.03079967092707,500,5.59463221908574,6.03638621188681,0.977029089779795
63,44.5,40.3,35,26,0.435,27.405,81.6852702083541,2.98067032323861,496.889817314594,5.5942731440321,5.87056499251646,0.918974907134916
47.5,45,40.3,35,0,NaN,NaN,NaN,NaN,NaN,NaN,NaN,NaN
49.05,45,40.3,35,0,NaN,NaN,NaN,NaN,NaN,NaN,NaN,NaN
50.6,45,40.3,35,12,0.525,26.565,111.391179395774,4.19315563319308,500,4.33358259441561,7.3312647344805,0.829416378888529
52.15,45,40.3,35,20,0.535,27.90025,107.585836470662,3.85608861822607,500,4.77950679114067,7.30997975469218,0.866751748983171
53.7,45,40.3,35,22,0.535,28.7295,104.313127763701,3.63087167419205,500,5.12446222393663,7.20087064632607,0.901529736930564
55.25,45,40.3,35,23,0.535,29.55875,101.692035055221,3.44033611215702,500,5.46889549375432,7.09328278355899,0.947415074486365
56.8,45,40.3,35,24,0.52,29.536,97.3587515505152,3.29627409095731,499.870663774728,5.62464073294479,6.84142405273455,0.999659043284075
58.35,45,40.3,35,25,0.495,28.88325,92.3150055427858,3.19614328521845,498.953574382289,5.624026637619,6.5225882773368,0.999974114130138
59.9,45,40.3,35,28,0.47,28.153,87.4126525674053,3.10491430992808,500,5.5903483041407,6.23274957657153,0.999965604821981
61.45,45,40.3,35,30,0.45,27.6525,83.8363474725165,3.03178184513214,499.611090084091,5.57172768767551,6.02951181431727,0.98061293333618
63,45,40.3,35,29,0.43,27.09,80.5848924046164,2.97470994479943,499.454238967373,5.53006016180965,5.81377776505226,0.920493252123487
47.5,20,40.6,35,0,NaN,NaN,NaN,NaN,NaN,NaN,NaN,NaN
49.05,20,40.6,35,0,NaN,NaN,NaN,NaN,NaN,NaN,NaN,NaN
50.6,20,40.6,35,0,NaN,NaN,NaN,NaN,NaN,NaN,NaN,NaN
52.15,20,40.6,35,0,NaN,NaN,NaN,NaN,NaN,NaN,NaN,NaN
53.7,20,40.6,35,0,NaN,NaN,NaN,NaN,NaN,NaN,NaN,NaN
55.25,20,40.6,35,0,NaN,NaN,NaN,NaN,NaN,NaN,NaN,NaN
56.8,20,40.6,35,0,NaN,NaN,NaN,NaN,NaN,NaN,NaN,NaN
58.35,20,40.6,35,2,0.55,32.0925,128.729825449405,4.01121213521555,500,7.2537658389063,8.70761681033459,0.835808469896664
59.9,20,40.6,35,7,0.54,32.346,121.534123563819,3.75731538872871,500,7.66734862808603,8.33605287748398,0.904636437837869
61.45,20,40.6,35,6,0.545,33.49025,125.6265828394,3.75113899834729,495.58162775248,8.41668619050731,7.18349128152869,0.930933608438169
63,20,40.6,35,4,0.555,34.965,134.5801166466,3.84899518508794,479.753185222206,9.14765515287612,7.51126031631522,0.934525822811653
47.5,20.5,40.6,35,0,NaN,NaN,NaN,NaN,NaN,NaN,NaN,NaN
49.05,20.5,40.6,35,0,NaN,NaN,NaN,NaN,NaN,NaN,NaN,NaN
50.6,20.5,40.6,35,0,NaN,NaN,NaN,NaN,NaN,NaN,NaN,NaN
52.15,20.5,40.6,35,0,NaN,NaN,NaN,NaN,NaN,NaN,NaN,NaN
53.7,20.5,40.6,35,0,NaN,NaN,NaN,NaN,NaN,NaN,NaN,NaN
55.25,20.5,40.6,35,0,NaN,NaN,NaN,NaN,NaN,NaN,NaN,NaN
56.8,20.5,40.6,35,0,NaN,NaN,NaN,NaN,NaN,NaN,NaN,NaN
58.35,20.5,40.6,35,3,0.55,32.0925,127.448189603935,3.97127645412277,500,7.22862148612741,8.64442316356035,0.860409530443822
59.9,20.5,40.6,35,7,0.54,32.346,120.443213653023,3.72358911930448,500,7.61052442371096,8.26580674432029,0.945064351947642
61.45,20.5,40.6,35,7,0.54,33.183,123.177392392317,3.71206317669641,496.513149714455,8.35610749889466,7.04776810118905,0.851751525158032
63,20.5,40.6,35,5,0.55,34.65,131.68205425709,3.80034788620751,481.28224336238,9.12911735422116,7.2809132230292,0.885564464184993
47.5,21,40.6,35,0,NaN,NaN,NaN,NaN,NaN,NaN,NaN,NaN
49.05,21,40.6,35,0,NaN,NaN,NaN,NaN,NaN,NaN,NaN,NaN
50.6,21,40.6,35,0,NaN,NaN,NaN,NaN,NaN,NaN,NaN,NaN
52.15,21,40.6,35,0,NaN,NaN,NaN,NaN,NaN,NaN,NaN,NaN
53.7,21,40.6,35,0,NaN,NaN,NaN,NaN,NaN,NaN,NaN,NaN
55.25,21,40.6,35,0,NaN,NaN,NaN,NaN,NaN,NaN,NaN,NaN
56.8,21,40.6,35,0,NaN,NaN,NaN,NaN,NaN,NaN,NaN,NaN
58.35,21,40.6,35,5,0.55,32.0925,126.232845924779,3.93340643218133,500,7.20463290368085,8.58104572723589,0.874230474337151
59.9,21,40.6,35,8,0.535,32.0465,118.007628295692,3.68238741502791,500,7.54141310750118,8.16945289259885,0.909144341054698
61.45,21,40.6,35,7,0.54,33.183,122.353055888742,3.68722104356876,495.39791833712,8.20261714342448,7.15712391807535,0.926179700108622
63,21,40.6,35,5,0.55,34.65,131.294162181891,3.78915330972269,480.35103223857,9.00638706038658,7.43352803697218,0.930076774357716
47.5,21.5,40.6,35,0,NaN,NaN,NaN,NaN,NaN,NaN,NaN,NaN
49.05,21.5,40.6,35,0,NaN,NaN,NaN,NaN,NaN,NaN,NaN,NaN
50.6,21.5,40.6,35,0,NaN,NaN,NaN,NaN,NaN,NaN,NaN,NaN
52.15,21.5,40.6,35,0,NaN,NaN,NaN,NaN,NaN,NaN,NaN,NaN
53.7,21.5,40.6,35,0,NaN,NaN,NaN,NaN,NaN,NaN,NaN,NaN
55.25,21.5,40.6,35,0,NaN,NaN,NaN,NaN,NaN,NaN,NaN,NaN
56.8,21.5,40.6,35,0,NaN,NaN,NaN,NaN,NaN,NaN,NaN,NaN
58.35,21.5,40.6,35,5,0.55,32.0925,125.083599413971,3.89759599326855,500,7.18166907805643,8.51786592710944,0.880498084015659
59.9,21.5,40.6,35,8,0.535,32.0465,117.032299745423,3.65195262338861,500,7.49407367692311,8.09555664387956,0.950785544207845
61.45,21.5,40.6,35,8,0.535,32.87575,120.032646556131,3.65109987015142,496.335721492186,8.13985874647173,7.03232572605881,0.847186841957396
63,21.5,40.6,35,6,0.545,34.335,128.481145536255,3.74198763757842,481.915858133866,8.98234439626879,7.20181994479333,0.885750044603335
47.5,22,40.6,35,0,NaN,NaN,NaN,NaN,NaN,NaN,NaN,NaN
49.05,22,40.6,35,0,NaN,NaN,NaN,NaN,NaN,NaN,NaN,NaN
50.6,22,40.6,35,0,NaN,NaN,NaN,NaN,NaN,NaN,NaN,NaN
52.15,22,40.6,35,0,NaN,NaN,NaN,NaN,NaN,NaN,NaN,NaN
53.7,22,40.6,35,0,NaN,NaN,NaN,NaN,NaN,NaN,NaN,NaN
55.25,22,40.6,35,0,NaN,NaN,NaN,NaN,NaN,NaN,NaN,NaN
56.8,22,40.6,35,0,NaN,NaN,NaN,NaN,NaN,NaN,NaN,NaN
58.35,22,40.6,35,5,0.55,32.0925,123.998119115609,3.86377250496561,500,7.15959642470729,8.455276606668,0.880794478486696
59.9,22,40.6,35,9,0.53,31.747,114.813953226595,3.61652922249644,500,7.41954266260084,7.98914292364655,0.918991845673988
61.45,22,40.6,35,8,0.535,32.87575,119.285286726879,3.62836700993525,495.017218487118,7.99167244242105,7.14622217729103,0.930115307974702
63,22,40.6,35,7,0.54,34.02,125.816204844835,3.69830114182349,483.519642083937,8.95115607972721,6.97500336011757,0.814799771711397
47.5,22.5,40.6,35,0,NaN,NaN,NaN,NaN,NaN,NaN,NaN,NaN
49.05,22.5,40.6,35,0,NaN,NaN,NaN,NaN,NaN,NaN,NaN,NaN
50.6,22.5,40.6,35,0,NaN,NaN,NaN,NaN,NaN,NaN,NaN,NaN
52.15,22.5,40.6,35,0,NaN,NaN,NaN,NaN,NaN,NaN,NaN,NaN
53.7,22.5,40.6,35,0,NaN,NaN,NaN,NaN,NaN,NaN,NaN,NaN
55.25,22.5,40.6,35,0,NaN,NaN,NaN,NaN,NaN,NaN,NaN,NaN
56.8,22.5,40.6,35,0,NaN,NaN,NaN,NaN,NaN,NaN,NaN,NaN
58.35,22.5,40.6,35,6,0.55,32.0925,122.972745618652,3.83182194028674,500,7.13827778144498,8.39365063565324,0.875666642594077
59.9,22.5,40.6,35,10,0.525,31.4475,112.79142858075,3.58665803579776,500,7.33639917189713,7.8839696812834,0.828508212411918
61.45,22.5,40.6,35,9,0.53,32.5685,117.08071787689,3.59490666984633,495.974813179683,7.92721143913937,7.03943614553391,0.876455348742627
63,22.5,40.6,35,7,0.54,34.02,125.43581782071,3.68711986539417,482.546105106067,8.81764276591744,7.12467710034081,0.908760245213919
47.5,23,40.6,35,0,NaN,NaN,NaN,NaN,NaN,NaN,NaN,NaN
49.05,23,40.6,35,0,NaN,NaN,NaN,NaN,NaN,NaN,NaN,NaN
50.6,23,40.6,35,0,NaN,NaN,NaN,NaN,NaN,NaN,NaN,NaN
52.15,23,40.6,35,0,NaN,NaN,NaN,NaN,NaN,NaN,NaN,NaN
53.7,23,40.6,35,0,NaN,NaN,NaN,NaN,NaN,NaN,NaN,NaN
55.25,23,40.6,35,0,NaN,NaN,NaN,NaN,NaN,NaN,NaN,NaN
56.8,23,40.6,35,0,NaN,NaN,NaN,NaN,NaN,NaN,NaN,NaN
58.35,23,40.6,35,6,0.55,32.0925,122.002980827919,3.80160413890842,500,7.11757025247717,8.33329419660484,0.864939507560978
59.9,23,40.6,35,10,0.525,31.4475,111.940093587801,3.5595864087066,500,7.29898962239317,7.815274983964,0.939947373961044
61.45,23,40.6,35,9,0.53,32.5685,116.398519357712,3.57396009511375,494.453591161701,7.78811017241476,7.15311498731266,0.945919267808806
63,23,40.6,35,8,0.535,33.705,122.85447546031,3.64499259635989,484.163177665058,8.78137016674342,6.90172422622649,0.879167165146717
47.5,23.5,40.6,35,0,NaN,NaN,NaN,NaN,NaN,NaN,NaN,NaN
49.05,23.5,40.6,35,0,NaN,NaN,NaN,NaN,NaN,NaN,NaN,NaN
50.6,23.5,40.6,35,0,NaN,NaN,NaN,NaN,NaN,NaN,NaN,NaN
52.15,23.5,40.6,35,0,NaN,NaN,NaN,NaN,NaN,NaN,NaN,NaN
53.7,23.5,40.6,35,0,NaN,NaN,NaN,NaN,NaN,NaN,NaN,NaN
55.25,23.5,40.6,35,0,NaN,NaN,NaN,NaN,NaN,NaN,NaN,NaN
56.8,23.5,40.6,35,1,0.53,30.104,123.970510847038,4.11807437041715,500,6.37129316481414,8.4099785799389,0.805552165013921
58.35,23.5,40.6,35,7,0.55,32.0925,121.083821390347,3.77296319670786,500,7.09732044445902,8.2743878155959,0.847884217289688
59.9,23.5,40.6,35,11,0.525,31.4475,111.135743894161,3.53400886856384,500,7.26510366512284,7.752654196751,0.970818146701587
61.45,23.5,40.6,35,10,0.525,32.26125,114.298539305126,3.54290485660431,495.439957702337,7.72209578707849,7.06800118372325,0.922167884293056
63,23.5,40.6,35,9,0.53,33.39,120.479298040405,3.60824492483993,485.638486422748,8.73854324795851,6.69479772635655,0.848212495310359
47.5,24,40.6,35,0,NaN,NaN,NaN,NaN,NaN,NaN,NaN,NaN
49.05,24,40.6,35,0,NaN,NaN,NaN,NaN,NaN,NaN,NaN,NaN
50.6,24,40.6,35,0,NaN,NaN,NaN,NaN,NaN,NaN,NaN,NaN
52.15,24,40.6,35,0,NaN,NaN,NaN,NaN,NaN,NaN,NaN,NaN
53.7,24,40.6,35,0,NaN,NaN,NaN,NaN,NaN,NaN,NaN,NaN
55.25,24,40.6,35,0,NaN,NaN,NaN,NaN,NaN,NaN,NaN,NaN
56.8,24,40.6,35,3,0.535,30.388,123.324323357852,4.0583231327449,500,6.43078592906818,8.3892553996769,0.803083301164588
58.35,24,40.6,35,7,0.55,32.0925,120.210125223617,3.74573888676845,500,7.07735602362033,8.2169585691533,0.823359499709526
59.9,24,40.6,35,10,0.525,31.4475,110.381764066309,3.51003304130086,500,7.23353898817255,7.69618478165547,0.981804468579889
61.45,24,40.6,35,11,0.52,31.954,112.312035499605,3.51480363959457,496.429292184556,7.65161377560372,7.00879203316016,0.884973931539859
63,24,40.6,35,10,0.525,33.075,118.315638137604,3.57719238511276,486.84324045146,8.68976494576761,6.51253511843113,0.809399668982775
47.5,24.5,40.6,35,0,NaN,NaN,NaN,NaN,NaN,NaN,NaN,NaN
49.05,24.5,40.6,35,0,NaN,NaN,NaN,NaN,NaN,NaN,NaN,NaN
50.6,24.5,40.6,35,0,NaN,NaN,NaN,NaN,NaN,NaN,NaN,NaN
52.15,24.5,40.6,35,0,NaN,NaN,NaN,NaN,NaN,NaN,NaN,NaN
53.7,24.5,40.6,35,0,NaN,NaN,NaN,NaN,NaN,NaN,NaN,NaN
55.25,24.5,40.6,35,0,NaN,NaN,NaN,NaN,NaN,NaN,NaN,NaN
56.8,24.5,40.6,35,4,0.535,30.388,122.257562272217,4.02321845044811,500,6.41491884672115,8.33002963309135,0.832867493538617
58.35,24.5,40.6,35,7,0.545,31.80075,118.265249458004,3.71894529085019,500,7.0026379527675,8.12835420195834,0.898996791885972
59.9,24.5,40.6,35,11,0.52,31.148,108.635047841481,3.48770540135742,500,7.14785758967747,7.60539984331117,0.981839788634275
61.45,24.5,40.6,35,12,0.515,31.64675,110.400690025316,3.48853168256824,497.468541421099,7.57637204024415,6.96709674122476,0.823391792235758
63,24.5,40.6,35,10,0.525,33.075,117.729536915956,3.55947201559957,486.249952312468,8.5471123022111,6.63909243662226,0.907581614501475
47.5,25,40.6,35,0,NaN,NaN,NaN,NaN,NaN,NaN,NaN,NaN
49.05,25,40.6,35,0,NaN,NaN,NaN,NaN,NaN,NaN,NaN,NaN
50.6,25,40.6,35,0,NaN,NaN,NaN,NaN,NaN,NaN,NaN,NaN
52.15,25,40.6,35,0,NaN,NaN,NaN,NaN,NaN,NaN,NaN,NaN
53.7,25,40.6,35,0,NaN,NaN,NaN,NaN,NaN,NaN,NaN,NaN
55.25,25,40.6,35,0,NaN,NaN,NaN,NaN,NaN,NaN,NaN,NaN
56.8,25,40.6,35,5,0.535,30.388,121.240230475465,3.98974037368255,500,6.39910389374431,8.27310614083862,0.850576403307469
58.35,25,40.6,35,8,0.545,31.80075,117.445062845437,3.69315386729676,500,6.98325056228466,8.07570872637773,0.882900851064931
59.9,25,40.6,35,12,0.52,31.148,107.928061950854,3.46500776778135,500,7.11968699289894,7.55600523669907,0.988096469765523
61.45,25,40.6,35,12,0.515,31.64675,109.766076631152,3.46847864729085,495.805721840108,7.45483838849558,7.05967235285505,0.933801857078325
63,25,40.6,35,11,0.52,32.76,115.637148770679,3.52982749605246,487.42627672042,8.49362915499513,6.46025334018427,0.867128600392752
47.5,25.5,40.6,35,0,NaN,NaN,NaN,NaN,NaN,NaN,NaN,NaN
49.05,25.5,40.6,35,0,NaN,NaN,NaN,NaN,NaN,NaN,NaN,NaN
50.6,25.5,40.6,35,0,NaN,NaN,NaN,NaN,NaN,NaN,NaN,NaN
52.15,25.5,40.6,35,0,NaN,NaN,NaN,NaN,NaN,NaN,NaN,NaN
53.7,25.5,40.6,35,0,NaN,NaN,NaN,NaN,NaN,NaN,NaN,NaN
55.25,25.5,40.6,35,0,NaN,NaN,NaN,NaN,NaN,NaN,NaN,NaN
56.8,25.5,40.6,35,6,0.535,30.388,120.26963808923,3.95780038466599,500,6.38332297880373,8.21841539543509,0.859566551209557
58.35,25.5,40.6,35,8,0.545,31.80075,116.662721723515,3.66855252544405,500,6.96400202917,8.02485962511205,0.861929585488007
59.9,25.5,40.6,35,11,0.52,31.148,107.274103364745,3.44401256468295,500,7.09224368652571,7.51156365588491,0.990963115647985
61.45,25.5,40.6,35,13,0.51,31.3395,107.933297433407,3.44400189643763,496.898267771978,7.37704761145186,7.02093429647527,0.896727163408945
63,25.5,40.6,35,11,0.52,32.76,115.097467023662,3.51335369425097,486.85095067827,8.34107958995248,6.5983516178543,0.919070067151133
47.5,26,40.6,35,0,NaN,NaN,NaN,NaN,NaN,NaN,NaN,NaN
49.05,26,40.6,35,0,NaN,NaN,NaN,NaN,NaN,NaN,NaN,NaN
50.6,26,40.6,35,0,NaN,NaN,NaN,NaN,NaN,NaN,NaN,NaN
52.15,26,40.6,35,0,NaN,NaN,NaN,NaN,NaN,NaN,NaN,NaN
53.7,26,40.6,35,0,NaN,NaN,NaN,NaN,NaN,NaN,NaN,NaN
55.25,26,40.6,35,0,NaN,NaN,NaN,NaN,NaN,NaN,NaN,NaN
56.8,26,40.6,35,7,0.535,30.388,119.343046834846,3.92730837287238,500,6.36756041392354,8.16584135944198,0.86196539366378
58.35,26,40.6,35,9,0.545,31.80075,115.914628875069,3.6450281479232,500,6.94470225814374,7.9755923894194,0.835597446651189
59.9,26,40.6,35,12,0.52,31.148,106.685279809076,3.42510850806074,500,7.06495243233349,7.47181068899584,0.992529932048242
61.45,26,40.6,35,14,0.505,31.03225,106.147249219423,3.42054634193211,498.031093487395,7.29418141844622,6.98036927483608,0.821784683331978
63,26,40.6,35,12,0.515,32.445,113.072572575485,3.48505386270564,488.007709375297,8.2830036754955,6.42391152646798,0.860785405967306
47.5,26.5,40.6,35,0,NaN,NaN,NaN,NaN,NaN,NaN,NaN,NaN
49.05,26.5,40.6,35,0,NaN,NaN,NaN,NaN,NaN,NaN,NaN,NaN
50.6,26.5,40.6,35,0,NaN,NaN,NaN,NaN,NaN,NaN,NaN,NaN
52.15,26.5,40.6,35,0,NaN,NaN,NaN,NaN,NaN,NaN,NaN,NaN
53.7,26.5,40.6,35,0,NaN,NaN,NaN,NaN,NaN,NaN,NaN,NaN
55.25,26.5,40.6,35,3,0.52,28.73,124.187874778094,4.32258526899039,500,5.64928077403757,8.26779515413922,0.808724800048737
56.8,26.5,40.6,35,8,0.535,30.388,118.457770331452,3.89817593561445,500,6.35180288157672,8.11524550692195,0.859116360965753
58.35,26.5,40.6,35,10,0.545,31.80075,115.19918313907,3.62253038494594,500,6.9251123582061,7.92792991597078,0.803705047023014
59.9,26.5,40.6,35,13,0.515,30.8485,105.140646595736,3.40829040620243,500,6.97619033523741,7.39302388748014,0.993645755703096
61.45,26.5,40.6,35,14,0.505,31.03225,105.590542278705,3.40260671651926,496.210033421157,7.19054970353094,7.0497059570257,0.919114313572685
63,26.5,40.6,35,12,0.515,32.445,112.573501577414,3.4696718008141,487.434845896365,8.12360830483429,6.57023593632391,0.897231233258194
47.5,27,40.6,35,0,NaN,NaN,NaN,NaN,NaN,NaN,NaN,NaN
49.05,27,40.6,35,0,NaN,NaN,NaN,NaN,NaN,NaN,NaN,NaN
50.6,27,40.6,35,0,NaN,NaN,NaN,NaN,NaN,NaN,NaN,NaN
52.15,27,40.6,35,0,NaN,NaN,NaN,NaN,NaN,NaN,NaN,NaN
53.7,27,40.6,35,0,NaN,NaN,NaN,NaN,NaN,NaN,NaN,NaN
55.25,27,40.6,35,6,0.525,29.00625,123.161367800118,4.24602862486938,500,5.71792465263358,8.2456424215801,0.827657678018842
56.8,27,40.6,35,8,0.535,30.388,117.611230390115,3.87031823055531,500,6.33603944962806,8.06649166749228,0.851917519042106
58.35,27,40.6,35,9,0.54,31.509,113.579416210686,3.60466584819215,500,6.84743338939974,7.84845993401822,0.909944511385672
59.9,27,40.6,35,12,0.515,30.8485,104.566441632066,3.38967669844775,500,6.9508858788858,7.35580202738642,0.994592050439191
61.45,27,40.6,35,15,0.5,30.725,103.877485569298,3.38087829354916,497.374572190837,7.10614775761906,6.99965001594995,0.851524987559677
63,27,40.6,35,12,0.515,32.445,112.234166927672,3.45921303521875,486.587898758048,7.95881521932072,6.72545692938095,0.91716129765759
47.5,27.5,40.6,35,0,NaN,NaN,NaN,NaN,NaN,NaN,NaN,NaN
49.05,27.5,40.6,35,0,NaN,NaN,NaN,NaN,NaN,NaN,NaN,NaN
50.6,27.5,40.6,35,0,NaN,NaN,NaN,NaN,NaN,NaN,NaN,NaN
52.15,27.5,40.6,35,0,NaN,NaN,NaN,NaN,NaN,NaN,NaN,NaN
53.7,27.5,40.6,35,0,NaN,NaN,NaN,NaN,NaN,NaN,NaN,NaN
55.25,27.5,40.6,35,7,0.525,29.00625,122.117864353573,4.21005350066186,500,5.70828501865525,8.1920513209396,0.901231984830775
56.8,27.5,40.6,35,9,0.535,30.388,116.800989620038,3.84365504870468,500,6.32026168600064,8.01946594877932,0.841054810579704
58.35,27.5,40.6,35,10,0.54,31.509,112.899685045418,3.58309324464178,500,6.8284635276431,7.80552598407176,0.896694922437219
59.9,27.5,40.6,35,13,0.515,30.8485,104.06053119578,3.37327685935392,500,6.92520937680685,7.32215122842343,0.99522851393128
61.45,27.5,40.6,35,15,0.5,30.725,103.36438784908,3.36417861184962,495.493023927721,7.0183838250818,7.0434909298423,0.922634563374929
63,27.5,40.6,35,13,0.51,32.13,110.149832758947,3.42825498782904,487.98289386514,7.89859256427868,6.55074913251357,0.826970005585014
47.5,28,40.6,35,0,NaN,NaN,NaN,NaN,NaN,NaN,NaN,NaN
49.05,28,40.6,35,0,NaN,NaN,NaN,NaN,NaN,NaN,NaN,NaN
50.6,28,40.6,35,0,NaN,NaN,NaN,NaN,NaN,NaN,NaN,NaN
52.15,28,40.6,35,0,NaN,NaN,NaN,NaN,NaN,NaN,NaN,NaN
53.7,28,40.6,35,0,NaN,NaN,NaN,NaN,NaN,NaN,NaN,NaN
55.25,28,40.6,35,8,0.525,29.00625,121.119034261022,4.1756185050126,500,5.69848147820797,8.14056996571743,0.939691648256793
56.8,28,40.6,35,10,0.535,30.388,116.0247705093,3.81811144232264,500,6.30446395718409,7.97408564174505,0.827151432735172
58.35,28,40.6,35,10,0.54,31.509,112.248012761123,3.56241114478794,500,6.80912543768546,7.7638695925914,0.881388748037337
59.9,28,40.6,35,13,0.515,30.8485,103.630756581843,3.35934507615744,500,6.89884113828093,7.29209817749991,0.995699260947854
61.45,28,40.6,35,16,0.495,30.41775,101.72652880896,3.34431471127746,496.708647105221,6.93401571503771,6.98300881539615,0.849968743004557
63,28,40.6,35,13,0.51,32.13,109.836857926814,3.41851409669513,487.093499617307,7.73446933586516,6.69979226058925,0.842281297228212
47.5,28.5,40.6,35,0,NaN,NaN,NaN,NaN,NaN,NaN,NaN,NaN
49.05,28.5,40.6,35,0,NaN,NaN,NaN,NaN,NaN,NaN,NaN,NaN
50.6,28.5,40.6,35,0,NaN,NaN,NaN,NaN,NaN,NaN,NaN,NaN
52.15,28.5,40.6,35,0,NaN,NaN,NaN,NaN,NaN,NaN,NaN,NaN
53.7,28.5,40.6,35,2,0.5,26.85,129.327159809331,4.81665399662314,500,4.84795240372262,8.2104464775769,0.830862547588428
55.25,28.5,40.6,35,10,0.53,29.2825,120.430077976005,4.1126979587127,500,5.76175173651508,8.13049203681721,0.836611614722979
56.8,28.5,40.6,35,10,0.535,30.388,115.280465510364,3.79361805681071,500,6.28864398342472,7.93029469375921,0.810855343143276
58.35,28.5,40.6,35,11,0.54,31.509,111.62847796998,3.54274899139865,500,6.78913583033299,7.72387592369473,0.864087202710291
59.9,28.5,40.6,35,14,0.51,30.549,102.234184755583,3.34656403664877,500,6.80794041576359,7.21913982422644,0.996421049412968
61.45,28.5,40.6,35,16,0.495,30.41775,101.250430914809,3.32866273523878,494.936061176226,6.86146017828208,7.00339662997122,0.916758273027738
63,28.5,40.6,35,13,0.51,32.13,109.6759266054,3.41350534097107,485.862889955357,7.57129605266442,6.82769588974386,0.84920455958812
47.5,29,40.6,35,0,NaN,NaN,NaN,NaN,NaN,NaN,NaN,NaN
49.05,29,40.6,35,0,NaN,NaN,NaN,NaN,NaN,NaN,NaN,NaN
50.6,29,40.6,35,0,NaN,NaN,NaN,NaN,NaN,NaN,NaN,NaN
52.15,29,40.6,35,0,NaN,NaN,NaN,NaN,NaN,NaN,NaN,NaN
53.7,29,40.6,35,6,0.51,27.387,126.962387809067,4.63586328583149,500,5.00333602032143,8.19817215691528,0.853602762230176
55.25,29,40.6,35,10,0.53,29.2825,119.529433645862,4.08194087410099,500,5.75095204508157,8.08290508674974,0.866549776657078
56.8,29,40.6,35,10,0.53,30.104,113.920534849098,3.78423248900805,500,6.20262818374577,7.84448548937313,0.954276066301072
58.35,29,40.6,35,11,0.54,31.509,111.049551598718,3.52437562597094,500,6.76815152787396,7.68635644964304,0.845037750043564
59.9,29,40.6,35,13,0.51,30.549,101.782130271159,3.33176635147335,500,6.78338183214598,7.18858955130565,0.996803496475376
61.45,29,40.6,35,17,0.49,30.1105,99.6934419443134,3.31091951127724,496.253520700005,6.77914187924527,6.93402238544166,0.828552359281415
63,29,40.6,35,13,0.51,32.13,109.63952936341,3.41237252920667,484.301168169583,7.4117125427459,6.92498069453697,0.850391878181162
47.5,29.5,40.6,35,0,NaN,NaN,NaN,NaN,NaN,NaN,NaN,NaN
49.05,29.5,40.6,35,0,NaN,NaN,NaN,NaN,NaN,NaN,NaN,NaN
50.6,29.5,40.6,35,0,NaN,NaN,NaN,NaN,NaN,NaN,NaN,NaN
52.15,29.5,40.6,35,0,NaN,NaN,NaN,NaN,NaN,NaN,NaN,NaN
53.7,29.5,40.6,35,7,0.515,27.6555,125.498179180157,4.53791033176609,500,5.0749790250996,8.17168441747561,0.874030942658441
55.25,29.5,40.6,35,11,0.53,29.2825,118.665596799038,4.05244076834417,500,5.73999268743864,8.03684550304637,0.883532184148119
56.8,29.5,40.6,35,10,0.53,30.104,113.224684676366,3.76111761481417,500,6.18708607754978,7.80365783667159,0.95148088684403
58.35,29.5,40.6,35,12,0.54,31.509,110.523850624231,3.50769147304676,500,6.74578007809436,7.65221753877262,0.824754673416233
59.9,29.5,40.6,35,14,0.51,30.549,101.400943491445,3.319288470701,500,6.75800661881162,7.1611949275764,0.997120659901462
61.45,29.5,40.6,35,17,0.49,30.1105,99.2476478407921,3.29611424057362,494.764186515204,6.72026108390823,6.93646982719639,0.903282396070984
63,29.5,40.6,35,13,0.51,32.13,109.680761090494,3.41365580736054,482.450320170945,7.25830463266917,6.99279174845995,0.847426162898543
47.5,30,40.6,35,0,NaN,NaN,NaN,NaN,NaN,NaN,NaN,NaN
49.05,30,40.6,35,0,NaN,NaN,NaN,NaN,NaN,NaN,NaN,NaN
50.6,30,40.6,35,0,NaN,NaN,NaN,NaN,NaN,NaN,NaN,NaN
52.15,30,40.6,35,0,NaN,NaN,NaN,NaN,NaN,NaN,NaN,NaN
53.7,30,40.6,35,9,0.52,27.924,124.25406074149,4.44972284563421,500,5.1433604507135,8.15129694035323,0.858354640243148
55.25,30,40.6,35,11,0.53,29.2825,117.836462038661,4.02412574195033,500,5.72887558109591,7.99219310720555,0.892617458431677
56.8,30,40.6,35,11,0.53,30.104,112.556057339774,3.73890703360928,500,6.17149438048282,7.76419177274735,0.948492368481398
58.35,30,40.6,35,12,0.54,31.509,110.066323928582,3.4931709647587,500,6.72160914714299,7.62203581861665,0.804070290338968
59.9,30,40.6,35,14,0.51,30.549,101.095638914394,3.30929454039065,500,6.73154428780001,7.13703369762575,0.997391792863647
61.45,30,40.6,35,17,0.49,30.1105,98.8000465431179,3.28124895113392,493.714728932978,6.67072800128336,6.92673190909183,0.937240511983556
63,30,40.6,35,13,0.51,32.13,109.753121359684,3.41590791657901,480.347351264799,7.11354578040062,7.03749384595188,0.841456578924294
47.5,30.5,40.6,35,0,NaN,NaN,NaN,NaN,NaN,NaN,NaN,NaN
49.05,30.5,40.6,35,0,NaN,NaN,NaN,NaN,NaN,NaN,NaN,NaN
50.6,30.5,40.6,35,0,NaN,NaN,NaN,NaN,NaN,NaN,NaN,NaN
52.15,30.5,40.6,35,0,NaN,NaN,NaN,NaN,NaN,NaN,NaN,NaN
53.7,30.5,40.6,35,10,0.52,27.924,123.244056178744,4.41355307902678,500,5.13789013587696,8.10206035108891,0.929434244473669
55.25,30.5,40.6,35,12,0.53,29.2825,117.040051076715,3.99692823620643,500,5.71760559277123,7.94885954280413,0.896978851395107
56.8,30.5,40.6,35,11,0.53,30.104,111.91313658691,3.71755037825239,500,6.15586009604246,7.72605345684624,0.945559963154174
58.35,30.5,40.6,35,12,0.535,31.21725,108.568905008818,3.47784974681684,500,6.64893908569745,7.54298178516582,0.931871573927643
59.9,30.5,40.6,35,15,0.505,30.2495,99.8245822918113,3.30004073759273,500,6.63988466365631,7.06734415854702,0.997912664335329
61.45,30.5,40.6,35,17,0.49,30.1105,98.3544802849312,3.26645124740311,493.128468819486,6.62866375481353,6.90940357139885,0.95376408940644
63,30.5,40.6,35,13,0.51,32.13,109.824928771242,3.41814281889954,478.025874470679,6.97969450253225,7.06609232024546,0.833527004535818
47.5,31,40.6,35,0,NaN,NaN,NaN,NaN,NaN,NaN,NaN,NaN
49.05,31,40.6,35,0,NaN,NaN,NaN,NaN,NaN,NaN,NaN,NaN
50.6,31,40.6,35,0,NaN,NaN,NaN,NaN,NaN,NaN,NaN,NaN
52.15,31,40.6,35,3,0.495,25.81425,132.849339819722,5.14635675333284,500,4.33463685340827,8.15291562715034,0.86045267000436
53.7,31,40.6,35,11,0.525,28.1925,122.258260807199,4.33655265787707,500,5.20214216398164,8.08933366315648,0.869347384761086
55.25,31,40.6,35,12,0.53,29.2825,116.274521616951,3.9707853365304,500,5.70619097638023,7.9067886539535,0.898648016070002
56.8,31,40.6,35,12,0.53,30.104,111.294549600388,3.6970020462526,500,6.14019485269618,7.6892004674478,0.942963857844599
58.35,31,40.6,35,12,0.535,31.21725,108.091279577248,3.46254969855601,500,6.6267620465261,7.5120735413442,0.927574717046416
59.9,31,40.6,35,15,0.505,30.2495,99.4568311139999,3.28788347291691,500,6.61548759413626,7.04120764395572,0.998137463202076
61.45,31,40.6,35,17,0.49,30.1105,97.9250353626615,3.25218894945821,492.89775588812,6.59212641496529,6.88777517240822,0.96243962938552
63,31,40.6,35,13,0.51,32.13,109.881890362047,3.41991566641915,475.560343983544,6.85861114400014,7.08417455349348,0.824715304218896
47.5,31.5,40.6,35,0,NaN,NaN,NaN,NaN,NaN,NaN,NaN,NaN
49.05,31.5,40.6,35,0,NaN,NaN,NaN,NaN,NaN,NaN,NaN,NaN
50.6,31.5,40.6,35,0,NaN,NaN,NaN,NaN,NaN,NaN,NaN,NaN
52.15,31.5,40.6,35,6,0.505,26.33575,130.075914749754,4.93913842399606,500,4.48617324319603,8.14289114141012,0.827496699300569
53.7,31.5,40.6,35,12,0.525,28.1925,121.340317796369,4.30399282775098,500,5.19563281398038,8.0432955488438,0.91827149335228
55.25,31.5,40.6,35,12,0.53,29.2825,115.538169574686,3.94563884827751,500,5.69464330960542,7.86595182125389,0.898989281806711
56.8,31.5,40.6,35,12,0.53,30.104,110.699054229172,3.67722077561694,500,6.12451444527747,7.65357611559042,0.940998696754913
58.35,31.5,40.6,35,13,0.535,31.21725,107.683853110228,3.44949837382305,500,6.60284078205855,7.48460567645823,0.924469499693032
59.9,31.5,40.6,35,15,0.505,30.2495,99.1594236282833,3.27805165798718,500,6.59006359164376,7.01806168516153,0.99832909684949
61.45,31.5,40.6,35,18,0.485,29.80325,96.4944523460796,3.2377157640888,494.169776897937,6.52061748019846,6.81173898017225,0.943730189499544
63,31.5,40.6,35,13,0.51,32.13,109.922099248269,3.42116711012352,473.103445285851,6.75150904177416,7.09555617374128,0.816135572005432
47.5,32,40.6,35,0,NaN,NaN,NaN,NaN,NaN,NaN,NaN,NaN
49.05,32,40.6,35,0,NaN,NaN,NaN,NaN,NaN,NaN,NaN,NaN
50.6,32,40.6,35,0,NaN,NaN,NaN,NaN,NaN,NaN,NaN,NaN
52.15,32,40.6,35,8,0.51,26.5965,128.381923842768,4.82702324902779,500,4.55811153004484,8.11741535143838,0.832823883775404
53.7,32,40.6,35,12,0.525,28.1925,120.456875551797,4.27265675451971,500,5.1889021680385,7.99857586205953,0.943377602412922
55.25,32,40.6,35,13,0.53,29.2825,114.829426393746,3.92143520511384,500,5.6829767777931,7.82633808431128,0.898956934842761
56.8,32,40.6,35,12,0.53,30.104,110.125526221112,3.6581692207385,500,6.10883711958347,7.61911036588369,0.939941935933006
58.35,32,40.6,35,13,0.53,30.9255,106.357075439133,3.43913842748325,500,6.52690246694384,7.40831567133959,0.976811954982433
59.9,32,40.6,35,16,0.505,30.2495,98.9395278463529,3.27078225578449,500,6.56332237343831,6.99794194446501,0.998493836505662
61.45,32,40.6,35,18,0.485,29.80325,96.071606913913,3.22352786739409,494.110888794296,6.49026861256882,6.78738100766302,0.954666535679301
63,32,40.6,35,13,0.51,32.13,109.949740312091,3.42202739844664,470.864189426334,6.65871939989423,7.10260800754102,0.808849388131381
47.5,32.5,40.6,35,0,NaN,NaN,NaN,NaN,NaN,NaN,NaN,NaN
49.05,32.5,40.6,35,0,NaN,NaN,NaN,NaN,NaN,NaN,NaN,NaN
50.6,32.5,40.6,35,0,NaN,NaN,NaN,NaN,NaN,NaN,NaN,NaN
52.15,32.5,40.6,35,9,0.515,26.85725,126.894634299973,4.72478136443503,500,4.62697460925837,8.09711519225289,0.815814163578366
53.7,32.5,40.6,35,12,0.525,28.1925,119.606130034977,4.24248044816801,500,5.18195989548935,7.95513411949275,0.957011844074261
55.25,32.5,40.6,35,13,0.53,29.2825,114.146853005387,3.89812526271278,500,5.67120684639269,7.78794244265782,0.899223365294334
56.8,32.5,40.6,35,13,0.53,30.104,109.572946791618,3.63981353945052,500,6.09318080637103,7.58572535474506,0.940012873469745
58.35,32.5,40.6,35,13,0.53,30.9255,105.916148289233,3.42488070651187,500,6.50502866809185,7.37992536660964,0.977657462671484
59.9,32.5,40.6,35,15,0.5,29.95,97.7722076212499,3.26451444478297,500,6.4722319396092,6.93115061046429,0.998817172625183
61.45,32.5,40.6,35,18,0.485,29.80325,95.6819641693257,3.21045403334622,494.138938339065,6.4620952963415,6.76241821821668,0.960681793699148
63,32.5,40.6,35,13,0.51,32.13,109.970637320491,3.42267778775261,469.020493261048,6.57958068500039,7.10670993237085,0.803743901717053
47.5,33,40.6,35,0,NaN,NaN,NaN,NaN,NaN,NaN,NaN,NaN
49.05,33,40.6,35,0,NaN,NaN,NaN,NaN,NaN,NaN,NaN,NaN
50.6,33,40.6,35,0,NaN,NaN,NaN,NaN,NaN,NaN,NaN,NaN
52.15,33,40.6,35,10,0.515,26.85725,125.876351194863,4.6868667192234,500,4.62485296590544,8.04939558061705,0.904500651458131
53.7,33,40.6,35,14,0.53,28.461,118.942476792061,4.17913906018977,500,5.24052945037204,7.95226055567676,0.826993785737866
55.25,33,40.6,35,14,0.53,29.2825,113.489131709093,3.87566402148359,500,5.65934857080144,7.75075638314333,0.900240209628859
56.8,33,40.6,35,13,0.53,30.104,109.040390732871,3.62212299803583,500,6.07756008261883,7.55334326181408,0.941332249173802
58.35,33,40.6,35,14,0.53,30.9255,105.539269916433,3.41269405236561,500,6.48149448020777,7.35455975268678,0.97892763500563
59.9,33,40.6,35,16,0.5,29.95,97.4555205501751,3.25394058598247,500,6.44809808673972,6.90838732981083,0.998936793319104
61.45,33,40.6,35,19,0.48,29.496,94.3052569704708,3.19722189349304,495.524446145245,6.39572820510591,6.68601314092605,0.943372485847721
63,33,40.6,35,13,0.51,32.13,109.989970573059,3.42327950740923,467.627598831429,6.51253074182475,7.10863289143895,0.801432607142353
47.5,33.5,40.6,35,0,NaN,NaN,NaN,NaN,NaN,NaN,NaN,NaN
49.05,33.5,40.6,35,0,NaN,NaN,NaN,NaN,NaN,NaN,NaN,NaN
50.6,33.5,40.6,35,0,NaN,NaN,NaN,NaN,NaN,NaN,NaN,NaN
52.15,33.5,40.6,35,11,0.52,27.118,124.63622767183,4.59607005206248,500,4.68971217790006,8.03536835568302,0.872098380719475
53.7,33.5,40.6,35,14,0.53,28.461,118.165199796799,4.15182881124343,500,5.23271640862852,7.91141756978945,0.849515076120096
55.25,33.5,40.6,35,14,0.53,29.2825,112.855056983164,3.85401031275213,500,5.64741490584174,7.71476260161297,0.90226984152517
56.8,33.5,40.6,35,14,0.53,30.104,108.52701514709,3.60506959696685,500,6.06198388135812,7.52189473365885,0.943893806816836
58.35,33.5,40.6,35,14,0.53,30.9255,105.245962629688,3.40320973402815,500,6.45594425958823,7.33250915860502,0.980532021027784
59.9,33.5,40.6,35,16,0.5,29.95,97.2099519095835,3.24574129915137,500,6.42285009368944,6.88847915805372,0.999038469621734
61.45,33.5,40.6,35,19,0.48,29.496,93.9126905288545,3.18391275185973,495.564087150551,6.37097232531044,6.66134725687757,0.952474940935606
63,33.5,40.6,35,13,0.51,32.13,110.011455280966,3.42394818801638,466.603696847774,6.45539526955737,7.10881002470431,0.802211470497521
47.5,34,40.6,35,0,NaN,NaN,NaN,NaN,NaN,NaN,NaN,NaN
49.05,34,40.6,35,0,NaN,NaN,NaN,NaN,NaN,NaN,NaN,NaN
50.6,34,40.6,35,0,NaN,NaN,NaN,NaN,NaN,NaN,NaN,NaN
52.15,34,40.6,35,13,0.525,27.37875,123.573558507027,4.51348430834231,500,4.75119016628574,8.0256181540965,0.80109956103218
53.7,34,40.6,35,14,0.53,28.461,117.415548076066,4.12548919841417,500,5.22473474745045,7.87171973904228,0.86536534912821
55.25,34,40.6,35,14,0.53,29.2825,112.243525981077,3.83312647421078,500,5.63541535995972,7.67993355942588,0.905408300809848
56.8,34,40.6,35,14,0.53,30.104,108.032048782585,3.58862771666837,500,6.04645471410096,7.49132641423739,0.947557250348266
58.35,34,40.6,35,15,0.525,30.63375,103.91380756517,3.39213473914132,500,6.38144900560876,7.25532597596934,0.994048536834958
59.9,34,40.6,35,17,0.5,29.95,97.0441287388998,3.24020463235058,500,6.39611989854916,6.87144120530648,0.999125462288105
61.45,34,40.6,35,19,0.475,29.18875,92.5965912242052,3.17233835721657,497.076025876688,6.3036314938476,6.5879982938391,0.927446872529047
63,34,40.6,35,13,0.51,32.13,110.037263159167,3.42475142107586,465.801362235305,6.4057803499499,7.10750999571279,0.806072958041988
47.5,34.5,40.6,35,0,NaN,NaN,NaN,NaN,NaN,NaN,NaN,NaN
49.05,34.5,40.6,35,0,NaN,NaN,NaN,NaN,NaN,NaN,NaN,NaN
50.6,34.5,40.6,35,0,NaN,NaN,NaN,NaN,NaN,NaN,NaN,NaN
52.15,34.5,40.6,35,13,0.525,27.37875,122.688912882656,4.48117291266607,500,4.74737264107337,7.98218318745755,0.867651808548938
53.7,34.5,40.6,35,15,0.53,28.461,116.692186228568,4.10007330130943,500,5.21659009279205,7.83315014040258,0.877365265994753
55.25,34.5,40.6,35,15,0.53,29.2825,111.653529251575,3.81297803300862,500,5.62335524966069,7.64623242431783,0.90961038138169
56.8,34.5,40.6,35,14,0.53,30.104,107.554781866995,3.57277377979653,500,6.03096956118521,7.46160619891982,0.952066775014692
58.35,34.5,40.6,35,15,0.525,30.63375,103.559400226161,3.38056556008196,500,6.35845326894288,7.23166735741989,0.99466756323407
59.9,34.5,40.6,35,18,0.495,29.6505,95.9621690573555,3.23644353577024,500,6.30685786923644,6.80779031434197,0.999289782944778
61.45,34.5,40.6,35,20,0.475,29.18875,92.2109636379838,3.15912684297833,497.105248593094,6.28164137991927,6.5646657971609,0.942801996104217
63,34.5,40.6,35,13,0.51,32.13,110.06823685249,3.42571543269498,465.092337928577,6.36144150811907,7.10493640137703,0.812760470522806
47.5,35,40.6,35,0,NaN,NaN,NaN,NaN,NaN,NaN,NaN,NaN
49.05,35,40.6,35,0,NaN,NaN,NaN,NaN,NaN,NaN,NaN,NaN
50.6,35,40.6,35,0,NaN,NaN,NaN,NaN,NaN,NaN,NaN,NaN
52.15,35,40.6,35,13,0.525,27.37875,121.834646059963,4.44997109290829,500,4.74331733339093,7.94001269155364,0.904954650033404
53.7,35,40.6,35,15,0.53,28.461,115.993884649357,4.07553791677583,500,5.20828971377693,7.79569269165149,0.887093763828398
55.25,35,40.6,35,15,0.53,29.2825,111.084142040835,3.7935334087197,500,5.61123571332522,7.61361498152684,0.914720657955864
56.8,35,40.6,35,15,0.53,30.104,107.094556275201,3.55748592463464,500,6.01552196388118,7.4327247728073,0.957092207369565
58.35,35,40.6,35,16,0.525,30.63375,103.276688202567,3.37133678385986,500,6.33357620519942,7.21106315315818,0.995241566845498
59.9,35,40.6,35,18,0.495,29.6505,95.6793232629282,3.22690420947128,500,6.2835157899674,6.78781713540471,0.99935202885108
61.45,35,40.6,35,20,0.475,29.18875,91.8705168585008,3.14746321300161,497.118883479414,6.25917978425037,6.54261249432757,0.952257038083279
63,35,40.6,35,13,0.51,32.13,110.104174773994,3.42683394877042,464.404639754025,6.32053249674205,7.10127598210454,0.821840818209236
47.5,35.5,40.6,35,0,NaN,NaN,NaN,NaN,NaN,NaN,NaN,NaN
49.05,35.5,40.6,35,0,NaN,NaN,NaN,NaN,NaN,NaN,NaN,NaN
50.6,35.5,40.6,35,4,0.5,25.3,129.835810705548,5.13185022551574,500,4.01835479124055,7.91677498579475,0.817102344158757
52.15,35.5,40.6,35,14,0.525,27.37875,121.009345374429,4.41982725195376,500,4.73901477348365,7.89907212006964,0.926856027819723
53.7,35.5,40.6,35,15,0.53,28.461,115.31951135731,4.05184327175118,500,5.19984260898326,7.75932846495832,0.895420021145515
55.25,35.5,40.6,35,15,0.53,29.2825,110.53451639268,3.7747636435646,500,5.59905453712405,7.58203160370667,0.920509559619854
56.8,35.5,40.6,35,15,0.53,30.104,106.6507558532,3.54274368366995,500,6.00010450041923,7.40469215105479,0.962282983554068
58.35,35.5,40.6,35,17,0.52,30.342,102.026756677763,3.36255871985245,500,6.25690966977473,7.13815738351691,0.998141693016724
59.9,35.5,40.6,35,19,0.495,29.6505,95.4632251335439,3.21961603121512,500,6.2589898143548,6.77051389678194,0.999406129143616
61.45,35.5,40.6,35,21,0.47,28.8815,90.5737457488829,3.13604714952073,498.749938963078,6.18678688421858,6.47583323747246,0.93188621053478
63,35.5,40.6,35,13,0.51,32.13,110.144097443706,3.42807648439796,463.714043826071,6.28170419681623,7.09671464789551,0.832777397980614
47.5,36,40.6,35,0,NaN,NaN,NaN,NaN,NaN,NaN,NaN,NaN
49.05,36,40.6,35,0,NaN,NaN,NaN,NaN,NaN,NaN,NaN,NaN
50.6,36,40.6,35,6,0.505,25.553,128.211783999902,5.01748460063015,500,4.0869861484377,7.90099161088475,0.827521346678857
52.15,36,40.6,35,15,0.53,27.6395,120.237321929248,4.35019887947496,500,4.79492476844033,7.89886783578174,0.828980871334998
53.7,36,40.6,35,16,0.53,28.461,114.66802340191,4.02895272133481,500,5.19125818205081,7.72403406564464,0.902807784695267
55.25,36,40.6,35,16,0.53,29.2825,110.003874153343,3.75664216352235,500,5.5868076934457,7.55142887253054,0.926710843412957
56.8,36,40.6,35,16,0.535,30.388,106.97582298147,3.52033114984436,500,6.05383683504335,7.42307666437287,0.801234990794591
58.35,36,40.6,35,17,0.52,30.342,101.696028452841,3.35165870584802,500,6.2346544089429,7.11592496458284,0.998313517271877
59.9,36,40.6,35,19,0.495,29.6505,95.3244498327111,3.2149356615474,500,6.23281377022651,6.75585641724976,0.999453366493242
61.45,36,40.6,35,21,0.47,28.8815,90.2525169155981,3.12492484516379,498.761675287553,6.16667719288329,6.45536299703088,0.946857982687907
63,36,40.6,35,13,0.51,32.13,110.186470337155,3.42939527971227,463.021030550222,6.24408273589777,7.09143615406531,0.84499434223353
47.5,36.5,40.6,35,0,NaN,NaN,NaN,NaN,NaN,NaN,NaN,NaN
49.05,36.5,40.6,35,0,NaN,NaN,NaN,NaN,NaN,NaN,NaN,NaN
50.6,36.5,40.6,35,7,0.51,25.806,126.741474335234,4.91131807855669,500,4.15332537664666,7.88811742803022,0.820683168690367
52.15,36.5,40.6,35,15,0.53,27.6395,119.478389755232,4.32274063406474,500,4.78975364876884,7.86040458670208,0.852657339968513
53.7,36.5,40.6,35,16,0.53,28.461,114.03845844861,4.0068324531327,500,5.182544261615,7.68978159876522,0.909492109705633
55.25,36.5,40.6,35,16,0.53,29.2825,109.491500905172,3.73914457116613,500,5.57449131088576,7.52175079421845,0.933055895477728
56.8,36.5,40.6,35,17,0.535,30.388,106.570120601809,3.50698040679904,500,6.03828303696339,7.39713168081677,0.825172184947049
58.35,36.5,40.6,35,18,0.52,30.342,101.417243335799,3.34247061287321,500,6.21072095105798,7.09648271593907,0.998457874895123
59.9,36.5,40.6,35,19,0.495,29.6505,95.2659149839147,3.21296150094989,499.386161651191,6.20446912457125,6.74360896219834,0.999494723711133
61.45,36.5,40.6,35,21,0.47,28.8815,89.9892726183856,3.11581021132509,498.755556809644,6.14557859804783,6.43667062180385,0.956501438348708
63,36.5,40.6,35,13,0.51,32.13,110.229383744423,3.43073089774114,462.333353800545,6.20718073699091,7.08561394310814,0.857927839534761
47.5,37,40.6,35,0,NaN,NaN,NaN,NaN,NaN,NaN,NaN,NaN
49.05,37,40.6,35,0,NaN,NaN,NaN,NaN,NaN,NaN,NaN,NaN
50.6,37,40.6,35,9,0.515,26.059,125.429773197093,4.81329955858218,500,4.21707070080964,7.87793859654324,0.801555501264911
52.15,37,40.6,35,15,0.53,27.6395,118.744524965275,4.29618932923083,500,4.78440060735749,7.82301976619211,0.869375834135988
53.7,37,40.6,35,16,0.53,28.461,113.429926948794,3.98545121214274,500,5.17370557836329,7.65653950041579,0.915583286226099
55.25,37,40.6,35,16,0.53,29.2825,108.996740793041,3.72224846898459,500,5.56210366400577,7.49293975413085,0.939300964297151
56.8,37,40.6,35,17,0.535,30.388,106.178972468589,3.49410861091842,500,6.0226589142464,7.3719332185277,0.847813484111023
58.35,37,40.6,35,18,0.52,30.342,101.213540805746,3.3357570630066,499.624624282068,6.18482458504383,7.07988483246936,0.998576089718166
59.9,37,40.6,35,20,0.49,29.351,94.0781193296024,3.20527816188895,500,6.12438145105036,6.67779713452043,0.999576822658035
61.45,37,40.6,35,22,0.47,28.8815,89.8010384933166,3.10929274772143,498.691514202886,6.123169059885,6.42030485534689,0.963298395401819
63,37,40.6,35,13,0.51,32.13,110.270697632207,3.43201673302853,461.657884589,6.17078991859898,7.07940259563105,0.871064117335018
47.5,37.5,40.6,35,0,NaN,NaN,NaN,NaN,NaN,NaN,NaN,NaN
49.05,37.5,40.6,35,0,NaN,NaN,NaN,NaN,NaN,NaN,NaN,NaN
50.6,37.5,40.6,35,9,0.515,26.059,124.549426992786,4.77951675017407,500,4.21641795100423,7.8365396422797,0.829696071992
52.15,37.5,40.6,35,16,0.53,27.6395,118.034690560438,4.27050744624317,500,4.77888769581787,7.78668882504528,0.881575199781828
53.7,37.5,40.6,35,17,0.53,28.461,112.841605150179,3.96478005516949,500,5.16474350242936,7.6242736501675,0.921127586126612
55.25,37.5,40.6,35,17,0.53,29.2825,108.518992162531,3.70593331042539,500,5.54964676094847,7.46493746075264,0.945245156141339
56.8,37.5,40.6,35,17,0.535,30.388,105.801753375227,3.48169518807513,500,6.00693042105741,7.34738670490807,0.868267107846331
58.35,37.5,40.6,35,18,0.515,30.05025,99.9578120361836,3.32635542254003,500,6.11115468186065,7.00731720919395,0.999279085736038
59.9,37.5,40.6,35,20,0.49,29.351,93.8767858012975,3.19841865017538,500,6.10114451453047,6.66237162567577,0.999612128886123
61.45,37.5,40.6,35,22,0.465,28.57425,88.6602040490877,3.10280074014498,500,6.0440264803151,6.36175192694623,0.95388411188142
63,37.5,40.6,35,13,0.51,32.13,110.308159757923,3.43318268776606,460.99846102019,6.13488429008331,7.07293198993481,0.883964923663605
47.5,38,40.6,35,0,NaN,NaN,NaN,NaN,NaN,NaN,NaN,NaN
49.05,38,40.6,35,0,NaN,NaN,NaN,NaN,NaN,NaN,NaN,NaN
50.6,38,40.6,35,9,0.515,26.059,123.696583617674,4.7467893479287,500,4.21549047706776,7.79631016870556,0.845925012125836
52.15,38,40.6,35,16,0.53,27.6395,117.347927609889,4.24566029088403,500,4.77322961501074,7.75138505027233,0.89069106397648
53.7,38,40.6,35,17,0.53,28.461,112.272729090114,3.94479213977423,500,5.15565717553632,7.59294841554603,0.926141796215288
55.25,38,40.6,35,17,0.53,29.2825,108.057703895345,3.69018027474925,500,5.53712721785453,7.43768616984727,0.950739021238733
56.8,38,40.6,35,18,0.535,30.388,105.437918601574,3.46972221276734,500,5.99104727025604,7.32343738689591,0.885993064512107
58.35,38,40.6,35,19,0.515,30.05025,99.6848903579244,3.31727324591058,500,6.0885458873135,6.98876073450978,0.999318255864542
59.9,38,40.6,35,20,0.49,29.351,93.7435992836328,3.19388093365244,500,6.07616820024336,6.64927428907293,0.999643964741533
61.45,38,40.6,35,22,0.465,28.57425,88.4597527164235,3.09578563624324,500,6.0244019340876,6.34589523349571,0.962520955934043
63,38,40.6,35,14,0.505,31.815,108.286892734618,3.40364270735872,462.875050114278,6.09223845191619,6.99095310515539,0.81609489893013
47.5,38.5,40.6,35,0,NaN,NaN,NaN,NaN,NaN,NaN,NaN,NaN
49.05,38.5,40.6,35,0,NaN,NaN,NaN,NaN,NaN,NaN,NaN,NaN
50.6,38.5,40.6,35,10,0.52,26.312,122.625917478919,4.6604559698586,500,4.27425315358095,7.79310479026581,0.807052519393225
52.15,38.5,40.6,35,16,0.53,27.6395,116.683346928717,4.22161569235031,500,4.76743058378615,7.71707869066689,0.897587117054399
53.7,38.5,40.6,35,17,0.53,28.461,111.722589631038,3.92546254984145,500,5.14644557737814,7.56252747339904,0.930631917984083
55.25,38.5,40.6,35,17,0.53,29.2825,107.612372300814,3.67497216087473,500,5.52455628063332,7.41113045955549,0.955685142687633
56.8,38.5,40.6,35,18,0.535,30.388,105.087132843065,3.45817865088408,500,5.97493630262473,7.30010736135904,0.900786774006566
58.35,38.5,40.6,35,19,0.515,30.05025,99.4657310548221,3.30998015173991,499.967078129115,6.06430035367999,6.97285688612696,0.99934847309333
59.9,38.5,40.6,35,22,0.49,29.351,93.6852557546014,3.19189314689794,499.419771202027,6.04904402692034,6.63824119793975,0.999672729033333
61.45,38.5,40.6,35,23,0.465,28.57425,88.3135947951543,3.09067061410726,500,6.00364471347985,6.33235938946948,0.968677348297438
63,38.5,40.6,35,14,0.505,31.815,108.34097488854,3.40534260218575,462.23083725887,6.05717477762591,6.98441472316212,0.835735386376962
47.5,39,40.6,35,0,NaN,NaN,NaN,NaN,NaN,NaN,NaN,NaN
49.05,39,40.6,35,0,NaN,NaN,NaN,NaN,NaN,NaN,NaN,NaN
50.6,39,40.6,35,10,0.52,26.312,121.840291262129,4.63059787405475,500,4.27211856515192,7.75568463722213,0.812046172787634
52.15,39,40.6,35,16,0.53,27.6395,116.040121244649,4.19834371984474,500,4.76148460175675,7.68373699815265,0.902794184091411
53.7,39,40.6,35,18,0.53,28.461,111.190528537851,3.90676815775451,500,5.13710979756903,7.53297437657427,0.934602601636504
55.25,39,40.6,35,18,0.53,29.2825,107.182538399597,3.66029329461612,500,5.51194901814304,7.38521972746891,0.960032974436074
56.8,39,40.6,35,18,0.535,30.388,104.749495270023,3.44706776589518,500,5.95849434700261,7.27751178396921,0.912705113367792
58.35,39,40.6,35,19,0.515,30.05025,99.3210625641545,3.30516593253482,499.196921473696,6.03819381875703,6.95939907805074,0.999370709078248
59.9,39,40.6,35,22,0.485,29.0515,92.6432644315088,3.18893222145186,500,5.97233680402213,6.57620113107423,0.999726983130277
61.45,39,40.6,35,24,0.465,28.57425,88.2229455907826,3.08749820522963,500,5.981568123772,6.32123825394886,0.973349270382665
63,39,40.6,35,14,0.505,31.815,108.389515944018,3.40686833078792,461.603141356377,6.02261963923943,6.97779198639426,0.8541967472119
47.5,39.5,40.6,35,0,NaN,NaN,NaN,NaN,NaN,NaN,NaN,NaN
49.05,39.5,40.6,35,0,NaN,NaN,NaN,NaN,NaN,NaN,NaN,NaN
50.6,39.5,40.6,35,10,0.52,26.312,121.079159511361,4.60167070201281,500,4.26969746787415,7.71927122704956,0.810775097241962
52.15,39.5,40.6,35,17,0.53,27.6395,115.417478116307,4.17581642635746,500,4.75537854725119,7.6513247535153,0.906643655078738
53.7,39.5,40.6,35,18,0.53,28.461,110.675935555708,3.88868752172123,500,5.12765484277966,7.50425289956878,0.938061422201101
55.25,39.5,40.6,35,18,0.53,29.2825,106.767785414539,3.64612944299628,500,5.49932282831836,7.35991137534931,0.963770308716882
56.8,39.5,40.6,35,19,0.535,30.388,104.425889637728,3.43641864017795,500,5.94158116739121,7.25584183685917,0.921969381147532
58.35,39.5,40.6,35,19,0.51,29.7585,98.1156079743579,3.29706161178681,500,5.96819986026022,6.88769457030242,0.999638857536928
59.9,39.5,40.6,35,22,0.485,29.0515,92.4503152905905,3.18229059740773,500,5.95088861453429,6.56177813346485,0.999754777375234
61.45,39.5,40.6,35,25,0.465,28.57425,88.1873298804466,3.08625177845251,499.594639754355,5.95798871039437,6.31231348254515,0.977055737832938
63,39.5,40.6,35,14,0.505,31.815,108.430382750286,3.40815284457915,460.990521655128,5.98871145469639,6.97113828626082,0.871235135266548
47.5,40,40.6,35,0,NaN,NaN,NaN,NaN,NaN,NaN,NaN,NaN
49.05,40,40.6,35,0,NaN,NaN,NaN,NaN,NaN,NaN,NaN,NaN
50.6,40,40.6,35,10,0.52,26.312,120.341692180178,4.57364290742543,500,4.26704038292424,7.68378325832715,0.804053748487968
52.15,40,40.6,35,17,0.53,27.6395,114.814693756359,4.15400762518711,500,4.7490968114463,7.61980494422624,0.909343313866298
53.7,40,40.6,35,18,0.53,28.461,110.178246418555,3.87120081580251,500,5.11809054898828,7.47632722276296,0.941020452146037
55.25,40,40.6,35,18,0.53,29.2825,106.367736263257,3.632467728618,500,5.48669546790295,7.33517433400255,0.966913442019165
56.8,40,40.6,35,19,0.535,30.388,104.118465144719,3.42630199897063,500,5.92401356742566,7.23531830435618,0.928875524786726
58.35,40,40.6,35,21,0.51,29.7585,97.8898338442968,3.28947473307784,500,5.94612722367778,6.87212737382337,0.999650729320122
59.9,40,40.6,35,23,0.485,29.0515,92.3119049085018,3.17752628637082,500,5.92786344876999,6.54934169686958,0.999780103939537
61.45,40,40.6,35,25,0.465,28.57425,88.2049215678352,3.08686742671585,498.942353805249,5.93273465311932,6.30512416828609,0.9800848957566
63,40,40.6,35,15,0.5,31.5,106.465220536723,3.37984827100707,462.973048480668,5.9475454605781,6.88953010975934,0.818740549819659
47.5,40.5,40.6,35,0,NaN,NaN,NaN,NaN,NaN,NaN,NaN,NaN
49.05,40.5,40.6,35,0,NaN,NaN,NaN,NaN,NaN,NaN,NaN,NaN
50.6,40.5,40.6,35,9,0.515,26.059,119.812259276429,4.59773050678955,500,4.2059566580207,7.61231276465054,0.829507845332594
52.15,40.5,40.6,35,17,0.53,27.6395,114.231087833848,4.13289270188854,500,4.74262607616615,7.58913938942438,0.911021361947628
53.7,40.5,40.6,35,18,0.53,28.461,109.696941699624,3.85428978952336,500,5.10843144079621,7.44916201603372,0.9434965045452
55.25,40.5,40.6,35,18,0.53,29.2825,105.982050827596,3.61929653641583,500,5.47408285251975,7.31099221908993,0.969497606585231
56.8,40.5,40.6,35,19,0.535,30.388,103.831192018189,3.41684849342466,500,5.90556243524043,7.21613513028637,0.933728242238297
58.35,40.5,40.6,35,21,0.51,29.7585,97.7178964712599,3.28369697636843,499.725334125875,5.92263510268129,6.85886656836849,0.999660282936998
59.9,40.5,40.6,35,23,0.485,29.0515,92.236963858146,3.17494669322224,499.602474350034,5.90306315821985,6.53864514774922,0.999803156258945
61.45,40.5,40.6,35,25,0.46,28.267,87.2056030396614,3.08506750060712,500,5.85614428161928,6.24885970019653,0.975992412301853
63,40.5,40.6,35,15,0.5,31.5,106.522603107201,3.38166993991115,462.370507690057,5.9143016374464,6.88286762205026,0.839039043703772
47.5,41,40.6,35,0,NaN,NaN,NaN,NaN,NaN,NaN,NaN,NaN
49.05,41,40.6,35,0,NaN,NaN,NaN,NaN,NaN,NaN,NaN,NaN
50.6,41,40.6,35,9,0.515,26.059,119.105692111629,4.57061637482747,500,4.20314990284121,7.57841564700778,0.81062530973453
52.15,41,40.6,35,17,0.53,27.6395,113.666019274763,4.11244846233698,500,4.7359591755018,7.55928920912706,0.911752480364923
53.7,41,40.6,35,19,0.53,28.461,109.231546401297,3.83793775346252,500,5.09869559884441,7.42272246792395,0.945510762815895
55.25,41,40.6,35,19,0.53,29.2825,105.610422759021,3.60660540455975,500,5.46149689053576,7.287365139024,0.971568699659126
56.8,41,40.6,35,20,0.535,30.388,103.570322330519,3.40826386502958,500,5.88595541909242,7.1984155504724,0.936802267930089
58.35,41,40.6,35,21,0.51,29.7585,97.6162270465689,3.2802804928531,498.999304812883,5.89754727974112,6.84756556833868,0.999667970932421
59.9,41,40.6,35,23,0.485,29.0515,92.2295179093124,3.17469039152238,498.873286731404,5.87649293884596,6.5293302491877,0.999824111091762
61.45,41,40.6,35,26,0.46,28.267,87.1001873038493,3.08133821430818,500,5.83541084001696,6.23990265969917,0.97926146338116
63,41,40.6,35,15,0.5,31.5,106.571163887289,3.38321155197744,461.77929527201,5.88179078656868,6.87621356998278,0.857681739963932
47.5,41.5,40.6,35,0,NaN,NaN,NaN,NaN,NaN,NaN,NaN,NaN
49.05,41.5,40.6,35,0,NaN,NaN,NaN,NaN,NaN,NaN,NaN,NaN
50.6,41.5,40.6,35,8,0.51,25.806,118.660972078114,4.59819313640682,500,4.14114438345793,7.50956194850218,0.814459390700436
52.15,41.5,40.6,35,18,0.53,27.6395,113.118883043125,4.09265301626748,500,4.72909745529616,7.53021510216008,0.911573466950573
53.7,41.5,40.6,35,19,0.53,28.461,108.78163017029,3.82212958681318,500,5.08890274359659,7.39697428195472,0.9470881496027
55.25,41.5,40.6,35,19,0.53,29.2825,105.252575570569,3.59438489099526,500,5.4489436145495,7.26430918500218,0.973176852260008
56.8,41.5,40.6,35,20,0.535,30.388,103.344436475995,3.40083047505577,500,5.86488878608039,7.18219336217415,0.938326373241407
58.35,41.5,40.6,35,22,0.505,29.46675,96.4960986779598,3.27474521886397,500,5.83095951319112,6.7772039195052,0.999813216594806
59.9,41.5,40.6,35,24,0.48,28.752,91.1957121110946,3.17180412183829,500,5.80835152354175,6.46655292522973,0.999862739267291
61.45,41.5,40.6,35,26,0.46,28.267,87.0388032820346,3.07916663537109,500,5.81349918258322,6.23201413189169,0.9819431949756
63,41.5,40.6,35,19,0.45,28.35,86.617251028057,3.05528222321189,492.993207336721,5.81636244293274,6.1398733054907,0.811723702666413
47.5,42,40.6,35,0,NaN,NaN,NaN,NaN,NaN,NaN,NaN,NaN
49.05,42,40.6,35,0,NaN,NaN,NaN,NaN,NaN,NaN,NaN,NaN
50.6,42,40.6,35,7,0.505,25.553,118.290443407412,4.62921940309992,500,4.07827126819328,7.44238153375985,0.817545682319202
52.15,42,40.6,35,18,0.53,27.6395,112.589107861828,4.07348569481459,500,4.72205146315197,7.5018774368948,0.910492702659796
53.7,42,40.6,35,19,0.53,28.461,108.346808012228,3.80685176248999,500,5.07907183343242,7.37188363276097,0.948256614529121
55.25,42,40.6,35,19,0.53,29.2825,104.908257772642,3.58262640733005,500,5.4364218522577,7.24185304704839,0.974371975591015
56.8,42,40.6,35,20,0.53,30.104,102.155128675878,3.39340714442857,500,5.79591469936094,7.11045134224715,0.989674773256051
58.35,42,40.6,35,22,0.505,29.46675,96.3134439599834,3.26854654687006,500,5.81052803276884,6.76367923335313,0.999822087572042
59.9,42,40.6,35,24,0.48,28.752,91.052093330246,3.1668090334671,500,5.78800670163002,6.45398367145094,0.999881859134881
61.45,42,40.6,35,27,0.46,28.267,87.0275709849022,3.07876927105466,499.623082422837,5.79024335205757,6.22479792062105,0.984188066977629
63,42,40.6,35,20,0.445,28.035,85.1038127053963,3.03562734815039,495.566866034569,5.77614506357184,6.07683859167782,0.817938828806036
47.5,42.5,40.6,35,0,NaN,NaN,NaN,NaN,NaN,NaN,NaN,NaN
49.05,42.5,40.6,35,0,NaN,NaN,NaN,NaN,NaN,NaN,NaN,NaN
50.6,42.5,40.6,35,6,0.5,25.3,117.990712979712,4.66366454465264,500,4.01464117192755,7.37678325682028,0.83362692578097
52.15,42.5,40.6,35,18,0.53,27.6395,112.076154819238,4.05492700009907,500,4.71484009160356,7.47423618010062,0.908496073317464
53.7,42.5,40.6,35,20,0.53,28.461,107.926741364944,3.79209238484044,500,5.06921852433867,7.34741704949289,0.949046464439075
55.25,42.5,40.6,35,20,0.53,29.2825,104.577236842182,3.57132201288081,500,5.42392262611554,7.22003195993634,0.975201134181796
56.8,42.5,40.6,35,21,0.53,30.104,101.91271951018,3.38535475385928,500,5.77762854111413,7.09382035308474,0.989398818950865
58.35,42.5,40.6,35,22,0.505,29.46675,96.1829687221058,3.26411866670419,499.715882070796,5.78901407885715,6.75201939242562,0.999830601803373
59.9,42.5,40.6,35,24,0.48,28.752,90.9581481851383,3.16354160354543,499.974826166781,5.76647462510637,6.44290973358222,0.999898574726275
61.45,42.5,40.6,35,27,0.46,28.267,87.0686787653197,3.08022353858986,498.91935726985,5.76547236819781,6.21795371603723,0.986099953835656
63,42.5,40.6,35,23,0.44,27.72,83.8614160145603,3.02530360802887,497.957230667918,5.7219075327997,6.01735471817812,0.801126711770752
47.5,43,40.6,35,0,NaN,NaN,NaN,NaN,NaN,NaN,NaN,NaN
49.05,43,40.6,35,0,NaN,NaN,NaN,NaN,NaN,NaN,NaN,NaN
50.6,43,40.6,35,5,0.5,25.3,117.320316735795,4.637166669399,500,4.01263396418384,7.34531325938008,0.803930340713708
52.15,43,40.6,35,18,0.53,27.6395,111.57951680103,4.03695858467156,500,4.70748846955187,7.44725069974096,0.905551315536147
53.7,43,40.6,35,20,0.53,28.461,107.521139370091,3.77784123432383,500,5.05935285352639,7.32354118356413,0.949489871631148
55.25,43,40.6,35,20,0.53,29.2825,104.259291887103,3.560464164163,500,5.41142938666677,7.19888000860559,0.975707427582143
56.8,43,40.6,35,21,0.53,30.104,101.698747321849,3.37824698783712,500,5.75807238838465,7.07851272066475,0.988940550075768
58.35,43,40.6,35,23,0.505,29.46675,96.115693244966,3.2618355687331,499.02800889806,5.76626703141101,6.74184127345048,0.999838843751973
59.9,43,40.6,35,25,0.48,28.752,90.9199751021297,3.16221393649589,499.299436661297,5.74383720261594,6.43303638675209,0.999913036631764
61.45,43,40.6,35,27,0.46,28.267,87.1595616208451,3.08343869603584,498.261170480905,5.73905710900026,6.21128397857044,0.987754382111793
63,43,40.6,35,23,0.44,27.72,83.6865469957728,3.0189952018677,498.015428954489,5.70318336961536,6.00189058320139,0.846335365687877
47.5,43.5,40.6,35,0,NaN,NaN,NaN,NaN,NaN,NaN,NaN,NaN
49.05,43.5,40.6,35,0,NaN,NaN,NaN,NaN,NaN,NaN,NaN,NaN
50.6,43.5,40.6,35,4,0.495,25.047,117.089453741104,4.67478954529899,500,3.94895658749929,7.28156477299773,0.818411340691534
52.15,43.5,40.6,35,18,0.53,27.6395,111.098718684255,4.01956325853417,500,4.70002499280052,7.42087948250775,0.901612735699078
53.7,43.5,40.6,35,20,0.53,28.461,107.129760155718,3.76408981257575,500,5.04947748568206,7.30022243444495,0.949620737290091
55.25,43.5,40.6,35,20,0.53,29.2825,103.954204997785,3.55004541954359,500,5.39891907588222,7.17842233651935,0.975929997295244
56.8,43.5,40.6,35,21,0.53,30.104,101.52144572625,3.37235735205455,500,5.73692960994541,7.06448120536989,0.988310507603012
58.35,43.5,40.6,35,23,0.5,29.175,95.0832397352103,3.25906562931312,500,5.70147217370817,6.67315001071056,0.999918623973116
59.9,43.5,40.6,35,25,0.48,28.752,90.9397561786776,3.16290192608089,498.642960007294,5.72027281996492,6.42405106027525,0.999925403297054
61.45,43.5,40.6,35,28,0.455,27.95975,86.1915714891473,3.08270179415579,500,5.66879376915323,6.15807945259715,0.984562810532435
63,43.5,40.6,35,26,0.44,27.72,83.6108452639329,3.01626425916064,497.9080259698,5.68395868849763,5.98814677798357,0.87691619550768
47.5,44,40.6,35,0,NaN,NaN,NaN,NaN,NaN,NaN,NaN,NaN
49.05,44,40.6,35,0,NaN,NaN,NaN,NaN,NaN,NaN,NaN,NaN
50.6,44,40.6,35,0,NaN,NaN,NaN,NaN,NaN,NaN,NaN,NaN
52.15,44,40.6,35,18,0.53,27.6395,110.633318230187,4.00272502144346,500,4.69247793631715,7.39507980920684,0.896628700577739
53.7,44,40.6,35,20,0.53,28.461,106.752411906649,3.75083138001647,500,5.03958679206079,7.27742645663254,0.949475116489068
55.25,44,40.6,35,21,0.53,29.2825,103.661751484027,3.54005810583206,500,5.38636390190634,7.15866875424743,0.975904774591727
56.8,44,40.6,35,21,0.525,29.82,100.418933083103,3.36750278615369,500,5.67249059563639,6.99435861959936,0.997521896443472
58.35,44,40.6,35,23,0.5,29.175,94.942249707902,3.254233066252,500,5.68365414539887,6.66060148249078,0.999925374615352
59.9,44,40.6,35,25,0.475,28.4525,89.9677746253281,3.16203407873923,500,5.65531462406519,6.36218472665591,0.999943689032306
61.45,44,40.6,35,28,0.455,27.95975,86.1163672996486,3.08001206375767,500,5.64843727475661,6.148718774556,0.986543681029703
63,44,40.6,35,28,0.435,27.405,82.5404069169001,3.0118739980624,500,5.61450762634245,5.92987737306693,0.864918962815662
47.5,44.5,40.6,35,0,NaN,NaN,NaN,NaN,NaN,NaN,NaN,NaN
49.05,44.5,40.6,35,0,NaN,NaN,NaN,NaN,NaN,NaN,NaN,NaN
50.6,44.5,40.6,35,0,NaN,NaN,NaN,NaN,NaN,NaN,NaN,NaN
52.15,44.5,40.6,35,18,0.53,27.6395,110.182907612237,3.98642911819088,500,4.68487210988508,7.36980743178994,0.890555063947387
53.7,44.5,40.6,35,20,0.53,28.461,106.388953453163,3.73806097653503,500,5.02966692033744,7.25511764179515,0.949092375303558
55.25,44.5,40.6,35,21,0.53,29.2825,103.381689495627,3.53049396382232,500,5.37373360730797,7.13960968120157,0.975665608684442
56.8,44.5,40.6,35,22,0.525,29.82,100.222346629426,3.36091034974603,500,5.65453896944625,6.97959127187794,0.997406089073532
58.35,44.5,40.6,35,24,0.5,29.175,94.8497858114856,3.25106378102778,499.904542372845,5.66513826314222,6.64948908618412,0.999931530986166
59.9,44.5,40.6,35,26,0.475,28.4525,89.8614341696997,3.15829660556013,500,5.63745014945525,6.35027927973297,0.999952433851889
61.45,44.5,40.6,35,29,0.455,27.95975,86.093141435664,3.07918137449956,499.888710563592,5.6268400917096,6.13971557167044,0.98826325128935
63,44.5,40.6,35,29,0.435,27.405,82.4245899600084,3.00764787301618,500,5.59812182338622,5.91671623993656,0.89756640880074
47.5,45,40.6,35,0,NaN,NaN,NaN,NaN,NaN,NaN,NaN,NaN
49.05,45,40.6,35,0,NaN,NaN,NaN,NaN,NaN,NaN,NaN,NaN
50.6,45,40.6,35,0,NaN,NaN,NaN,NaN,NaN,NaN,NaN,NaN
52.15,45,40.6,35,18,0.53,27.6395,109.747115513903,3.97066211450652,500,4.67722599902895,7.34501629422431,0.883378454724703
53.7,45,40.6,35,21,0.53,28.461,106.039294050987,3.72577541375874,500,5.01969687041738,7.23325872566059,0.948517095892413
55.25,45,40.6,35,21,0.53,29.2825,103.113749923996,3.52134380343195,500,5.36099794884827,7.12121456801383,0.975245439287093
56.8,45,40.6,35,22,0.525,29.82,100.056912085525,3.35536257832077,500,5.63523737839833,6.96589125189967,0.997271048679929
58.35,45,40.6,35,23,0.5,29.175,94.8113391217892,3.24974598532268,499.246371151693,5.64578299348749,6.63945721854464,0.999937018689361
59.9,45,40.6,35,26,0.475,28.4525,89.7984979763643,3.15608463145117,499.984221068631,5.61903252930963,6.33949822156804,0.999959319297727
61.45,45,40.6,35,29,0.455,27.95975,86.1249263207174,3.08031818312815,499.292128287701,5.60384876456344,6.13104616574877,0.989765026720844
63,45,40.6,35,29,0.435,27.405,82.3882979776612,3.00632358977052,500,5.58055471478972,5.90596319941872,0.91989119109109
47.5,20,40.9,35,0,NaN,NaN,NaN,NaN,NaN,NaN,NaN,NaN
49.05,20,40.9,35,0,NaN,NaN,NaN,NaN,NaN,NaN,NaN,NaN
50.6,20,40.9,35,0,NaN,NaN,NaN,NaN,NaN,NaN,NaN,NaN
52.15,20,40.9,35,0,NaN,NaN,NaN,NaN,NaN,NaN,NaN,NaN
53.7,20,40.9,35,0,NaN,NaN,NaN,NaN,NaN,NaN,NaN,NaN
55.25,20,40.9,35,0,NaN,NaN,NaN,NaN,NaN,NaN,NaN,NaN
56.8,20,40.9,35,0,NaN,NaN,NaN,NaN,NaN,NaN,NaN,NaN
58.35,20,40.9,35,0,NaN,NaN,NaN,NaN,NaN,NaN,NaN,NaN
59.9,20,40.9,35,6,0.545,32.6455,125.67283174114,3.84962190014365,500,7.60650761931684,8.53601585816843,0.913978587084651
61.45,20,40.9,35,6,0.545,33.49025,126.715770386902,3.78366152497822,499.127036290942,8.41549233297861,7.1076121385691,0.845904595967106
63,20,40.9,35,4,0.555,34.965,135.886889152013,3.8863689161165,482.736989827221,9.1105397155619,7.39184995398104,0.935293010152857
47.5,20.5,40.9,35,0,NaN,NaN,NaN,NaN,NaN,NaN,NaN,NaN
49.05,20.5,40.9,35,0,NaN,NaN,NaN,NaN,NaN,NaN,NaN,NaN
50.6,20.5,40.9,35,0,NaN,NaN,NaN,NaN,NaN,NaN,NaN,NaN
52.15,20.5,40.9,35,0,NaN,NaN,NaN,NaN,NaN,NaN,NaN,NaN
53.7,20.5,40.9,35,0,NaN,NaN,NaN,NaN,NaN,NaN,NaN,NaN
55.25,20.5,40.9,35,0,NaN,NaN,NaN,NaN,NaN,NaN,NaN,NaN
56.8,20.5,40.9,35,0,NaN,NaN,NaN,NaN,NaN,NaN,NaN,NaN
58.35,20.5,40.9,35,1,0.55,32.0925,131.600302855931,4.100656005482,500,7.13550697596658,8.79838621558963,0.818469914041575
59.9,20.5,40.9,35,7,0.54,32.346,123.111334147884,3.80607599542088,500,7.53787627420619,8.44901439098292,0.824354697183459
61.45,20.5,40.9,35,6,0.545,33.49025,125.974901147193,3.76153958681088,497.728021725987,8.25844165762045,7.19822477471958,0.928192126094782
63,20.5,40.9,35,5,0.55,34.65,132.94657741533,3.83684206104849,484.35387410178,9.09772036958766,7.17431578476248,0.853767224142476
47.5,21,40.9,35,0,NaN,NaN,NaN,NaN,NaN,NaN,NaN,NaN
49.05,21,40.9,35,0,NaN,NaN,NaN,NaN,NaN,NaN,NaN,NaN
50.6,21,40.9,35,0,NaN,NaN,NaN,NaN,NaN,NaN,NaN,NaN
52.15,21,40.9,35,0,NaN,NaN,NaN,NaN,NaN,NaN,NaN,NaN
53.7,21,40.9,35,0,NaN,NaN,NaN,NaN,NaN,NaN,NaN,NaN
55.25,21,40.9,35,0,NaN,NaN,NaN,NaN,NaN,NaN,NaN,NaN
56.8,21,40.9,35,0,NaN,NaN,NaN,NaN,NaN,NaN,NaN,NaN
58.35,21,40.9,35,3,0.555,32.38425,130.871659715707,4.04121323531369,500,7.16102965648665,8.77496007933731,0.814043480084621
59.9,21,40.9,35,7,0.54,32.346,121.973749875222,3.7709067543196,500,7.49422784467659,8.35897935657945,0.918464032560906
61.45,21,40.9,35,7,0.54,33.183,123.325117004914,3.7165149927648,498.940249532684,8.21333510418727,7.08357967949336,0.803632013506216
63,21,40.9,35,5,0.55,34.65,132.535090064551,3.82496652422946,483.434576061,8.96660436511458,7.31576670461033,0.918888510393932
47.5,21.5,40.9,35,0,NaN,NaN,NaN,NaN,NaN,NaN,NaN,NaN
49.05,21.5,40.9,35,0,NaN,NaN,NaN,NaN,NaN,NaN,NaN,NaN
50.6,21.5,40.9,35,0,NaN,NaN,NaN,NaN,NaN,NaN,NaN,NaN
52.15,21.5,40.9,35,0,NaN,NaN,NaN,NaN,NaN,NaN,NaN,NaN
53.7,21.5,40.9,35,0,NaN,NaN,NaN,NaN,NaN,NaN,NaN,NaN
55.25,21.5,40.9,35,0,NaN,NaN,NaN,NaN,NaN,NaN,NaN,NaN
56.8,21.5,40.9,35,0,NaN,NaN,NaN,NaN,NaN,NaN,NaN,NaN
58.35,21.5,40.9,35,4,0.555,32.38425,129.631509785946,4.00291838736256,500,7.14075952804588,8.71334393689472,0.826945621341204
59.9,21.5,40.9,35,8,0.535,32.0465,119.680092715996,3.73457609149191,500,7.42077083463651,8.26063552314056,0.812597595758174
61.45,21.5,40.9,35,7,0.54,33.183,122.665610425339,3.69664015988122,497.364193567301,8.06088619563635,7.1828966549401,0.916490935983686
63,21.5,40.9,35,6,0.545,34.335,129.67897470781,3.77687417235503,485.068980542676,8.94947431477066,7.09284483791636,0.821292854632004
47.5,22,40.9,35,0,NaN,NaN,NaN,NaN,NaN,NaN,NaN,NaN
49.05,22,40.9,35,0,NaN,NaN,NaN,NaN,NaN,NaN,NaN,NaN
50.6,22,40.9,35,0,NaN,NaN,NaN,NaN,NaN,NaN,NaN,NaN
52.15,22,40.9,35,0,NaN,NaN,NaN,NaN,NaN,NaN,NaN,NaN
53.7,22,40.9,35,0,NaN,NaN,NaN,NaN,NaN,NaN,NaN,NaN
55.25,22,40.9,35,0,NaN,NaN,NaN,NaN,NaN,NaN,NaN,NaN
56.8,22,40.9,35,0,NaN,NaN,NaN,NaN,NaN,NaN,NaN,NaN
58.35,22,40.9,35,5,0.555,32.38425,128.455638189359,3.96660840344793,500,7.12137304588104,8.65058022164188,0.83017355903818
59.9,22,40.9,35,8,0.535,32.0465,118.640183198386,3.70212607299974,500,7.38392326072586,8.17352715452871,0.920633488313864
61.45,22,40.9,35,7,0.54,33.183,122.145195783676,3.68095698953308,495.353884311398,7.91371255339554,7.29680769591409,0.955143441462483
63,22,40.9,35,6,0.545,34.335,129.353106891193,3.76738333744555,484.108816143426,8.80703597385238,7.23755259926677,0.906822722544482
47.5,22.5,40.9,35,0,NaN,NaN,NaN,NaN,NaN,NaN,NaN,NaN
49.05,22.5,40.9,35,0,NaN,NaN,NaN,NaN,NaN,NaN,NaN,NaN
50.6,22.5,40.9,35,0,NaN,NaN,NaN,NaN,NaN,NaN,NaN,NaN
52.15,22.5,40.9,35,0,NaN,NaN,NaN,NaN,NaN,NaN,NaN,NaN
53.7,22.5,40.9,35,0,NaN,NaN,NaN,NaN,NaN,NaN,NaN,NaN
55.25,22.5,40.9,35,0,NaN,NaN,NaN,NaN,NaN,NaN,NaN,NaN
56.8,22.5,40.9,35,0,NaN,NaN,NaN,NaN,NaN,NaN,NaN,NaN
58.35,22.5,40.9,35,5,0.555,32.38425,127.343159122025,3.93225593064606,500,7.10274441371385,8.58733930327925,0.824198111019982
59.9,22.5,40.9,35,9,0.535,32.0465,117.672452656815,3.67192837460611,500,7.35062175529261,8.09332716931287,0.957184743752563
61.45,22.5,40.9,35,8,0.535,32.87575,119.564184791195,3.63685040770766,496.805051963812,7.86940702165914,7.18744243228986,0.912467764373249
63,22.5,40.9,35,7,0.54,34.02,126.574508607502,3.72059108193717,485.76176607256,8.78592918691698,7.014788392036,0.821776100227073
47.5,23,40.9,35,0,NaN,NaN,NaN,NaN,NaN,NaN,NaN,NaN
49.05,23,40.9,35,0,NaN,NaN,NaN,NaN,NaN,NaN,NaN,NaN
50.6,23,40.9,35,0,NaN,NaN,NaN,NaN,NaN,NaN,NaN,NaN
52.15,23,40.9,35,0,NaN,NaN,NaN,NaN,NaN,NaN,NaN,NaN
53.7,23,40.9,35,0,NaN,NaN,NaN,NaN,NaN,NaN,NaN,NaN
55.25,23,40.9,35,0,NaN,NaN,NaN,NaN,NaN,NaN,NaN,NaN
56.8,23,40.9,35,0,NaN,NaN,NaN,NaN,NaN,NaN,NaN,NaN
58.35,23,40.9,35,6,0.555,32.38425,126.291557276824,3.89978329826454,500,7.08473039722026,8.52439338136141,0.808154168579732
59.9,23,40.9,35,9,0.53,31.747,115.686529306118,3.64401453069953,500,7.27297178618701,8.00003041758552,0.926865583182806
61.45,23,40.9,35,8,0.535,32.87575,119.104662347938,3.62287285759072,494.713552320544,7.73332983066264,7.29983427178768,0.95557349368469
63,23,40.9,35,7,0.54,34.02,126.321374778649,3.7131503462272,484.753543496343,8.63259227844598,7.16327764530198,0.910238079082957
47.5,23.5,40.9,35,0,NaN,NaN,NaN,NaN,NaN,NaN,NaN,NaN
49.05,23.5,40.9,35,0,NaN,NaN,NaN,NaN,NaN,NaN,NaN,NaN
50.6,23.5,40.9,35,0,NaN,NaN,NaN,NaN,NaN,NaN,NaN,NaN
52.15,23.5,40.9,35,0,NaN,NaN,NaN,NaN,NaN,NaN,NaN,NaN
53.7,23.5,40.9,35,0,NaN,NaN,NaN,NaN,NaN,NaN,NaN,NaN
55.25,23.5,40.9,35,0,NaN,NaN,NaN,NaN,NaN,NaN,NaN,NaN
56.8,23.5,40.9,35,0,NaN,NaN,NaN,NaN,NaN,NaN,NaN,NaN
58.35,23.5,40.9,35,5,0.55,32.0925,124.371173742182,3.87539686039363,500,7.01320133890493,8.43120265780769,0.881867480252998
59.9,23.5,40.9,35,10,0.53,31.747,114.792347502532,3.61584866294554,500,7.24356866219852,7.9287706722672,0.962578992147601
61.45,23.5,40.9,35,9,0.53,32.5685,116.645639953343,3.58154781317356,496.110204092117,7.68698653052482,7.21216011185748,0.923997175107236
63,23.5,40.9,35,8,0.535,33.705,123.614811009081,3.66755113511588,486.42867374456,8.60782970330338,6.94581349626468,0.860328323564977
47.5,24,40.9,35,0,NaN,NaN,NaN,NaN,NaN,NaN,NaN,NaN
49.05,24,40.9,35,0,NaN,NaN,NaN,NaN,NaN,NaN,NaN,NaN
50.6,24,40.9,35,0,NaN,NaN,NaN,NaN,NaN,NaN,NaN,NaN
52.15,24,40.9,35,0,NaN,NaN,NaN,NaN,NaN,NaN,NaN,NaN
53.7,24,40.9,35,0,NaN,NaN,NaN,NaN,NaN,NaN,NaN,NaN
55.25,24,40.9,35,0,NaN,NaN,NaN,NaN,NaN,NaN,NaN,NaN
56.8,24,40.9,35,0,NaN,NaN,NaN,NaN,NaN,NaN,NaN,NaN
58.35,24,40.9,35,6,0.55,32.0925,123.375055589233,3.84435789013736,500,6.99537783015863,8.37086917449671,0.865328157129063
59.9,24,40.9,35,10,0.53,31.747,113.967199696389,3.5898572997886,500,7.21568606306244,7.86494677813205,0.975561259189642
61.45,24,40.9,35,10,0.525,32.26125,114.380184281029,3.5454356009463,497.254206487246,7.63408874588813,7.15017620056598,0.860676317391506
63,24,40.9,35,8,0.535,33.705,123.423133822763,3.66186422853472,485.363729631487,8.44504822289098,7.09790071157483,0.927814319686749
47.5,24.5,40.9,35,0,NaN,NaN,NaN,NaN,NaN,NaN,NaN,NaN
49.05,24.5,40.9,35,0,NaN,NaN,NaN,NaN,NaN,NaN,NaN,NaN
50.6,24.5,40.9,35,0,NaN,NaN,NaN,NaN,NaN,NaN,NaN,NaN
52.15,24.5,40.9,35,0,NaN,NaN,NaN,NaN,NaN,NaN,NaN,NaN
53.7,24.5,40.9,35,0,NaN,NaN,NaN,NaN,NaN,NaN,NaN,NaN
55.25,24.5,40.9,35,0,NaN,NaN,NaN,NaN,NaN,NaN,NaN,NaN
56.8,24.5,40.9,35,0,NaN,NaN,NaN,NaN,NaN,NaN,NaN,NaN
58.35,24.5,40.9,35,7,0.55,32.0925,122.432399148923,3.81498478301545,500,6.97800163118987,8.3123006951136,0.838621446820768
59.9,24.5,40.9,35,11,0.53,31.747,113.212097633951,3.56607231026398,500,7.18860942891959,7.80892812208604,0.981217972796622
61.45,24.5,40.9,35,10,0.525,32.26125,113.88852280796,3.53019560023125,495.377773791682,7.51551529973046,7.24750729317377,0.944126367179101
63,24.5,40.9,35,9,0.53,33.39,120.784434843186,3.61738349335686,487.066870631266,8.41681617372164,6.88956979381943,0.904700572191219
47.5,25,40.9,35,0,NaN,NaN,NaN,NaN,NaN,NaN,NaN,NaN
49.05,25,40.9,35,0,NaN,NaN,NaN,NaN,NaN,NaN,NaN,NaN
50.6,25,40.9,35,0,NaN,NaN,NaN,NaN,NaN,NaN,NaN,NaN
52.15,25,40.9,35,0,NaN,NaN,NaN,NaN,NaN,NaN,NaN,NaN
53.7,25,40.9,35,0,NaN,NaN,NaN,NaN,NaN,NaN,NaN,NaN
55.25,25,40.9,35,0,NaN,NaN,NaN,NaN,NaN,NaN,NaN,NaN
56.8,25,40.9,35,2,0.53,30.104,124.219944929274,4.12636011590732,500,6.23941804377461,8.36616046200997,0.82590722428211
58.35,25,40.9,35,6,0.545,31.80075,120.76061241571,3.7974139734349,500,6.90201748241336,8.21966283476306,0.904001832531817
59.9,25,40.9,35,10,0.53,31.747,112.52734275204,3.54450318934199,500,7.1617741272063,7.76053092295002,0.984008742388932
61.45,25,40.9,35,11,0.52,31.954,111.731155654046,3.4966250126446,496.494130514559,7.45922581598647,7.19948378618401,0.915958033382053
63,25,40.9,35,10,0.525,33.075,118.258196114623,3.57545566484122,488.764204507828,8.3826061052374,6.69443243208903,0.877045976103663
47.5,25.5,40.9,35,0,NaN,NaN,NaN,NaN,NaN,NaN,NaN,NaN
49.05,25.5,40.9,35,0,NaN,NaN,NaN,NaN,NaN,NaN,NaN,NaN
50.6,25.5,40.9,35,0,NaN,NaN,NaN,NaN,NaN,NaN,NaN,NaN
52.15,25.5,40.9,35,0,NaN,NaN,NaN,NaN,NaN,NaN,NaN,NaN
53.7,25.5,40.9,35,0,NaN,NaN,NaN,NaN,NaN,NaN,NaN,NaN
55.25,25.5,40.9,35,0,NaN,NaN,NaN,NaN,NaN,NaN,NaN,NaN
56.8,25.5,40.9,35,3,0.53,30.104,123.156352842525,4.0910295257283,500,6.22572810187695,8.3087058604596,0.875835281711076
58.35,25.5,40.9,35,7,0.545,31.80075,119.885545309085,3.76989678888345,500,6.8846375681132,8.16561522195589,0.883084562491753
59.9,25.5,40.9,35,11,0.525,31.4475,110.791060369233,3.52304826676947,500,7.08205999177823,7.67950161267986,0.98443425687119
61.45,25.5,40.9,35,12,0.515,31.64675,109.741221382669,3.46769325073409,497.536536102453,7.39507505290085,7.16337877331156,0.869194802832658
63,25.5,40.9,35,11,0.52,32.76,115.908387331752,3.53810706140879,490.296324412488,8.34171309584723,6.52055695933193,0.839800323106021
47.5,26,40.9,35,0,NaN,NaN,NaN,NaN,NaN,NaN,NaN,NaN
49.05,26,40.9,35,0,NaN,NaN,NaN,NaN,NaN,NaN,NaN,NaN
50.6,26,40.9,35,0,NaN,NaN,NaN,NaN,NaN,NaN,NaN,NaN
52.15,26,40.9,35,0,NaN,NaN,NaN,NaN,NaN,NaN,NaN,NaN
53.7,26,40.9,35,0,NaN,NaN,NaN,NaN,NaN,NaN,NaN,NaN
55.25,26,40.9,35,0,NaN,NaN,NaN,NaN,NaN,NaN,NaN,NaN
56.8,26,40.9,35,4,0.53,30.104,122.141126723908,4.05730556483883,500,6.21196718513541,8.25363295826877,0.904971682577969
58.35,26,40.9,35,8,0.545,31.80075,119.051752538936,3.74367750883033,500,6.86757339836663,8.11390286780522,0.8529787278452
59.9,26,40.9,35,11,0.525,31.4475,110.133196172483,3.50212882335586,500,7.0570191956933,7.63473038921145,0.98652516610999
61.45,26,40.9,35,12,0.515,31.64675,109.219624522804,3.45121140473522,495.797866683679,7.29569055996465,7.23022699388189,0.946691301964774
63,26,40.9,35,11,0.52,32.76,115.615877013069,3.52917817500211,489.379280880232,8.17680080950807,6.65897441774466,0.909827727263191
47.5,26.5,40.9,35,0,NaN,NaN,NaN,NaN,NaN,NaN,NaN,NaN
49.05,26.5,40.9,35,0,NaN,NaN,NaN,NaN,NaN,NaN,NaN,NaN
50.6,26.5,40.9,35,0,NaN,NaN,NaN,NaN,NaN,NaN,NaN,NaN
52.15,26.5,40.9,35,0,NaN,NaN,NaN,NaN,NaN,NaN,NaN,NaN
53.7,26.5,40.9,35,0,NaN,NaN,NaN,NaN,NaN,NaN,NaN,NaN
55.25,26.5,40.9,35,0,NaN,NaN,NaN,NaN,NaN,NaN,NaN,NaN
56.8,26.5,40.9,35,5,0.53,30.104,121.17159836868,4.02509960034149,500,6.19812516300862,8.200797809393,0.921255810445801
58.35,26.5,40.9,35,8,0.545,31.80075,118.255565672643,3.71864077647989,500,6.85071200820805,8.06456494578342,0.811839067835711
59.9,26.5,40.9,35,11,0.525,31.4475,109.540361631714,3.48327725993206,500,7.03175681763068,7.59554064108867,0.987655680934257
61.45,26.5,40.9,35,13,0.51,31.3395,107.327268333996,3.42466434799522,496.82241138898,7.22751034138422,7.18810416277437,0.923282268504944
63,26.5,40.9,35,12,0.515,32.445,113.340413978349,3.49330910705344,490.890980285018,8.13086414081201,6.48872415877372,0.871556999032361
47.5,27,40.9,35,0,NaN,NaN,NaN,NaN,NaN,NaN,NaN,NaN
49.05,27,40.9,35,0,NaN,NaN,NaN,NaN,NaN,NaN,NaN,NaN
50.6,27,40.9,35,0,NaN,NaN,NaN,NaN,NaN,NaN,NaN,NaN
52.15,27,40.9,35,0,NaN,NaN,NaN,NaN,NaN,NaN,NaN,NaN
53.7,27,40.9,35,0,NaN,NaN,NaN,NaN,NaN,NaN,NaN,NaN
55.25,27,40.9,35,0,NaN,NaN,NaN,NaN,NaN,NaN,NaN,NaN
56.8,27,40.9,35,6,0.53,30.104,120.245094850997,3.99432284251253,500,6.18419333029652,8.15002636756796,0.929435912221301
58.35,27,40.9,35,8,0.54,31.509,116.712385161497,3.70409677112877,500,6.77022836236804,7.97803723825218,0.903249043483653
59.9,27,40.9,35,12,0.525,31.4475,109.019818436633,3.46672449118795,500,7.00596683070459,7.56158656939048,0.988299707140219
61.45,27,40.9,35,14,0.505,31.03225,105.559895141916,3.40161912661557,497.887079738141,7.15164446912581,7.14207098142299,0.877200034148747
63,27,40.9,35,13,0.51,32.13,111.265758969225,3.46298658478759,492.122295866516,8.07708386691305,6.34081393836512,0.800756559544668
47.5,27.5,40.9,35,0,NaN,NaN,NaN,NaN,NaN,NaN,NaN,NaN
49.05,27.5,40.9,35,0,NaN,NaN,NaN,NaN,NaN,NaN,NaN,NaN
50.6,27.5,40.9,35,0,NaN,NaN,NaN,NaN,NaN,NaN,NaN,NaN
52.15,27.5,40.9,35,0,NaN,NaN,NaN,NaN,NaN,NaN,NaN,NaN
53.7,27.5,40.9,35,0,NaN,NaN,NaN,NaN,NaN,NaN,NaN,NaN
55.25,27.5,40.9,35,0,NaN,NaN,NaN,NaN,NaN,NaN,NaN,NaN
56.8,27.5,40.9,35,6,0.53,30.104,119.359013064496,3.96488882090406,500,6.17016468453013,8.10113662841657,0.932194204754686
58.35,27.5,40.9,35,8,0.54,31.509,115.992346935626,3.68124494384543,500,6.75328386960396,7.93315464189053,0.880427122570367
59.9,27.5,40.9,35,11,0.52,31.148,107.484060416828,3.45075319175639,500,6.92298053679165,7.48571415869209,0.989991385060116
61.45,27.5,40.9,35,14,0.505,31.03225,105.038447627312,3.38481572001101,496.254299280155,7.07184495504856,7.17290892056721,0.946439455718959
63,27.5,40.9,35,13,0.51,32.13,110.875758524427,3.45084838233511,491.443389470601,7.91103749937416,6.46911704010556,0.85658775788134
47.5,28,40.9,35,0,NaN,NaN,NaN,NaN,NaN,NaN,NaN,NaN
49.05,28,40.9,35,0,NaN,NaN,NaN,NaN,NaN,NaN,NaN,NaN
50.6,28,40.9,35,0,NaN,NaN,NaN,NaN,NaN,NaN,NaN,NaN
52.15,28,40.9,35,0,NaN,NaN,NaN,NaN,NaN,NaN,NaN,NaN
53.7,28,40.9,35,0,NaN,NaN,NaN,NaN,NaN,NaN,NaN,NaN
55.25,28,40.9,35,4,0.52,28.73,124.630431354157,4.33798925701906,500,5.54403576936638,8.23202269532359,0.829130657556913
56.8,28,40.9,35,7,0.53,30.104,118.510864590749,3.93671487479236,500,6.15603439676783,8.05396028994472,0.931038148032132
58.35,28,40.9,35,9,0.54,31.509,115.299588861817,3.65925890576716,500,6.73647136280398,7.89034366616538,0.852077097627647
59.9,28,40.9,35,12,0.52,31.148,106.948884464437,3.43357148017327,500,6.89883991373921,7.45112954250457,0.990656805459983
61.45,28,40.9,35,15,0.5,30.725,103.370421601329,3.36437499109288,497.312070684741,6.99311046803159,7.11302069985369,0.910838787403748
63,28,40.9,35,13,0.51,32.13,110.6378779777,3.44344469273889,490.459057690684,7.74340220418523,6.61821267299066,0.885741698748309
47.5,28.5,40.9,35,0,NaN,NaN,NaN,NaN,NaN,NaN,NaN,NaN
49.05,28.5,40.9,35,0,NaN,NaN,NaN,NaN,NaN,NaN,NaN,NaN
50.6,28.5,40.9,35,0,NaN,NaN,NaN,NaN,NaN,NaN,NaN,NaN
52.15,28.5,40.9,35,0,NaN,NaN,NaN,NaN,NaN,NaN,NaN,NaN
53.7,28.5,40.9,35,0,NaN,NaN,NaN,NaN,NaN,NaN,NaN,NaN
55.25,28.5,40.9,35,6,0.52,28.73,123.585192636387,4.30160781887876,500,5.53611675257369,8.17988374949693,0.910445124195346
56.8,28.5,40.9,35,8,0.53,30.104,117.698303105352,3.90972306355807,500,6.14180051883837,8.00836062048362,0.926859459451317
58.35,28.5,40.9,35,10,0.54,31.509,114.630885530655,3.63803629219129,500,6.71968048184594,7.84935404656654,0.818366261689739
59.9,28.5,40.9,35,13,0.52,31.148,106.487034622241,3.41874388796201,500,6.87405127388705,7.42062586554333,0.991187610471937
61.45,28.5,40.9,35,16,0.495,30.41775,101.802933652792,3.34682656188547,498.490745933661,6.90798087613145,7.04557960665246,0.815355496175557
63,28.5,40.9,35,13,0.51,32.13,110.53428398152,3.44022047872766,489.147968694931,7.57702540148762,6.76458953567588,0.90144049006649
47.5,29,40.9,35,0,NaN,NaN,NaN,NaN,NaN,NaN,NaN,NaN
49.05,29,40.9,35,0,NaN,NaN,NaN,NaN,NaN,NaN,NaN,NaN
50.6,29,40.9,35,0,NaN,NaN,NaN,NaN,NaN,NaN,NaN,NaN
52.15,29,40.9,35,0,NaN,NaN,NaN,NaN,NaN,NaN,NaN,NaN
53.7,29,40.9,35,0,NaN,NaN,NaN,NaN,NaN,NaN,NaN,NaN
55.25,29,40.9,35,7,0.525,29.00625,122.68153746618,4.22948631643801,500,5.6024088783318,8.16512239621978,0.856512738272188
56.8,29,40.9,35,8,0.53,30.104,116.919140316422,3.88384069613415,500,6.12746491027385,7.96424246043669,0.920259284203123
58.35,29,40.9,35,9,0.535,31.21725,113.131882882723,3.6240182233452,500,6.63548557840904,7.76871530518216,0.921211410131807
59.9,29,40.9,35,12,0.52,31.148,106.110965477116,3.40667026701926,500,6.84829625170484,7.39410249404959,0.991660182940601
61.45,29,40.9,35,16,0.495,30.41775,101.309231397062,3.33059583292853,497.075723037465,6.84721940559929,7.05011179619594,0.919883121793393
63,29,40.9,35,14,0.505,31.815,108.28876458491,3.40370154282287,490.857351241728,7.5228634461917,6.60402395488856,0.806672475657721
47.5,29.5,40.9,35,0,NaN,NaN,NaN,NaN,NaN,NaN,NaN,NaN
49.05,29.5,40.9,35,0,NaN,NaN,NaN,NaN,NaN,NaN,NaN,NaN
50.6,29.5,40.9,35,0,NaN,NaN,NaN,NaN,NaN,NaN,NaN,NaN
52.15,29.5,40.9,35,0,NaN,NaN,NaN,NaN,NaN,NaN,NaN,NaN
53.7,29.5,40.9,35,0,NaN,NaN,NaN,NaN,NaN,NaN,NaN,NaN
55.25,29.5,40.9,35,8,0.525,29.00625,121.739045030206,4.19699358001142,500,5.59334225431723,8.11705792475092,0.90179270496914
56.8,29.5,40.9,35,9,0.53,30.104,116.171353490263,3.85900058099466,500,6.11303423244285,7.92155083941945,0.911727254132567
58.35,29.5,40.9,35,10,0.535,31.21725,112.536720981686,3.60495306222316,500,6.61865214218721,7.73113530209834,0.907543010934133
59.9,29.5,40.9,35,13,0.515,30.8485,104.704283417142,3.39414504488524,500,6.76302186434466,7.3192726025767,0.993993159182221
61.45,29.5,40.9,35,17,0.495,30.41775,100.824806619482,3.31467010608877,496.131250006059,6.79535540436044,7.04243082402553,0.957300080069692
63,29.5,40.9,35,14,0.505,31.815,108.201014359392,3.4009434027783,489.415544613807,7.36469940757323,6.73915296314843,0.816590939251561
47.5,30,40.9,35,0,NaN,NaN,NaN,NaN,NaN,NaN,NaN,NaN
49.05,30,40.9,35,0,NaN,NaN,NaN,NaN,NaN,NaN,NaN,NaN
50.6,30,40.9,35,0,NaN,NaN,NaN,NaN,NaN,NaN,NaN,NaN
52.15,30,40.9,35,0,NaN,NaN,NaN,NaN,NaN,NaN,NaN,NaN
53.7,30,40.9,35,4,0.505,27.1185,129.065985407561,4.75933349586301,500,4.84681266615453,8.18821247497617,0.835371694735998
55.25,30,40.9,35,9,0.525,29.00625,120.834559069545,4.16581112930988,500,5.58406626293886,8.07054316058523,0.927134545541294
56.8,30,40.9,35,9,0.53,30.104,115.453086500255,3.83514106099706,500,6.09852066243208,7.88025871793306,0.901731238779097
58.35,30,40.9,35,10,0.535,31.21725,111.961336387413,3.58652143886513,500,6.60180957842145,7.69497721160233,0.892199441176987
59.9,30,40.9,35,13,0.515,30.8485,104.270273974415,3.38007598341622,500,6.73913065604355,7.29025124611728,0.994567080185748
61.45,30,40.9,35,17,0.495,30.41775,100.373768567422,3.29984198592671,495.634932283459,6.7503716343888,7.02700806424712,0.972369757970778
63,30,40.9,35,14,0.505,31.815,108.20657530349,3.4011181927861,487.61483584248,7.21368791787208,6.84817172380979,0.820301243618836
47.5,30.5,40.9,35,0,NaN,NaN,NaN,NaN,NaN,NaN,NaN,NaN
49.05,30.5,40.9,35,0,NaN,NaN,NaN,NaN,NaN,NaN,NaN,NaN
50.6,30.5,40.9,35,0,NaN,NaN,NaN,NaN,NaN,NaN,NaN,NaN
52.15,30.5,40.9,35,0,NaN,NaN,NaN,NaN,NaN,NaN,NaN,NaN
53.7,30.5,40.9,35,6,0.51,27.387,127.442265811003,4.65338539493203,500,4.92049052832948,8.16074829727933,0.857132307853662
55.25,30.5,40.9,35,9,0.525,29.00625,119.965943050504,4.13586530663232,500,5.57458351481991,8.02545442368204,0.94133810210135
56.8,30.5,40.9,35,10,0.53,30.104,114.762645943401,3.81220588438083,500,6.08394182207863,7.84034939309974,0.890754778419444
58.35,30.5,40.9,35,11,0.535,31.21725,111.402612505293,3.56862351761585,500,6.58484168406856,7.65993552201363,0.875537155217491
59.9,30.5,40.9,35,14,0.515,30.8485,103.923232067546,3.36882610394495,500,6.71420288815771,7.26482907255453,0.995102225073624
61.45,30.5,40.9,35,16,0.49,30.1105,98.8948520308434,3.28439753676769,496.781852642719,6.67156758885189,6.94798325162455,0.951829755037445
63,30.5,40.9,35,14,0.505,31.815,108.260529249222,3.4028140578099,485.513587884209,7.07200169396449,6.92723872140265,0.820611089085182
47.5,31,40.9,35,0,NaN,NaN,NaN,NaN,NaN,NaN,NaN,NaN
49.05,31,40.9,35,0,NaN,NaN,NaN,NaN,NaN,NaN,NaN,NaN
50.6,31,40.9,35,0,NaN,NaN,NaN,NaN,NaN,NaN,NaN,NaN
52.15,31,40.9,35,0,NaN,NaN,NaN,NaN,NaN,NaN,NaN,NaN
53.7,31,40.9,35,8,0.515,27.6555,126.04445644124,4.55766326557973,500,4.99080657190301,8.13893556250948,0.837503941641399
55.25,31,40.9,35,10,0.525,29.00625,119.131178517558,4.10708652506126,500,5.56490002532913,7.98169146455781,0.949345843921146
56.8,31,40.9,35,10,0.53,30.104,114.098493676039,3.79014395681767,500,6.06931945525246,7.80180059655584,0.879306126523395
58.35,31,40.9,35,11,0.535,31.21725,110.858176591545,3.55118329101843,500,6.56759947079668,7.62574474553126,0.858110063167936
59.9,31,40.9,35,13,0.515,30.8485,103.673264228913,3.36072302474718,500,6.6877526373785,7.24299047871197,0.995603707422977
61.45,31,40.9,35,17,0.49,30.1105,98.4462492477784,3.26949898699053,496.56897396909,6.63573504554124,6.92653629947426,0.968493936431994
63,31,40.9,35,14,0.505,31.815,108.327714643262,3.40492580994066,483.183109143685,6.9415421259273,6.9803793357399,0.819402954368804
47.5,31.5,40.9,35,0,NaN,NaN,NaN,NaN,NaN,NaN,NaN,NaN
49.05,31.5,40.9,35,0,NaN,NaN,NaN,NaN,NaN,NaN,NaN,NaN
50.6,31.5,40.9,35,0,NaN,NaN,NaN,NaN,NaN,NaN,NaN,NaN
52.15,31.5,40.9,35,0,NaN,NaN,NaN,NaN,NaN,NaN,NaN,NaN
53.7,31.5,40.9,35,8,0.515,27.6555,125.031130997878,4.52102225589405,500,4.98648440304529,8.09047317892979,0.912457929003876
55.25,31.5,40.9,35,10,0.525,29.00625,118.328377294379,4.0794096890973,500,5.55502544143642,7.9391753828685,0.953834883434356
56.8,31.5,40.9,35,11,0.53,30.104,113.459236941003,3.76890901345345,500,6.05467672490356,7.76457460858107,0.867912406519641
58.35,31.5,40.9,35,11,0.535,31.21725,110.327580708741,3.53418641003742,500,6.54989716004892,7.59233478302989,0.840660976234256
59.9,31.5,40.9,35,13,0.51,30.549,102.322190576698,3.34944484522235,500,6.60187377949918,7.16841940659896,0.997191605753507
61.45,31.5,40.9,35,17,0.49,30.1105,98.0535031627467,3.25645549435402,496.526755044934,6.60284832445279,6.90316331505217,0.976377743453855
63,31.5,40.9,35,14,0.505,31.815,108.388822452844,3.40684653317128,480.717642189347,6.82382839116385,7.01437729990754,0.818009876629171
47.5,32,40.9,35,0,NaN,NaN,NaN,NaN,NaN,NaN,NaN,NaN
49.05,32,40.9,35,0,NaN,NaN,NaN,NaN,NaN,NaN,NaN,NaN
50.6,32,40.9,35,0,NaN,NaN,NaN,NaN,NaN,NaN,NaN,NaN
52.15,32,40.9,35,0,NaN,NaN,NaN,NaN,NaN,NaN,NaN,NaN
53.7,32,40.9,35,10,0.52,27.924,123.89780250105,4.43696470781587,500,5.05247794231016,8.07578041464607,0.857715731210958
55.25,32,40.9,35,11,0.525,29.00625,117.555786159674,4.05277435586034,500,5.54497264299767,7.8978484054824,0.956286026947191
56.8,32,40.9,35,11,0.53,30.104,112.843617056882,3.74845924318634,500,6.04003456227228,7.72861494738325,0.857105182557443
58.35,32,40.9,35,12,0.535,31.21725,109.813948381548,3.51773293232262,500,6.53151069461771,7.55997449567245,0.824079064171026
59.9,32,40.9,35,14,0.51,30.549,101.975147088588,3.3380846210543,500,6.57781684787104,7.1435616490452,0.997532793466943
61.45,32,40.9,35,18,0.485,29.80325,96.6138094870226,3.24172060050574,497.797502082165,6.52432213255654,6.82361604622512,0.960013866559799
63,32,40.9,35,14,0.505,31.815,108.437651340586,3.40838130883503,478.265967010658,6.71981049424791,7.03553815747364,0.817375896395463
47.5,32.5,40.9,35,0,NaN,NaN,NaN,NaN,NaN,NaN,NaN,NaN
49.05,32.5,40.9,35,0,NaN,NaN,NaN,NaN,NaN,NaN,NaN,NaN
50.6,32.5,40.9,35,0,NaN,NaN,NaN,NaN,NaN,NaN,NaN,NaN
52.15,32.5,40.9,35,3,0.495,25.81425,133.189580670168,5.15953710335058,500,4.27074339514634,8.1049987656359,0.825826314343514
53.7,32.5,40.9,35,10,0.52,27.924,122.975832615596,4.40394759402651,500,5.04702959191623,8.03036077389076,0.912151658842546
55.25,32.5,40.9,35,11,0.525,29.00625,116.8117858909,4.02712470212108,500,5.53475678766469,7.85767387115274,0.957558243469545
56.8,32.5,40.9,35,12,0.53,30.104,112.250497428013,3.72875689038046,500,6.02540801205046,7.69384801175238,0.847400481435836
58.35,32.5,40.9,35,12,0.535,31.21725,109.325664256755,3.50209144805371,500,6.51217889216605,7.52926705710651,0.809327750262708
59.9,32.5,40.9,35,14,0.51,30.549,101.723105607462,3.32983422067702,500,6.55216258061637,7.12216865828209,0.997827919002919
61.45,32.5,40.9,35,18,0.485,29.80325,96.2187373184307,3.22846459088961,497.820964944407,6.49720188635046,6.79910332362214,0.97120636243363
63,32.5,40.9,35,14,0.505,31.815,108.475507086595,3.40957117983955,476.025643355893,6.62966154675621,7.04855480542542,0.818130110744453
47.5,33,40.9,35,0,NaN,NaN,NaN,NaN,NaN,NaN,NaN,NaN
49.05,33,40.9,35,0,NaN,NaN,NaN,NaN,NaN,NaN,NaN,NaN
50.6,33,40.9,35,0,NaN,NaN,NaN,NaN,NaN,NaN,NaN,NaN
52.15,33,40.9,35,5,0.5,26.075,131.222551623731,5.03250437674903,500,4.34613626885359,8.07701106755702,0.842186192653212
53.7,33,40.9,35,11,0.52,27.924,122.087432579946,4.3721326665215,500,5.04132283924255,7.98619189801969,0.941545588550502
55.25,33,40.9,35,12,0.525,29.00625,116.094886360181,4.00240935523142,500,5.52439411328444,7.81863298833351,0.95817817237952
56.8,33,40.9,35,12,0.53,30.104,111.678851429665,3.70976785243373,500,6.01080368160053,7.66018774687236,0.83927566369651
58.35,33,40.9,35,12,0.53,30.9255,108.031583341929,3.49328493773516,500,6.42894220875471,7.45904556436378,0.939983887198181
59.9,33,40.9,35,15,0.51,30.549,101.571509923192,3.32487184271799,499.683458985963,6.52423725389373,7.10414461339439,0.998081373420809
61.45,33,40.9,35,17,0.48,29.496,94.8670067850616,3.2162668424553,499.218516740129,6.41168206188734,6.72579093561404,0.944927169494403
63,33,40.9,35,14,0.505,31.815,108.506602288251,3.41054855534343,474.171402945729,6.5526579379659,7.05650737004393,0.820635713735948
47.5,33.5,40.9,35,0,NaN,NaN,NaN,NaN,NaN,NaN,NaN,NaN
49.05,33.5,40.9,35,0,NaN,NaN,NaN,NaN,NaN,NaN,NaN,NaN
50.6,33.5,40.9,35,0,NaN,NaN,NaN,NaN,NaN,NaN,NaN,NaN
52.15,33.5,40.9,35,7,0.505,26.33575,129.456357721867,4.91561310089392,500,4.4188331879531,8.05327054757477,0.83069664967469
53.7,33.5,40.9,35,12,0.525,28.1925,121.237863575662,4.3003587328425,500,5.10234140741711,7.97968791936983,0.846996409313808
55.25,33.5,40.9,35,12,0.525,29.00625,115.403719098228,3.97858113676286,500,5.51390088386783,7.78071772280414,0.95848497496887
56.8,33.5,40.9,35,13,0.53,30.104,111.127750539604,3.69146128553029,500,5.99621910555147,7.62754199508731,0.833145556922453
58.35,33.5,40.9,35,12,0.53,30.9255,107.584507122884,3.47882838184942,500,6.41059938559325,7.42947531645303,0.939541222685177
59.9,33.5,40.9,35,15,0.505,30.2495,100.224625833407,3.31326553607189,500,6.4403942041187,7.03042363872889,0.998708171010574
61.45,33.5,40.9,35,18,0.48,29.496,94.487471319754,3.2033994887359,499.254465006759,6.38904195617027,6.70144470313208,0.963619867817036
63,33.5,40.9,35,14,0.505,31.815,108.535396873955,3.41145361854329,472.765617047914,6.48724383414404,7.06124077189608,0.825037031756168
47.5,34,40.9,35,0,NaN,NaN,NaN,NaN,NaN,NaN,NaN,NaN
49.05,34,40.9,35,0,NaN,NaN,NaN,NaN,NaN,NaN,NaN,NaN
50.6,34,40.9,35,0,NaN,NaN,NaN,NaN,NaN,NaN,NaN,NaN
52.15,34,40.9,35,7,0.505,26.33575,128.414051529666,4.87603548521178,500,4.41791630129333,8.00586340083518,0.895421562352893
53.7,34,40.9,35,13,0.525,28.1925,120.426228252851,4.27156968175405,500,5.0957152089886,7.93831482463873,0.881632793914041
55.25,34,40.9,35,12,0.525,29.00625,114.737028458344,3.95559675788301,500,5.503292661874,7.74392247402316,0.95870416754314
56.8,34,40.9,35,13,0.53,30.104,110.596352930981,3.67380922571688,500,5.98164421558546,7.59581980132133,0.829339886107135
58.35,34,40.9,35,13,0.53,30.9255,107.153794592637,3.46490095851765,500,6.3914075313403,7.40123655379498,0.940504288883414
59.9,34,40.9,35,16,0.505,30.2495,99.9466831186875,3.30407719528215,500,6.41581323141615,7.00928335098351,0.998847693758707
61.45,34,40.9,35,18,0.48,29.496,94.1664633721547,3.19251638771883,499.255374909653,6.36611044039357,6.6784273943072,0.973489578420436
63,34,40.9,35,14,0.505,31.815,108.565438254107,3.41239787063043,471.734848157724,6.43129347637031,7.06377181512888,0.831307828587501
47.5,34.5,40.9,35,0,NaN,NaN,NaN,NaN,NaN,NaN,NaN,NaN
49.05,34.5,40.9,35,0,NaN,NaN,NaN,NaN,NaN,NaN,NaN,NaN
50.6,34.5,40.9,35,0,NaN,NaN,NaN,NaN,NaN,NaN,NaN,NaN
52.15,34.5,40.9,35,8,0.51,26.5965,126.903005037266,4.77141748114473,500,4.48688301582325,7.98825845214048,0.873312717197566
53.7,34.5,40.9,35,13,0.525,28.1925,119.643000655382,4.24378826480027,500,5.08887311412486,7.89808881823918,0.903598766649687
55.25,34.5,40.9,35,13,0.525,29.00625,114.093662244731,3.93341649626307,500,5.49258375435365,7.70823762599484,0.958986566400578
56.8,34.5,40.9,35,13,0.53,30.104,110.083892613725,3.65678622819974,500,5.96706444140229,7.56493918167157,0.828083277923083
58.35,34.5,40.9,35,13,0.53,30.9255,106.74927888633,3.45182062978222,500,6.37109372740482,7.37503459137696,0.942841298209023
59.9,34.5,40.9,35,16,0.505,30.2495,99.7636344926981,3.29802590101318,500,6.38901543330956,6.99141543004032,0.998964967593574
61.45,34.5,40.9,35,18,0.48,29.496,93.9231318377846,3.18426674253406,499.17691059212,6.34223881220809,6.65760676349195,0.97930086520024
63,34.5,40.9,35,14,0.505,31.815,108.599044660246,3.41345417759693,470.933778428652,6.38248579322122,7.06461669689984,0.839296870825884
47.5,35,40.9,35,0,NaN,NaN,NaN,NaN,NaN,NaN,NaN,NaN
49.05,35,40.9,35,0,NaN,NaN,NaN,NaN,NaN,NaN,NaN,NaN
50.6,35,40.9,35,0,NaN,NaN,NaN,NaN,NaN,NaN,NaN,NaN
52.15,35,40.9,35,10,0.515,26.85725,125.58130196906,4.67588088762103,500,4.5528098818814,7.97452430313793,0.835203203176266
53.7,35,40.9,35,13,0.525,28.1925,118.886818464791,4.21696615996422,500,5.08181799743581,7.85897638605264,0.918111622817279
55.25,35,40.9,35,13,0.525,29.00625,113.472562433969,3.91200387619801,500,5.48178652959193,7.67364629870336,0.959429897744682
56.8,35,40.9,35,14,0.53,30.104,109.589669112213,3.64036902445566,500,5.95246452730947,7.53483471037427,0.829478454011785
58.35,35,40.9,35,13,0.53,30.9255,106.387428006582,3.44011990126536,500,6.34934901180904,7.35143845910859,0.946368839622038
59.9,35,40.9,35,16,0.5,29.95,98.6325640505745,3.29324086980215,500,6.30344488043836,6.92547928815082,0.999231255827667
61.45,35,40.9,35,19,0.475,29.18875,92.7034484066878,3.17599926021799,500,6.25522402829548,6.5939113085186,0.96929453700101
63,35,40.9,35,14,0.505,31.815,108.637367301652,3.4146587239243,470.230800148718,6.33866015719043,7.0640245337648,0.848766558616069
47.5,35.5,40.9,35,0,NaN,NaN,NaN,NaN,NaN,NaN,NaN,NaN
49.05,35.5,40.9,35,0,NaN,NaN,NaN,NaN,NaN,NaN,NaN,NaN
50.6,35.5,40.9,35,0,NaN,NaN,NaN,NaN,NaN,NaN,NaN,NaN
52.15,35.5,40.9,35,10,0.515,26.85725,124.676827921119,4.64220379678186,500,4.55016025334956,7.93127126295382,0.889530454427442
53.7,35.5,40.9,35,13,0.525,28.1925,118.156424294629,4.19105876721218,500,5.07455835070971,7.82095207323806,0.92812682921283
55.25,35.5,40.9,35,13,0.525,29.00625,112.872756422693,3.89132536686724,500,5.47091051407018,7.64012387047139,0.960091735348499
56.8,35.5,40.9,35,14,0.53,30.104,109.113037596036,3.62453619439398,500,5.93783205947917,7.50546389245013,0.833493120329528
58.35,35.5,40.9,35,15,0.53,30.9255,106.089274373351,3.43047887255988,500,6.32583934054312,7.33068744795121,0.950774263662608
59.9,35.5,40.9,35,17,0.5,29.95,98.3306832329518,3.28316137672627,500,6.28034230774516,6.90456896993493,0.999301986095457
61.45,35.5,40.9,35,19,0.475,29.18875,92.4425421796297,3.1670606716502,500,6.23459842914269,6.57351281191094,0.978145380648182
63,35.5,40.9,35,14,0.505,31.815,108.680581611838,3.41601702378873,469.549757381329,6.29805271252805,7.06212953878806,0.859423012521734
47.5,36,40.9,35,0,NaN,NaN,NaN,NaN,NaN,NaN,NaN,NaN
49.05,36,40.9,35,0,NaN,NaN,NaN,NaN,NaN,NaN,NaN,NaN
50.6,36,40.9,35,0,NaN,NaN,NaN,NaN,NaN,NaN,NaN,NaN
52.15,36,40.9,35,12,0.52,27.118,123.579692718115,4.55710940032877,500,4.61221497997558,7.92318254257765,0.840180755074017
53.7,36,40.9,35,14,0.525,28.1925,117.450657745661,4.16602492668835,500,5.0671098144091,7.78399529793571,0.935337311694537
55.25,36,40.9,35,14,0.525,29.00625,112.293349077885,3.87135010826582,500,5.45996158511799,7.60763911903941,0.960998146024003
56.8,36,40.9,35,14,0.53,30.104,108.653399341305,3.60926784949857,500,5.92315992563245,7.47681092260721,0.839951747957193
58.35,36,40.9,35,15,0.525,30.63375,104.737657991156,3.41902829366813,500,6.24883089477758,7.25598180865538,0.988903774392214
59.9,36,40.9,35,17,0.5,29.95,98.1012722502736,3.27550157763852,500,6.25526737959643,6.88659799062977,0.999362328966436
61.45,36,40.9,35,20,0.475,29.18875,92.2416777268414,3.160179100744,500,6.21286709333776,6.55575235551627,0.98344704344591
63,36,40.9,35,14,0.505,31.815,108.728096745748,3.41751050591696,468.864122059657,6.25938439212375,7.05903911038437,0.870938669692079
47.5,36.5,40.9,35,0,NaN,NaN,NaN,NaN,NaN,NaN,NaN,NaN
49.05,36.5,40.9,35,0,NaN,NaN,NaN,NaN,NaN,NaN,NaN,NaN
50.6,36.5,40.9,35,0,NaN,NaN,NaN,NaN,NaN,NaN,NaN,NaN
52.15,36.5,40.9,35,12,0.52,27.118,122.749648583916,4.52650079592579,500,4.60860025560688,7.88278233872979,0.881187485314036
53.7,36.5,40.9,35,14,0.525,28.1925,116.768446748703,4.14182661164151,500,5.05949341084206,7.74808640137823,0.940736644058483
55.25,36.5,40.9,35,14,0.525,29.00625,111.733515745419,3.85204967017176,500,5.448941799886,7.57615592860797,0.962150265737909
56.8,36.5,40.9,35,15,0.53,30.104,108.210192400232,3.59454532288838,500,5.90844731996773,7.44888638815883,0.848534856901814
58.35,36.5,40.9,35,15,0.525,30.63375,104.402501381127,3.40808753029344,500,6.22762459863969,7.23389774003606,0.990258450491492
59.9,36.5,40.9,35,17,0.5,29.95,97.9597401214636,3.27077596398877,499.781052214323,6.22771401214622,6.87156942913508,0.999413878006446
61.45,36.5,40.9,35,20,0.475,29.18875,92.1031248579096,3.15543231066454,500,6.1897740502875,6.54090523005204,0.986916739687335
63,36.5,40.9,35,15,0.5,31.5,106.642484051663,3.38547568417977,470.845979633147,6.21695180974544,6.9773127699615,0.807544450920862
47.5,37,40.9,35,0,NaN,NaN,NaN,NaN,NaN,NaN,NaN,NaN
49.05,37,40.9,35,0,NaN,NaN,NaN,NaN,NaN,NaN,NaN,NaN
50.6,37,40.9,35,0,NaN,NaN,NaN,NaN,NaN,NaN,NaN,NaN
52.15,37,40.9,35,13,0.525,27.37875,121.856430842968,4.45076677507073,500,4.66627206297641,7.88106177349946,0.802523748542692
53.7,37,40.9,35,14,0.525,28.1925,116.108798880436,4.11842862039323,500,5.05173124456751,7.71320375220655,0.944922895689676
55.25,37,40.9,35,14,0.525,29.00625,111.192496281969,3.83339784639409,500,5.43785023048769,7.5456349054008,0.963529856490288
56.8,37,40.9,35,15,0.53,30.104,107.782882412424,3.58035086408531,500,5.89369928850145,7.42172200246884,0.858790009815555
58.35,37,40.9,35,16,0.525,30.63375,104.113403664054,3.39865030118918,500,6.20483444844647,7.21443209026832,0.991436100467874
59.9,37,40.9,35,18,0.495,29.6505,96.8734478329915,3.26717754617937,500,6.14706489936969,6.80779574845406,0.999533307707115
61.45,37,40.9,35,20,0.475,29.18875,92.0268026476989,3.15281752893491,499.725494701236,6.16507774654713,6.52890764945322,0.989358345625285
63,37,40.9,35,15,0.5,31.5,106.70504090348,3.38746161598349,470.154704408886,6.1796320658825,6.97342376365242,0.825157638647829
47.5,37.5,40.9,35,0,NaN,NaN,NaN,NaN,NaN,NaN,NaN,NaN
49.05,37.5,40.9,35,0,NaN,NaN,NaN,NaN,NaN,NaN,NaN,NaN
50.6,37.5,40.9,35,0,NaN,NaN,NaN,NaN,NaN,NaN,NaN,NaN
52.15,37.5,40.9,35,14,0.525,27.37875,121.093119417293,4.42288707180908,500,4.6617267468349,7.84317107394266,0.835311103892087
53.7,37.5,40.9,35,15,0.525,28.1925,115.470793127958,4.09579828422304,500,5.04384167219144,7.67932240646509,0.948263519697051
55.25,37.5,40.9,35,15,0.525,29.00625,110.669590109246,3.81537048426617,500,5.4266847263504,7.51603460906232,0.965104230082337
56.8,37.5,40.9,35,15,0.53,30.104,107.370953628724,3.56666734084254,500,5.87892507057991,7.39536059597975,0.870159282717723
58.35,37.5,40.9,35,16,0.52,30.342,102.882159960105,3.39075077318915,500,6.12632080043668,7.14375956851892,0.99753254748353
59.9,37.5,40.9,35,18,0.495,29.6505,96.6131226811465,3.25839775656891,500,6.12425887963558,6.78954055197234,0.9995710179196
61.45,37.5,40.9,35,21,0.47,28.8815,91.031489735346,3.15189618736374,500,6.08001754903183,6.47125726615692,0.987913491528738
63,37.5,40.9,35,15,0.5,31.5,106.770552682664,3.38954135500519,469.464810633908,6.14304982468712,6.96851934416294,0.842677050709003
47.5,38,40.9,35,0,NaN,NaN,NaN,NaN,NaN,NaN,NaN,NaN
49.05,38,40.9,35,0,NaN,NaN,NaN,NaN,NaN,NaN,NaN,NaN
50.6,38,40.9,35,0,NaN,NaN,NaN,NaN,NaN,NaN,NaN,NaN
52.15,38,40.9,35,14,0.525,27.37875,120.354467929615,4.39590806481723,500,4.65699307986772,7.80631381336782,0.857301432386698
53.7,38,40.9,35,15,0.525,28.1925,114.853572413441,4.07390520221481,500,5.03583600506013,7.6464140052027,0.950987249310215
55.25,38,40.9,35,15,0.525,29.00625,110.164152241921,3.79794534770683,500,5.41544410342269,7.48731234547723,0.966830597474188
56.8,38,40.9,35,16,0.53,30.104,106.973900477491,3.55347795899185,500,5.86413560490726,7.36984306958415,0.8820258304087
58.35,38,40.9,35,17,0.52,30.342,102.570621088549,3.38048319453396,500,6.10593876941261,7.12293121952837,0.99775859892767
59.9,38,40.9,35,18,0.495,29.6505,96.4142682357597,3.25169114300803,500,6.09951900618991,6.7739103649805,0.999604056698731
61.45,38,40.9,35,21,0.47,28.8815,90.8499448285468,3.14561033286176,500,6.05933321021141,6.45765895908608,0.990591394636202
63,38,40.9,35,15,0.5,31.5,106.837702139061,3.39167308377972,468.785115259273,6.10692288639396,6.96277311717803,0.859837499238289
47.5,38.5,40.9,35,0,NaN,NaN,NaN,NaN,NaN,NaN,NaN,NaN
49.05,38.5,40.9,35,0,NaN,NaN,NaN,NaN,NaN,NaN,NaN,NaN
50.6,38.5,40.9,35,0,NaN,NaN,NaN,NaN,NaN,NaN,NaN,NaN
52.15,38.5,40.9,35,14,0.525,27.37875,119.639510535793,4.36979447694993,500,4.65210685744007,7.77046273227885,0.872149923812526
53.7,38.5,40.9,35,15,0.525,28.1925,114.256337065132,4.05272100967038,500,5.02771787172022,7.61444736421746,0.95323716723219
55.25,38.5,40.9,35,15,0.525,29.00625,109.675590206169,3.78110201098621,500,5.40413009532276,7.45942459547582,0.968659832222298
56.8,38.5,40.9,35,16,0.53,30.104,106.591220439626,3.54076602576488,500,5.84934056882084,7.34519529326133,0.893776323874226
58.35,38.5,40.9,35,17,0.52,30.342,102.291588739696,3.37128695338792,500,6.08421953771761,7.104478294354,0.99793203455846
59.9,38.5,40.9,35,19,0.495,29.6505,96.291314395079,3.24754437176705,499.662026250264,6.07262229390421,6.76080959461847,0.999633040049316
61.45,38.5,40.9,35,21,0.47,28.8815,90.7114801001377,3.14081609681414,500,6.03751137047733,6.4462819162813,0.992433391026849
63,38.5,40.9,35,16,0.495,31.185,104.800561354523,3.36060802804308,470.881361875109,6.06671815676095,6.88143512861501,0.819484921247645
47.5,39,40.9,35,0,NaN,NaN,NaN,NaN,NaN,NaN,NaN,NaN
49.05,39,40.9,35,0,NaN,NaN,NaN,NaN,NaN,NaN,NaN,NaN
50.6,39,40.9,35,0,NaN,NaN,NaN,NaN,NaN,NaN,NaN,NaN
52.15,39,40.9,35,14,0.525,27.37875,118.947349810327,4.34451353003066,500,4.64709092149941,7.73559095597033,0.882122603979569
53.7,39,40.9,35,16,0.525,28.1925,113.678339328518,4.0322191834182,500,5.01948512595789,7.58338930107408,0.955102492780699
55.25,39,40.9,35,16,0.525,29.00625,109.203361739873,3.76482177943969,500,5.39274851843865,7.43232721672113,0.970539724924207
56.8,39,40.9,35,16,0.53,30.104,106.222409682484,3.52851480475964,500,5.83454526212632,7.32141844172199,0.904868056869262
58.35,39,40.9,35,17,0.52,30.342,102.062017511778,3.36372083289755,499.881353155049,6.06083763445949,7.08844136103975,0.998061039845593
59.9,39,40.9,35,19,0.495,29.6505,96.251524805177,3.2462024183463,498.888560561678,6.04355786162038,6.74986608411928,0.999658509490303
61.45,39,40.9,35,22,0.47,28.8815,90.6243363620435,3.13779881107434,500,6.01435031913573,6.43672387146955,0.993765329926733
63,39,40.9,35,16,0.495,31.185,104.880718820663,3.363178413361,470.210620671672,6.031303120043,6.87513012203755,0.838956105128943
47.5,39.5,40.9,35,0,NaN,NaN,NaN,NaN,NaN,NaN,NaN,NaN
49.05,39.5,40.9,35,0,NaN,NaN,NaN,NaN,NaN,NaN,NaN,NaN
50.6,39.5,40.9,35,0,NaN,NaN,NaN,NaN,NaN,NaN,NaN,NaN
52.15,39.5,40.9,35,15,0.525,27.37875,118.277148649043,4.32003464909989,500,4.64195153858759,7.70166993375977,0.888618586217989
53.7,39.5,40.9,35,16,0.525,28.1925,113.118878945367,4.01237488500016,500,5.01113329169428,7.5532054186322,0.956638214626954
55.25,39.5,40.9,35,16,0.525,29.00625,108.746973144039,3.74908763263223,500,5.38130937724886,7.40597558793089,0.972417913079312
56.8,39.5,40.9,35,17,0.53,30.104,105.866963908747,3.51670754413854,500,5.81974757272032,7.29848567349003,0.914884050006173
58.35,39.5,40.9,35,17,0.515,30.05025,100.918969371671,3.35834042550962,500,5.98579323075303,7.01848368345509,0.99919579525461
59.9,39.5,40.9,35,19,0.49,29.351,95.0796086784877,3.23939929401001,500,5.97473467225537,6.68318665987825,0.999725329134525
61.45,39.5,40.9,35,22,0.47,28.8815,90.5944809858508,3.13676509135089,499.416473523736,5.98961949423516,6.42852600498275,0.9947649024738
63,39.5,40.9,35,17,0.49,30.87,102.871237548999,3.33240160508582,472.423241610119,5.99304487546026,6.79361616652648,0.816288029054067
47.5,40,40.9,35,0,NaN,NaN,NaN,NaN,NaN,NaN,NaN,NaN
49.05,40,40.9,35,0,NaN,NaN,NaN,NaN,NaN,NaN,NaN,NaN
50.6,40,40.9,35,0,NaN,NaN,NaN,NaN,NaN,NaN,NaN,NaN
52.15,40,40.9,35,15,0.525,27.37875,117.628122800648,4.29632918963239,500,4.63667967575013,7.66866861581204,0.892501824704674
53.7,40,40.9,35,16,0.525,28.1925,112.577299782785,3.9931648411026,500,5.00265925500625,7.52386071351377,0.957877471378184
55.25,40,40.9,35,17,0.53,29.2825,108.778952235709,3.71481097022826,500,5.43240346045628,7.42560577058675,0.803940688922387
56.8,40,40.9,35,17,0.53,30.104,105.524388255521,3.50532780545843,500,5.80493518860409,7.27634645817561,0.923561414158041
58.35,40,40.9,35,18,0.515,30.05025,100.653917032767,3.34952012155529,500,5.96555807529574,7.00075310153239,0.999224068626293
59.9,40,40.9,35,20,0.49,29.351,94.9006057092816,3.233300593141,500,5.9516952217057,6.6689187867934,0.999747627357996
61.45,40,40.9,35,23,0.47,28.8815,90.623445552887,3.13776796748393,498.675012165398,5.96308919263927,6.42125841292355,0.995536171148689
63,40,40.9,35,22,0.465,29.295,92.6268736455072,3.16186631321069,487.69707017642,5.94977085103774,6.39707988760428,0.803480482788375
47.5,40.5,40.9,35,0,NaN,NaN,NaN,NaN,NaN,NaN,NaN,NaN
49.05,40.5,40.9,35,0,NaN,NaN,NaN,NaN,NaN,NaN,NaN,NaN
50.6,40.5,40.9,35,0,NaN,NaN,NaN,NaN,NaN,NaN,NaN,NaN
52.15,40.5,40.9,35,15,0.525,27.37875,116.999534217489,4.27337019467613,500,4.63125600096502,7.6365534957221,0.894300770037264
53.7,40.5,40.9,35,16,0.525,28.1925,112.052987464251,3.97456725952827,500,4.99406414004,7.49531997649183,0.958839453124515
55.25,40.5,40.9,35,17,0.53,29.2825,108.363523501539,3.70062404171568,500,5.42040123275398,7.40061073233412,0.810746756969838
56.8,40.5,40.9,35,17,0.53,30.104,105.194221798982,3.49436027767015,500,5.790083151438,7.25493769004986,0.930787897087902
58.35,40.5,40.9,35,18,0.515,30.05025,100.42557726618,3.34192152365386,500,5.94400530629998,6.98523381432395,0.999243260305234
59.9,40.5,40.9,35,21,0.49,29.351,94.7837378549006,3.22931885983103,499.724384411929,5.92715397126893,6.65676710294991,0.999767703568611
61.45,40.5,40.9,35,24,0.465,28.57425,89.6416292125149,3.13714722914914,500,5.88673028651223,6.36363815705822,0.995253204438809
63,40.5,40.9,35,23,0.46,28.98,90.7025707416211,3.12983335892413,490.568478333754,5.91467096859539,6.32206879900792,0.819681086387348
47.5,41,40.9,35,0,NaN,NaN,NaN,NaN,NaN,NaN,NaN,NaN
49.05,41,40.9,35,0,NaN,NaN,NaN,NaN,NaN,NaN,NaN,NaN
50.6,41,40.9,35,0,NaN,NaN,NaN,NaN,NaN,NaN,NaN,NaN
52.15,41,40.9,35,15,0.525,27.37875,116.390685327032,4.25113218561959,500,4.62565763906622,7.60528910612848,0.894326940367748
53.7,41,40.9,35,17,0.525,28.1925,111.545367935662,3.9565617783333,500,4.98535476900139,7.46754800693004,0.959534494651596
55.25,41,40.9,35,18,0.53,29.2825,107.96322271286,3.68695373389772,500,5.40836742881899,7.37614786973161,0.817056733621678
56.8,41,40.9,35,18,0.53,30.104,104.876084052771,3.48379232171045,500,5.77515177812748,7.23419866501391,0.936573309088672
58.35,41,40.9,35,18,0.515,30.05025,100.249711480504,3.33606913355142,499.57490421623,5.92082867751377,6.97178390509126,0.999254911143366
59.9,41,40.9,35,21,0.49,29.351,94.7367848049483,3.22771915113449,498.998207601661,5.90119288191309,6.64636647620889,0.999785879668341
61.45,41,40.9,35,24,0.465,28.57425,89.5079876836242,3.1324702374909,500,5.86594439217903,6.3532842540251,0.995949204212104
63,41,40.9,35,24,0.455,28.665,88.8395849408446,3.09923547674323,493.53792523274,5.88198698076436,6.25194958644253,0.819871395539423
47.5,41.5,40.9,35,0,NaN,NaN,NaN,NaN,NaN,NaN,NaN,NaN
49.05,41.5,40.9,35,0,NaN,NaN,NaN,NaN,NaN,NaN,NaN,NaN
50.6,41.5,40.9,35,0,NaN,NaN,NaN,NaN,NaN,NaN,NaN,NaN
52.15,41.5,40.9,35,16,0.525,27.37875,115.800914262682,4.22959098799918,500,4.61986475477077,7.57483865291493,0.892745468790104
53.7,41.5,40.9,35,17,0.525,28.1925,111.053906887979,3.93912944534819,500,4.97654356875681,7.44050968870924,0.959967423857628
55.25,41.5,40.9,35,18,0.53,29.2825,107.577814629363,3.67379201329677,500,5.39630564833548,7.35219896652161,0.822773918533886
56.8,41.5,40.9,35,18,0.53,30.104,104.569752191471,3.4736165357252,500,5.76008491262709,7.21408573200143,0.941009432868087
58.35,41.5,40.9,35,19,0.515,30.05025,100.142044382043,3.33248623163011,498.844290711325,5.89573621381818,6.9601049021052,0.999260276943615
59.9,41.5,40.9,35,22,0.485,29.0515,93.736001416398,3.22654601023692,500,5.83302177567847,6.58309378778132,0.999830878635392
61.45,41.5,40.9,35,25,0.465,28.57425,89.42664038941,3.12962336332222,500,5.84388752456717,6.34379904937567,0.996481634020113
63,41.5,40.9,35,24,0.455,28.665,88.9818224462049,3.104197538678,492.908806124679,5.85213798154967,6.24141339948817,0.85798974896436
47.5,42,40.9,35,0,NaN,NaN,NaN,NaN,NaN,NaN,NaN,NaN
49.05,42,40.9,35,0,NaN,NaN,NaN,NaN,NaN,NaN,NaN,NaN
50.6,42,40.9,35,0,NaN,NaN,NaN,NaN,NaN,NaN,NaN,NaN
52.15,42,40.9,35,16,0.525,27.37875,115.229591050156,4.2087235922077,500,4.61386558926556,7.54516459174268,0.889617539558576
53.7,42,40.9,35,17,0.525,28.1925,110.578109951236,3.92225272505936,500,4.9676471265779,7.41416998109201,0.960139866653962
55.25,42,40.9,35,18,0.53,29.2825,107.207095776947,3.66113193125406,500,5.38421268658161,7.32876291096437,0.827826091020135
56.8,42,40.9,35,18,0.53,30.104,104.275277370764,3.46383461901287,500,5.74480842404108,7.19458244308058,0.944231489008337
58.35,42,40.9,35,19,0.51,29.7585,98.9750159973993,3.32594102516589,500,5.83064982774923,6.88757876141882,0.999638661684947
59.9,42,40.9,35,22,0.485,29.0515,93.5729833988728,3.22093466426425,500,5.81281395230241,6.56925886801272,0.999848070980965
61.45,42,40.9,35,25,0.465,28.57425,89.404565175625,3.12885080712967,499.369912481457,5.82031283501044,6.33498951112573,0.996898984202282
63,42,40.9,35,25,0.45,28.35,87.1902608737357,3.07549421071378,495.955300706538,5.81888407336419,6.17232321578065,0.846538917303796
47.5,42.5,40.9,35,0,NaN,NaN,NaN,NaN,NaN,NaN,NaN,NaN
49.05,42.5,40.9,35,0,NaN,NaN,NaN,NaN,NaN,NaN,NaN,NaN
50.6,42.5,40.9,35,0,NaN,NaN,NaN,NaN,NaN,NaN,NaN,NaN
52.15,42.5,40.9,35,16,0.525,27.37875,114.676114718659,4.18850804798097,500,4.60765927500637,7.51622904429783,0.88492682551201
53.7,42.5,40.9,35,18,0.525,28.1925,110.117523569799,3.90591552965501,500,4.95868379591637,7.38849387075403,0.960051980635868
55.25,42.5,40.9,35,19,0.53,29.2825,106.850887013382,3.64896737004633,500,5.37207852630364,7.30585516846544,0.83216783300309
56.8,42.5,40.9,35,18,0.53,30.104,103.993144423035,3.45446267682153,500,5.72922886214342,7.17570237891801,0.94638891574413
58.35,42.5,40.9,35,20,0.51,29.7585,98.7980155330608,3.31999312912481,500,5.81018574787485,6.87409468526642,0.999645013363985
59.9,42.5,40.9,35,22,0.485,29.0515,93.4596976328079,3.21703518347789,500,5.79175032128402,6.55719377478081,0.999863814231595
61.45,42.5,40.9,35,25,0.465,28.57425,89.4436711265189,3.13021938026436,498.727831049289,5.79506830392678,6.32668214713644,0.9972336694385
63,42.5,40.9,35,26,0.445,28.035,85.6569788052292,3.05535861620222,498.881965701804,5.76870568137506,6.10774246009773,0.803826551471306
47.5,43,40.9,35,0,NaN,NaN,NaN,NaN,NaN,NaN,NaN,NaN
49.05,43,40.9,35,0,NaN,NaN,NaN,NaN,NaN,NaN,NaN,NaN
50.6,43,40.9,35,0,NaN,NaN,NaN,NaN,NaN,NaN,NaN,NaN
52.15,43,40.9,35,16,0.525,27.37875,114.139911290637,4.16892339097426,500,4.60125634596259,7.48799401384168,0.878597915561347
53.7,43,40.9,35,18,0.525,28.1925,109.671736463647,3.8901032708574,500,4.94967083945806,7.36344631348958,0.959703943003479
55.25,43,40.9,35,19,0.53,29.2825,106.509024043152,3.63729271896702,500,5.35988719043655,7.28350420271007,0.835782777089341
56.8,43,40.9,35,19,0.53,30.104,103.724468593106,3.44553775555097,500,5.71323224489298,7.15748405360656,0.947627425626115
58.35,43,40.9,35,21,0.51,29.7585,98.6752019009366,3.31586611895548,499.466339603984,5.78827408118002,6.86227150404519,0.999650398654916
59.9,43,40.9,35,23,0.485,29.0515,93.4026740227412,3.2150723378394,499.353441885318,5.76987307161952,6.54658185647454,0.999878256599162
61.45,43,40.9,35,26,0.465,28.57425,89.5399241362904,3.13358790296475,498.086016236097,5.76818392709037,6.31872904051225,0.997508446747451
63,43,40.9,35,26,0.445,28.035,85.684475931324,3.05633943040214,498.432586608861,5.74635249253529,6.09434027262907,0.859288879648729
47.5,43.5,40.9,35,0,NaN,NaN,NaN,NaN,NaN,NaN,NaN,NaN
49.05,43.5,40.9,35,0,NaN,NaN,NaN,NaN,NaN,NaN,NaN,NaN
50.6,43.5,40.9,35,0,NaN,NaN,NaN,NaN,NaN,NaN,NaN,NaN
52.15,43.5,40.9,35,16,0.525,27.37875,113.620432596529,4.14994959947147,500,4.59467725594966,7.46042139679505,0.870512910673768
53.7,43.5,40.9,35,18,0.525,28.1925,109.240381572972,3.87480292889852,500,4.94062160563758,7.33899216724165,0.959097424355013
55.25,43.5,40.9,35,19,0.53,29.2825,106.181345601986,3.62610247082682,500,5.34761832488214,7.26174520261078,0.838684956084478
56.8,43.5,40.9,35,19,0.53,30.104,103.471203076426,3.43712473679333,500,5.69668310920852,7.13997957155201,0.948080599311429
58.35,43.5,40.9,35,21,0.51,29.7585,98.6167101800589,3.31390057227545,498.769158471025,5.76466564160117,6.85179312237875,0.999655139717192
59.9,43.5,40.9,35,23,0.485,29.0515,93.4044180749949,3.21513237096174,498.705990924844,5.74724732165905,6.53705851145212,0.999891505402431
61.45,43.5,40.9,35,26,0.46,28.267,88.4917539920913,3.13056758736659,500,5.70160479362529,6.26231770104432,0.996993779044638
63,43.5,40.9,35,27,0.44,27.72,84.6329697969172,3.05313743856123,500,5.6755150471953,6.03456026504202,0.800546756626378
47.5,44,40.9,35,0,NaN,NaN,NaN,NaN,NaN,NaN,NaN,NaN
49.05,44,40.9,35,0,NaN,NaN,NaN,NaN,NaN,NaN,NaN,NaN
50.6,44,40.9,35,0,NaN,NaN,NaN,NaN,NaN,NaN,NaN,NaN
52.15,44,40.9,35,16,0.525,27.37875,113.117155859049,4.13156757920098,500,4.58794943192513,7.43347280781582,0.860531974978101
53.7,44,40.9,35,18,0.525,28.1925,108.823138371584,3.86000313457778,500,4.93154318706954,7.31509608444703,0.958237215919128
55.25,44,40.9,35,20,0.53,29.2825,105.867679195181,3.6153907349161,500,5.3352492856106,7.24061227719425,0.840918627669689
56.8,44,40.9,35,19,0.53,30.104,103.236301278673,3.42932172730111,500,5.67942422007353,7.12324020257127,0.947867950077596
58.35,44,40.9,35,21,0.505,29.46675,97.5146384451949,3.30931095031501,500,5.7035894523565,6.78091905052218,0.999831627174356
59.9,44,40.9,35,23,0.48,28.752,92.4240479177573,3.21452587360035,500,5.68153580664467,6.4732886696139,0.999921312361252
61.45,44,40.9,35,26,0.46,28.267,88.4112015814756,3.12771788946388,500,5.68135961075984,6.25159356698848,0.997267983793761
63,44,40.9,35,27,0.44,27.72,84.5684617147003,3.05081030716812,500,5.65696174953071,6.02181949485144,0.863758282679929
47.5,44.5,40.9,35,0,NaN,NaN,NaN,NaN,NaN,NaN,NaN,NaN
49.05,44.5,40.9,35,0,NaN,NaN,NaN,NaN,NaN,NaN,NaN,NaN
50.6,44.5,40.9,35,0,NaN,NaN,NaN,NaN,NaN,NaN,NaN,NaN
52.15,44.5,40.9,35,16,0.525,27.37875,112.629583992941,4.11375917428448,500,4.58110347707117,7.40710924737376,0.84852393046416
53.7,44.5,40.9,35,19,0.525,28.1925,108.419735416518,3.84569425969738,500,4.92243491368987,7.291722297154,0.957133122089529
55.25,44.5,40.9,35,20,0.53,29.2825,105.567824543253,3.60515067167261,500,5.32275744883909,7.22013067401541,0.842556340293935
56.8,44.5,40.9,35,20,0.53,30.104,103.023743059709,3.42226093076366,500,5.66127769443721,7.10730234776475,0.947096566803236
58.35,44.5,40.9,35,22,0.505,29.46675,97.3898263427882,3.30507525746097,500,5.68518704463613,6.76844998714542,0.999839199631664
59.9,44.5,40.9,35,24,0.48,28.752,92.3159930074303,3.21076770337473,500,5.66428203630057,6.46070248887747,0.999932539824838
61.45,44.5,40.9,35,27,0.46,28.267,88.3862031678257,3.12683352205136,499.624544933778,5.65984528426928,6.24153831660917,0.997501741814938
63,44.5,40.9,35,27,0.44,27.72,84.5621577730459,3.05058289224552,500,5.63672148849002,6.01199292409122,0.901235593402342
47.5,45,40.9,35,0,NaN,NaN,NaN,NaN,NaN,NaN,NaN,NaN
49.05,45,40.9,35,0,NaN,NaN,NaN,NaN,NaN,NaN,NaN,NaN
50.6,45,40.9,35,0,NaN,NaN,NaN,NaN,NaN,NaN,NaN,NaN
52.15,45,40.9,35,16,0.525,27.37875,112.157246569281,4.09650720245742,500,4.57416914710482,7.38129064834105,0.834413048703947
53.7,45,40.9,35,19,0.525,28.1925,108.029952974725,3.83186851023233,500,4.91328789676833,7.26883420467912,0.95580216298941
55.25,45,40.9,35,20,0.53,29.2825,105.28153528612,3.59537386787739,500,5.31012245510711,7.20031040289197,0.84369540434249
56.8,45,40.9,35,20,0.53,30.104,102.838309760615,3.41610117461516,500,5.64204870269389,7.09217661690515,0.945864191218455
58.35,45,40.9,35,22,0.505,29.46675,97.3176413118009,3.30262554614272,499.526892808826,5.6656150401008,6.75723970905111,0.999846614318292
59.9,45,40.9,35,24,0.48,28.752,92.2527063503169,3.20856658146623,499.954361781962,5.64667676836121,6.44939029621766,0.999942276310847
61.45,45,40.9,35,27,0.46,28.267,88.4197475400972,3.12802021934047,499.007269594675,5.63713741119962,6.23205228670809,0.997708393317875
63,45,40.9,35,28,0.44,27.72,84.6097468131213,3.05229966858302,499.682295972669,5.61434170746299,6.00474194829635,0.924971999418194
47.5,20,41.2,35,0,NaN,NaN,NaN,NaN,NaN,NaN,NaN,NaN
49.05,20,41.2,35,0,NaN,NaN,NaN,NaN,NaN,NaN,NaN,NaN
50.6,20,41.2,35,0,NaN,NaN,NaN,NaN,NaN,NaN,NaN,NaN
52.15,20,41.2,35,0,NaN,NaN,NaN,NaN,NaN,NaN,NaN,NaN
53.7,20,41.2,35,0,NaN,NaN,NaN,NaN,NaN,NaN,NaN,NaN
55.25,20,41.2,35,0,NaN,NaN,NaN,NaN,NaN,NaN,NaN,NaN
56.8,20,41.2,35,0,NaN,NaN,NaN,NaN,NaN,NaN,NaN,NaN
58.35,20,41.2,35,0,NaN,NaN,NaN,NaN,NaN,NaN,NaN,NaN
59.9,20,41.2,35,5,0.55,32.945,130.059575472452,3.94777888822133,500,7.55304179244532,8.75090868377907,0.897926037055184
61.45,20,41.2,35,5,0.55,33.7975,130.136585080874,3.85047962366665,499.437373453596,8.28324533584113,7.26639598344923,0.890964866292662
63,20,41.2,35,4,0.555,34.965,137.280356077377,3.92622211003509,485.956310724138,9.07010055452252,7.26285795728052,0.870585922824746
47.5,20.5,41.2,35,0,NaN,NaN,NaN,NaN,NaN,NaN,NaN,NaN
49.05,20.5,41.2,35,0,NaN,NaN,NaN,NaN,NaN,NaN,NaN,NaN
50.6,20.5,41.2,35,0,NaN,NaN,NaN,NaN,NaN,NaN,NaN,NaN
52.15,20.5,41.2,35,0,NaN,NaN,NaN,NaN,NaN,NaN,NaN,NaN
53.7,20.5,41.2,35,0,NaN,NaN,NaN,NaN,NaN,NaN,NaN,NaN
55.25,20.5,41.2,35,0,NaN,NaN,NaN,NaN,NaN,NaN,NaN,NaN
56.8,20.5,41.2,35,0,NaN,NaN,NaN,NaN,NaN,NaN,NaN,NaN
58.35,20.5,41.2,35,0,NaN,NaN,NaN,NaN,NaN,NaN,NaN,NaN
59.9,20.5,41.2,35,6,0.545,32.6455,127.405976662512,3.90271175698065,500,7.48526496042809,8.66636056046449,0.809399555369413
61.45,20.5,41.2,35,5,0.55,33.7975,129.544598435215,3.83296393032664,497.225266628215,8.12903487411049,7.35390354486933,0.944882074802488
63,20.5,41.2,35,4,0.555,34.965,136.725790366635,3.91036151484728,485.068104251516,8.93382989289256,7.39598310998308,0.928699871723804
47.5,21,41.2,35,0,NaN,NaN,NaN,NaN,NaN,NaN,NaN,NaN
49.05,21,41.2,35,0,NaN,NaN,NaN,NaN,NaN,NaN,NaN,NaN
50.6,21,41.2,35,0,NaN,NaN,NaN,NaN,NaN,NaN,NaN,NaN
52.15,21,41.2,35,0,NaN,NaN,NaN,NaN,NaN,NaN,NaN,NaN
53.7,21,41.2,35,0,NaN,NaN,NaN,NaN,NaN,NaN,NaN,NaN
55.25,21,41.2,35,0,NaN,NaN,NaN,NaN,NaN,NaN,NaN,NaN
56.8,21,41.2,35,0,NaN,NaN,NaN,NaN,NaN,NaN,NaN,NaN
58.35,21,41.2,35,0,NaN,NaN,NaN,NaN,NaN,NaN,NaN,NaN
59.9,21,41.2,35,6,0.545,32.6455,126.272905883462,3.86800342722465,500,7.45057393183336,8.57190325140114,0.906726158541985
61.45,21,41.2,35,6,0.545,33.49025,126.537423941743,3.77833620058801,499.102984665496,8.10264779898898,7.2503358792159,0.860845672624427
63,21,41.2,35,5,0.55,34.65,133.854006125427,3.86303047981029,486.70660144895,8.92767047971025,7.18150998807033,0.811989671082387
47.5,21.5,41.2,35,0,NaN,NaN,NaN,NaN,NaN,NaN,NaN,NaN
49.05,21.5,41.2,35,0,NaN,NaN,NaN,NaN,NaN,NaN,NaN,NaN
50.6,21.5,41.2,35,0,NaN,NaN,NaN,NaN,NaN,NaN,NaN,NaN
52.15,21.5,41.2,35,0,NaN,NaN,NaN,NaN,NaN,NaN,NaN,NaN
53.7,21.5,41.2,35,0,NaN,NaN,NaN,NaN,NaN,NaN,NaN,NaN
55.25,21.5,41.2,35,0,NaN,NaN,NaN,NaN,NaN,NaN,NaN,NaN
56.8,21.5,41.2,35,0,NaN,NaN,NaN,NaN,NaN,NaN,NaN,NaN
58.35,21.5,41.2,35,2,0.555,32.38425,133.816082592678,4.13213468252863,500,7.05308936259896,8.86488676285761,0.828117698253584
59.9,21.5,41.2,35,7,0.54,32.346,123.907183054677,3.83068024035978,500,7.37852689917918,8.4750468670089,0.800098963551041
61.45,21.5,41.2,35,6,0.545,33.49025,126.044574177053,3.76361998423579,496.73425494729,7.95582999916979,7.34447896107488,0.935455794221287
63,21.5,41.2,35,5,0.55,34.65,133.40619911926,3.8501067566886,485.783272794673,8.78114972648698,7.31832309277264,0.902638793396255
47.5,22,41.2,35,0,NaN,NaN,NaN,NaN,NaN,NaN,NaN,NaN
49.05,22,41.2,35,0,NaN,NaN,NaN,NaN,NaN,NaN,NaN,NaN
50.6,22,41.2,35,0,NaN,NaN,NaN,NaN,NaN,NaN,NaN,NaN
52.15,22,41.2,35,0,NaN,NaN,NaN,NaN,NaN,NaN,NaN,NaN
53.7,22,41.2,35,0,NaN,NaN,NaN,NaN,NaN,NaN,NaN,NaN
55.25,22,41.2,35,0,NaN,NaN,NaN,NaN,NaN,NaN,NaN,NaN
56.8,22,41.2,35,0,NaN,NaN,NaN,NaN,NaN,NaN,NaN,NaN
58.35,22,41.2,35,3,0.555,32.38425,132.5070088452,4.09171152165636,500,7.03469151410393,8.80431380881846,0.84807640851536
59.9,22,41.2,35,7,0.54,32.346,122.852760054474,3.79808199018346,500,7.34823162615183,8.38686761861167,0.909583152360135
61.45,22,41.2,35,7,0.54,33.183,123.177682172291,3.71207190948048,498.57774204137,7.92756772453055,7.25385609231387,0.825668637082639
63,22,41.2,35,5,0.55,34.65,132.967399464685,3.83744298599379,484.809228538124,8.62718230994703,7.46724111570773,0.940624163071066
47.5,22.5,41.2,35,0,NaN,NaN,NaN,NaN,NaN,NaN,NaN,NaN
49.05,22.5,41.2,35,0,NaN,NaN,NaN,NaN,NaN,NaN,NaN,NaN
50.6,22.5,41.2,35,0,NaN,NaN,NaN,NaN,NaN,NaN,NaN,NaN
52.15,22.5,41.2,35,0,NaN,NaN,NaN,NaN,NaN,NaN,NaN,NaN
53.7,22.5,41.2,35,0,NaN,NaN,NaN,NaN,NaN,NaN,NaN,NaN
55.25,22.5,41.2,35,0,NaN,NaN,NaN,NaN,NaN,NaN,NaN,NaN
56.8,22.5,41.2,35,0,NaN,NaN,NaN,NaN,NaN,NaN,NaN,NaN
58.35,22.5,41.2,35,4,0.555,32.38425,131.250232074915,4.05290325003403,500,7.01709083805325,8.74191754768172,0.85821722434429
59.9,22.5,41.2,35,7,0.54,32.346,121.863431670117,3.7674961871674,500,7.32031695181897,8.30243179711539,0.949896356209575
61.45,22.5,41.2,35,7,0.54,33.183,122.767853279421,3.69972134163341,496.140663714128,7.79107904965102,7.35233055851825,0.925503937895361
63,22.5,41.2,35,6,0.545,34.335,130.251808442243,3.79355784017017,486.445027234394,8.6151829125352,7.24056931094145,0.875765523959839
47.5,23,41.2,35,0,NaN,NaN,NaN,NaN,NaN,NaN,NaN,NaN
49.05,23,41.2,35,0,NaN,NaN,NaN,NaN,NaN,NaN,NaN,NaN
50.6,23,41.2,35,0,NaN,NaN,NaN,NaN,NaN,NaN,NaN,NaN
52.15,23,41.2,35,0,NaN,NaN,NaN,NaN,NaN,NaN,NaN,NaN
53.7,23,41.2,35,0,NaN,NaN,NaN,NaN,NaN,NaN,NaN,NaN
55.25,23,41.2,35,0,NaN,NaN,NaN,NaN,NaN,NaN,NaN,NaN
56.8,23,41.2,35,0,NaN,NaN,NaN,NaN,NaN,NaN,NaN,NaN
58.35,23,41.2,35,5,0.555,32.38425,130.04941865994,4.01582308251511,500,7.00021386895977,8.67832011809259,0.859733823668292
59.9,23,41.2,35,8,0.54,32.346,120.93190939068,3.7386975017214,500,7.29387175748339,8.22336766265805,0.966545171966957
61.45,23,41.2,35,8,0.535,32.87575,120.029432863574,3.65100211747486,497.933519436298,7.75996847751566,7.28071962269903,0.806772949803664
63,23,41.2,35,6,0.545,34.335,129.901616402878,3.78335856714368,485.415750082476,8.45181494675002,7.38901823878901,0.927590504579876
47.5,23.5,41.2,35,0,NaN,NaN,NaN,NaN,NaN,NaN,NaN,NaN
49.05,23.5,41.2,35,0,NaN,NaN,NaN,NaN,NaN,NaN,NaN,NaN
50.6,23.5,41.2,35,0,NaN,NaN,NaN,NaN,NaN,NaN,NaN,NaN
52.15,23.5,41.2,35,0,NaN,NaN,NaN,NaN,NaN,NaN,NaN,NaN
53.7,23.5,41.2,35,0,NaN,NaN,NaN,NaN,NaN,NaN,NaN,NaN
55.25,23.5,41.2,35,0,NaN,NaN,NaN,NaN,NaN,NaN,NaN,NaN
56.8,23.5,41.2,35,0,NaN,NaN,NaN,NaN,NaN,NaN,NaN,NaN
58.35,23.5,41.2,35,5,0.555,32.38425,128.906535470136,3.9805317544836,500,6.98398052905781,8.61430799092873,0.852447596099767
59.9,23.5,41.2,35,8,0.535,32.0465,118.91308923902,3.71064201204562,500,7.21856022413289,8.1383139823717,0.953743065275559
61.45,23.5,41.2,35,8,0.535,32.87575,119.687608497569,3.64060465533315,495.560444313132,7.63603030467361,7.3777020206529,0.922133701654411
63,23.5,41.2,35,7,0.54,34.02,127.242460279486,3.74022516988496,487.046004694353,8.43731002763239,7.16883210953243,0.864565361301773
47.5,24,41.2,35,0,NaN,NaN,NaN,NaN,NaN,NaN,NaN,NaN
49.05,24,41.2,35,0,NaN,NaN,NaN,NaN,NaN,NaN,NaN,NaN
50.6,24,41.2,35,0,NaN,NaN,NaN,NaN,NaN,NaN,NaN,NaN
52.15,24,41.2,35,0,NaN,NaN,NaN,NaN,NaN,NaN,NaN,NaN
53.7,24,41.2,35,0,NaN,NaN,NaN,NaN,NaN,NaN,NaN,NaN
55.25,24,41.2,35,0,NaN,NaN,NaN,NaN,NaN,NaN,NaN,NaN
56.8,24,41.2,35,0,NaN,NaN,NaN,NaN,NaN,NaN,NaN,NaN
58.35,24,41.2,35,6,0.555,32.38425,127.821815627683,3.94703646456791,500,6.96829755115665,8.5507506942082,0.834829534641689
59.9,24,41.2,35,9,0.535,32.0465,118.040448163039,3.68341154768972,500,7.19403857255069,8.06912950139422,0.969849711475318
61.45,24,41.2,35,9,0.53,32.5685,117.067343704251,3.59449602236059,497.280706083164,7.60088319499225,7.32561259474757,0.826618225575513
63,24,41.2,35,7,0.54,34.02,126.96908766139,3.73218952561406,485.944510709658,8.26644995456529,7.31704199636796,0.921827892040389
47.5,24.5,41.2,35,0,NaN,NaN,NaN,NaN,NaN,NaN,NaN,NaN
49.05,24.5,41.2,35,0,NaN,NaN,NaN,NaN,NaN,NaN,NaN,NaN
50.6,24.5,41.2,35,0,NaN,NaN,NaN,NaN,NaN,NaN,NaN,NaN
52.15,24.5,41.2,35,0,NaN,NaN,NaN,NaN,NaN,NaN,NaN,NaN
53.7,24.5,41.2,35,0,NaN,NaN,NaN,NaN,NaN,NaN,NaN,NaN
55.25,24.5,41.2,35,0,NaN,NaN,NaN,NaN,NaN,NaN,NaN,NaN
56.8,24.5,41.2,35,0,NaN,NaN,NaN,NaN,NaN,NaN,NaN,NaN
58.35,24.5,41.2,35,6,0.555,32.38425,126.793790481936,3.91529186199883,500,6.95304965218448,8.48850067257321,0.803998668236851
59.9,24.5,41.2,35,10,0.535,32.0465,117.216225959742,3.65769197758701,500,7.17005496755417,8.0049228451148,0.976952676870305
61.45,24.5,41.2,35,9,0.53,32.5685,116.780173576169,3.58567860282692,495.125383296812,7.49091095256551,7.41118097750623,0.930224061520204
63,24.5,41.2,35,8,0.535,33.705,124.360952634011,3.68968855166923,487.579945637358,8.24941746875029,7.10760337529761,0.875461243122491
47.5,25,41.2,35,0,NaN,NaN,NaN,NaN,NaN,NaN,NaN,NaN
49.05,25,41.2,35,0,NaN,NaN,NaN,NaN,NaN,NaN,NaN,NaN
50.6,25,41.2,35,0,NaN,NaN,NaN,NaN,NaN,NaN,NaN,NaN
52.15,25,41.2,35,0,NaN,NaN,NaN,NaN,NaN,NaN,NaN,NaN
53.7,25,41.2,35,0,NaN,NaN,NaN,NaN,NaN,NaN,NaN,NaN
55.25,25,41.2,35,0,NaN,NaN,NaN,NaN,NaN,NaN,NaN,NaN
56.8,25,41.2,35,0,NaN,NaN,NaN,NaN,NaN,NaN,NaN,NaN
58.35,25,41.2,35,6,0.55,32.0925,125.048149662066,3.89649138153981,500,6.88125289667129,8.3969718215405,0.876939814337669
59.9,25,41.2,35,10,0.535,32.0465,116.439553280172,3.63345617400253,500,7.14621987249032,7.94675462580918,0.980414161729196
61.45,25,41.2,35,10,0.525,32.26125,114.269980217442,3.54201961230398,496.749957963701,7.4505905870675,7.37054087209038,0.873282377901751
63,25,41.2,35,9,0.53,33.39,121.741986854361,3.64606130141841,489.237575567259,8.23065018438333,6.9033741521849,0.81160337318412
47.5,25.5,41.2,35,0,NaN,NaN,NaN,NaN,NaN,NaN,NaN,NaN
49.05,25.5,41.2,35,0,NaN,NaN,NaN,NaN,NaN,NaN,NaN,NaN
50.6,25.5,41.2,35,0,NaN,NaN,NaN,NaN,NaN,NaN,NaN,NaN
52.15,25.5,41.2,35,0,NaN,NaN,NaN,NaN,NaN,NaN,NaN,NaN
53.7,25.5,41.2,35,0,NaN,NaN,NaN,NaN,NaN,NaN,NaN,NaN
55.25,25.5,41.2,35,0,NaN,NaN,NaN,NaN,NaN,NaN,NaN,NaN
56.8,25.5,41.2,35,0,NaN,NaN,NaN,NaN,NaN,NaN,NaN,NaN
58.35,25.5,41.2,35,7,0.55,32.0925,124.113131002595,3.86735626712144,500,6.86583610712353,8.33897133640892,0.849141992500911
59.9,25.5,41.2,35,10,0.535,32.0465,115.71544050187,3.61086048404255,500,7.12218514228901,7.89548897318821,0.982168781084422
61.45,25.5,41.2,35,10,0.525,32.26125,114.025794627525,3.53445060645589,494.943921781817,7.35517313720371,7.43432551141624,0.944002536643203
63,25.5,41.2,35,9,0.53,33.39,121.593023575806,3.64159998729577,488.040232190354,8.05381710020199,7.05822740801984,0.894111185426018
47.5,26,41.2,35,0,NaN,NaN,NaN,NaN,NaN,NaN,NaN,NaN
49.05,26,41.2,35,0,NaN,NaN,NaN,NaN,NaN,NaN,NaN,NaN
50.6,26,41.2,35,0,NaN,NaN,NaN,NaN,NaN,NaN,NaN,NaN
52.15,26,41.2,35,0,NaN,NaN,NaN,NaN,NaN,NaN,NaN,NaN
53.7,26,41.2,35,0,NaN,NaN,NaN,NaN,NaN,NaN,NaN,NaN
55.25,26,41.2,35,0,NaN,NaN,NaN,NaN,NaN,NaN,NaN,NaN
56.8,26,41.2,35,2,0.53,30.104,125.64312931857,4.1736357068353,500,6.1285821602094,8.38657884398088,0.826758421712461
58.35,26,41.2,35,7,0.55,32.0925,123.220319362422,3.83953632039955,500,6.85077391451402,8.28327995386953,0.807550623087537
59.9,26,41.2,35,10,0.535,32.0465,115.054832991292,3.59024645409927,500,7.09759238249792,7.85135812851381,0.983018223516946
61.45,26,41.2,35,11,0.52,31.954,111.62016051677,3.49315142131721,496.453672546579,7.30886421546718,7.39192778249369,0.913882494812811
63,26,41.2,35,10,0.525,33.075,119.026135970864,3.59867380108434,489.735080584584,8.03082652939633,6.8641844168791,0.853349878477718
47.5,26.5,41.2,35,0,NaN,NaN,NaN,NaN,NaN,NaN,NaN,NaN
49.05,26.5,41.2,35,0,NaN,NaN,NaN,NaN,NaN,NaN,NaN,NaN
50.6,26.5,41.2,35,0,NaN,NaN,NaN,NaN,NaN,NaN,NaN,NaN
52.15,26.5,41.2,35,0,NaN,NaN,NaN,NaN,NaN,NaN,NaN,NaN
53.7,26.5,41.2,35,0,NaN,NaN,NaN,NaN,NaN,NaN,NaN,NaN
55.25,26.5,41.2,35,0,NaN,NaN,NaN,NaN,NaN,NaN,NaN,NaN
56.8,26.5,41.2,35,3,0.53,30.104,124.601482326105,4.13903409268219,500,6.11633653665544,8.33152252549683,0.876985604349829
58.35,26.5,41.2,35,7,0.545,31.80075,121.442121529881,3.81884457221547,500,6.77396087525957,8.19516603708091,0.890136765366122
59.9,26.5,41.2,35,11,0.53,31.747,113.314718552945,3.56930477062225,500,7.02222218649753,7.77389246395315,0.983876446935557
61.45,26.5,41.2,35,12,0.515,31.64675,109.392559344803,3.45667594128316,497.691154561936,7.25039252697092,7.34913456230456,0.860887552369828
63,26.5,41.2,35,11,0.52,32.76,116.488136564673,3.55580392444056,491.494821440883,8.00184910969632,6.68153933288684,0.80041392253613
47.5,27,41.2,35,0,NaN,NaN,NaN,NaN,NaN,NaN,NaN,NaN
49.05,27,41.2,35,0,NaN,NaN,NaN,NaN,NaN,NaN,NaN,NaN
50.6,27,41.2,35,0,NaN,NaN,NaN,NaN,NaN,NaN,NaN,NaN
52.15,27,41.2,35,0,NaN,NaN,NaN,NaN,NaN,NaN,NaN,NaN
53.7,27,41.2,35,0,NaN,NaN,NaN,NaN,NaN,NaN,NaN,NaN
55.25,27,41.2,35,0,NaN,NaN,NaN,NaN,NaN,NaN,NaN,NaN
56.8,27,41.2,35,4,0.53,30.104,123.60561174117,4.10595308733624,500,6.10392605155013,8.27862250608662,0.906573633460586
58.35,27,41.2,35,7,0.545,31.80075,120.65213588273,3.79400284215717,500,6.75858301858717,8.14441979151784,0.861274770277489
59.9,27,41.2,35,10,0.53,31.747,112.668698032053,3.54895574485946,500,6.99926019348665,7.73073201259875,0.984582281825329
61.45,27,41.2,35,12,0.515,31.64675,109.104948845821,3.44758778850342,496.442691960602,7.17513272480264,7.37483868537216,0.939018953329743
63,27,41.2,35,11,0.52,32.76,116.410546942107,3.5534354988433,490.164605776425,7.82530571045697,6.83562061842778,0.875204137524545
47.5,27.5,41.2,35,0,NaN,NaN,NaN,NaN,NaN,NaN,NaN,NaN
49.05,27.5,41.2,35,0,NaN,NaN,NaN,NaN,NaN,NaN,NaN,NaN
50.6,27.5,41.2,35,0,NaN,NaN,NaN,NaN,NaN,NaN,NaN,NaN
52.15,27.5,41.2,35,0,NaN,NaN,NaN,NaN,NaN,NaN,NaN,NaN
53.7,27.5,41.2,35,0,NaN,NaN,NaN,NaN,NaN,NaN,NaN,NaN
55.25,27.5,41.2,35,0,NaN,NaN,NaN,NaN,NaN,NaN,NaN,NaN
56.8,27.5,41.2,35,5,0.53,30.104,122.653063070486,4.07431115700526,500,6.09134227517554,8.22768514536077,0.923205814272546
58.35,27.5,41.2,35,8,0.545,31.80075,119.894354660486,3.77017380597899,500,6.7434823261129,8.09605074448061,0.822722071734423
59.9,27.5,41.2,35,11,0.53,31.747,112.09253480046,3.53080715659622,500,6.97560342843929,7.69316754588312,0.984888845984215
61.45,27.5,41.2,35,13,0.51,31.3395,106.990210819453,3.41390930995877,497.564464077837,7.10993754395145,7.31529082229491,0.911518712283459
63,27.5,41.2,35,12,0.515,32.445,113.931093022187,3.51151465625479,491.973823662439,7.79018318253072,6.65962792656083,0.830071615553054
47.5,28,41.2,35,0,NaN,NaN,NaN,NaN,NaN,NaN,NaN,NaN
49.05,28,41.2,35,0,NaN,NaN,NaN,NaN,NaN,NaN,NaN,NaN
50.6,28,41.2,35,0,NaN,NaN,NaN,NaN,NaN,NaN,NaN,NaN
52.15,28,41.2,35,0,NaN,NaN,NaN,NaN,NaN,NaN,NaN,NaN
53.7,28,41.2,35,0,NaN,NaN,NaN,NaN,NaN,NaN,NaN,NaN
55.25,28,41.2,35,0,NaN,NaN,NaN,NaN,NaN,NaN,NaN,NaN
56.8,28,41.2,35,6,0.53,30.104,121.7413797406,4.04402669879751,500,6.07858015736277,8.17852470040537,0.931624059848429
58.35,28,41.2,35,8,0.54,31.509,118.114263795107,3.74858814291494,500,6.66239203810981,8.01239694372029,0.911445463319514
59.9,28,41.2,35,12,0.53,31.747,111.603293350119,3.51539652093486,500,6.95080977335888,7.66110896044728,0.984947743361029
61.45,28,41.2,35,14,0.505,31.03225,105.097853395022,3.38673004358439,498.546708628986,7.03200743939023,7.24905678342217,0.859997445336596
63,28,41.2,35,12,0.515,32.445,113.886994727593,3.51015548551681,490.504820982552,7.61762930301889,6.8133160458792,0.882152273402645
47.5,28.5,41.2,35,0,NaN,NaN,NaN,NaN,NaN,NaN,NaN,NaN
49.05,28.5,41.2,35,0,NaN,NaN,NaN,NaN,NaN,NaN,NaN,NaN
50.6,28.5,41.2,35,0,NaN,NaN,NaN,NaN,NaN,NaN,NaN,NaN
52.15,28.5,41.2,35,0,NaN,NaN,NaN,NaN,NaN,NaN,NaN,NaN
53.7,28.5,41.2,35,0,NaN,NaN,NaN,NaN,NaN,NaN,NaN,NaN
55.25,28.5,41.2,35,0,NaN,NaN,NaN,NaN,NaN,NaN,NaN,NaN
56.8,28.5,41.2,35,6,0.53,30.104,120.86816128197,4.01501997349089,500,6.06563974336471,8.13098530600657,0.934542212425162
58.35,28.5,41.2,35,8,0.54,31.509,117.433583082617,3.72698540361855,500,6.64688572692866,7.96831831377229,0.891655375386242
59.9,28.5,41.2,35,11,0.525,31.4475,110.032377103301,3.49892287473729,500,6.87321745850528,7.58360468254265,0.986580500941637
61.45,28.5,41.2,35,14,0.505,31.03225,104.720794362262,3.37457948947505,497.731751054223,6.97682393167677,7.24549557590442,0.940362408085176
63,28.5,41.2,35,13,0.51,32.13,111.46618976461,3.46922470478088,492.36153506472,7.57621587643357,6.64496328360144,0.832094306790289
47.5,29,41.2,35,0,NaN,NaN,NaN,NaN,NaN,NaN,NaN,NaN
49.05,29,41.2,35,0,NaN,NaN,NaN,NaN,NaN,NaN,NaN,NaN
50.6,29,41.2,35,0,NaN,NaN,NaN,NaN,NaN,NaN,NaN,NaN
52.15,29,41.2,35,0,NaN,NaN,NaN,NaN,NaN,NaN,NaN,NaN
53.7,29,41.2,35,0,NaN,NaN,NaN,NaN,NaN,NaN,NaN,NaN
55.25,29,41.2,35,4,0.52,28.73,126.192667325078,4.39236572659513,500,5.45402314277065,8.25306775718388,0.803675598556632
56.8,29,41.2,35,7,0.53,30.104,120.031106047562,3.98721452456691,500,6.05252787868533,8.08495534537462,0.933465980280966
58.35,29,41.2,35,9,0.54,31.509,116.780895446728,3.70627107958768,500,6.63157524937942,7.92626105577688,0.867379517130609
59.9,29,41.2,35,12,0.525,31.4475,109.511966172333,3.48237431186369,500,6.85023870894547,7.54986704736262,0.98681076549007
61.45,29,41.2,35,15,0.5,30.725,102.969562575132,3.35132831814911,498.695940024941,6.89264441533498,7.16835065470988,0.907034809691106
63,29,41.2,35,13,0.51,32.13,111.448951322936,3.46868818309792,490.719151601103,7.41194927496139,6.79294810923765,0.872096790736093
47.5,29.5,41.2,35,0,NaN,NaN,NaN,NaN,NaN,NaN,NaN,NaN
49.05,29.5,41.2,35,0,NaN,NaN,NaN,NaN,NaN,NaN,NaN,NaN
50.6,29.5,41.2,35,0,NaN,NaN,NaN,NaN,NaN,NaN,NaN,NaN
52.15,29.5,41.2,35,0,NaN,NaN,NaN,NaN,NaN,NaN,NaN,NaN
53.7,29.5,41.2,35,0,NaN,NaN,NaN,NaN,NaN,NaN,NaN,NaN
55.25,29.5,41.2,35,5,0.52,28.73,125.165907581573,4.35662748282537,500,5.44682691299956,8.20258251742212,0.888952955666079
56.8,29.5,41.2,35,8,0.53,30.104,119.228040708084,3.96053815798844,500,6.03925939359311,8.04036981425338,0.929226449666132
58.35,29.5,41.2,35,9,0.54,31.509,116.153911566863,3.68637251473746,500,6.61638618609157,7.88613475615115,0.838489815962026
59.9,29.5,41.2,35,12,0.525,31.4475,109.083349064959,3.46874470355225,500,6.82594324836229,7.5208141729644,0.98696004530674
61.45,29.5,41.2,35,16,0.495,30.41775,101.458416942233,3.33550038849792,499.741851580097,6.7968081750315,7.09169440972492,0.815271244281947
63,29.5,41.2,35,14,0.505,31.815,109.087625317321,3.42881110536919,492.615103955514,7.364659676399,6.63379282723636,0.802946862787417
47.5,30,41.2,35,0,NaN,NaN,NaN,NaN,NaN,NaN,NaN,NaN
49.05,30,41.2,35,0,NaN,NaN,NaN,NaN,NaN,NaN,NaN,NaN
50.6,30,41.2,35,0,NaN,NaN,NaN,NaN,NaN,NaN,NaN,NaN
52.15,30,41.2,35,0,NaN,NaN,NaN,NaN,NaN,NaN,NaN,NaN
53.7,30,41.2,35,0,NaN,NaN,NaN,NaN,NaN,NaN,NaN,NaN
55.25,30,41.2,35,7,0.525,29.00625,124.250287935782,4.28356950435791,500,5.51190405860872,8.18962175412773,0.809354705704781
56.8,30,41.2,35,8,0.53,30.104,118.456938538854,3.93492354965634,500,6.02585715088973,7.9972003106989,0.922289747256131
58.35,30,41.2,35,10,0.54,31.509,115.550058818936,3.66720806178984,500,6.60121584078605,7.84777589850225,0.804950582840312
59.9,30,41.2,35,13,0.525,31.4475,108.760458337288,3.45847709157445,500,6.79971572587833,7.4962298009632,0.987068719992605
61.45,30,41.2,35,16,0.495,30.41775,100.992576704249,3.32018563845943,499.2663837685,6.75902296774429,7.07269104384993,0.926848489565722
63,30,41.2,35,14,0.505,31.815,109.091204461599,3.42892360401065,490.770145622972,7.21260343715687,6.77134500518822,0.836874706051433
47.5,30.5,41.2,35,0,NaN,NaN,NaN,NaN,NaN,NaN,NaN,NaN
49.05,30.5,41.2,35,0,NaN,NaN,NaN,NaN,NaN,NaN,NaN,NaN
50.6,30.5,41.2,35,0,NaN,NaN,NaN,NaN,NaN,NaN,NaN,NaN
52.15,30.5,41.2,35,0,NaN,NaN,NaN,NaN,NaN,NaN,NaN,NaN
53.7,30.5,41.2,35,0,NaN,NaN,NaN,NaN,NaN,NaN,NaN,NaN
55.25,30.5,41.2,35,8,0.525,29.00625,123.321582304648,4.25155207255843,500,5.50340793357612,8.14274445964004,0.864935367125145
56.8,30.5,41.2,35,9,0.53,30.104,117.715928537933,3.910308548297,500,6.01235047876143,7.95543767345906,0.91292572001743
58.35,30.5,41.2,35,9,0.535,31.21725,113.940194210953,3.64991132181577,500,6.51566427966446,7.77078282449636,0.916110699487207
59.9,30.5,41.2,35,12,0.52,31.148,107.251617650546,3.44329066554981,500,6.72136297449063,7.41672914250205,0.989806348600547
61.45,30.5,41.2,35,17,0.495,30.41775,100.599270765108,3.30725549276682,499.059059464092,6.72515888202326,7.05056064752113,0.963966773269928
63,30.5,41.2,35,14,0.505,31.815,109.123435159572,3.42993667011069,488.653036383531,7.07153595676822,6.8844587481918,0.860156384754825
47.5,31,41.2,35,0,NaN,NaN,NaN,NaN,NaN,NaN,NaN,NaN
49.05,31,41.2,35,0,NaN,NaN,NaN,NaN,NaN,NaN,NaN,NaN
50.6,31,41.2,35,0,NaN,NaN,NaN,NaN,NaN,NaN,NaN,NaN
52.15,31,41.2,35,0,NaN,NaN,NaN,NaN,NaN,NaN,NaN,NaN
53.7,31,41.2,35,4,0.505,27.1185,130.676799096717,4.81873256620818,500,4.77269974111967,8.20072900215458,0.810091597869129
55.25,31,41.2,35,9,0.525,29.00625,122.42925153897,4.22078867619807,500,5.49465442000218,8.09725821600203,0.898182388621666
56.8,31,41.2,35,9,0.53,30.104,117.003297377665,3.88663624028918,500,5.99877193405423,7.91507451931744,0.9012964948686
58.35,31,41.2,35,10,0.535,31.21725,113.382843905213,3.63205740112319,500,6.50008852128644,7.73518150980334,0.901064113610464
59.9,31,41.2,35,13,0.52,31.148,106.851284521513,3.43043805449828,500,6.69737924346551,7.38948658660786,0.990310711515239
61.45,31,41.2,35,17,0.49,30.1105,99.196061149859,3.29440099466495,500,6.62858267828226,6.97575159918403,0.928028497971848
63,31,41.2,35,14,0.505,31.815,109.160865316176,3.43111316411053,486.319819590009,6.94339202877089,6.96737982890635,0.877209817384591
47.5,31.5,41.2,35,0,NaN,NaN,NaN,NaN,NaN,NaN,NaN,NaN
49.05,31.5,41.2,35,0,NaN,NaN,NaN,NaN,NaN,NaN,NaN,NaN
50.6,31.5,41.2,35,0,NaN,NaN,NaN,NaN,NaN,NaN,NaN,NaN
52.15,31.5,41.2,35,0,NaN,NaN,NaN,NaN,NaN,NaN,NaN,NaN
53.7,31.5,41.2,35,6,0.51,27.387,129.057035685333,4.71234657630749,500,4.84580046641328,8.17594051037037,0.802487331085398
55.25,31.5,41.2,35,9,0.525,29.00625,121.571279437356,4.19120980607131,500,5.48566632410022,8.05306824191108,0.917627102270999
56.8,31.5,41.2,35,10,0.53,30.104,116.317486033205,3.86385483766959,500,5.98515290489886,7.87609272758477,0.887504962587592
58.35,31.5,41.2,35,10,0.535,31.21725,112.847265492194,3.61490091190587,500,6.48448933249605,7.70096020355329,0.883306948941502
59.9,31.5,41.2,35,13,0.52,31.148,106.55769791624,3.42101251817901,500,6.67127932389869,7.36635769967399,0.990848894680159
61.45,31.5,41.2,35,17,0.49,30.1105,98.7928524210131,3.28101002710062,500,6.60161836803677,6.94987521756359,0.964174021976484
63,31.5,41.2,35,14,0.505,31.815,109.193318333055,3.43213321807497,483.855419411387,6.82947063233159,7.02315967142603,0.890444969674259
47.5,32,41.2,35,0,NaN,NaN,NaN,NaN,NaN,NaN,NaN,NaN
49.05,32,41.2,35,0,NaN,NaN,NaN,NaN,NaN,NaN,NaN,NaN
50.6,32,41.2,35,0,NaN,NaN,NaN,NaN,NaN,NaN,NaN,NaN
52.15,32,41.2,35,0,NaN,NaN,NaN,NaN,NaN,NaN,NaN,NaN
53.7,32,41.2,35,7,0.51,27.387,128.000510540087,4.67376896118915,500,4.8424621735809,8.126735915163,0.883719696978464
55.25,32,41.2,35,10,0.525,29.00625,120.745764334134,4.16274990162928,500,5.47646940398373,8.0101022630793,0.928780273116936
56.8,32,41.2,35,10,0.53,30.104,115.65708268371,3.84191744232362,500,5.97151900440931,7.83845709715461,0.871627406000023
58.35,32,41.2,35,11,0.535,31.21725,112.331480696042,3.59837848292344,500,6.46876291696515,7.66791965953865,0.862595686786676
59.9,32,41.2,35,14,0.515,30.8485,105.235321669378,3.41135943949879,500,6.5894938113215,7.2918590470464,0.99392521335775
61.45,32,41.2,35,18,0.49,30.1105,98.4666551424015,3.27017668728189,500,6.57549683009995,6.92453556684299,0.978525871484073
63,32,41.2,35,15,0.5,31.5,106.920141228424,3.39429019772774,485.89557882024,6.78781505818826,6.91246573442876,0.818239690031887
47.5,32.5,41.2,35,0,NaN,NaN,NaN,NaN,NaN,NaN,NaN,NaN
49.05,32.5,41.2,35,0,NaN,NaN,NaN,NaN,NaN,NaN,NaN,NaN
50.6,32.5,41.2,35,0,NaN,NaN,NaN,NaN,NaN,NaN,NaN,NaN
52.15,32.5,41.2,35,0,NaN,NaN,NaN,NaN,NaN,NaN,NaN,NaN
53.7,32.5,41.2,35,8,0.515,27.6555,126.660313277067,4.57993213925141,500,4.91102749769901,8.10907994834727,0.840144270466628
55.25,32.5,41.2,35,10,0.525,29.00625,119.950930177773,4.1353477329118,500,5.46708971419248,7.96831185521379,0.934872870621303
56.8,32.5,41.2,35,11,0.53,30.104,115.020813193145,3.82078172977496,500,5.95788633805508,7.80211387034904,0.85374295984208
58.35,32.5,41.2,35,11,0.535,31.21725,111.833308573437,3.5824202507728,500,6.45278490526651,7.63584865634613,0.838832296577861
59.9,32.5,41.2,35,13,0.515,30.8485,104.84249458876,3.39862536553673,500,6.56582945604861,7.26593423790874,0.994605421605251
61.45,32.5,41.2,35,18,0.49,30.1105,98.226438240311,3.26219884227466,499.921594668852,6.54906883503492,6.90105755818972,0.98519728463545
63,32.5,41.2,35,15,0.5,31.5,106.97628675527,3.3960725954054,483.448021345379,6.69009923168289,6.95770948519343,0.835349010611853
47.5,33,41.2,35,0,NaN,NaN,NaN,NaN,NaN,NaN,NaN,NaN
49.05,33,41.2,35,0,NaN,NaN,NaN,NaN,NaN,NaN,NaN,NaN
50.6,33,41.2,35,0,NaN,NaN,NaN,NaN,NaN,NaN,NaN,NaN
52.15,33,41.2,35,0,NaN,NaN,NaN,NaN,NaN,NaN,NaN,NaN
53.7,33,41.2,35,9,0.515,27.6555,125.699115068093,4.54517600723518,500,4.90644383301433,8.06299688152427,0.897911518736482
55.25,33,41.2,35,11,0.525,29.00625,119.185130233327,4.10894652819054,500,5.45755173783322,7.92767071037898,0.937755915127343
56.8,33,41.2,35,11,0.53,30.104,114.407530186727,3.80040958632498,500,5.94425953267916,7.76699223807114,0.833965015013116
58.35,33,41.2,35,12,0.535,31.21725,111.350612804893,3.56695778151159,500,6.43641006942805,7.60460205851631,0.812167356385498
59.9,33,41.2,35,14,0.515,30.8485,104.547166987298,3.38905188217574,500,6.53998393505656,7.24374025645055,0.995256112286062
61.45,33,41.2,35,18,0.485,29.80325,96.953105245591,3.25310512261552,500,6.45481657705155,6.83362359616021,0.97621909957218
63,33,41.2,35,15,0.5,31.5,107.026242684381,3.39765849791684,481.210490152757,6.60555276281051,6.98595883816868,0.850355433587617
47.5,33.5,41.2,35,0,NaN,NaN,NaN,NaN,NaN,NaN,NaN,NaN
49.05,33.5,41.2,35,0,NaN,NaN,NaN,NaN,NaN,NaN,NaN,NaN
50.6,33.5,41.2,35,0,NaN,NaN,NaN,NaN,NaN,NaN,NaN,NaN
52.15,33.5,41.2,35,0,NaN,NaN,NaN,NaN,NaN,NaN,NaN,NaN
53.7,33.5,41.2,35,10,0.52,27.924,124.610334600471,4.46248154277578,500,4.97065005760187,8.05149141496475,0.818493725561351
55.25,33.5,41.2,35,11,0.525,29.00625,118.446845477935,4.08349391865322,500,5.44787784005415,7.88816832758236,0.938501390316299
56.8,33.5,41.2,35,11,0.53,30.104,113.816201470066,3.78076672435778,500,5.93063199443913,7.73300748959482,0.812474898956897
58.35,33.5,41.2,35,11,0.53,30.9255,109.936148995672,3.55487054358611,500,6.34847284552481,7.53373492850205,0.929901086195989
59.9,33.5,41.2,35,14,0.515,30.8485,104.363498672553,3.38309800063383,499.364947330532,6.51136999695033,7.22517117647717,0.995864238977825
61.45,33.5,41.2,35,18,0.485,29.80325,96.6570836183003,3.24317259420702,500,6.43229175345337,6.80897685252806,0.984600507814604
63,33.5,41.2,35,15,0.5,31.5,107.071383527063,3.39909154054169,479.353584375455,6.5330755983778,7.00299732657347,0.863852247328246
47.5,34,41.2,35,0,NaN,NaN,NaN,NaN,NaN,NaN,NaN,NaN
49.05,34,41.2,35,0,NaN,NaN,NaN,NaN,NaN,NaN,NaN,NaN
50.6,34,41.2,35,0,NaN,NaN,NaN,NaN,NaN,NaN,NaN,NaN
52.15,34,41.2,35,3,0.495,25.81425,133.596747572036,5.17531005440932,500,4.20783908940706,8.05988078622245,0.812392188125026
53.7,34,41.2,35,10,0.52,27.924,123.733378152701,4.43107642718455,500,4.96510759268225,8.0082224492716,0.871536994226638
55.25,34,41.2,35,11,0.525,29.00625,117.734679424285,4.05894175994086,500,5.43808866492548,7.84980125960561,0.937746032006494
56.8,34,41.2,35,11,0.525,29.82,112.713598016136,3.77979872622856,500,5.84741936357651,7.65721674634777,0.958980356399813
58.35,34,41.2,35,12,0.53,30.9255,109.485344363909,3.54029342658678,500,6.33214720279114,7.50453042915079,0.921729203701685
59.9,34,41.2,35,15,0.51,30.549,102.997770462732,3.3715594769954,500,6.43267788657884,7.14992888559855,0.997652278160836
61.45,34,41.2,35,18,0.485,29.80325,96.4272280089339,3.23546015984612,500,6.40874299864134,6.78732859878827,0.98897159039513
63,34,41.2,35,15,0.5,31.5,107.114495002205,3.40046015880015,477.943132043514,6.47095047179862,7.01308262171859,0.876190957534601
47.5,34.5,41.2,35,0,NaN,NaN,NaN,NaN,NaN,NaN,NaN,NaN
49.05,34.5,41.2,35,0,NaN,NaN,NaN,NaN,NaN,NaN,NaN,NaN
50.6,34.5,41.2,35,0,NaN,NaN,NaN,NaN,NaN,NaN,NaN,NaN
52.15,34.5,41.2,35,5,0.5,26.075,131.71974687254,5.05157226740325,500,4.28180120427303,8.03688134434598,0.800378937114945
53.7,34.5,41.2,35,11,0.52,27.924,122.887155357089,4.40077192941873,500,4.95934962522102,7.96617208484524,0.904609148159092
55.25,34.5,41.2,35,12,0.525,29.00625,117.047350762998,4.03524587849164,500,5.42820341897533,7.81256528336217,0.935880165693297
56.8,34.5,41.2,35,11,0.525,29.82,112.15369215957,3.76102254056238,500,5.83388116054903,7.62498321474147,0.954891789791515
58.35,34.5,41.2,35,12,0.53,30.9255,109.04996515636,3.52621510262923,500,6.31550307868202,7.47596385160589,0.913588970255085
59.9,34.5,41.2,35,14,0.51,30.549,102.68672604305,3.36137765697897,500,6.40748539301913,7.12840518085098,0.997996065162164
61.45,34.5,41.2,35,19,0.485,29.80325,96.2661287840988,3.23005473510771,500,6.38372356825028,6.76911671581739,0.99154981768786
63,34.5,41.2,35,16,0.495,31.185,104.95763948423,3.36564500510599,480.03346133246,6.43053174071606,6.92423480376477,0.818599760743424
47.5,35,41.2,35,0,NaN,NaN,NaN,NaN,NaN,NaN,NaN,NaN
49.05,35,41.2,35,0,NaN,NaN,NaN,NaN,NaN,NaN,NaN,NaN
50.6,35,41.2,35,0,NaN,NaN,NaN,NaN,NaN,NaN,NaN,NaN
52.15,35,41.2,35,5,0.5,26.075,130.673474021317,5.01144675057781,500,4.28123639753746,7.99032223176253,0.851826126199975
53.7,35,41.2,35,11,0.52,27.924,122.070178293887,4.37151476485773,500,4.95337762618405,7.92530482878752,0.925620057968478
55.25,35,41.2,35,12,0.525,29.00625,116.383684894888,4.01236577961261,500,5.41823912087726,7.77645050087952,0.933152731770558
56.8,35,41.2,35,12,0.525,29.82,111.613371526366,3.74290313636371,500,5.82033887645028,7.59374143888495,0.950653274321666
58.35,35,41.2,35,12,0.53,30.9255,108.628657139925,3.51259178153708,500,6.29840928769085,7.44804850575119,0.906010436772426
59.9,35,41.2,35,14,0.51,30.549,102.473180618078,3.3543873978879,499.67370437061,6.37973815783491,7.11026498860658,0.998281799386551
61.45,35,41.2,35,18,0.485,29.80325,96.1743822600563,3.22697632842245,499.672630550803,6.35682977434283,6.75437559412933,0.993235740955395
63,35,41.2,35,16,0.495,31.185,105.021110985077,3.36768032660181,478.986654056369,6.37657924056276,6.93185228775442,0.836880428780756
47.5,35.5,41.2,35,0,NaN,NaN,NaN,NaN,NaN,NaN,NaN,NaN
49.05,35.5,41.2,35,0,NaN,NaN,NaN,NaN,NaN,NaN,NaN,NaN
50.6,35.5,41.2,35,0,NaN,NaN,NaN,NaN,NaN,NaN,NaN,NaN
52.15,35.5,41.2,35,7,0.505,26.33575,129.036072348802,4.89965436142134,500,4.35176417980555,7.97264676786224,0.822670874481367
53.7,35.5,41.2,35,13,0.525,28.1925,121.292220522981,4.30228679694887,500,5.01245250779282,7.92298700322189,0.807515192649997
55.25,35.5,41.2,35,13,0.525,29.00625,115.742605144953,3.99026434457928,500,5.40820877912901,7.74143948902136,0.92973249951704
56.8,35.5,41.2,35,12,0.525,29.82,111.091891924886,3.72541555750791,500,5.80678175275118,7.56341036194214,0.946411930554255
58.35,35.5,41.2,35,13,0.53,30.9255,108.220853843326,3.49940514602272,500,6.28070530527369,7.42100840240528,0.899615839579016
59.9,35.5,41.2,35,15,0.505,30.2495,101.288208415311,3.34842587200815,500,6.29959715150474,7.04144259214512,0.998938120718645
61.45,35.5,41.2,35,19,0.48,29.496,95.0074019750066,3.22102664683369,500,6.26937226583872,6.69083509148563,0.992012906091186
63,35.5,41.2,35,16,0.495,31.185,105.084043056099,3.36969835036393,478.191766977357,6.32866069701559,6.93628257717455,0.853693819492025
47.5,36,41.2,35,0,NaN,NaN,NaN,NaN,NaN,NaN,NaN,NaN
49.05,36,41.2,35,0,NaN,NaN,NaN,NaN,NaN,NaN,NaN,NaN
50.6,36,41.2,35,0,NaN,NaN,NaN,NaN,NaN,NaN,NaN,NaN
52.15,36,41.2,35,7,0.505,26.33575,128.075675566323,4.86318694422306,500,4.35023123865046,7.92878185201866,0.866190176194617
53.7,36,41.2,35,13,0.525,28.1925,120.543235192614,4.27571996781462,500,5.00573240313861,7.88456838728533,0.833138506632205
55.25,36,41.2,35,13,0.525,29.00625,115.123124217768,3.96890753605751,500,5.39811940379313,7.70750757146925,0.925746331677905
56.8,36,41.2,35,12,0.525,29.82,110.588574204562,3.7085370289927,500,5.79319731546551,7.53390778251929,0.94236395855752
58.35,36,41.2,35,13,0.53,30.9255,107.827765815649,3.48669434012865,500,6.26219294250188,7.39525243484432,0.895036475701194
59.9,36,41.2,35,15,0.505,30.2495,100.969595344671,3.33789303441943,500,6.27562331540631,7.02044648652065,0.999071181049606
61.45,36,41.2,35,19,0.48,29.496,94.7884311881663,3.21360290168722,500,6.24687597296379,6.67393113032189,0.993944807198033
63,36,41.2,35,17,0.49,30.87,102.980614659906,3.33594475736657,480.372535019835,6.28830705839695,6.84922364949956,0.813948075648465
47.5,36.5,41.2,35,0,NaN,NaN,NaN,NaN,NaN,NaN,NaN,NaN
49.05,36.5,41.2,35,0,NaN,NaN,NaN,NaN,NaN,NaN,NaN,NaN
50.6,36.5,41.2,35,0,NaN,NaN,NaN,NaN,NaN,NaN,NaN,NaN
52.15,36.5,41.2,35,8,0.51,26.5965,126.675564457521,4.76286595820958,500,4.41756437655773,7.91588851686741,0.830533537396096
53.7,36.5,41.2,35,13,0.525,28.1925,119.819250565942,4.25003992430405,500,4.99886897647097,7.8472301194669,0.850399761712402
55.25,36.5,41.2,35,13,0.525,29.00625,114.524336267675,3.94826412472052,500,5.38797106916692,7.67462414100225,0.921304947000966
56.8,36.5,41.2,35,13,0.525,29.82,110.102796609533,3.69224670052089,500,5.77957501649914,7.50515547419071,0.938748470699736
58.35,36.5,41.2,35,13,0.53,30.9255,107.453752173818,3.47460031927757,500,6.24262930876499,7.37124941269965,0.892799697268656
59.9,36.5,41.2,35,16,0.505,30.2495,100.720611752389,3.32966203581512,500,6.24949253417424,7.00244650181598,0.999179760122138
61.45,36.5,41.2,35,19,0.48,29.496,94.62724398697,3.20813818778716,500,6.22292858470991,6.66003942979119,0.995217131651691
63,36.5,41.2,35,17,0.49,30.87,103.061205791286,3.33855541921886,479.703419391774,6.244937487005,6.85222445998603,0.835605441535444
47.5,37,41.2,35,0,NaN,NaN,NaN,NaN,NaN,NaN,NaN,NaN
49.05,37,41.2,35,0,NaN,NaN,NaN,NaN,NaN,NaN,NaN,NaN
50.6,37,41.2,35,0,NaN,NaN,NaN,NaN,NaN,NaN,NaN,NaN
52.15,37,41.2,35,9,0.51,26.5965,125.794677414224,4.7297455460013,500,4.41533704441002,7.87439997464691,0.868519287078363
53.7,37,41.2,35,14,0.525,28.1925,119.11917434477,4.22520792213425,500,4.99188832011481,7.81095560136631,0.861854287245218
55.25,37,41.2,35,14,0.525,29.00625,113.945409812199,3.92830544493684,500,5.3777577643674,7.64275424492652,0.916521102625458
56.8,37,41.2,35,13,0.525,29.82,109.633987636642,3.67652540699672,500,5.7659088197125,7.47708499111703,0.935828663467759
58.35,37,41.2,35,14,0.53,30.9255,107.107735688618,3.46341160817507,500,6.22172483892013,7.34937089858982,0.893211050768526
59.9,37,41.2,35,16,0.505,30.2495,100.562495932472,3.32443498016403,499.314874682221,6.22096982525937,6.98740238909401,0.999268508115264
61.45,37,41.2,35,20,0.48,29.496,94.5320175750689,3.20490973606824,499.713685799412,6.19719803575132,6.64881178734186,0.996111899810686
63,37,41.2,35,18,0.485,30.555,100.992211356853,3.30525974003772,481.994529456488,6.20477379086416,6.76551648394834,0.812486114316786
47.5,37.5,41.2,35,0,NaN,NaN,NaN,NaN,NaN,NaN,NaN,NaN
49.05,37.5,41.2,35,0,NaN,NaN,NaN,NaN,NaN,NaN,NaN,NaN
50.6,37.5,41.2,35,0,NaN,NaN,NaN,NaN,NaN,NaN,NaN,NaN
52.15,37.5,41.2,35,10,0.515,26.85725,124.618685912739,4.64003894340405,500,4.47887791413619,7.86694507779516,0.825471413308253
53.7,37.5,41.2,35,14,0.525,28.1925,118.441995900881,4.20118811389131,500,4.98480790537756,7.77572425502006,0.869139207174531
55.25,37.5,41.2,35,14,0.525,29.00625,113.38558160715,3.90900518361215,500,5.3674698983218,7.61185999052137,0.911522128255473
56.8,37.5,41.2,35,13,0.525,29.82,109.181619208326,3.66135543958171,500,5.7521982949854,7.44964375966826,0.933859434487689
58.35,37.5,41.2,35,14,0.53,30.9255,106.803823733247,3.45358437966232,500,6.19915170588906,7.32979024958651,0.89626709471243
59.9,37.5,41.2,35,16,0.5,29.95,99.4121522576399,3.31927052613155,500,6.14584399172201,6.91976002695637,0.999474531520629
61.45,37.5,41.2,35,20,0.48,29.496,94.5061308972122,3.20403210256347,498.92485094898,6.1693404039278,6.63974313340207,0.996772808919173
63,37.5,41.2,35,18,0.485,30.555,101.089567854561,3.3084460106222,481.374027871662,6.16487962528764,6.76707279801352,0.837361092170302
47.5,38,41.2,35,0,NaN,NaN,NaN,NaN,NaN,NaN,NaN,NaN
49.05,38,41.2,35,0,NaN,NaN,NaN,NaN,NaN,NaN,NaN,NaN
50.6,38,41.2,35,0,NaN,NaN,NaN,NaN,NaN,NaN,NaN,NaN
52.15,38,41.2,35,10,0.515,26.85725,123.810271736671,4.60993853565317,500,4.47556084953548,7.82823692504188,0.856754203947123
53.7,38,41.2,35,14,0.525,28.1925,117.786778101193,4.17794725906512,500,4.97763285382121,7.74151086078316,0.873313918373727
55.25,38,41.2,35,14,0.525,29.00625,112.844151519921,3.8903392034448,500,5.35709762000258,7.58190158233508,0.906457103227519
56.8,38,41.2,35,14,0.525,29.82,108.745199949081,3.64672032022405,500,5.73844821486685,7.42280055084164,0.933044765783601
58.35,38,41.2,35,15,0.525,30.63375,105.514594045299,3.44439038789893,500,6.12175258480365,7.25747125344693,0.979587527984704
59.9,38,41.2,35,17,0.5,29.95,99.1444271264138,3.31033145664153,500,6.12200827731175,6.90165905311291,0.999522957904493
61.45,38,41.2,35,20,0.475,29.18875,93.4400767189025,3.20123598026303,500,6.08941334242542,6.57808121476893,0.996737523582301
63,38,41.2,35,19,0.48,30.24,99.0544228600855,3.27560922156367,483.779473130965,6.12489584592668,6.68108335719227,0.829953496642953
47.5,38.5,41.2,35,0,NaN,NaN,NaN,NaN,NaN,NaN,NaN,NaN
49.05,38.5,41.2,35,0,NaN,NaN,NaN,NaN,NaN,NaN,NaN,NaN
50.6,38.5,41.2,35,0,NaN,NaN,NaN,NaN,NaN,NaN,NaN,NaN
52.15,38.5,41.2,35,11,0.515,26.85725,123.027531263196,4.58079405982354,500,4.47193256668264,7.7906186334353,0.878149891812937
53.7,38.5,41.2,35,14,0.525,28.1925,117.152649740419,4.15545445563248,500,4.97035618281147,7.70828592990486,0.875079797849088
55.25,38.5,41.2,35,14,0.525,29.00625,112.320478377116,3.87228539977129,500,5.34663389097409,7.55283795551776,0.901498180822002
56.8,38.5,41.2,35,14,0.525,29.82,108.324268353585,3.63260457255482,500,5.72466697062295,7.39654902039849,0.933493530994501
58.35,38.5,41.2,35,15,0.525,30.63375,105.192581199233,3.43387868606464,500,6.1016681761667,7.23691044641283,0.981647938463199
59.9,38.5,41.2,35,17,0.5,29.95,98.9398442237964,3.30350064186299,499.910475062442,6.09636332591875,6.88622385765873,0.999563633116833
61.45,38.5,41.2,35,21,0.475,29.18875,93.2516952424689,3.19478207331485,500,6.06730046258594,6.56548009535617,0.997357930006308
63,38.5,41.2,35,20,0.475,29.925,97.0300308579032,3.24244046308783,486.270449578576,6.08439949119952,6.59748171094346,0.828833007464483
47.5,39,41.2,35,0,NaN,NaN,NaN,NaN,NaN,NaN,NaN,NaN
49.05,39,41.2,35,0,NaN,NaN,NaN,NaN,NaN,NaN,NaN,NaN
50.6,39,41.2,35,0,NaN,NaN,NaN,NaN,NaN,NaN,NaN,NaN
52.15,39,41.2,35,12,0.52,27.118,122.097210114633,4.50244155596405,500,4.53029891538981,7.79018480824276,0.818496217498575
53.7,39,41.2,35,15,0.525,28.1925,116.53879883064,4.13368090203564,500,4.96296246647532,7.67601657564092,0.874916246694554
55.25,39,41.2,35,15,0.525,29.00625,111.813976717549,3.85482358862483,500,5.33607647703552,7.52462705050243,0.896835481480921
56.8,39,41.2,35,14,0.525,29.82,107.918385664185,3.61899348303773,500,5.71086427983199,7.37090795140773,0.935186663189864
58.35,39,41.2,35,15,0.525,30.63375,104.902002087708,3.42439309871327,500,6.08014092226687,7.21844313212374,0.983602160271722
59.9,39,41.2,35,17,0.5,29.95,98.8154512150362,3.29934728597784,499.146377676778,6.06883065794701,6.87327535730318,0.999597913814025
61.45,39,41.2,35,21,0.475,29.18875,93.1220666803752,3.1903410279774,500,6.04362055695802,6.55473083548318,0.99780858222403
63,39,41.2,35,21,0.47,29.61,95.0117005917433,3.20877070556377,488.872949978265,6.0446863618793,6.51791217377081,0.826570178524861
47.5,39.5,41.2,35,0,NaN,NaN,NaN,NaN,NaN,NaN,NaN,NaN
49.05,39.5,41.2,35,0,NaN,NaN,NaN,NaN,NaN,NaN,NaN,NaN
50.6,39.5,41.2,35,0,NaN,NaN,NaN,NaN,NaN,NaN,NaN,NaN
52.15,39.5,41.2,35,12,0.52,27.118,121.377753042658,4.475910946333,500,4.52599055980498,7.75472029923672,0.832681040063907
53.7,39.5,41.2,35,15,0.525,28.1925,115.944466888154,4.11259969453414,500,4.95543331558578,7.64466750620844,0.873164543771199
55.25,39.5,41.2,35,15,0.525,29.00625,111.324114346642,3.83793542242248,500,5.32542847822523,7.49722581822931,0.892665546622446
56.8,39.5,41.2,35,15,0.525,29.82,107.527128349637,3.60587284874705,500,5.69704867052685,7.34591732961605,0.937968741514616
58.35,39.5,41.2,35,16,0.525,30.63375,104.657190557121,3.41640153612017,499.79003345816,6.05681598312028,7.20207855474268,0.985358933925318
59.9,39.5,41.2,35,18,0.495,29.6505,97.7571137672357,3.29698027916007,500,5.99766510526131,6.8075775504812,0.999684158210997
61.45,39.5,41.2,35,22,0.475,29.18875,93.0598492389623,3.18820947244957,499.325253324283,6.01805133699025,6.54546924629626,0.99814812648957
63,39.5,41.2,35,22,0.465,29.295,93.0049380850874,3.17477173869559,491.627396406387,6.00838427726885,6.44311159488566,0.811211697337305
47.5,40,41.2,35,0,NaN,NaN,NaN,NaN,NaN,NaN,NaN,NaN
49.05,40,41.2,35,0,NaN,NaN,NaN,NaN,NaN,NaN,NaN,NaN
50.6,40,41.2,35,0,NaN,NaN,NaN,NaN,NaN,NaN,NaN,NaN
52.15,40,41.2,35,13,0.52,27.118,120.68096828596,4.45021639818424,500,4.52159600595132,7.72017642385568,0.84039115524383
53.7,40,41.2,35,15,0.525,28.1925,115.368944278401,4.09218566208747,500,4.94775287127255,7.61420192545743,0.870080418619652
55.25,40,41.2,35,15,0.525,29.00625,110.850410558578,3.82160432867323,500,5.31469745701787,7.47059007698209,0.889174440543545
56.8,40,41.2,35,15,0.525,29.82,107.150080215848,3.59322871280511,500,5.68322515498906,7.32163039279584,0.941570797330045
58.35,40,41.2,35,16,0.52,30.342,103.470729734606,3.41014863010367,500,5.98320576689199,7.13050690792923,0.996731388565227
59.9,40,41.2,35,18,0.495,29.6505,97.5303399230449,3.28933204914065,500,5.97533083004843,6.79141543826517,0.999707950259494
61.45,40,41.2,35,22,0.475,29.18875,93.0680556411803,3.188490621941,498.645084080193,5.99039274265482,6.53729615240808,0.998411522666156
63,40,41.2,35,22,0.465,29.295,93.1698094647785,3.18039970864579,491.011876560766,5.97329801032665,6.43571340167601,0.859892089120115
47.5,40.5,41.2,35,0,NaN,NaN,NaN,NaN,NaN,NaN,NaN,NaN
49.05,40.5,41.2,35,0,NaN,NaN,NaN,NaN,NaN,NaN,NaN,NaN
50.6,40.5,41.2,35,0,NaN,NaN,NaN,NaN,NaN,NaN,NaN,NaN
52.15,40.5,41.2,35,13,0.52,27.118,120.006071943634,4.42532900448538,500,4.51712256694769,7.68652593689945,0.842937894576323
53.7,40.5,41.2,35,16,0.525,28.1925,114.811566623688,4.07241523893548,500,4.93991192692334,7.58458224559238,0.865867960481812
55.25,40.5,41.2,35,16,0.525,29.00625,110.392434864329,3.80581546612642,500,5.30389352436236,7.44467437719776,0.886517916705749
56.8,40.5,41.2,35,15,0.525,29.82,106.786824408826,3.58104709620475,500,5.66939339950942,7.29810299215163,0.945659728820437
58.35,40.5,41.2,35,16,0.52,30.342,103.197726754966,3.40115110259594,500,5.96299371484531,7.11290128456351,0.997003145008022
59.9,40.5,41.2,35,19,0.495,29.6505,97.3595099653094,3.28357059629043,499.899695839695,5.95171063451397,6.77753805762837,0.999728726314094
61.45,40.5,41.2,35,22,0.47,28.8815,92.0957210420916,3.18874438800241,500,5.91706788087405,6.47770295048301,0.998453949961066
63,40.5,41.2,35,23,0.46,28.98,91.1913060932266,3.14669793282355,493.88136566813,5.94218823497761,6.3612541070434,0.835521015406612
47.5,41,41.2,35,0,NaN,NaN,NaN,NaN,NaN,NaN,NaN,NaN
49.05,41,41.2,35,0,NaN,NaN,NaN,NaN,NaN,NaN,NaN,NaN
50.6,41,41.2,35,0,NaN,NaN,NaN,NaN,NaN,NaN,NaN,NaN
52.15,41,41.2,35,13,0.52,27.118,119.352323714313,4.40122146597512,500,4.51255753262572,7.65373997202567,0.841161721742508
53.7,41,41.2,35,16,0.525,28.1925,114.271712240189,4.05326637368764,500,4.93190997517325,7.55577058958091,0.860701949608904
55.25,41,41.2,35,16,0.525,29.00625,109.949806033715,3.79055569174625,500,5.29302688121398,7.41943207338163,0.884802183334323
56.8,41,41.2,35,16,0.525,29.82,106.436935919597,3.56931374646535,500,5.65554658167881,7.27538248215042,0.949898726973822
58.35,41,41.2,35,16,0.52,30.342,102.960889459836,3.39334550984892,500,5.94124746551842,7.09721113954548,0.997214303339975
59.9,41,41.2,35,20,0.495,29.6505,97.2569181952202,3.28011056121213,499.185677993737,5.92675583908522,6.76569933136687,0.99974699230592
61.45,41,41.2,35,23,0.47,28.8815,91.9337630383532,3.18313671514129,500,5.89596000288945,6.46588191907383,0.998680892171763
63,41,41.2,35,23,0.46,28.98,91.3635864502983,3.15264273465487,493.247194540857,5.90823714815436,6.3529783484248,0.884208825250107
47.5,41.5,41.2,35,0,NaN,NaN,NaN,NaN,NaN,NaN,NaN,NaN
49.05,41.5,41.2,35,0,NaN,NaN,NaN,NaN,NaN,NaN,NaN,NaN
50.6,41.5,41.2,35,0,NaN,NaN,NaN,NaN,NaN,NaN,NaN,NaN
52.15,41.5,41.2,35,14,0.52,27.118,118.71902070463,4.37786786284497,500,4.50787433555015,7.62178735095059,0.835583794358463
53.7,41.5,41.2,35,16,0.525,28.1925,113.748800545647,4.03471847284373,500,4.92375511798287,7.52772910111962,0.854742288167186
55.25,41.5,41.2,35,16,0.525,29.00625,109.522191225487,3.77581353072138,500,5.28210532533785,7.39481584022994,0.884069235680019
56.8,41.5,41.2,35,16,0.525,29.82,106.099975698314,3.55801394025199,500,5.64167101334444,7.25349850590178,0.95399932662291
58.35,41.5,41.2,35,17,0.52,30.342,102.774092639323,3.38718913187406,499.414594898891,5.91761226338494,7.0833324721929,0.997374005018486
59.9,41.5,41.2,35,20,0.495,29.6505,97.2290675441484,3.27917126335638,498.486301913774,5.90046693190554,6.75549085416088,0.999763183067466
61.45,41.5,41.2,35,23,0.47,28.8815,91.8270168311197,3.17944070879697,499.925040804822,5.87333164967937,6.45526662869377,0.998856199897829
63,41.5,41.2,35,24,0.455,28.665,89.4422336937666,3.12025932997616,496.222226573619,5.87696209563407,6.27912753582215,0.84457208398181
47.5,42,41.2,35,0,NaN,NaN,NaN,NaN,NaN,NaN,NaN,NaN
49.05,42,41.2,35,0,NaN,NaN,NaN,NaN,NaN,NaN,NaN,NaN
50.6,42,41.2,35,0,NaN,NaN,NaN,NaN,NaN,NaN,NaN,NaN
52.15,42,41.2,35,14,0.52,27.118,118.105492131265,4.35524345937255,500,4.5030409252791,7.59063474031312,0.826521745744189
53.7,42,41.2,35,16,0.525,28.1925,113.242291363388,4.01675237610669,500,4.9154622257216,7.50042009865826,0.848142338525901
55.25,42,41.2,35,16,0.525,29.00625,109.109304939739,3.76157914034869,500,5.27113216467609,7.37077886963564,0.884290138961557
56.8,42,41.2,35,16,0.525,29.82,105.775488144092,3.54713239919825,500,5.62774649868205,7.2324573967591,0.95775147829328
58.35,42,41.2,35,17,0.52,30.342,102.651207553278,3.38313913233399,498.689252427923,5.89176572324946,7.07105799315886,0.997490087519457
59.9,42,41.2,35,20,0.49,29.351,96.1226643402491,3.2749366065977,500,5.83714980977318,6.68736531479813,0.999811802841414
61.45,42,41.2,35,23,0.47,28.8815,91.7835388669019,3.17793531731046,499.257356455017,5.84909797605534,6.44561300763568,0.998995208349047
63,42,41.2,35,24,0.455,28.665,89.6072992405055,3.12601776523654,495.562828004924,5.84533079998108,6.27105639172522,0.895758472320627
47.5,42.5,41.2,35,0,NaN,NaN,NaN,NaN,NaN,NaN,NaN,NaN
49.05,42.5,41.2,35,0,NaN,NaN,NaN,NaN,NaN,NaN,NaN,NaN
50.6,42.5,41.2,35,0,NaN,NaN,NaN,NaN,NaN,NaN,NaN,NaN
52.15,42.5,41.2,35,14,0.52,27.118,117.511094926677,4.33332454187909,500,4.49802797870502,7.5602472292958,0.814179216464178
53.7,42.5,41.2,35,17,0.525,28.1925,112.751685038212,3.99935036049348,500,4.9070499651539,7.47380611440006,0.841052212540779
55.25,42.5,41.2,35,17,0.525,29.00625,108.710907481288,3.74784425705799,500,5.26010486253092,7.34727689548458,0.885368037507534
56.8,42.5,41.2,35,16,0.525,29.82,105.463004537782,3.53665340502286,500,5.6137472987076,7.21224077938247,0.961029070797276
58.35,42.5,41.2,35,18,0.515,30.05025,101.450260584717,3.37602051845549,500,5.82912317196617,6.99762011850416,0.999132727701941
59.9,42.5,41.2,35,21,0.49,29.351,95.9802158449681,3.27008333089053,500,5.81663634776195,6.67410542161815,0.999826349997709
61.45,42.5,41.2,35,23,0.47,28.8815,91.8065954276758,3.1787336332142,498.586430462973,5.82335776764884,6.43666751610376,0.999108011356355
63,42.5,41.2,35,25,0.45,28.35,87.8848985279908,3.09999642074042,498.627724781513,5.80204821934064,6.19969438796045,0.832955576189796
47.5,43,41.2,35,0,NaN,NaN,NaN,NaN,NaN,NaN,NaN,NaN
49.05,43,41.2,35,0,NaN,NaN,NaN,NaN,NaN,NaN,NaN,NaN
50.6,43,41.2,35,0,NaN,NaN,NaN,NaN,NaN,NaN,NaN,NaN
52.15,43,41.2,35,13,0.515,26.85725,117.000424070652,4.35638138940703,500,4.43186608821297,7.49213046944565,0.875515526979295
53.7,43,41.2,35,17,0.525,28.1925,112.276523272724,3.98249616999998,500,4.89853738036087,7.44784985310898,0.833618021089593
55.25,43,41.2,35,17,0.525,29.00625,108.326802572726,3.73460211412113,500,5.24901459717916,7.32427096974019,0.887150425546738
56.8,43,41.2,35,17,0.525,29.82,105.162055838367,3.52656122865081,500,5.5996434957859,7.19280781827961,0.963777524357859
58.35,43,41.2,35,19,0.515,30.05025,101.270130453682,3.37002622120222,499.911512836239,5.80772447013782,6.98390818198177,0.999152430336982
59.9,43,41.2,35,21,0.49,29.351,95.8947875522569,3.26717275568999,499.460373635578,5.79528299465046,6.66251103477688,0.999839823452594
61.45,43,41.2,35,24,0.47,28.8815,91.8932043526407,3.18173240145563,497.918694430215,5.79638406603327,6.42820468032078,0.999201523697698
63,43,41.2,35,25,0.45,28.35,87.994102937983,3.10384842814755,497.948006424621,5.77472232580169,6.19207531959663,0.892895960076251
47.5,43.5,41.2,35,0,NaN,NaN,NaN,NaN,NaN,NaN,NaN,NaN
49.05,43.5,41.2,35,0,NaN,NaN,NaN,NaN,NaN,NaN,NaN,NaN
50.6,43.5,41.2,35,0,NaN,NaN,NaN,NaN,NaN,NaN,NaN,NaN
52.15,43.5,41.2,35,13,0.515,26.85725,116.430798713877,4.33517201924534,500,4.42695720828377,7.4627907707743,0.861308187111191
53.7,43.5,41.2,35,17,0.525,28.1925,111.816390586024,3.96617506734147,500,4.88994065918224,7.42251409041671,0.825978419332031
55.25,43.5,41.2,35,17,0.525,29.00625,107.956833705156,3.72184731584248,500,5.23784676629621,7.30173056408217,0.889448050898347
56.8,43.5,41.2,35,17,0.525,29.82,104.872198967407,3.51684101165014,500,5.5854025047774,7.17409983874427,0.965993356652089
58.35,43.5,41.2,35,19,0.515,30.05025,101.143652701642,3.36581734600018,499.210480209794,5.78445797279042,6.97166256361897,0.999164686361954
59.9,43.5,41.2,35,21,0.49,29.351,95.8700679724244,3.26633054997869,498.812755359941,5.77303448007338,6.65222717941011,0.999852421268106
61.45,43.5,41.2,35,24,0.465,28.57425,90.8038647786221,3.17782145738286,500,5.73365143927806,6.36797101058056,0.999191985030198
63,43.5,41.2,35,25,0.45,28.35,88.1453859123486,3.10918468826626,497.296059583695,5.74528608251876,6.18700395005338,0.926761841461253
47.5,44,41.2,35,0,NaN,NaN,NaN,NaN,NaN,NaN,NaN,NaN
49.05,44,41.2,35,0,NaN,NaN,NaN,NaN,NaN,NaN,NaN,NaN
50.6,44,41.2,35,0,NaN,NaN,NaN,NaN,NaN,NaN,NaN,NaN
52.15,44,41.2,35,13,0.515,26.85725,115.878889423979,4.3146222872401,500,4.42191569788326,7.43411246394835,0.844392733750374
53.7,44,41.2,35,17,0.525,28.1925,111.370916288224,3.95037390398949,500,4.88127059154199,7.39776150697895,0.81826012459228
55.25,44,41.2,35,18,0.525,29.00625,107.600878770218,3.7095756524962,500,5.22658232343044,7.27963619977172,0.892056477878328
56.8,44,41.2,35,17,0.525,29.82,104.593060891602,3.50748024452054,500,5.57099046795704,7.15604588456031,0.967703789505805
58.35,44,41.2,35,19,0.51,29.7585,100.096586847014,3.3636301173451,500,5.72108659574487,6.9028136211914,0.999636413672941
59.9,44,41.2,35,22,0.485,29.0515,94.9021999406734,3.26668846499057,500,5.70684585009173,6.58750851291748,0.999888024511491
61.45,44,41.2,35,24,0.465,28.57425,90.7141542533693,3.1746818990304,500,5.71323560569791,6.35676965931062,0.999273516941418
63,44,41.2,35,26,0.445,28.035,86.8540794604753,3.09805883575799,500,5.68776402453663,6.11956940635245,0.875071693239613
47.5,44.5,41.2,35,0,NaN,NaN,NaN,NaN,NaN,NaN,NaN,NaN
49.05,44.5,41.2,35,0,NaN,NaN,NaN,NaN,NaN,NaN,NaN,NaN
50.6,44.5,41.2,35,0,NaN,NaN,NaN,NaN,NaN,NaN,NaN,NaN
52.15,44.5,41.2,35,13,0.515,26.85725,115.344126896942,4.29471099598587,500,4.41673358512978,7.40606731889925,0.824848650724507
53.7,44.5,41.2,35,18,0.525,28.1925,110.939776851692,3.935081204281,500,4.87253105278677,7.37355442545521,0.810574183518698
55.25,44.5,41.2,35,18,0.525,29.00625,107.258842489796,3.69778383933793,500,5.21519971974489,7.25798060691344,0.894776238323182
56.8,44.5,41.2,35,18,0.525,29.82,104.324403909623,3.49847095605712,500,5.55637329843767,7.13856806535681,0.968950665190371
58.35,44.5,41.2,35,20,0.51,29.7585,99.9288411142668,3.35799321586326,500,5.7022274688026,6.88884587032024,0.999644506224931
59.9,44.5,41.2,35,22,0.485,29.0515,94.7839685763872,3.26261874864937,500,5.68994057947972,6.57412645847894,0.999900238878579
61.45,44.5,41.2,35,25,0.465,28.57425,90.6804650426214,3.17350289308106,499.371060126675,5.6918965082841,6.34637327334052,0.999342166389491
63,44.5,41.2,35,26,0.445,28.035,86.8645438661063,3.09843209795278,499.732053421169,5.66362972152285,6.1138668950577,0.917952321687669
47.5,45,41.2,35,0,NaN,NaN,NaN,NaN,NaN,NaN,NaN,NaN
49.05,45,41.2,35,0,NaN,NaN,NaN,NaN,NaN,NaN,NaN,NaN
50.6,45,41.2,35,0,NaN,NaN,NaN,NaN,NaN,NaN,NaN,NaN
52.15,45,41.2,35,13,0.515,26.85725,114.82595592024,4.27541747275836,500,4.41141348532867,7.37862741522548,0.802929467434002
53.7,45,41.2,35,18,0.525,28.1925,110.522698541204,3.92028725871079,500,4.86371864879727,7.34985438765865,0.803014517958663
55.25,45,41.2,35,18,0.525,29.00625,106.930646165814,3.68646916322565,500,5.20367715591705,7.23676757155903,0.897428553210163
56.8,45,41.2,35,18,0.525,29.82,104.066212803567,3.48981263593449,500,5.54151719441355,7.12158603098337,0.969779709093598
58.35,45,41.2,35,20,0.51,29.7585,99.8074186546392,3.35391295443786,499.826634851045,5.68192713510948,6.87616846499964,0.999651424889194
59.9,45,41.2,35,22,0.485,29.0515,94.7130142691436,3.26017638569932,499.953635656414,5.67263248636384,6.56213732062973,0.999911620363206
61.45,45,41.2,35,25,0.465,28.57425,90.7060760096824,3.17439918841903,498.754032328467,5.66980512650147,6.3366121085642,0.999401629646571
63,45,41.2,35,27,0.445,28.035,86.9324847051622,3.10085552720393,499.117328307822,5.63759666964723,6.10963224963217,0.942290378947508
47.5,20,41.5,35,0,NaN,NaN,NaN,NaN,NaN,NaN,NaN,NaN
49.05,20,41.5,35,0,NaN,NaN,NaN,NaN,NaN,NaN,NaN,NaN
50.6,20,41.5,35,0,NaN,NaN,NaN,NaN,NaN,NaN,NaN,NaN
52.15,20,41.5,35,0,NaN,NaN,NaN,NaN,NaN,NaN,NaN,NaN
53.7,20,41.5,35,0,NaN,NaN,NaN,NaN,NaN,NaN,NaN,NaN
55.25,20,41.5,35,0,NaN,NaN,NaN,NaN,NaN,NaN,NaN,NaN
56.8,20,41.5,35,0,NaN,NaN,NaN,NaN,NaN,NaN,NaN,NaN
58.35,20,41.5,35,0,NaN,NaN,NaN,NaN,NaN,NaN,NaN,NaN
59.9,20,41.5,35,4,0.555,33.2445,134.506854369836,4.04598818962042,500,7.51588216365613,8.95152520693867,0.87358748786182
61.45,20,41.5,35,4,0.555,34.10475,133.983585386056,3.92859016371784,498.289382521905,8.13765804875896,7.44450467311741,0.900944201093421
63,20,41.5,35,3,0.56,35.28,141.030839344181,3.99747277052668,486.697910515724,8.90040877237652,7.43866438924555,0.922079030734684
47.5,20.5,41.5,35,0,NaN,NaN,NaN,NaN,NaN,NaN,NaN,NaN
49.05,20.5,41.5,35,0,NaN,NaN,NaN,NaN,NaN,NaN,NaN,NaN
50.6,20.5,41.5,35,0,NaN,NaN,NaN,NaN,NaN,NaN,NaN,NaN
52.15,20.5,41.5,35,0,NaN,NaN,NaN,NaN,NaN,NaN,NaN,NaN
53.7,20.5,41.5,35,0,NaN,NaN,NaN,NaN,NaN,NaN,NaN,NaN
55.25,20.5,41.5,35,0,NaN,NaN,NaN,NaN,NaN,NaN,NaN,NaN
56.8,20.5,41.5,35,0,NaN,NaN,NaN,NaN,NaN,NaN,NaN,NaN
58.35,20.5,41.5,35,0,NaN,NaN,NaN,NaN,NaN,NaN,NaN,NaN
59.9,20.5,41.5,35,4,0.555,33.2445,133.345877359568,4.01106581117383,500,7.48710902312591,8.86187007316931,0.921641787705137
61.45,20.5,41.5,35,4,0.555,34.10475,133.319679443159,3.90912349286124,495.794326427954,7.9949736153218,7.52623982240508,0.947068553277184
63,20.5,41.5,35,3,0.56,35.28,140.331845830217,3.97766002920116,485.733554201889,8.76637324596709,7.58282874260203,0.951032058403984
47.5,21,41.5,35,0,NaN,NaN,NaN,NaN,NaN,NaN,NaN,NaN
49.05,21,41.5,35,0,NaN,NaN,NaN,NaN,NaN,NaN,NaN,NaN
50.6,21,41.5,35,0,NaN,NaN,NaN,NaN,NaN,NaN,NaN,NaN
52.15,21,41.5,35,0,NaN,NaN,NaN,NaN,NaN,NaN,NaN,NaN
53.7,21,41.5,35,0,NaN,NaN,NaN,NaN,NaN,NaN,NaN,NaN
55.25,21,41.5,35,0,NaN,NaN,NaN,NaN,NaN,NaN,NaN,NaN
56.8,21,41.5,35,0,NaN,NaN,NaN,NaN,NaN,NaN,NaN,NaN
58.35,21,41.5,35,0,NaN,NaN,NaN,NaN,NaN,NaN,NaN,NaN
59.9,21,41.5,35,5,0.55,32.945,130.659748268969,3.9659963050226,500,7.41954051905085,8.76926980321694,0.888778055040188
61.45,21,41.5,35,5,0.55,33.7975,130.179180824005,3.8517399459725,497.764884864957,7.97911776329652,7.44324092764206,0.878714528664103
63,21,41.5,35,4,0.555,34.965,137.556278323164,3.93411349415598,487.453486186588,8.75644893707308,7.36238586165162,0.885538814070034
47.5,21.5,41.5,35,0,NaN,NaN,NaN,NaN,NaN,NaN,NaN,NaN
49.05,21.5,41.5,35,0,NaN,NaN,NaN,NaN,NaN,NaN,NaN,NaN
50.6,21.5,41.5,35,0,NaN,NaN,NaN,NaN,NaN,NaN,NaN,NaN
52.15,21.5,41.5,35,0,NaN,NaN,NaN,NaN,NaN,NaN,NaN,NaN
53.7,21.5,41.5,35,0,NaN,NaN,NaN,NaN,NaN,NaN,NaN,NaN
55.25,21.5,41.5,35,0,NaN,NaN,NaN,NaN,NaN,NaN,NaN,NaN
56.8,21.5,41.5,35,0,NaN,NaN,NaN,NaN,NaN,NaN,NaN,NaN
58.35,21.5,41.5,35,2,0.555,32.38425,137.368321740129,4.24182501494181,500,6.97004820889248,9.00022404032822,0.811743447250875
59.9,21.5,41.5,35,5,0.55,32.945,129.558646402943,3.93257387776423,500,7.39380801439537,8.68162167288627,0.933296017823314
61.45,21.5,41.5,35,5,0.55,33.7975,129.647135676,3.83599780090243,495.215582806868,7.84595287245663,7.52883861058284,0.939640229330691
63,21.5,41.5,35,4,0.555,34.965,136.973859965636,3.91745631247351,486.443384563531,8.61169749956866,7.50762596141718,0.931898901167603
47.5,22,41.5,35,0,NaN,NaN,NaN,NaN,NaN,NaN,NaN,NaN
49.05,22,41.5,35,0,NaN,NaN,NaN,NaN,NaN,NaN,NaN,NaN
50.6,22,41.5,35,0,NaN,NaN,NaN,NaN,NaN,NaN,NaN,NaN
52.15,22,41.5,35,0,NaN,NaN,NaN,NaN,NaN,NaN,NaN,NaN
53.7,22,41.5,35,0,NaN,NaN,NaN,NaN,NaN,NaN,NaN,NaN
55.25,22,41.5,35,0,NaN,NaN,NaN,NaN,NaN,NaN,NaN,NaN
56.8,22,41.5,35,0,NaN,NaN,NaN,NaN,NaN,NaN,NaN,NaN
58.35,22,41.5,35,4,0.565,32.96775,137.985905442794,4.18548143087695,500,7.03989678828286,9.00482010664139,0.812067044738096
59.9,22,41.5,35,6,0.545,32.6455,127.182463500363,3.89586508095642,500,7.32199863214522,8.58374998689435,0.895460095387585
61.45,22,41.5,35,6,0.545,33.49025,126.632335189958,3.78117019699639,497.171202045903,7.82785442203216,7.45858722812133,0.845226778650892
63,22,41.5,35,5,0.55,34.65,134.266384035186,3.87493171818718,488.137569942611,8.59908333664794,7.28234372392491,0.827414841892261
47.5,22.5,41.5,35,0,NaN,NaN,NaN,NaN,NaN,NaN,NaN,NaN
49.05,22.5,41.5,35,0,NaN,NaN,NaN,NaN,NaN,NaN,NaN,NaN
50.6,22.5,41.5,35,0,NaN,NaN,NaN,NaN,NaN,NaN,NaN,NaN
52.15,22.5,41.5,35,0,NaN,NaN,NaN,NaN,NaN,NaN,NaN,NaN
53.7,22.5,41.5,35,0,NaN,NaN,NaN,NaN,NaN,NaN,NaN,NaN
55.25,22.5,41.5,35,0,NaN,NaN,NaN,NaN,NaN,NaN,NaN,NaN
56.8,22.5,41.5,35,0,NaN,NaN,NaN,NaN,NaN,NaN,NaN,NaN
58.35,22.5,41.5,35,5,0.565,32.96775,136.68146819933,4.1459143617423,500,7.02539957738247,8.94010695262092,0.816770388119663
59.9,22.5,41.5,35,6,0.545,32.6455,126.141340865426,3.86397331532451,500,7.2983826623024,8.50255057947426,0.940026994470169
61.45,22.5,41.5,35,6,0.545,33.49025,126.213362591532,3.76865991121391,494.712875688397,7.70629741589648,7.54472138111891,0.928482198100945
63,22.5,41.5,35,5,0.55,34.65,133.78624034509,3.86107475743404,487.068303017991,8.44440778565283,7.42912887096618,0.901503004982651
47.5,23,41.5,35,0,NaN,NaN,NaN,NaN,NaN,NaN,NaN,NaN
49.05,23,41.5,35,0,NaN,NaN,NaN,NaN,NaN,NaN,NaN,NaN
50.6,23,41.5,35,0,NaN,NaN,NaN,NaN,NaN,NaN,NaN,NaN
52.15,23,41.5,35,0,NaN,NaN,NaN,NaN,NaN,NaN,NaN,NaN
53.7,23,41.5,35,0,NaN,NaN,NaN,NaN,NaN,NaN,NaN,NaN
55.25,23,41.5,35,0,NaN,NaN,NaN,NaN,NaN,NaN,NaN,NaN
56.8,23,41.5,35,0,NaN,NaN,NaN,NaN,NaN,NaN,NaN,NaN
58.35,23,41.5,35,5,0.565,32.96775,135.441350620843,4.10829828001133,500,7.01129067692427,8.87421145604752,0.812197647520515
59.9,23,41.5,35,7,0.545,32.6455,125.150007632481,3.83360670329695,500,7.27551438124957,8.42395967929146,0.959733854136027
61.45,23,41.5,35,7,0.54,33.183,123.314496247247,3.7161949265361,496.636036976168,7.68462769939822,7.49169861357293,0.80900820680346
63,23,41.5,35,5,0.55,34.65,133.332934986598,3.84799235170557,485.889669161648,8.28888628771541,7.57378995933098,0.934207454163388
47.5,23.5,41.5,35,0,NaN,NaN,NaN,NaN,NaN,NaN,NaN,NaN
49.05,23.5,41.5,35,0,NaN,NaN,NaN,NaN,NaN,NaN,NaN,NaN
50.6,23.5,41.5,35,0,NaN,NaN,NaN,NaN,NaN,NaN,NaN,NaN
52.15,23.5,41.5,35,0,NaN,NaN,NaN,NaN,NaN,NaN,NaN,NaN
53.7,23.5,41.5,35,0,NaN,NaN,NaN,NaN,NaN,NaN,NaN,NaN
55.25,23.5,41.5,35,0,NaN,NaN,NaN,NaN,NaN,NaN,NaN,NaN
56.8,23.5,41.5,35,0,NaN,NaN,NaN,NaN,NaN,NaN,NaN,NaN
58.35,23.5,41.5,35,5,0.545,31.80075,129.990769534316,4.08766364108758,500,6.79549465967273,8.67207945782475,0.909156977222135
59.9,23.5,41.5,35,7,0.545,32.6455,124.204276975308,3.80463699362265,500,7.25286194036364,8.34855300364314,0.969375162788355
61.45,23.5,41.5,35,7,0.54,33.183,122.990411578018,3.70642833915011,494.416875955712,7.57608666425611,7.57231632111138,0.917282248176772
63,23.5,41.5,35,6,0.545,34.335,130.746939555819,3.80797843471148,487.594428362306,8.26639600440945,7.35368608688596,0.864510439247521
47.5,24,41.5,35,0,NaN,NaN,NaN,NaN,NaN,NaN,NaN,NaN
49.05,24,41.5,35,0,NaN,NaN,NaN,NaN,NaN,NaN,NaN,NaN
50.6,24,41.5,35,0,NaN,NaN,NaN,NaN,NaN,NaN,NaN,NaN
52.15,24,41.5,35,0,NaN,NaN,NaN,NaN,NaN,NaN,NaN,NaN
53.7,24,41.5,35,0,NaN,NaN,NaN,NaN,NaN,NaN,NaN,NaN
55.25,24,41.5,35,0,NaN,NaN,NaN,NaN,NaN,NaN,NaN,NaN
56.8,24,41.5,35,0,NaN,NaN,NaN,NaN,NaN,NaN,NaN,NaN
58.35,24,41.5,35,6,0.56,32.676,132.424435660811,4.05265135453578,500,6.9391200398411,8.72039882814379,0.847786527739825
59.9,24,41.5,35,8,0.545,32.6455,123.302343901885,3.77700889561763,500,7.22995571673368,8.27758168391328,0.974450696272001
61.45,24,41.5,35,7,0.54,33.183,122.707743772684,3.69790988676984,492.670060033317,7.47768616182428,7.64983661308672,0.953685565735785
63,24,41.5,35,6,0.545,34.335,130.37704185145,3.79720523813748,486.308786462323,8.10467898143144,7.49629724540015,0.912341159836947
47.5,24.5,41.5,35,0,NaN,NaN,NaN,NaN,NaN,NaN,NaN,NaN
49.05,24.5,41.5,35,0,NaN,NaN,NaN,NaN,NaN,NaN,NaN,NaN
50.6,24.5,41.5,35,0,NaN,NaN,NaN,NaN,NaN,NaN,NaN,NaN
52.15,24.5,41.5,35,0,NaN,NaN,NaN,NaN,NaN,NaN,NaN,NaN
53.7,24.5,41.5,35,0,NaN,NaN,NaN,NaN,NaN,NaN,NaN,NaN
55.25,24.5,41.5,35,0,NaN,NaN,NaN,NaN,NaN,NaN,NaN,NaN
56.8,24.5,41.5,35,0,NaN,NaN,NaN,NaN,NaN,NaN,NaN,NaN
58.35,24.5,41.5,35,6,0.56,32.676,131.319178141342,4.01882660488867,500,6.92571415182952,8.65550718756887,0.828131613297696
59.9,24.5,41.5,35,8,0.54,32.346,121.308178022692,3.75033011879961,500,7.15741468577619,8.19759264040925,0.972625669830275
61.45,24.5,41.5,35,8,0.535,32.87575,119.952531076287,3.64866295297558,494.416433591793,7.45465872316383,7.60114836323519,0.914008656109545
63,24.5,41.5,35,7,0.54,34.02,127.836697999098,3.75769247498819,488.0087623597,8.08015349447313,7.28669462992101,0.838184369091784
47.5,25,41.5,35,0,NaN,NaN,NaN,NaN,NaN,NaN,NaN,NaN
49.05,25,41.5,35,0,NaN,NaN,NaN,NaN,NaN,NaN,NaN,NaN
50.6,25,41.5,35,0,NaN,NaN,NaN,NaN,NaN,NaN,NaN,NaN
52.15,25,41.5,35,0,NaN,NaN,NaN,NaN,NaN,NaN,NaN,NaN
53.7,25,41.5,35,0,NaN,NaN,NaN,NaN,NaN,NaN,NaN,NaN
55.25,25,41.5,35,0,NaN,NaN,NaN,NaN,NaN,NaN,NaN,NaN
56.8,25,41.5,35,0,NaN,NaN,NaN,NaN,NaN,NaN,NaN,NaN
58.35,25,41.5,35,6,0.545,31.80075,126.923212800945,3.99120186791021,500,6.74619314851093,8.49419432327189,0.944206778492567
59.9,25,41.5,35,9,0.54,32.346,120.454057621935,3.72392436845158,500,7.13610812375736,8.13409507144658,0.977148345107198
61.45,25,41.5,35,9,0.53,32.5685,117.260077724974,3.60041382700995,496.239264599434,7.42203854276049,7.56837978179016,0.817933974192528
63,25,41.5,35,7,0.54,34.02,127.539595987769,3.74895931768869,486.590152674967,7.91553743364697,7.42695501325245,0.896304268459191
47.5,25.5,41.5,35,0,NaN,NaN,NaN,NaN,NaN,NaN,NaN,NaN
49.05,25.5,41.5,35,0,NaN,NaN,NaN,NaN,NaN,NaN,NaN,NaN
50.6,25.5,41.5,35,0,NaN,NaN,NaN,NaN,NaN,NaN,NaN,NaN
52.15,25.5,41.5,35,0,NaN,NaN,NaN,NaN,NaN,NaN,NaN,NaN
53.7,25.5,41.5,35,0,NaN,NaN,NaN,NaN,NaN,NaN,NaN,NaN
55.25,25.5,41.5,35,0,NaN,NaN,NaN,NaN,NaN,NaN,NaN,NaN
56.8,25.5,41.5,35,0,NaN,NaN,NaN,NaN,NaN,NaN,NaN,NaN
58.35,25.5,41.5,35,6,0.545,31.80075,125.988005860975,3.96179353823337,500,6.73044704868951,8.43645476657719,0.946465266065119
59.9,25.5,41.5,35,9,0.54,32.346,119.642945710974,3.69884825669246,500,7.11440305562799,8.07484790886038,0.979548423502207
61.45,25.5,41.5,35,9,0.53,32.5685,117.077702080175,3.59481407127056,494.729831867464,7.34078529060464,7.61333544331115,0.922790842495151
63,25.5,41.5,35,8,0.535,33.705,125.039370499358,3.70981665923032,488.29888883438,7.88883532017669,7.23070248045906,0.834280719475039
47.5,26,41.5,35,0,NaN,NaN,NaN,NaN,NaN,NaN,NaN,NaN
49.05,26,41.5,35,0,NaN,NaN,NaN,NaN,NaN,NaN,NaN,NaN
50.6,26,41.5,35,0,NaN,NaN,NaN,NaN,NaN,NaN,NaN,NaN
52.15,26,41.5,35,0,NaN,NaN,NaN,NaN,NaN,NaN,NaN,NaN
53.7,26,41.5,35,0,NaN,NaN,NaN,NaN,NaN,NaN,NaN,NaN
55.25,26,41.5,35,0,NaN,NaN,NaN,NaN,NaN,NaN,NaN,NaN
56.8,26,41.5,35,0,NaN,NaN,NaN,NaN,NaN,NaN,NaN,NaN
58.35,26,41.5,35,7,0.545,31.80075,125.093673514966,3.93367054283204,500,6.71504745993326,8.37996880870992,0.945764578857907
59.9,26,41.5,35,10,0.54,32.346,118.88137250838,3.67530366995549,500,7.0919124273897,8.02122082740019,0.980818859188758
61.45,26,41.5,35,10,0.525,32.26125,114.480422403266,3.548542675912,496.505282544202,7.30130349072357,7.57151300542246,0.864523807206395
63,26,41.5,35,8,0.535,33.705,124.805916925344,3.70289028112576,486.718898582312,7.72520195229834,7.36680611311606,0.891744732062219
47.5,26.5,41.5,35,0,NaN,NaN,NaN,NaN,NaN,NaN,NaN,NaN
49.05,26.5,41.5,35,0,NaN,NaN,NaN,NaN,NaN,NaN,NaN,NaN
50.6,26.5,41.5,35,0,NaN,NaN,NaN,NaN,NaN,NaN,NaN,NaN
52.15,26.5,41.5,35,0,NaN,NaN,NaN,NaN,NaN,NaN,NaN,NaN
53.7,26.5,41.5,35,0,NaN,NaN,NaN,NaN,NaN,NaN,NaN,NaN
55.25,26.5,41.5,35,0,NaN,NaN,NaN,NaN,NaN,NaN,NaN,NaN
56.8,26.5,41.5,35,2,0.535,30.388,128.53449265419,4.22977796018791,500,6.10945896058313,8.5071247698183,0.820823632723647
58.35,26.5,41.5,35,7,0.545,31.80075,124.23833545423,3.90677375389667,500,6.7000015799733,8.32498423437373,0.942326996380248
59.9,26.5,41.5,35,11,0.54,32.346,118.181458423352,3.65366531946306,500,7.06819003491108,7.97429698561663,0.981439974841961
61.45,26.5,41.5,35,10,0.525,32.26125,114.348026093398,3.54443879556428,495.303496761018,7.23271531297954,7.59334408147074,0.936619889618113
63,26.5,41.5,35,9,0.53,33.39,122.341784670021,3.66402469811384,488.452609368629,7.69620234703708,7.18489676819628,0.843345198101805
47.5,27,41.5,35,0,NaN,NaN,NaN,NaN,NaN,NaN,NaN,NaN
49.05,27,41.5,35,0,NaN,NaN,NaN,NaN,NaN,NaN,NaN,NaN
50.6,27,41.5,35,0,NaN,NaN,NaN,NaN,NaN,NaN,NaN,NaN
52.15,27,41.5,35,0,NaN,NaN,NaN,NaN,NaN,NaN,NaN,NaN
53.7,27,41.5,35,0,NaN,NaN,NaN,NaN,NaN,NaN,NaN,NaN
55.25,27,41.5,35,0,NaN,NaN,NaN,NaN,NaN,NaN,NaN,NaN
56.8,27,41.5,35,3,0.535,30.388,127.48572363665,4.19526535595137,500,6.09767781296861,8.4518450441465,0.856049037006814
58.35,27,41.5,35,7,0.545,31.80075,123.420074914894,3.88104289725538,500,6.68530894530991,8.2717166413294,0.936111681492017
59.9,27,41.5,35,10,0.54,32.346,117.559405952823,3.63443411713421,500,7.04274953726119,7.93432581343636,0.981665729357854
61.45,27,41.5,35,11,0.52,31.954,111.844815880851,3.50018200791295,497.04008675834,7.18574279931061,7.53380293117172,0.90265905112049
63,27,41.5,35,9,0.53,33.39,122.164123377154,3.65870390467668,486.683811325091,7.53766832744282,7.31402269268232,0.893818434571585
47.5,27.5,41.5,35,0,NaN,NaN,NaN,NaN,NaN,NaN,NaN,NaN
49.05,27.5,41.5,35,0,NaN,NaN,NaN,NaN,NaN,NaN,NaN,NaN
50.6,27.5,41.5,35,0,NaN,NaN,NaN,NaN,NaN,NaN,NaN,NaN
52.15,27.5,41.5,35,0,NaN,NaN,NaN,NaN,NaN,NaN,NaN,NaN
53.7,27.5,41.5,35,0,NaN,NaN,NaN,NaN,NaN,NaN,NaN,NaN
55.25,27.5,41.5,35,0,NaN,NaN,NaN,NaN,NaN,NaN,NaN,NaN
56.8,27.5,41.5,35,4,0.535,30.388,126.481562406667,4.16222069259795,500,6.08566786339087,8.39842444673802,0.87893089389984
58.35,27.5,41.5,35,8,0.545,31.80075,122.63697696161,3.85641775623564,500,6.67095178433977,8.22034949061148,0.926924395522153
59.9,27.5,41.5,35,11,0.535,32.0465,115.794985081142,3.61334264525431,500,6.97453432590231,7.85479803412888,0.983617433142601
61.45,27.5,41.5,35,12,0.515,31.64675,109.475901209665,3.45930944598308,498.686906080336,7.1234388230898,7.4660764578766,0.8387526759844
63,27.5,41.5,35,10,0.525,33.075,119.733400713459,3.62005746677126,488.457745427997,7.50633002976443,7.14602516918434,0.853112440938342
47.5,28,41.5,35,0,NaN,NaN,NaN,NaN,NaN,NaN,NaN,NaN
49.05,28,41.5,35,0,NaN,NaN,NaN,NaN,NaN,NaN,NaN,NaN
50.6,28,41.5,35,0,NaN,NaN,NaN,NaN,NaN,NaN,NaN,NaN
52.15,28,41.5,35,0,NaN,NaN,NaN,NaN,NaN,NaN,NaN,NaN
53.7,28,41.5,35,0,NaN,NaN,NaN,NaN,NaN,NaN,NaN,NaN
55.25,28,41.5,35,0,NaN,NaN,NaN,NaN,NaN,NaN,NaN,NaN
56.8,28,41.5,35,5,0.535,30.388,125.519930693988,4.13057557897814,500,6.07345053241146,8.34675084581687,0.89269363903461
58.35,28,41.5,35,8,0.545,31.80075,121.88713637066,3.83283841955488,500,6.65688731092765,8.17103225527843,0.914501849461919
59.9,28,41.5,35,11,0.535,32.0465,115.172682907693,3.5939239201689,500,6.95148545974001,7.81503560784509,0.983954749834682
61.45,28,41.5,35,12,0.515,31.64675,109.344051736507,3.45514315803384,497.74054023025,7.07319426265119,7.45977619992223,0.926176166523788
63,28,41.5,35,11,0.52,32.76,117.295519318827,3.5804493076565,490.215925881359,7.47567062926916,6.97117123540489,0.80053769296225
47.5,28.5,41.5,35,0,NaN,NaN,NaN,NaN,NaN,NaN,NaN,NaN
49.05,28.5,41.5,35,0,NaN,NaN,NaN,NaN,NaN,NaN,NaN,NaN
50.6,28.5,41.5,35,0,NaN,NaN,NaN,NaN,NaN,NaN,NaN,NaN
52.15,28.5,41.5,35,0,NaN,NaN,NaN,NaN,NaN,NaN,NaN,NaN
53.7,28.5,41.5,35,0,NaN,NaN,NaN,NaN,NaN,NaN,NaN,NaN
55.25,28.5,41.5,35,0,NaN,NaN,NaN,NaN,NaN,NaN,NaN,NaN
56.8,28.5,41.5,35,6,0.535,30.388,124.598637980211,4.10025793011093,500,6.06105871682036,8.29675819456071,0.899524773481655
58.35,28.5,41.5,35,8,0.545,31.80075,121.168634644608,3.81024455852795,500,6.64304394919834,8.12387413184619,0.898570040133803
59.9,28.5,41.5,35,11,0.535,32.0465,114.63626231062,3.57718510010829,500,6.9266721208954,7.78102245621842,0.984094025893105
61.45,28.5,41.5,35,13,0.51,31.3395,107.107981168045,3.41766719852088,499.318013440172,7.00229307764438,7.37728209478773,0.886464434778179
63,28.5,41.5,35,11,0.52,32.76,117.205911839433,3.57771403661272,488.302304563375,7.32312443252332,7.10999930490243,0.863011783936632
47.5,29,41.5,35,0,NaN,NaN,NaN,NaN,NaN,NaN,NaN,NaN
49.05,29,41.5,35,0,NaN,NaN,NaN,NaN,NaN,NaN,NaN,NaN
50.6,29,41.5,35,0,NaN,NaN,NaN,NaN,NaN,NaN,NaN,NaN
52.15,29,41.5,35,0,NaN,NaN,NaN,NaN,NaN,NaN,NaN,NaN
53.7,29,41.5,35,0,NaN,NaN,NaN,NaN,NaN,NaN,NaN,NaN
55.25,29,41.5,35,0,NaN,NaN,NaN,NaN,NaN,NaN,NaN,NaN
56.8,29,41.5,35,7,0.535,30.388,123.715467454512,4.07119479579151,500,6.04853399625816,8.24841667518634,0.900755363503132
58.35,29,41.5,35,9,0.545,31.80075,120.479488252866,3.7885737994502,500,6.62932208651887,8.0789331821475,0.878860018301755
59.9,29,41.5,35,12,0.53,31.747,113.123177807764,3.56327142116623,500,6.85328748136982,7.70553872548207,0.985986944588098
61.45,29,41.5,35,14,0.505,31.03225,105.161917837637,3.3887944908164,500,6.91654140715,7.29533608460326,0.806732456669064
63,29,41.5,35,12,0.515,32.445,114.802643682868,3.53837705911136,490.11550230109,7.28906265764637,6.94703906186512,0.823382292407628
47.5,29.5,41.5,35,0,NaN,NaN,NaN,NaN,NaN,NaN,NaN,NaN
49.05,29.5,41.5,35,0,NaN,NaN,NaN,NaN,NaN,NaN,NaN,NaN
50.6,29.5,41.5,35,0,NaN,NaN,NaN,NaN,NaN,NaN,NaN,NaN
52.15,29.5,41.5,35,0,NaN,NaN,NaN,NaN,NaN,NaN,NaN,NaN
53.7,29.5,41.5,35,0,NaN,NaN,NaN,NaN,NaN,NaN,NaN,NaN
55.25,29.5,41.5,35,4,0.52,28.73,128.808426830073,4.48341200243901,500,5.37573739416759,8.32453214099341,0.807695215035974
56.8,29.5,41.5,35,7,0.535,30.388,122.868242282812,4.04331454135881,500,6.03592170970975,8.20171505438524,0.897073655191528
58.35,29.5,41.5,35,9,0.545,31.80075,119.817575440577,3.76775942204435,500,6.61559841832512,8.03620350031685,0.855069028599356
59.9,29.5,41.5,35,12,0.53,31.747,112.552117061621,3.54528355629259,500,6.83059421739378,7.67057688683373,0.986188534596934
61.45,29.5,41.5,35,14,0.505,31.03225,104.915783651541,3.38086292974375,500,6.88166481531131,7.27364916272978,0.919193862147394
63,29.5,41.5,35,12,0.515,32.445,114.752842067144,3.53684210408826,487.977454943694,7.14981296746821,7.07329027834561,0.877411312817337
47.5,30,41.5,35,0,NaN,NaN,NaN,NaN,NaN,NaN,NaN,NaN
49.05,30,41.5,35,0,NaN,NaN,NaN,NaN,NaN,NaN,NaN,NaN
50.6,30,41.5,35,0,NaN,NaN,NaN,NaN,NaN,NaN,NaN,NaN
52.15,30,41.5,35,0,NaN,NaN,NaN,NaN,NaN,NaN,NaN,NaN
53.7,30,41.5,35,0,NaN,NaN,NaN,NaN,NaN,NaN,NaN,NaN
55.25,30,41.5,35,5,0.52,28.73,127.75813395465,4.44685464513226,500,5.36900466377666,8.27377246563526,0.888628686663538
56.8,30,41.5,35,8,0.535,30.388,122.054873821499,4.0165484342997,500,6.02326489300726,8.15664352412876,0.88870056673974
58.35,30,41.5,35,10,0.545,31.80075,119.180559292765,3.74772794015126,500,6.6017319252111,7.99560581558759,0.826781073050081
59.9,30,41.5,35,13,0.53,31.747,112.068579318461,3.53005258192776,500,6.80611383544933,7.64037706754012,0.986261717948786
61.45,30,41.5,35,15,0.5,30.725,103.282667419372,3.36151887451168,500,6.78838263491567,7.19575003766181,0.86862202698548
63,30,41.5,35,13,0.51,32.13,112.383907177339,3.49778733823029,489.840410717066,7.11247087759833,6.92244936351556,0.848676143742332
47.5,30.5,41.5,35,0,NaN,NaN,NaN,NaN,NaN,NaN,NaN,NaN
49.05,30.5,41.5,35,0,NaN,NaN,NaN,NaN,NaN,NaN,NaN,NaN
50.6,30.5,41.5,35,0,NaN,NaN,NaN,NaN,NaN,NaN,NaN,NaN
52.15,30.5,41.5,35,0,NaN,NaN,NaN,NaN,NaN,NaN,NaN,NaN
53.7,30.5,41.5,35,0,NaN,NaN,NaN,NaN,NaN,NaN,NaN,NaN
55.25,30.5,41.5,35,7,0.525,29.00625,126.774762764815,4.37060160361354,500,5.43339693925542,8.2607330941661,0.859020926729911
56.8,30.5,41.5,35,9,0.535,30.388,121.273394219532,3.99083171710979,500,6.01059839768185,8.11318175941221,0.8755159273713
58.35,30.5,41.5,35,9,0.54,31.509,117.471309402653,3.72818272248097,500,6.5182210468311,7.91997188463654,0.919160208535356
59.9,30.5,41.5,35,13,0.53,31.747,111.691852679669,3.51818605473491,499.917517617751,6.77938361995934,7.61484045794492,0.986219409775518
61.45,30.5,41.5,35,15,0.5,30.725,102.968984188461,3.35130949352191,500,6.7597116945681,7.16900262312805,0.944400128489381
63,30.5,41.5,35,14,0.505,31.815,110.02034522822,3.45812809141034,491.753135419182,7.07116569546333,6.77212060485828,0.812603816277489
47.5,31,41.5,35,0,NaN,NaN,NaN,NaN,NaN,NaN,NaN,NaN
49.05,31,41.5,35,0,NaN,NaN,NaN,NaN,NaN,NaN,NaN,NaN
50.6,31,41.5,35,0,NaN,NaN,NaN,NaN,NaN,NaN,NaN,NaN
52.15,31,41.5,35,0,NaN,NaN,NaN,NaN,NaN,NaN,NaN,NaN
53.7,31,41.5,35,0,NaN,NaN,NaN,NaN,NaN,NaN,NaN,NaN
55.25,31,41.5,35,8,0.525,29.00625,125.82338879604,4.33780267342522,500,5.42533999269688,8.21346411114616,0.903333846456186
56.8,31,41.5,35,9,0.535,30.388,120.521976150941,3.96610425664542,500,5.99794431821558,8.07129277991642,0.857145889934579
58.35,31,41.5,35,10,0.54,31.509,116.878731698791,3.70937610520142,500,6.5037993437172,7.88218304073744,0.904444945518807
59.9,31,41.5,35,13,0.525,31.4475,110.235427481881,3.5053796798436,500,6.70556744215466,7.53635350820744,0.9882686459395
61.45,31,41.5,35,16,0.5,30.725,102.74372044215,3.34397788257607,500,6.73103634584367,7.14456960113705,0.9707413341817
63,31,41.5,35,14,0.505,31.815,110.034656057255,3.45857790530425,489.41809585201,6.94815760003107,6.89559481232482,0.866271189578758
47.5,31.5,41.5,35,0,NaN,NaN,NaN,NaN,NaN,NaN,NaN,NaN
49.05,31.5,41.5,35,0,NaN,NaN,NaN,NaN,NaN,NaN,NaN,NaN
50.6,31.5,41.5,35,0,NaN,NaN,NaN,NaN,NaN,NaN,NaN,NaN
52.15,31.5,41.5,35,0,NaN,NaN,NaN,NaN,NaN,NaN,NaN,NaN
53.7,31.5,41.5,35,4,0.505,27.1185,133.426476671938,4.92012746545487,500,4.70263884536287,8.26346062377785,0.807844949244645
55.25,31.5,41.5,35,8,0.525,29.00625,124.908911246657,4.30627575941934,500,5.4170511152829,8.16755106318024,0.929624372457683
56.8,31.5,41.5,35,9,0.535,30.388,119.798942369103,3.94231085853309,500,5.98530940084841,8.03092097981248,0.833032369815447
58.35,31.5,41.5,35,10,0.54,31.509,116.308506765959,3.69127889701225,500,6.48921141998516,7.84605203574774,0.885807808702807
59.9,31.5,41.5,35,13,0.525,31.4475,109.77846122089,3.49084859594214,500,6.68134162701709,7.50867489713591,0.988359233274362
61.45,31.5,41.5,35,16,0.495,30.41775,101.405698641188,3.33376724580838,500,6.63550368743607,7.07381810153205,0.960800034385892
63,31.5,41.5,35,15,0.5,31.5,107.710231295735,3.41937242208683,491.444652055239,6.90333257915537,6.76082774752401,0.824835498705535
47.5,32,41.5,35,0,NaN,NaN,NaN,NaN,NaN,NaN,NaN,NaN
49.05,32,41.5,35,0,NaN,NaN,NaN,NaN,NaN,NaN,NaN,NaN
50.6,32,41.5,35,0,NaN,NaN,NaN,NaN,NaN,NaN,NaN,NaN
52.15,32,41.5,35,0,NaN,NaN,NaN,NaN,NaN,NaN,NaN,NaN
53.7,32,41.5,35,6,0.51,27.387,131.746101754361,4.8105342591142,500,4.77574482981974,8.23918320852703,0.800504112936502
55.25,32,41.5,35,9,0.525,29.00625,124.02932100862,4.27595159693583,500,5.40857111715834,8.12290607815616,0.944917048365917
56.8,32,41.5,35,10,0.535,30.388,119.102767515007,3.91940132667523,500,5.97268472335637,7.99199245742311,0.802514343896874
58.35,32,41.5,35,10,0.54,31.509,115.758820752997,3.67383353178447,500,6.47434879278912,7.81145127432751,0.862053662561163
59.9,32,41.5,35,14,0.525,31.4475,109.424546359785,3.47959444661053,499.773606297969,6.65490441189144,7.48509734557552,0.988392010881855
61.45,32,41.5,35,17,0.495,30.41775,101.072281047999,3.32280596191365,500,6.61083375389354,7.04625082092704,0.979435787103378
63,32,41.5,35,15,0.5,31.5,107.750938744912,3.42066472206071,488.984501236149,6.7972373551858,6.86580841104403,0.868274419784861
47.5,32.5,41.5,35,0,NaN,NaN,NaN,NaN,NaN,NaN,NaN,NaN
49.05,32.5,41.5,35,0,NaN,NaN,NaN,NaN,NaN,NaN,NaN,NaN
50.6,32.5,41.5,35,0,NaN,NaN,NaN,NaN,NaN,NaN,NaN,NaN
52.15,32.5,41.5,35,0,NaN,NaN,NaN,NaN,NaN,NaN,NaN,NaN
53.7,32.5,41.5,35,6,0.51,27.387,130.668818641261,4.77119869431706,500,4.77257198026203,8.18977798528229,0.872966366726469
55.25,32.5,41.5,35,10,0.53,29.2825,123.386343199954,4.21365468112196,500,5.46717141825875,8.11851976304272,0.817966711965909
56.8,32.5,41.5,35,9,0.53,30.104,117.887029951408,3.91599222533244,500,5.89077677054523,7.91100314252627,0.946558413644433
58.35,32.5,41.5,35,11,0.54,31.509,115.227690604804,3.65697707336965,500,6.4590979782931,7.77822145790112,0.831779542795113
59.9,32.5,41.5,35,14,0.52,31.148,108.12277813083,3.47125908985585,500,6.57728663080315,7.41014014804109,0.990803533742541
61.45,32.5,41.5,35,17,0.495,30.41775,100.816759197701,3.3144055427407,500,6.58502249363846,7.02218829858574,0.987238072950428
63,32.5,41.5,35,16,0.495,31.185,105.465626736583,3.38193447928758,491.19071438019,6.74957923072048,6.74880962943073,0.815490266475679
47.5,33,41.5,35,0,NaN,NaN,NaN,NaN,NaN,NaN,NaN,NaN
49.05,33,41.5,35,0,NaN,NaN,NaN,NaN,NaN,NaN,NaN,NaN
50.6,33,41.5,35,0,NaN,NaN,NaN,NaN,NaN,NaN,NaN,NaN
52.15,33,41.5,35,0,NaN,NaN,NaN,NaN,NaN,NaN,NaN,NaN
53.7,33,41.5,35,8,0.515,27.6555,129.269172621051,4.67426633476348,500,4.84084456592471,8.17245792190879,0.836054069144212
55.25,33,41.5,35,11,0.53,29.2825,122.584112688593,4.18625843724384,500,5.45819384775228,8.07633502728875,0.826958064758269
56.8,33,41.5,35,10,0.53,30.104,117.230376223061,3.8941793855654,500,5.87810832141358,7.87426795692452,0.936777001224133
58.35,33,41.5,35,10,0.535,31.21725,113.730404992324,3.64319102394747,500,6.37221226952612,7.70619699473839,0.923199664676859
59.9,33,41.5,35,14,0.52,31.148,107.684456443896,3.45718686412919,500,6.55343530666513,7.38427805409374,0.991124497282392
61.45,33,41.5,35,18,0.495,30.41775,100.644788122431,3.30875190053279,500,6.55733761690794,7.00211071401204,0.991117146005395
63,33,41.5,35,16,0.495,31.185,105.529055686688,3.38396843632156,488.739816413776,6.65977314249709,6.83280037802137,0.855031404171298
47.5,33.5,41.5,35,0,NaN,NaN,NaN,NaN,NaN,NaN,NaN,NaN
49.05,33.5,41.5,35,0,NaN,NaN,NaN,NaN,NaN,NaN,NaN,NaN
50.6,33.5,41.5,35,0,NaN,NaN,NaN,NaN,NaN,NaN,NaN,NaN
52.15,33.5,41.5,35,0,NaN,NaN,NaN,NaN,NaN,NaN,NaN,NaN
53.7,33.5,41.5,35,8,0.515,27.6555,128.288171397268,4.63879414211524,500,4.83651685834318,8.12607994406605,0.887362158084641
55.25,33.5,41.5,35,11,0.53,29.2825,121.810861990916,4.1598518566009,500,5.44915790103654,8.0354017904149,0.827188768757162
56.8,33.5,41.5,35,10,0.53,30.104,116.597088731507,3.87314272958767,500,5.86543209530818,7.83877943408533,0.924073005507409
58.35,33.5,41.5,35,11,0.535,31.21725,113.230192754267,3.62716743961325,500,6.35676404972093,7.67479148236847,0.906187580651539
59.9,33.5,41.5,35,14,0.52,31.148,107.331231481451,3.44584665087488,499.867136217487,6.52747611558532,7.36201657199157,0.991473246092198
61.45,33.5,41.5,35,18,0.49,30.1105,99.4965948882117,3.30438202249088,500,6.46487163897467,6.93595528829234,0.990043197623988
63,33.5,41.5,35,16,0.495,31.185,105.597175063942,3.38615279986988,486.493405092026,6.58227088906386,6.89139403647242,0.883160389871244
47.5,34,41.5,35,0,NaN,NaN,NaN,NaN,NaN,NaN,NaN,NaN
49.05,34,41.5,35,0,NaN,NaN,NaN,NaN,NaN,NaN,NaN,NaN
50.6,34,41.5,35,0,NaN,NaN,NaN,NaN,NaN,NaN,NaN,NaN
52.15,34,41.5,35,0,NaN,NaN,NaN,NaN,NaN,NaN,NaN,NaN
53.7,34,41.5,35,10,0.52,27.924,127.14283911687,4.55317429869895,500,4.90059597412007,8.11487467709467,0.824954578869064
55.25,34,41.5,35,11,0.53,29.2825,121.065057138879,4.13438255404693,500,5.44007433201967,7.99571470528781,0.820199044979836
56.8,34,41.5,35,11,0.53,30.104,115.986112029207,3.85284719735607,500,5.85272780783067,7.80445785616261,0.907717583184343
58.35,34,41.5,35,11,0.535,31.21725,112.746952370923,3.61168752439511,500,6.34101494119324,7.64449239668241,0.884347419891457
59.9,34,41.5,35,15,0.52,31.148,107.088447732015,3.43805212957542,499.025289763539,6.49903737209086,7.34325142535727,0.991865984554326
61.45,34,41.5,35,19,0.49,30.1105,99.1818050477146,3.29392753516928,500,6.44117512122706,6.91307693971785,0.993142203163298
63,34,41.5,35,17,0.49,30.87,103.36507567413,3.34839895283867,488.835168655016,6.53506031558159,6.79576048625768,0.831564920400488
47.5,34.5,41.5,35,0,NaN,NaN,NaN,NaN,NaN,NaN,NaN,NaN
49.05,34.5,41.5,35,0,NaN,NaN,NaN,NaN,NaN,NaN,NaN,NaN
50.6,34.5,41.5,35,0,NaN,NaN,NaN,NaN,NaN,NaN,NaN,NaN
52.15,34.5,41.5,35,1,0.49,25.5535,137.123362052309,5.36612839933116,500,4.06935927859495,8.08639230305426,0.81871842000674
53.7,34.5,41.5,35,10,0.52,27.924,126.247409222848,4.52110762150293,500,4.89551783963556,8.07132278457264,0.868616108979754
55.25,34.5,41.5,35,12,0.53,29.2825,120.345290202687,4.1098024486532,500,5.43094660599628,7.95726120275523,0.806820668371906
56.8,34.5,41.5,35,11,0.53,30.104,115.396497730069,3.83326128521355,500,5.83996983564344,7.77121215628052,0.886890303722359
58.35,34.5,41.5,35,12,0.535,31.21725,112.279172809422,3.59670287451399,500,6.32488117699762,7.61517886636419,0.856909494446342
59.9,34.5,41.5,35,15,0.515,30.8485,105.730239343314,3.42740293185452,500,6.42392185968006,7.26665791261175,0.994753807432974
61.45,34.5,41.5,35,19,0.49,30.1105,98.9379702182918,3.28582953515524,500,6.41578086107788,6.89400230853138,0.994875560115494
63,34.5,41.5,35,17,0.49,30.87,103.455156657022,3.35131702808624,486.901833799768,6.46992768485077,6.83624437689451,0.862377314418561
47.5,35,41.5,35,0,NaN,NaN,NaN,NaN,NaN,NaN,NaN,NaN
49.05,35,41.5,35,0,NaN,NaN,NaN,NaN,NaN,NaN,NaN,NaN
50.6,35,41.5,35,0,NaN,NaN,NaN,NaN,NaN,NaN,NaN,NaN
52.15,35,41.5,35,3,0.495,25.81425,135.137842115162,5.23500942755114,500,4.14487198950235,8.06389004742134,0.832663948665656
53.7,35,41.5,35,10,0.52,27.924,125.383213551656,4.49015948831312,500,4.890267429337,8.02897055275591,0.896989648714245
55.25,35,41.5,35,11,0.525,29.00625,119.385627898198,4.11585875106911,500,5.35517702396766,7.87963472669852,0.956241599902975
56.8,35,41.5,35,12,0.53,30.104,114.827392884065,3.81435665971514,500,5.82713219746472,7.73894316462725,0.860802083522388
58.35,35,41.5,35,12,0.535,31.21725,111.825417837181,3.58216748231124,500,6.30826341481395,7.58678156178191,0.823528786766122
59.9,35,41.5,35,14,0.515,30.8485,105.375719908414,3.41591065719288,500,6.39877629374223,7.2453334509214,0.995298141090516
61.45,35,41.5,35,20,0.49,30.1105,98.7766375295766,3.28047151424176,499.718725735743,6.38816044697236,6.87874540367962,0.995957150103302
63,35,41.5,35,18,0.485,30.555,101.254317284623,3.313837908186,489.356312589189,6.42207848111746,6.75282472573734,0.804486763953305
47.5,35.5,41.5,35,0,NaN,NaN,NaN,NaN,NaN,NaN,NaN,NaN
49.05,35.5,41.5,35,0,NaN,NaN,NaN,NaN,NaN,NaN,NaN,NaN
50.6,35.5,41.5,35,0,NaN,NaN,NaN,NaN,NaN,NaN,NaN,NaN
52.15,35.5,41.5,35,4,0.5,26.075,133.299125015327,5.11214285773066,500,4.21813692044554,8.04428332025474,0.817888567150291
53.7,35.5,41.5,35,11,0.52,27.924,124.548751825891,4.46027617196287,500,4.88483061845969,7.98777310532861,0.915637150283892
55.25,35.5,41.5,35,12,0.525,29.00625,118.703378715379,4.09233798630913,500,5.3460280652164,7.8431037710993,0.952039553959549
56.8,35.5,41.5,35,12,0.53,30.104,114.278028484082,3.79610777584646,500,5.81419302556007,7.70754819332995,0.828900884083003
58.35,35.5,41.5,35,12,0.53,30.9255,110.514256351306,3.57356409278125,500,6.22081241993409,7.51795645216661,0.929621924425998
59.9,35.5,41.5,35,15,0.515,30.8485,105.108396485494,3.40724497092221,499.315496930926,6.37135229357498,7.22720865905318,0.995830066819955
61.45,35.5,41.5,35,19,0.49,30.1105,98.7022290045051,3.27800033225968,498.922019507494,6.35780392072505,6.86692115404479,0.996691541249631
63,35.5,41.5,35,18,0.485,30.555,101.364179511512,3.31743346462156,487.798265646943,6.36687526024677,6.77633570104175,0.842072337171368
47.5,36,41.5,35,0,NaN,NaN,NaN,NaN,NaN,NaN,NaN,NaN
49.05,36,41.5,35,0,NaN,NaN,NaN,NaN,NaN,NaN,NaN,NaN
50.6,36,41.5,35,0,NaN,NaN,NaN,NaN,NaN,NaN,NaN,NaN
52.15,36,41.5,35,5,0.5,26.075,132.271823672284,5.07274491552384,500,4.21773990815584,7.99897903341671,0.847363167159389
53.7,36,41.5,35,12,0.525,28.1925,123.718451663226,4.3883462503583,500,4.94426403115616,7.98525565822559,0.819152702350114
55.25,36,41.5,35,12,0.525,29.00625,118.044030010768,4.06960672306029,500,5.3368355992472,7.80769185390711,0.946326940781796
56.8,36,41.5,35,11,0.525,29.82,113.232463953107,3.79719865704584,500,5.73259509354813,7.63359246037535,0.958296880401734
58.35,36,41.5,35,12,0.53,30.9255,110.086189435998,3.55972221745803,500,6.20454485771788,7.49101831672264,0.917170276092958
59.9,36,41.5,35,15,0.51,30.549,103.91272683112,3.4015099293306,500,6.29438435758035,7.15572327550551,0.997642936132414
61.45,36,41.5,35,19,0.485,29.80325,97.5293364962659,3.27243963313618,500,6.27661664453314,6.79916211924665,0.996671040486596
63,36,41.5,35,18,0.485,30.555,101.477968875087,3.32115754786737,486.694924377428,6.31777232211594,6.78950078059059,0.870752967135686
47.5,36.5,41.5,35,0,NaN,NaN,NaN,NaN,NaN,NaN,NaN,NaN
49.05,36.5,41.5,35,0,NaN,NaN,NaN,NaN,NaN,NaN,NaN,NaN
50.6,36.5,41.5,35,0,NaN,NaN,NaN,NaN,NaN,NaN,NaN,NaN
52.15,36.5,41.5,35,6,0.505,26.33575,130.655879435396,4.96116037839802,500,4.28801628731661,7.98394078061598,0.81869528693729
53.7,36.5,41.5,35,12,0.525,28.1925,122.953170866094,4.36120141406737,500,4.93828731450058,7.94645028648988,0.836718834530322
55.25,36.5,41.5,35,12,0.525,29.00625,117.406569020547,4.04763004595724,500,5.3275942457396,7.77337454013815,0.938935750628979
56.8,36.5,41.5,35,12,0.525,29.82,112.710741727205,3.77970294189152,500,5.71986095105704,7.60383842215327,0.950395768720471
58.35,36.5,41.5,35,12,0.53,30.9255,109.671013192222,3.546297171985,500,6.18793148274,7.46485441853029,0.903723083216985
59.9,36.5,41.5,35,15,0.51,30.549,103.566925729178,3.39019037379874,500,6.27047725382355,7.13509471163855,0.997976081781023
61.45,36.5,41.5,35,20,0.485,29.80325,97.2821778600565,3.26414662360838,500,6.25209974669359,6.78379578569811,0.997309032765071
63,36.5,41.5,35,19,0.48,30.24,99.3184274575032,3.28433953232484,489.14291340601,6.27220905983226,6.71043125603415,0.827041688138155
47.5,37,41.5,35,0,NaN,NaN,NaN,NaN,NaN,NaN,NaN,NaN
49.05,37,41.5,35,0,NaN,NaN,NaN,NaN,NaN,NaN,NaN,NaN
50.6,37,41.5,35,0,NaN,NaN,NaN,NaN,NaN,NaN,NaN,NaN
52.15,37,41.5,35,6,0.505,26.33575,129.711027479982,4.92528321691929,500,4.2870285770837,7.9410770531832,0.845183714305723
53.7,37,41.5,35,13,0.525,28.1925,122.213303689088,4.33495800972202,500,4.93222779202338,7.90873856809782,0.847346407905052
55.25,37,41.5,35,13,0.525,29.00625,116.790066531164,4.02637592005738,500,5.31829023696892,7.74012195291181,0.929678748866771
56.8,37,41.5,35,12,0.525,29.82,112.20682683632,3.76280438753588,500,5.70705202819159,7.57485898163427,0.941191828088311
58.35,37,41.5,35,13,0.53,30.9255,109.267828007227,3.53325986668693,500,6.1708710135448,7.43948643113785,0.890016521818353
59.9,37,41.5,35,15,0.51,30.549,103.280155872875,3.38080316451848,500,6.24459987117538,7.11730680304109,0.998261022023074
61.45,37,41.5,35,20,0.485,29.80325,97.1084625618391,3.25831788686936,499.77661084492,6.22540305663754,6.77137107038959,0.997757400380006
63,37,41.5,35,19,0.48,30.24,99.4526879360795,3.28877936296559,488.309741430777,6.22855342478022,6.71403916324707,0.863072175536989
47.5,37.5,41.5,35,0,NaN,NaN,NaN,NaN,NaN,NaN,NaN,NaN
49.05,37.5,41.5,35,0,NaN,NaN,NaN,NaN,NaN,NaN,NaN,NaN
50.6,37.5,41.5,35,0,NaN,NaN,NaN,NaN,NaN,NaN,NaN,NaN
52.15,37.5,41.5,35,7,0.51,26.5965,128.323148395706,4.82481335497926,500,4.3543919718165,7.9303504501201,0.810204614487863
53.7,37.5,41.5,35,13,0.525,28.1925,121.497733702621,4.30957643708862,500,4.92609433675715,7.87210618408917,0.852728572675134
55.25,37.5,41.5,35,13,0.525,29.00625,116.193669494702,4.00581493625346,500,5.3089046659569,7.70790020190224,0.918398818332084
56.8,37.5,41.5,35,13,0.525,29.82,111.720139668322,3.74648355695245,500,5.69416313996726,7.54657155622432,0.930842771877686
58.35,37.5,41.5,35,13,0.53,30.9255,108.876356455657,3.52060133080004,500,6.153229854845,7.41504051905164,0.876994981038717
59.9,37.5,41.5,35,15,0.51,30.549,103.07839208066,3.37419856887821,498.948045123592,6.21648848020245,7.10226971075917,0.998501273196657
61.45,37.5,41.5,35,19,0.485,29.80325,97.0178923027115,3.25527894785674,499.050949457273,6.1961732411949,6.76144055306383,0.998089672826425
63,37.5,41.5,35,20,0.475,29.925,97.3102745961526,3.25180533320476,490.850644783718,6.18588694515857,6.63773578614693,0.817646099759391
47.5,38,41.5,35,0,NaN,NaN,NaN,NaN,NaN,NaN,NaN,NaN
49.05,38,41.5,35,0,NaN,NaN,NaN,NaN,NaN,NaN,NaN,NaN
50.6,38,41.5,35,0,NaN,NaN,NaN,NaN,NaN,NaN,NaN,NaN
52.15,38,41.5,35,8,0.51,26.5965,127.455775846659,4.79220107332389,500,4.35261099742619,7.88995275810686,0.834394186776905
53.7,38,41.5,35,13,0.525,28.1925,120.805427005261,4.28502002324239,500,4.91987959275519,7.83653331500296,0.85389771394453
55.25,38,41.5,35,13,0.525,29.00625,115.616594510598,3.98592008655369,500,5.29941796195444,7.67667260925042,0.905027631854602
56.8,38,41.5,35,13,0.525,29.82,111.250144413645,3.73072248201358,500,5.68119495542322,7.51890341732454,0.919690464882056
58.35,38,41.5,35,14,0.53,30.9255,108.497501033467,3.50835074723018,500,6.13483633570811,7.39172900926986,0.865681859213176
59.9,38,41.5,35,16,0.505,30.2495,101.928645313417,3.36959768966156,500,6.14391939218639,7.03132072084115,0.999096696546227
61.45,38,41.5,35,20,0.485,29.80325,97.0122177532722,3.25508854749976,498.32612292201,6.1643042313469,6.75339371016062,0.998346151068366
63,38,41.5,35,20,0.475,29.925,97.4639300717067,3.25694001910465,490.176416006038,6.14565586362941,6.63468427879932,0.86274658024638
47.5,38.5,41.5,35,0,NaN,NaN,NaN,NaN,NaN,NaN,NaN,NaN
49.05,38.5,41.5,35,0,NaN,NaN,NaN,NaN,NaN,NaN,NaN,NaN
50.6,38.5,41.5,35,0,NaN,NaN,NaN,NaN,NaN,NaN,NaN,NaN
52.15,38.5,41.5,35,8,0.51,26.5965,126.615714657373,4.76061566963222,500,4.35052010148392,7.8507074338071,0.852303095603123
53.7,38.5,41.5,35,14,0.525,28.1925,120.13542410794,4.2612547346968,500,4.91356132022602,7.8019945326612,0.851476330090569
55.25,38.5,41.5,35,14,0.525,29.00625,115.058122257458,3.96666657211661,500,5.28981412936194,7.64640060821522,0.889646130619907
56.8,38.5,41.5,35,13,0.525,29.82,110.796341812053,3.71550442025664,500,5.66815228820433,7.4917985733498,0.908258928072035
58.35,38.5,41.5,35,14,0.53,30.9255,108.134088786241,3.49659953068636,500,6.11547805536947,7.36979723369882,0.857016031983431
59.9,38.5,41.5,35,16,0.505,30.2495,101.638120854516,3.35999341656939,500,6.12012820752489,7.01361220643214,0.999204814072677
61.45,38.5,41.5,35,20,0.48,29.496,95.8291460699923,3.24888615642773,500,6.0954365450999,6.68544609415089,0.998412830869403
63,38.5,41.5,35,21,0.47,29.61,95.3317201155076,3.21957852467098,492.819848242787,6.10823255530772,6.55878096855477,0.809175857490906
47.5,39,41.5,35,0,NaN,NaN,NaN,NaN,NaN,NaN,NaN,NaN
49.05,39,41.5,35,0,NaN,NaN,NaN,NaN,NaN,NaN,NaN,NaN
50.6,39,41.5,35,0,NaN,NaN,NaN,NaN,NaN,NaN,NaN,NaN
52.15,39,41.5,35,9,0.515,26.85725,125.4911786006,4.67252524367164,500,4.41204746873326,7.84700663538788,0.812032313532296
53.7,39,41.5,35,14,0.525,28.1925,119.486832222323,4.23824890386888,500,4.9071078417817,7.76845947704752,0.845853987320678
55.25,39,41.5,35,14,0.525,29.00625,114.51759288718,3.94803164446214,500,5.28008360494825,7.61704428298619,0.872531390987545
56.8,39,41.5,35,14,0.525,29.82,110.35826176841,3.7008136072572,500,5.65504168307374,7.46522412972282,0.897207951039249
58.35,39,41.5,35,14,0.53,30.9255,107.791686097833,3.4855276745027,500,6.09490465567439,7.34945850504926,0.851696323822396
59.9,39,41.5,35,16,0.505,30.2495,101.406956980881,3.35235150931027,499.490831719067,6.09453166426235,6.99840669960712,0.999293793307566
61.45,39,41.5,35,20,0.48,29.496,95.6393211899025,3.2424505421041,500,6.07066744322495,6.6736724737202,0.998636789826009
63,39,41.5,35,21,0.47,29.61,95.5024932649985,3.22534593937854,492.211554430037,6.06999633269456,6.55216216108564,0.86556570040352
47.5,39.5,41.5,35,0,NaN,NaN,NaN,NaN,NaN,NaN,NaN,NaN
49.05,39.5,41.5,35,0,NaN,NaN,NaN,NaN,NaN,NaN,NaN,NaN
50.6,39.5,41.5,35,0,NaN,NaN,NaN,NaN,NaN,NaN,NaN,NaN
52.15,39.5,41.5,35,10,0.515,26.85725,124.720246731247,4.64382044815634,500,4.40875280998544,7.81012159195105,0.824152011006441
53.7,39.5,41.5,35,14,0.525,28.1925,118.858818269999,4.21597298111196,500,4.90048550310785,7.73589386872269,0.837314255508909
55.25,39.5,41.5,35,14,0.525,29.00625,113.99440234042,3.92999447844584,500,5.27022421089212,7.58856256590268,0.854171276650374
56.8,39.5,41.5,35,14,0.525,29.82,109.935455632629,3.68663499774074,500,5.64186888967761,7.4391745388699,0.887246833444706
58.35,39.5,41.5,35,15,0.53,30.9255,107.479188355619,3.47542281792111,500,6.07283901459228,7.33084456873189,0.850070198867194
59.9,39.5,41.5,35,17,0.505,30.2495,101.255558554742,3.34734651993394,498.748460337556,6.06693443043875,6.98549043145958,0.999367107565439
61.45,39.5,41.5,35,21,0.48,29.496,95.5193156377855,3.23838200562061,499.373023487401,6.04386277432871,6.66365956650796,0.99881048318453
63,39.5,41.5,35,21,0.47,29.61,95.6813192750369,3.23138531830587,491.635814804337,6.0327430475053,6.54792610880969,0.903268968791595
47.5,40,41.5,35,0,NaN,NaN,NaN,NaN,NaN,NaN,NaN,NaN
49.05,40,41.5,35,0,NaN,NaN,NaN,NaN,NaN,NaN,NaN,NaN
50.6,40,41.5,35,0,NaN,NaN,NaN,NaN,NaN,NaN,NaN,NaN
52.15,40,41.5,35,10,0.515,26.85725,123.973594934359,4.61601969428586,500,4.40529917237816,7.77414528681437,0.830132759093323
53.7,40,41.5,35,15,0.525,28.1925,118.25060280294,4.19439931907209,500,4.89366587350638,7.70426057399269,0.826127135750403
55.25,40,41.5,35,14,0.525,29.00625,113.487999501739,3.91253607418193,500,5.26024028990347,7.5609131363611,0.835234062107831
56.8,40,41.5,35,14,0.525,29.82,109.527487993,3.67295399037559,500,5.62863670644443,7.41367220590152,0.879027748168801
58.35,40,41.5,35,15,0.53,30.9255,107.208690653769,3.46667606518144,500,6.04899997732779,7.31398633029174,0.852086986503189
59.9,40,41.5,35,17,0.5,29.95,100.18504974675,3.345076786202,500,5.99859042217447,6.91598599525954,0.999549180424752
61.45,40,41.5,35,21,0.48,29.496,95.4768740040858,3.23694311106881,498.659717400662,6.01508205133456,6.65497672419574,0.998949445384901
63,40,41.5,35,22,0.465,29.295,93.5645245815266,3.19387351362098,494.359332906369,6.00117980706156,6.46806900368384,0.864417424841631
47.5,40.5,41.5,35,0,NaN,NaN,NaN,NaN,NaN,NaN,NaN,NaN
49.05,40.5,41.5,35,0,NaN,NaN,NaN,NaN,NaN,NaN,NaN,NaN
50.6,40.5,41.5,35,0,NaN,NaN,NaN,NaN,NaN,NaN,NaN,NaN
52.15,40.5,41.5,35,11,0.515,26.85725,123.250408450294,4.58909264538604,500,4.40174355516841,7.7390398470019,0.830479194949005
53.7,40.5,41.5,35,15,0.525,28.1925,117.661454932532,4.17350199281836,500,4.8866309699501,7.67352057016045,0.812612430066929
55.25,40.5,41.5,35,15,0.525,29.00625,112.997884079646,3.89563918395678,500,5.25014052002084,7.53405209326479,0.81649457301602
56.8,40.5,41.5,35,14,0.525,29.82,109.133927937433,3.65975613472277,500,5.61534351541277,7.38876359446989,0.873045530252948
58.35,40.5,41.5,35,15,0.53,30.9255,106.994075496646,3.45973631781689,499.003698310158,6.02313847673427,7.29882242046097,0.857320390316523
59.9,40.5,41.5,35,17,0.5,29.95,99.9446325134038,3.33704949961282,500,5.97601634610085,6.90029593754872,0.999587161337075
61.45,40.5,41.5,35,21,0.48,29.496,95.5127176753578,3.23815831554644,497.946923147246,5.9846116945943,6.64717912092481,0.999063539423843
63,40.5,41.5,35,22,0.465,29.295,93.7601226485395,3.20055035495953,493.769015035744,5.96476779834285,6.46367689189728,0.909047358389403
47.5,41,41.5,35,0,NaN,NaN,NaN,NaN,NaN,NaN,NaN,NaN
49.05,41,41.5,35,0,NaN,NaN,NaN,NaN,NaN,NaN,NaN,NaN
50.6,41,41.5,35,0,NaN,NaN,NaN,NaN,NaN,NaN,NaN,NaN
52.15,41,41.5,35,11,0.515,26.85725,122.549920163617,4.56301073876206,500,4.39812301566105,7.70477574650191,0.82546836464634
53.7,41,41.5,35,14,0.52,27.924,116.996355199767,4.1898136083572,500,4.81631850359227,7.60275224574437,0.931766253962099
55.25,41,41.5,35,14,0.52,28.73,112.236637884069,3.90660069210124,500,5.17616563843015,7.4647445860859,0.966526931327499
56.8,41,41.5,35,15,0.525,29.82,108.754339911173,3.64702682465367,500,5.60198265939146,7.36451114010103,0.869567472080346
58.35,41,41.5,35,16,0.525,30.63375,105.710234036549,3.45077680781978,500,5.95729367237754,7.22422739344641,0.974329753914488
59.9,41,41.5,35,18,0.5,29.95,99.7626318475586,3.33097268272316,499.448216087313,5.95195751871952,6.88672782161752,0.999619426768486
61.45,41,41.5,35,22,0.475,29.18875,94.3692730622895,3.23307003767854,500,5.92365948356176,6.58073623995886,0.999116141349826
63,41,41.5,35,23,0.46,28.98,91.6924846567786,3.16399187911589,496.586863433463,5.93364322015611,6.38467795290351,0.849316710337374
47.5,41.5,41.5,35,0,NaN,NaN,NaN,NaN,NaN,NaN,NaN,NaN
49.05,41.5,41.5,35,0,NaN,NaN,NaN,NaN,NaN,NaN,NaN,NaN
50.6,41.5,41.5,35,0,NaN,NaN,NaN,NaN,NaN,NaN,NaN,NaN
52.15,41.5,41.5,35,11,0.515,26.85725,121.87140338543,4.5377469169565,500,4.39444882439085,7.67132696728636,0.815226207659546
53.7,41.5,41.5,35,14,0.52,27.924,116.433657021866,4.16966254912857,500,4.80940673640318,7.57331260063242,0.925755700216449
55.25,41.5,41.5,35,14,0.52,28.73,111.76805458283,3.89029079647858,500,5.16641649924179,7.43898114472804,0.964406798863763
56.8,41.5,41.5,35,15,0.525,29.82,108.388274560669,3.63475099130344,500,5.58854266047216,7.34098248492452,0.868606278692999
58.35,41.5,41.5,35,16,0.525,30.63375,105.45370610092,3.44240277801183,500,5.93480356866375,7.20818383139424,0.976791156615527
59.9,41.5,41.5,35,18,0.5,29.95,99.6531026283592,3.3273156136347,498.750377325321,5.92625003338321,6.8750172742665,0.999647002453719
61.45,41.5,41.5,35,22,0.475,29.18875,94.2243348574663,3.22810448742979,499.830125691045,5.90023882405639,6.56965262290138,0.99921569898199
63,41.5,41.5,35,23,0.46,28.98,91.8781342710009,3.17039800797105,495.976702841476,5.89981475083776,6.38073079885269,0.906419265696783
47.5,42,41.5,35,0,NaN,NaN,NaN,NaN,NaN,NaN,NaN,NaN
49.05,42,41.5,35,0,NaN,NaN,NaN,NaN,NaN,NaN,NaN,NaN
50.6,42,41.5,35,0,NaN,NaN,NaN,NaN,NaN,NaN,NaN,NaN
52.15,42,41.5,35,11,0.51,26.5965,121.426051274855,4.56548986802231,500,4.32775619435467,7.60333659214069,0.850696492665652
53.7,42,41.5,35,15,0.52,27.924,115.888384332587,4.15013552258224,500,4.80232474347703,7.54466175562702,0.919041721985084
55.25,42,41.5,35,15,0.52,28.73,111.314277092573,3.8744962440854,500,5.15658806124154,7.41392088284384,0.962659178933517
56.8,42,41.5,35,15,0.525,29.82,108.03526031691,3.62291282082193,500,5.57500815568994,7.31823927471993,0.869937372946272
58.35,42,41.5,35,16,0.525,30.63375,105.24381388079,3.43555111211623,500,5.9104263890945,7.19368074093757,0.97909312726396
59.9,42,41.5,35,18,0.5,29.95,99.6233850354209,3.32632337346981,498.063213325952,5.89880136336915,6.86479609842885,0.999670730432166
61.45,42,41.5,35,22,0.475,29.18875,94.1423718799107,3.22529645428156,499.141599991726,5.87552962989164,6.55966537066731,0.999297878493772
63,42,41.5,35,24,0.455,28.665,90.1307215903451,3.14427774604378,498.874830248778,5.85676326768642,6.30518214965853,0.802945343423671
47.5,42.5,41.5,35,0,NaN,NaN,NaN,NaN,NaN,NaN,NaN,NaN
49.05,42.5,41.5,35,0,NaN,NaN,NaN,NaN,NaN,NaN,NaN,NaN
50.6,42.5,41.5,35,0,NaN,NaN,NaN,NaN,NaN,NaN,NaN,NaN
52.15,42.5,41.5,35,11,0.51,26.5965,120.774296962394,4.54098460182332,500,4.32398234236217,7.57118168964228,0.83339173403826
53.7,42.5,41.5,35,15,0.52,27.924,115.359922918323,4.13121053281489,500,4.79507505113253,7.51676265931526,0.911789683316182
55.25,42.5,41.5,35,15,0.52,28.73,110.874893872644,3.85920271049926,500,5.14668388468254,7.3895235598494,0.961340549257034
56.8,42.5,41.5,35,16,0.525,29.82,107.694796942141,3.61149553796583,500,5.56136133912109,7.29632770328712,0.873152071840604
58.35,42.5,41.5,35,17,0.525,30.63375,105.092405316245,3.43060857114277,498.61342218229,5.88392799346494,7.18061011633705,0.981139332940147
59.9,42.5,41.5,35,19,0.495,29.6505,98.4727070086206,3.32111455147875,500,5.84027123728976,6.79305219343481,0.999742749557616
61.45,42.5,41.5,35,23,0.475,29.18875,94.1292769114438,3.22484782361162,498.465210537824,5.84971860508503,6.55047266760404,0.999367334532291
63,42.5,41.5,35,24,0.455,28.665,90.2101819128551,3.14704977892395,498.247532984016,5.82800802750537,6.30115086172484,0.886661077773797
47.5,43,41.5,35,0,NaN,NaN,NaN,NaN,NaN,NaN,NaN,NaN
49.05,43,41.5,35,0,NaN,NaN,NaN,NaN,NaN,NaN,NaN,NaN
50.6,43,41.5,35,0,NaN,NaN,NaN,NaN,NaN,NaN,NaN,NaN
52.15,43,41.5,35,11,0.51,26.5965,120.142950440758,4.51724664676773,500,4.32018321824583,7.53971633156883,0.811467289617941
53.7,43,41.5,35,15,0.52,27.924,114.847688447061,4.11286665402739,500,4.78766862343497,7.48957812969073,0.904173548166687
55.25,43,41.5,35,15,0.52,28.73,110.449536444337,3.84439737014748,500,5.13670360165249,7.36574670009258,0.96046433032734
56.8,43,41.5,35,16,0.525,29.82,107.366352823006,3.6004813153255,500,5.54758365477152,7.2752722371653,0.877731990827983
58.35,43,41.5,35,17,0.52,30.342,103.880510419068,3.4236540247534,500,5.82313931787039,7.10737995216975,0.996138716166262
59.9,43,41.5,35,19,0.495,29.6505,98.3351507260573,3.31647529471872,499.622406645273,5.81892584758439,6.78023008204382,0.999760098231305
61.45,43,41.5,35,23,0.475,29.18875,94.1852818978161,3.22676654182917,497.80479514496,5.82304660803013,6.54180077803686,0.999427256946482
63,43,41.5,35,24,0.455,28.665,90.3460166278046,3.15178847471846,497.633907161185,5.79766532203722,6.29915556418509,0.931159139847765
47.5,43.5,41.5,35,0,NaN,NaN,NaN,NaN,NaN,NaN,NaN,NaN
49.05,43.5,41.5,35,0,NaN,NaN,NaN,NaN,NaN,NaN,NaN,NaN
50.6,43.5,41.5,35,0,NaN,NaN,NaN,NaN,NaN,NaN,NaN,NaN
52.15,43.5,41.5,35,11,0.505,26.33575,119.787700578248,4.54848259792292,500,4.25352289645033,7.47479322507975,0.835590866168471
53.7,43.5,41.5,35,16,0.52,27.924,114.351126343587,4.09508402605597,500,4.78012156597006,7.46307085867182,0.896356789322574
55.25,43.5,41.5,35,16,0.52,28.73,110.037880050419,3.83006891926276,500,5.12664171584896,7.34254528005679,0.960002391049119
56.8,43.5,41.5,35,16,0.525,29.82,107.049368382354,3.58985138773822,500,5.53365748180016,7.25507289940638,0.88312757951868
58.35,43.5,41.5,35,17,0.52,30.342,103.683302121831,3.41715450932143,500,5.80044175648205,7.09322492780153,0.996430737884744
59.9,43.5,41.5,35,20,0.495,29.6505,98.2612985949278,3.31398453971865,498.969681055111,5.79633616780968,6.76889729010336,0.999775911013252
61.45,43.5,41.5,35,23,0.47,28.8815,93.1274753909585,3.22446809864303,500,5.76289762892425,6.47805042992049,0.999458243636083
63,43.5,41.5,35,25,0.45,28.35,89.2400244107998,3.14779627551322,500,5.74022274315869,6.22864884090224,0.831785427315382
47.5,44,41.5,35,0,NaN,NaN,NaN,NaN,NaN,NaN,NaN,NaN
49.05,44,41.5,35,0,NaN,NaN,NaN,NaN,NaN,NaN,NaN,NaN
50.6,44,41.5,35,0,NaN,NaN,NaN,NaN,NaN,NaN,NaN,NaN
52.15,44,41.5,35,11,0.505,26.33575,119.179741602975,4.52539766678279,500,4.24976323570674,7.44438244420755,0.809538900551908
53.7,44,41.5,35,16,0.52,27.924,113.869712341557,4.07784387414258,500,4.77245132150963,7.43720324829923,0.888473965469296
55.25,44,41.5,35,16,0.52,28.73,109.639644175179,3.81620759398465,500,5.11648740536,7.31987186456988,0.959892612661706
56.8,44,41.5,35,17,0.525,29.82,106.743268482409,3.57958646822296,500,5.5195675875857,7.23570558230639,0.888825223732924
58.35,44,41.5,35,18,0.52,30.342,103.53728792631,3.41234222946113,500,5.77581741643507,7.08033453915289,0.996654415026396
59.9,44,41.5,35,21,0.495,29.6505,98.253083303012,3.31370746877833,498.325356329947,5.7723811502655,6.75873479197618,0.999790496864688
61.45,44,41.5,35,24,0.47,28.8815,93.0169575387364,3.2206415019558,499.8050990563,5.74251956993721,6.46669203263578,0.999512225507028
63,44,41.5,35,25,0.45,28.35,89.1683993658534,3.14526981890136,499.959120007942,5.7158151650395,6.22504017623359,0.904960364802008
47.5,44.5,41.5,35,0,NaN,NaN,NaN,NaN,NaN,NaN,NaN,NaN
49.05,44.5,41.5,35,0,NaN,NaN,NaN,NaN,NaN,NaN,NaN,NaN
50.6,44.5,41.5,35,0,NaN,NaN,NaN,NaN,NaN,NaN,NaN,NaN
52.15,44.5,41.5,35,10,0.5,26.075,118.904758219921,4.56010578024627,500,4.18344312343448,7.38168966189479,0.837019463865131
53.7,44.5,41.5,35,16,0.52,27.924,113.402953644669,4.06112855051816,500,4.76467314167304,7.41193711245944,0.880617016730714
55.25,44.5,41.5,35,16,0.52,28.73,109.254592671874,3.80280517479548,500,5.10622529038833,7.29767745074395,0.96004989157497
56.8,44.5,41.5,35,17,0.525,29.82,106.447486906043,3.56966756894847,500,5.50530218400576,7.21712436852774,0.894392594529896
58.35,44.5,41.5,35,18,0.52,30.342,103.450540465007,3.40948323989873,498.370306111938,5.74907928456184,7.06857440557885,0.996818033777712
59.9,44.5,41.5,35,21,0.49,29.351,97.1970477659826,3.31154126830372,500,5.71330727024655,6.68991353547557,0.999838467638217
61.45,44.5,41.5,35,24,0.47,28.8815,92.9617342737139,3.21872943835029,499.186148016255,5.72152780107833,6.45615527435644,0.999559311556222
63,44.5,41.5,35,25,0.45,28.35,89.1655502111682,3.14516931961793,499.360257264539,5.68999518890216,6.22240843359164,0.942207251472508
47.5,45,41.5,35,0,NaN,NaN,NaN,NaN,NaN,NaN,NaN,NaN
49.05,45,41.5,35,0,NaN,NaN,NaN,NaN,NaN,NaN,NaN,NaN
50.6,45,41.5,35,0,NaN,NaN,NaN,NaN,NaN,NaN,NaN,NaN
52.15,45,41.5,35,10,0.5,26.075,118.317977290799,4.53760219715434,500,4.17982584025176,7.35223051170285,0.811979591176646
53.7,45,41.5,35,16,0.52,27.924,112.950390631863,4.04492159546852,500,4.75679741609251,7.38723327485457,0.872828727102884
55.25,45,41.5,35,16,0.52,28.73,108.882533196237,3.78985496680253,500,5.09583697117024,7.27591317933978,0.960377746376048
56.8,45,41.5,35,17,0.525,29.82,106.161505646938,3.56007731881081,500,5.49085349412898,7.19926479234206,0.899499183298253
58.35,45,41.5,35,18,0.515,30.05025,102.279700810382,3.40362229300529,500,5.6941886503463,6.99695092898287,0.998994060798197
59.9,45,41.5,35,21,0.49,29.351,97.0971632051987,3.30813816242032,499.99067716555,5.69546546316404,6.67709032701785,0.999852314601211
61.45,45,41.5,35,24,0.47,28.8815,92.9657081297608,3.2188670300975,498.585711396895,5.7000058779579,6.44623792456087,0.999601221854494
63,45,41.5,35,26,0.45,28.35,89.2314606193132,3.14749420173944,498.762063652723,5.66303795598238,6.21994706283308,0.962101986741664
