DOE_ID,DOE_Type,DataSplit,Qf_train_m3h,T_RO_in_C,Cf_kg_m3,R_target,ProposalFeasibilityScore,NearestPriorDistance,Rmax_analytic_design
1,LowTemperatureChallenge,Train,56.9145035339759,26.1471175269828,38.6782291314201,0.512221378497661,0.976267240753394,0.110971151136413,0.532961804213758
2,LowTemperatureChallenge,Train,57.7466462951639,26.4707049823681,41.4553137593998,0.518526838799834,0.616867182875789,0.0627968403738417,0.525238468500544
3,LowTemperatureChallenge,Train,54.0443550894682,26.8592552992411,40.0880693864501,0.541237622502815,0.563911371834382,0.145896452611739,0.554675202386033
4,LowTemperatureChallenge,Train,48.3432121928897,26.999033799415,38.5432735816712,0.490253628093201,0.623462616320967,0.181034885414024,0.571935490707584
5,LowTemperatureChallenge,Train,61.0675974768243,26.7381613716983,40.3409324652334,0.492812718086538,0.583175672968519,0.162741756182184,0.496512036830605
6,LowTemperatureChallenge,Train,57.5138803209854,20.1899975816744,39.5429034184385,0.525305053256381,0.641856905499221,0.051744754047724,0.527376316634471
7,LowTemperatureChallenge,Train,51.7019859615466,25.937890188029,39.1331297283955,0.54324481384349,0.615803606122856,0.161289622634485,0.565344919235805
8,LowTemperatureChallenge,Train,61.4005569364409,26.7845516344341,39.2984216204019,0.482991923311428,0.568549738854799,0.0665441652760066,0.493803311272508
9,LowTemperatureChallenge,Train,53.5238538874097,25.7765359784167,38.5114384937229,0.452820449786036,0.576335411771253,0.182364082075824,0.566914118369855
10,LowTemperatureChallenge,Validation,56.7173721457679,26.5255260435385,39.7859897127096,0.482356264301249,0.610948958576453,0.17190385947978,0.534824635485622
11,LowTemperatureChallenge,Train,61.9151489198208,25.1676506334187,41.182354963672,0.488189594272752,0.559822797224674,0.196161367159723,0.48967425714347
12,LowTemperatureChallenge,Train,58.1667084899068,26.5176601274387,38.7580070487355,0.443806764242534,0.588696624133939,0.0998122397166912,0.521423691694591
13,LowTemperatureChallenge,Train,54.5510215913031,20.2602613648844,38.8558710115465,0.555742967862446,0.569938120975385,0.139101749886167,0.556182928388332
14,LowTemperatureChallenge,Train,57.1653499123522,25.946507434886,40.5600058290734,0.52089063101568,0.71677735797656,0.0842168131096279,0.530609958598517
15,LowTemperatureChallenge,Train,53.8928959673613,22.1882591582177,39.1088540938332,0.496162318655842,0.560385359913909,0.106229556068053,0.56301152067378
16,LowTemperatureChallenge,Test,55.6718392216636,26.8528797322432,39.3757535706085,0.542400716908118,0.757475574300163,0.109966566323784,0.544925134618688
17,LowTemperatureChallenge,Train,54.1249571039337,26.6310596207304,38.6168807108468,0.552713619404931,0.77760268014072,0.0977681620920527,0.560584742273782
18,LowTemperatureChallenge,Train,52.5869090224949,26.4866901886179,38.6029671667701,0.502604734336864,0.918489695849564,0.0384564696846696,0.571268523276312
19,LowTemperatureChallenge,Test,57.7488321586205,21.6272814910251,39.0361768356462,0.491891089284061,0.634613722456405,0.16222762999514,0.525218474032752
20,LowTemperatureChallenge,Train,55.159671428232,20.1417372103834,38.550782120388,0.508059730203174,0.577626006591495,0.159727699226533,0.550012721253944
21,LowTemperatureChallenge,Train,54.4217570804574,22.5337360552539,39.7258322200937,0.509018453800696,0.593265933675066,0.161202940778623,0.557511119751292
22,LowTemperatureChallenge,Train,58.9404405274591,22.6915451601448,40.0853010910094,0.50732678672274,0.581704478711385,0.123649679553018,0.514539396160245
23,LowTemperatureChallenge,Train,58.7734743891956,25.4668190555608,39.4577190518141,0.51537930961691,0.723513469383476,0.0912685997692088,0.516009643670267
24,LowTemperatureChallenge,Train,56.5538839125221,22.2394886423376,38.5288708917063,0.463435288775859,0.630116265833688,0.153680789169363,0.536379400487927
25,LowTemperatureChallenge,Train,60.353462530776,26.0459857574887,38.6790672948411,0.50090558356512,0.64328328505835,0.170877250029459,0.50242253453056
26,LowTemperatureChallenge,Validation,56.3746070754854,26.6865482825379,39.2108879553766,0.472676587554153,0.602985068347918,0.0814371005613755,0.538094680432189
27,LowTemperatureChallenge,Validation,56.8323895534645,25.9946263019872,39.8945087701805,0.531491242342338,0.803775469795435,0.0840262248735983,0.533736185820652
28,LowTemperatureChallenge,Train,49.7472605832517,26.9134041634754,38.6997536578006,0.541143096315689,0.556973769056259,0.164242364916534,0.570187109968709
29,LowTemperatureChallenge,Train,58.2147392687642,21.2327074035683,38.5678110582914,0.51489915976894,0.718892696542571,0.112776865176578,0.520991009547771
30,LowTemperatureChallenge,Validation,52.6857589555778,26.2221910506894,39.5813750773308,0.524396924446456,0.744109088227541,0.0471541877300991,0.56033659131474
31,LowTemperatureChallenge,Train,59.6024860989636,25.0205600741704,40.8032366827062,0.501032448575542,0.643803095158276,0.114970087847972,0.508790732174349
32,LowTemperatureChallenge,Train,53.3102864220334,22.1992598805956,39.4063526294121,0.551662578109181,0.563800439214521,0.115855178155635,0.562292149392043
33,LowTemperatureChallenge,Validation,51.1685582279768,26.6420554265316,39.0454716238153,0.485703266016444,0.570858909323465,0.184927247796982,0.566324339398712
34,LowTemperatureChallenge,Validation,54.2974082401846,26.2501936263154,38.9942140925716,0.523868747533132,0.762215344928972,0.105590610929831,0.558794770480859
35,LowTemperatureChallenge,Train,57.0066833931404,23.2081351566832,39.0969179610251,0.531233384151775,0.692433929752597,0.124608668252773,0.532095153486346
36,LowTemperatureChallenge,Test,57.9611273398137,26.3463472573811,40.3013714658277,0.485241784153779,0.563751849243655,0.141022230150389,0.523283759478341
37,LowTemperatureChallenge,Test,55.654881846504,26.5794006339357,38.5192800982746,0.480752661022174,0.818592593443528,0.128162623758518,0.54509208083722
38,LowTemperatureChallenge,Train,58.7850107743852,26.7478127445931,39.0399511302849,0.494893984594909,0.766170678687545,0.0870203130117942,0.515907789556649
39,LowTemperatureChallenge,Test,54.1350947302157,26.0231391982564,38.9304841887078,0.477964320037583,0.607399719471654,0.116135433671727,0.56047920239205
40,LowTemperatureChallenge,Train,52.4970029463242,23.325073659865,38.7852158744488,0.532515394131362,0.572494925692432,0.127326127902741,0.569232224866494
41,LowTemperatureChallenge,Train,60.3925372629406,26.9158440691869,39.7317777292151,0.489267999210265,0.564214031997599,0.174426320092129,0.502095519785663
42,LowTemperatureChallenge,Train,60.2368104986763,22.9347193983141,39.1559209361154,0.503039305383754,0.562295499521944,0.111674088720428,0.503401314204216
43,LowTemperatureChallenge,Train,58.3055719565782,26.9558550216929,38.5248191906973,0.48436382214479,0.866564351501174,0.115431568406614,0.520174697998284
44,LowTemperatureChallenge,Train,55.3356047575265,25.4787729800323,40.103202260909,0.503032718733262,0.573018295112353,0.180850871866567,0.548254479528409
45,LowTemperatureChallenge,Train,55.0487074130554,26.8844054709412,39.4542385579919,0.497438940789863,0.693519853774552,0.105441240685426,0.551127452459776
46,LowTemperatureChallenge,Validation,54.7507109051513,23.761165375874,38.5984778939868,0.528041587798478,0.773802341634724,0.121193658111464,0.554143450663943
47,LowTemperatureChallenge,Train,52.4802588019714,21.8960785893708,39.4358759779741,0.513168366223839,0.554298703341835,0.158139731372512,0.561962279575709
48,LowTemperatureChallenge,Train,51.1441257179381,26.298506875262,38.647219794445,0.47246647522925,0.670570838039054,0.117376603646162,0.570774080508994
49,LowTemperatureChallenge,Train,53.4968513058643,23.9543340128166,39.0226966892937,0.562217855690676,0.583671070110033,0.092971733994171,0.566578807940852
50,LowTemperatureChallenge,Validation,58.7096809394122,25.5881360672301,39.3977116906201,0.475465343832687,0.555038028586145,0.076064692212255,0.516573595221541
51,LowTemperatureChallenge,Train,53.5647410397606,25.2510949865414,39.7250740623241,0.556011097549104,0.618713611091701,0.130043177408427,0.558731016063418
52,LowTemperatureChallenge,Train,55.4791368784959,23.5307896768491,38.7567196746853,0.492247761588569,0.749452327407406,0.137484448938956,0.546828308735344
53,LowTemperatureChallenge,Train,52.4916586806769,24.2809475273785,38.5193710497968,0.570999435327602,0.550915640149503,0.151161798011749,0.572202558102829
54,LowTemperatureChallenge,Validation,56.1734904807502,25.6479203305062,39.0885814452987,0.503683386524157,0.836674110916508,0.0662225176685924,0.540031948681438
55,LowTemperatureChallenge,Validation,58.717064128293,23.3893926495646,38.687992201657,0.474229694215603,0.57565761448877,0.127271522215791,0.516508263106458
56,LowTemperatureChallenge,Train,56.0834625826791,23.4802020723614,39.5392978106272,0.526878727764269,0.661851547603017,0.1075308711621,0.540903649940132
57,LowTemperatureChallenge,Train,62.2378858345259,26.8293791866528,40.6633512906022,0.478356106331955,0.560186779263782,0.118468098257749,0.487119476119451
58,LowTemperatureChallenge,Train,55.6272353874735,20.0837366229128,38.9865944920578,0.508268975095883,0.602727630404146,0.154467585733482,0.545364479872553
59,LowTemperatureChallenge,Train,55.9564952420738,25.2115394400524,38.752272915772,0.452681034556147,0.584631641790513,0.096547467463895,0.542137787276284
60,LowTemperatureChallenge,Train,57.1706156829225,23.5466861807454,39.4371256418619,0.494897596254945,0.556916555479924,0.101989631623125,0.530560809790472
61,LowTemperatureChallenge,Train,52.7617980905851,26.6005995643302,39.2360542217283,0.510017288091194,0.661477208429891,0.112875106692715,0.564194924896891
62,LowTemperatureChallenge,Train,53.4928808081219,23.8358231114602,38.5907757711026,0.481846333665966,0.620798574805452,0.130480042205168,0.567244106116052
63,LowTemperatureChallenge,Test,50.0014264561801,25.8154426152891,38.6414065192282,0.509533856197087,0.619975205342466,0.145220140921204,0.570839033304712
64,LowTemperatureChallenge,Validation,51.970597419629,26.2262380698955,38.5743890481457,0.537606313486302,0.720779265234184,0.162651754385956,0.571587831864293
65,LowTemperatureChallenge,Test,54.9902285015791,26.7605557139292,38.5346048606911,0.511564308926688,0.897269386491631,0.160406782512899,0.551716734794511
66,LowTemperatureChallenge,Train,57.8406361331108,24.1497048461824,39.021101233747,0.457350991596066,0.554638244964144,0.127569558866152,0.524380091909778
67,LowTemperatureChallenge,Train,57.8193588443954,20.0571674269209,38.962045446417,0.52153049730801,0.609728815049967,0.132979122724241,0.524574165637031
68,LowTemperatureChallenge,Train,58.6493110553644,26.2362182420297,39.9801435241155,0.503267889459658,0.673965620067353,0.137129850927703,0.517108411353792
69,LowTemperatureChallenge,Validation,58.5806381035893,22.998871652888,40.5577792507398,0.514902100487738,0.563140299586927,0.133429379934651,0.517718124409283
70,LowTemperatureChallenge,Train,55.884955902838,20.981762817085,38.5020016442698,0.538389540554124,0.67812553092876,0.137925848861973,0.542835627982502
71,LowTemperatureChallenge,Train,56.9463103711766,23.7333586545377,38.5027083360967,0.491820498911162,0.84616467770867,0.139602415489577,0.532662447684049
72,LowTemperatureChallenge,Train,57.0917671579704,24.4079014700431,40.2271879991388,0.529075642700118,0.636857561987866,0.158787736823906,0.531297702076672
73,LowTemperatureChallenge,Train,54.6018065574075,22.6090191095565,39.1916311982098,0.534406910276796,0.631460588697021,0.0733848592596379,0.555662834130379
74,LowTemperatureChallenge,Train,54.9512731185938,26.0555161662907,39.6795949081214,0.530777452668204,0.767663307749011,0.0976000583554947,0.552109977782815
75,LowTemperatureChallenge,Test,58.8921081272864,21.9649277429459,39.7307760381473,0.513555624303015,0.565172463889159,0.0779251784038755,0.514964137640823
76,LowTemperatureChallenge,Train,56.1418302279085,26.3953968992393,39.0350530347829,0.536286113140963,0.8080611014274,0.130383267958929,0.540338182531076
77,LowTemperatureChallenge,Train,51.022237727734,25.7242218321071,38.9877005780527,0.516361810886992,0.582186321395817,0.186733999278346,0.566969825943545
78,LowTemperatureChallenge,Train,58.2547653572172,24.0336455933112,38.9448575963604,0.514202332717245,0.859251524205782,0.108357474487533,0.520630982168583
79,LowTemperatureChallenge,Train,57.1892795772064,25.4054133558468,38.8978374550919,0.483938131794475,0.761568589035634,0.0927947873828705,0.530386680607143
80,LowTemperatureChallenge,Train,53.8354143379158,23.9272335047486,39.4299820821705,0.495339696372098,0.562141099281737,0.0823213275975488,0.562028133160106
81,LowTemperatureChallenge,Train,57.0953223898552,26.4483361865061,39.3426729786565,0.522086320720595,0.870800602424688,0.0931851259907824,0.531264432236922
82,LowTemperatureChallenge,Test,57.1174648537464,23.0753707690837,39.9094784406722,0.505028831172053,0.562596086153386,0.0836418699274182,0.53105731641115
83,LowTemperatureChallenge,Train,57.5235660194049,26.3777798708772,40.8957612140589,0.5256269621167,0.621943480398966,0.078759544670961,0.527287012973254
84,LowTemperatureChallenge,Train,53.6908111939293,26.0441034099605,39.3377842443355,0.542419626012164,0.679149936490965,0.0687786202294013,0.563058276599604
85,LowTemperatureChallenge,Train,55.7502585985515,23.3347131322915,40.0187595954866,0.540824957433163,0.560113570671295,0.162941914959429,0.544154412675541
86,LowTemperatureChallenge,Train,54.2700858393042,26.9757208768542,39.8696863166018,0.508356255842663,0.728903304763122,0.145012567748856,0.557115236686013
87,LowTemperatureChallenge,Test,60.5444436461034,26.5375798932821,40.953621866516,0.481343901840701,0.56917924453439,0.108048234674812,0.500828232005947
88,LowTemperatureChallenge,Test,59.5061291438829,25.5799925492466,40.4300022473703,0.50791497849077,0.699794542789796,0.12885835351083,0.509619463555474
89,LowTemperatureChallenge,Validation,55.3055379307685,21.7919746431604,39.3284124035876,0.50742511144253,0.561100165084285,0.112408223979529,0.548554168737766
90,LowTemperatureChallenge,Train,56.7508833376139,22.6228511058571,38.7935265085711,0.527038033606624,0.929293489307015,0.0334954372354883,0.534507051978912
91,LowTemperatureChallenge,Validation,52.7573002901049,24.1965476700552,38.8510843590393,0.499616431476968,0.611111880311856,0.137776582798278,0.568496264144813
92,LowTemperatureChallenge,Test,58.6713561703375,26.7274436356738,38.7822302995353,0.514000852132269,0.835386023541713,0.159367088458744,0.516912986354693
93,LowTemperatureChallenge,Validation,53.7216351416368,21.8052193877007,38.5875951843386,0.557377132904467,0.553152035238964,0.11490396571224,0.564815925922143
94,LowTemperatureChallenge,Train,60.3460658447715,23.74939456511,39.4825339031989,0.499907868050851,0.557146266759032,0.122564266229571,0.502484484746124
95,LowTemperatureChallenge,Train,56.8981129017631,26.7159587879991,38.5049534133752,0.437382379229864,0.558876195992077,0.136195955161649,0.533116198663151
96,LowTemperatureChallenge,Train,56.3663023717109,25.6838066579169,38.7100584136731,0.537482182556064,0.859748862300241,0.11361126937478,0.53817440237324
97,LowTemperatureChallenge,Train,53.6965222699984,20.0167400821406,39.274538446641,0.52470383776936,0.576718519619814,0.132073431775423,0.563764933557084
98,LowTemperatureChallenge,Train,56.4213966004455,20.4320621658508,39.7804368586249,0.53712843124303,0.575292794203901,0.0751214880557904,0.537645957703201
99,LowTemperatureChallenge,Train,54.0521491559631,21.7233050433946,38.8450992735876,0.512254946462895,0.585984604626321,0.170697697086476,0.561343887825499
100,LowTemperatureChallenge,Test,57.360783550581,23.9415672133771,38.5056258861021,0.518278062560824,0.927898080513895,0.0886755243773059,0.52879189878223
101,LowTemperatureChallenge,Train,52.7858923939425,22.3491646324101,39.1059565700778,0.526691224069547,0.58301706746371,0.130951906492145,0.565648529943265
102,LowTemperatureChallenge,Validation,49.3507215550239,26.9072445252919,38.9481382368796,0.49182248386577,0.57148868198415,0.198283608992496,0.567411863275089
103,LowTemperatureChallenge,Train,52.3820503380454,26.5684202023729,38.7415159179264,0.567258246869905,0.59054889395342,0.139255722480873,0.569720492537135
104,LowTemperatureChallenge,Train,54.9791095379177,24.3295029009842,38.8959262237016,0.539915369803859,0.760503739207053,0.072372253358304,0.551828920591414
105,LowTemperatureChallenge,Train,57.1437308863378,21.1510548436454,38.6869486532006,0.484296680000756,0.562167052376072,0.155908460992556,0.530811837744271
106,LowTemperatureChallenge,Validation,61.04640211327,25.5495583421772,38.9640109024512,0.493345385926752,0.557581737905103,0.10428777788892,0.496685467841342
107,LowTemperatureChallenge,Train,58.0284751900103,26.2823141964311,39.5877914021547,0.493574145984578,0.655685056471476,0.12557219299093,0.522672954529939
108,LowTemperatureChallenge,Train,54.0203166044154,23.8044084024359,39.4664639730315,0.528522567448676,0.687356279433174,0.0828920442031179,0.561620514267805
109,LowTemperatureChallenge,Validation,60.4310182209386,26.5470529906516,41.2117096797747,0.500723744125463,0.566720949347886,0.146845920491399,0.501773887616389
110,LowTemperatureChallenge,Train,58.3989411723149,24.5410574448332,38.6340500309277,0.499562038240237,0.777394258256647,0.131458031202102,0.519338237434705
111,LowTemperatureChallenge,Train,60.1292247917997,26.2496505206914,40.559350546919,0.47934805081578,0.585657202362352,0.128379777788724,0.504307388472437
112,LowTemperatureChallenge,Test,57.0744932994113,26.9778525398914,38.651907122458,0.461434867015248,0.83460493928664,0.0423519066200066,0.531459409739773
113,LowTemperatureChallenge,Train,49.7180028723459,26.672926232657,38.5206581831809,0.458505811008884,0.557642507993612,0.171408850862507,0.572188176724236
114,LowTemperatureChallenge,Train,57.8274925026983,24.595129863058,39.7118691937806,0.515220970204747,0.736324292307054,0.0541404944429795,0.524499960309997
115,LowTemperatureChallenge,Train,59.3739986318611,24.3717852622151,38.8796860853275,0.492666429770128,0.647338589441066,0.129441644430257,0.510760243589709
116,LowTemperatureChallenge,Test,54.1942098516129,26.7377778246847,38.6543455363367,0.487919244286417,0.801717672417943,0.116803460677324,0.559864558474454
117,LowTemperatureChallenge,Train,58.9959556766108,25.9958907747727,38.8262205445458,0.468370876391835,0.607506939961101,0.100811865286647,0.514052391984447
118,LowTemperatureChallenge,Validation,60.933676879295,26.6757133897077,40.0053776828588,0.497330719575974,0.600046419728257,0.151747414595345,0.497609868996189
119,LowTemperatureChallenge,Test,53.5833782633678,26.9486176675644,38.7710415229546,0.53331876995902,0.84316047044947,0.119887273395923,0.566281015655073
120,LowTemperatureChallenge,Train,54.9287418437146,21.761976075603,39.594534719112,0.540251461865704,0.566368632049564,0.101596521797771,0.552337678892977
121,LowTemperatureChallenge,Train,54.3683070801445,24.6433515841013,39.2003053157446,0.504610079839248,0.916184647784246,0.0169184131330346,0.558062163569558
122,LowTemperatureChallenge,Test,53.8966097214328,24.5731191553477,39.9713986980682,0.52746858826235,0.552770867217019,0.156418891950377,0.555978785496444
123,LowTemperatureChallenge,Train,60.0982066091632,26.49883883106,39.2302336293686,0.497334921362278,0.804785619092326,0.0435828104810637,0.50456922246244
124,LowTemperatureChallenge,Train,54.8891011639428,26.9968612934276,38.7136418683503,0.465367276348235,0.680960741304872,0.136156952334687,0.55273874144688
125,LowTemperatureChallenge,Train,55.3552692946107,25.4241411423689,39.7018880050364,0.505401520752529,0.66302475183919,0.14860711781053,0.548058650580349
126,LowTemperatureChallenge,Train,56.7777432099055,26.6594839094225,39.6180496078172,0.5227135879784,0.770981410141457,0.0890920668558968,0.534252773278214
127,LowTemperatureChallenge,Train,55.5436100057482,20.1102116425242,38.8693155149811,0.534917852800704,0.613225925633996,0.14174985181085,0.54619008679564
128,LowTemperatureChallenge,Train,55.108302442554,21.6904835419329,38.6754217289704,0.474153573347581,0.561808295832666,0.196316135924457,0.550528209869974
129,LowTemperatureChallenge,Train,59.5355540344778,25.0541831726291,38.522629987039,0.463881195173173,0.559451835156297,0.147596874945102,0.509366106181438
130,LowTemperatureChallenge,Train,53.1638747873709,23.4590579095601,39.716082285743,0.525590380076127,0.613947917979184,0.107651542708804,0.558831482840861
131,LowTemperatureChallenge,Validation,55.4598479223096,26.9986547795193,40.2291166501863,0.533280601565628,0.630895288283049,0.125312079413646,0.547019539230097
132,LowTemperatureChallenge,Train,53.7101700497367,24.8148839761839,38.7527849619194,0.517533176550444,0.736191259706509,0.139533174099861,0.564937133167753
133,LowTemperatureChallenge,Train,57.9856446997386,20.6482582523901,39.249169432979,0.522505677856494,0.569120463444506,0.137318169877716,0.523061237362383
134,LowTemperatureChallenge,Test,57.6280559556182,24.8276747225502,39.1732198034159,0.483505787232426,0.595268306666797,0.115455245143423,0.52632550810828
135,LowTemperatureChallenge,Train,52.830999539795,26.7491658377619,38.8110352479729,0.467287056096945,0.64286346351094,0.14622903484438,0.568943740246113
136,LowTemperatureChallenge,Train,52.8066311767906,26.1779229155538,38.5382176059085,0.474399474946928,0.726968909985609,0.0895226637442639,0.571991982056888
137,LowTemperatureChallenge,Train,57.4497801573744,26.218509571759,38.9256187404005,0.5268659609216,0.880114303912521,0.127650976466673,0.527968089284924
138,LowTemperatureChallenge,Train,55.5341291567323,25.9506580181079,38.8152367937045,0.513656265493035,0.851696241026725,0.129332166735516,0.546283845145199
139,LowTemperatureChallenge,Train,57.5515634385236,24.1300562261914,40.3811390638116,0.505640734238473,0.555232452371369,0.15173676448877,0.52702904139319
140,LowTemperatureChallenge,Validation,58.2804969921246,26.6416715521171,40.7346392002995,0.511476795586205,0.88620602595043,0.0234522254358107,0.520399791942783
141,LowTemperatureChallenge,Train,53.468259432993,22.5912320690268,38.5334466177124,0.503465012129673,0.576255214789137,0.155438062969302,0.56750669543915
142,LowTemperatureChallenge,Test,51.9276924631785,25.2840974850672,38.8709955860882,0.550054112600727,0.629356353800356,0.133234774991813,0.56827379233421
143,LowTemperatureChallenge,Test,56.0497381458841,24.147864106144,39.2660343533214,0.521119806712005,0.670346152788543,0.103496324040244,0.541230910064296
144,LowTemperatureChallenge,Test,51.8166220535,24.1087944699449,38.6698940524875,0.512471509071111,0.592385291647759,0.119838044047801,0.570520736843715
145,LowTemperatureChallenge,Train,51.5270501822367,26.4220790287801,39.3539089404656,0.52328741743513,0.562890880973886,0.123896408943344,0.562878112397032
146,LowTemperatureChallenge,Test,53.425056112858,26.3394722394861,39.1755990841963,0.561871462000302,0.568142085136036,0.0813356567354055,0.564870401293896
147,LowTemperatureChallenge,Train,57.7033208917998,23.8257425711425,39.3509891185541,0.519776177841679,0.729117089901219,0.1370243763778,0.525635085963223
148,LowTemperatureChallenge,Train,53.7964278444812,21.0137190885278,38.9000624211183,0.535087886365375,0.568101952011042,0.135986596641917,0.564026496409451
149,LowTemperatureChallenge,Train,57.4337443263163,26.7971292540565,39.0042961473949,0.452536156187911,0.592492300383386,0.108021451478094,0.528116338622954
150,LowTemperatureChallenge,Train,57.8198104637578,24.4931952886957,38.6689927535604,0.45647226692525,0.696941485477953,0.0766233703968846,0.524570044857209
151,LowTemperatureChallenge,Validation,57.6873446404128,26.9920958746906,39.8398505896346,0.515388267510654,0.852583782463666,0.124272725200769,0.525781489079504
152,LowTemperatureChallenge,Train,59.5114589447523,22.4577428139553,38.6283777135573,0.496511570620672,0.560362926910893,0.176930217475425,0.50957355374733
153,LowTemperatureChallenge,Train,61.1518358226853,24.4923822926524,40.8426465048148,0.494403832809288,0.607766014257811,0.154004100137183,0.49582394517883
154,LowTemperatureChallenge,Train,55.4107504684817,23.0316508989971,38.9025324661522,0.513764993490651,0.723752198869338,0.103223963800074,0.547506891570636
155,LowTemperatureChallenge,Train,51.281510659216,26.8332024569018,38.787567455,0.505910756632679,0.804397184317443,0.107814552247522,0.569205950223463
156,LowTemperatureChallenge,Train,60.1091461313161,24.7295998414405,39.2732048234001,0.477722961663448,0.572030560517652,0.0488830516961465,0.504476847755584
157,LowTemperatureChallenge,Validation,55.2809646272094,24.6471340849763,39.2949209343854,0.485906576048566,0.554821726515256,0.0595956836404395,0.548799343692818
158,LowTemperatureChallenge,Test,54.5008566722487,26.9430396940753,39.0507217088273,0.502420121943733,0.755516743125642,0.0992892231611307,0.556697624267479
159,LowTemperatureChallenge,Validation,54.8173049387698,24.6086748014529,38.5823874080799,0.46454857632793,0.64966153829327,0.155207685199237,0.553466612761656
160,LowTemperatureChallenge,Train,56.2030275692315,26.9938893384654,38.8689854806229,0.494040782711296,0.854708560315449,0.103284022013897,0.539746562227895
161,LowTemperatureChallenge,Test,56.8954625748311,22.9067627418534,38.8500450327387,0.473535856108377,0.640578342771513,0.122395274190159,0.533141172239877
162,LowTemperatureChallenge,Train,53.0784112086642,24.0165711115968,38.5936947078699,0.547652546010482,0.665397272700605,0.0956329965152225,0.571372126169051
163,LowTemperatureChallenge,Test,53.7124061543027,26.9198744089163,38.8885036044544,0.564421204575987,0.663960279611346,0.105392605564089,0.564913489341166
164,LowTemperatureChallenge,Train,55.4558201298179,23.9605796624555,39.33238146952,0.54536958839016,0.622904749512569,0.0690696735858066,0.547059487509019
165,LowTemperatureChallenge,Train,52.4437236917836,26.7999149910968,38.948930937543,0.515241856315386,0.748581705373524,0.156393843967773,0.567403006284436
166,LowTemperatureChallenge,Train,54.7677567870223,26.9648004660683,39.4052298101703,0.519247736457703,0.783421867977769,0.0953395141589566,0.553970045689879
167,LowTemperatureChallenge,Train,56.7993535920994,22.4701665481234,39.6341018006753,0.509344147216108,0.578443882397196,0.0516596191744872,0.534048365357507
168,LowTemperatureChallenge,Train,59.321122886095,24.833695286096,39.677277151888,0.494095032867252,0.550423119191896,0.141496540603697,0.511218182595296
169,LowTemperatureChallenge,Test,56.5616404576848,26.3926776659097,40.2874571757621,0.516788496019061,0.660684789725674,0.152140816479095,0.536305433031435
170,LowTemperatureChallenge,Train,59.0376343233871,24.5292694403163,40.5371062856262,0.488806702958285,0.550294643692621,0.149873596762175,0.513687369837856
171,LowTemperatureChallenge,Train,56.5382440394755,20.1750528175459,38.6410470702049,0.516562465397792,0.659633135413276,0.104990420331994,0.536528606136085
172,LowTemperatureChallenge,Train,56.824440983989,25.7775500842994,40.0153727127604,0.501194907451139,0.6503611467245,0.14510049464472,0.533811264163511
173,LowTemperatureChallenge,Train,56.1678090553115,20.4005612543097,39.148760535256,0.525397322353726,0.55446262935237,0.092818309860703,0.540086876861461
174,LowTemperatureChallenge,Validation,57.5315228243182,26.9358739590049,39.2002131841176,0.49563955854391,0.794087040856535,0.107731738251495,0.527213672479154
175,LowTemperatureChallenge,Train,56.1302366827694,23.9134176470136,38.6707799965214,0.514772897018239,0.867068535597666,0.0627567171256013,0.540450407529887
176,LowTemperatureChallenge,Validation,53.6983159875881,23.751232325568,38.8272842404081,0.548525409422465,0.830497969881572,0.0391227423761534,0.565062506970437
177,LowTemperatureChallenge,Train,59.0157909529486,22.7587409919597,39.3313556581769,0.502133706272445,0.575909788159982,0.119849725810168,0.513878610070987
178,LowTemperatureChallenge,Train,58.9050552824048,26.9296630791848,40.6669416687124,0.490803710398133,0.558485958770881,0.110343298326412,0.514850290671261
179,LowTemperatureChallenge,Validation,53.9447342402444,21.7029303861668,39.1462894176434,0.558907854601931,0.550395589330724,0.108985554455162,0.562467611058191
180,LowTemperatureChallenge,Test,55.5957999842686,25.6687882473848,38.9710629146259,0.469227838522316,0.565171713789308,0.109026516692555,0.545674540318359
181,LowTemperatureChallenge,Validation,54.6823145760025,23.6206878381295,39.8321701694524,0.545560606668735,0.615120627493896,0.161646757462275,0.554840322534313
182,LowTemperatureChallenge,Train,58.5397786862277,25.8013422526182,40.1834507095636,0.516654644778015,0.667397387645236,0.15684367383803,0.518081573668069
183,LowTemperatureChallenge,Train,54.009011408154,22.9576492411926,38.8282661361599,0.481061524109122,0.556941824617132,0.154132101235065,0.56179463712966
184,LowTemperatureChallenge,Train,55.5091683494893,25.1960208866684,38.5362541516588,0.546101477752666,0.787490441150045,0.1197353184532,0.546530841607009
185,LowTemperatureChallenge,Train,57.1117864601011,23.3883174188063,39.9664529613216,0.526581666379661,0.673706482951136,0.076916149694161,0.531110415567379
186,LowTemperatureChallenge,Test,53.3101175012209,26.9666352805711,38.8760492461671,0.493338470885345,0.772208339117566,0.127036570381892,0.568217326858468
187,LowTemperatureChallenge,Train,52.2144398750036,24.9098391483459,39.354195521864,0.547152043200454,0.55588280320645,0.124278295723812,0.562874910370235
188,LowTemperatureChallenge,Train,55.6251165103051,23.7695910789354,39.8176497413228,0.527941016808963,0.648889938073011,0.132875675883191,0.545385368223882
189,LowTemperatureChallenge,Validation,54.7048520245719,26.1151657215665,39.0301698579042,0.548983837633133,0.684688860993303,0.0886287836709141,0.554610502013577
190,LowTemperatureChallenge,Validation,51.8667376522543,24.4947872839369,39.1907856320612,0.524873500838661,0.554826445703098,0.146101631500625,0.564700719194847
191,LowTemperatureChallenge,Train,52.8708902318278,26.3843237072319,39.1631496289316,0.488899898965393,0.594903025953327,0.114555042731232,0.565009501352719
192,LowTemperatureChallenge,Train,59.3305949491976,25.083020437127,39.0555444804884,0.476029222598995,0.581380692453334,0.0676683667552488,0.511136088237769
193,LowTemperatureChallenge,Train,52.3675019163827,23.5122160991946,39.0427534716401,0.547691834272229,0.576090319185009,0.134869316088222,0.566354709814077
194,LowTemperatureChallenge,Test,54.1914413640318,25.0229232957947,39.1752666089069,0.5323214810942,0.823819670879358,0.0296719484139837,0.559893313633954
195,LowTemperatureChallenge,Train,52.3090066023259,26.384179628206,38.5150583789084,0.558144747212165,0.648775672375036,0.158908395728523,0.572250744369738
196,LowTemperatureChallenge,Train,57.3185751936493,23.2740839934723,38.7993513739449,0.50817236825426,0.849327189261957,0.057392410545475,0.529183500670473
197,LowTemperatureChallenge,Train,59.8318081591167,23.1240355835948,40.6189530642649,0.501596711174163,0.553313019440067,0.161325132968403,0.506829151726079
198,LowTemperatureChallenge,Train,57.0312304002743,22.8405371599039,39.1508710668172,0.510515031928359,0.675647513122193,0.141943508446366,0.531864841349334
199,LowTemperatureChallenge,Test,55.0041357315877,26.157426863538,38.660158743883,0.439499095567286,0.552448880971701,0.164784191639356,0.551576480373315
200,LowTemperatureChallenge,Train,52.0268371193358,24.7865676408018,38.8220115658626,0.481125959604431,0.565267966368395,0.129231304883817,0.568821099822764
201,FlowEdgeChallenge,Train,61.0773010308047,44.5641405476929,40.0783701536284,0.435908874845564,0.964385836540483,0.0187776308945967,0.496432677691752
202,FlowEdgeChallenge,Validation,49.1957635812804,44.7332255700915,39.2559728835121,0.440895051113771,0.719490393596235,0.123065774367908,0.563972370016625
203,FlowEdgeChallenge,Train,61.0650909159326,43.934694016039,38.5228770648767,0.4909135354389,0.909293457620757,0.0441891784136381,0.496532540481998
204,FlowEdgeChallenge,Train,61.244730854547,42.2047307619212,41.4640624584068,0.489061356375892,0.864732270838685,0.133564200697183,0.495067336967247
205,FlowEdgeChallenge,Test,48.8229312789666,41.1437551973191,40.2942580255903,0.536212557854082,0.608915146293246,0.0382346826240621,0.552371418708488
206,FlowEdgeChallenge,Validation,47.6752310545634,43.3954293231535,38.5113554205906,0.548892493265369,0.575956966599779,0.15994013975626,0.572292118205691
207,FlowEdgeChallenge,Validation,61.1921160954379,37.3934418060324,39.4936767553688,0.484029763687619,0.912644524173865,0.0630080179036648,0.49549558973291
208,FlowEdgeChallenge,Train,47.7686633267055,36.5725568042873,39.362164646337,0.504764100303348,0.824190122047583,0.117957223632328,0.562785869873329
209,FlowEdgeChallenge,Train,61.1746317675976,36.9641890379634,40.5643117938428,0.476988971144423,0.831098498647127,0.102586574928051,0.495638064809032
210,FlowEdgeChallenge,Test,47.614468974551,38.0012412491545,38.5048298215323,0.44478385461585,0.552691143157933,0.103191844040129,0.572365029927013
211,FlowEdgeChallenge,Train,62.3639687624585,44.3611406223051,39.1301613774345,0.429953478268873,0.580727495233085,0.146231306923934,0.48612858827488
212,FlowEdgeChallenge,Train,61.0059077689419,35.3471213349576,38.6134179886023,0.493673064921727,0.810857717210598,0.06273611613872,0.497017147774163
213,FlowEdgeChallenge,Train,47.5030292305722,35.0372405178763,38.5268603421857,0.51921728573218,0.754449609552726,0.154722980507121,0.57211887885826
214,FlowEdgeChallenge,Train,61.313092080706,44.8883187910212,40.6679093471597,0.489279958518762,1,0.075109025321746,0.4945120152128
215,FlowEdgeChallenge,Test,49.9546557295824,33.6487911149672,39.209883200718,0.442668633072704,0.575348622368829,0.0629668604874646,0.564487338539464
216,FlowEdgeChallenge,Train,49.887298581917,44.6315631825752,38.8599144177893,0.500517456602214,0.919475999966203,0.0516696060194656,0.568397604270511
217,FlowEdgeChallenge,Train,62.701587311253,32.7493303478356,40.0048022158927,0.443814774856573,0.569557621590207,0.22310656856101,0.4834948609447
218,FlowEdgeChallenge,Train,62.3714148964512,44.2653781150935,39.5870988882999,0.483918986284354,0.954465425481499,0.0676153311582848,0.486070194265156
219,FlowEdgeChallenge,Train,61.4607424277405,33.8436722112767,41.3279911561155,0.489973441854273,0.587224735009818,0.0946680015032581,0.493316816150791
220,FlowEdgeChallenge,Train,49.8747995111956,31.5564202975447,39.8187048075564,0.477139829574066,0.572149205822591,0.0400999446972473,0.557684862485403
221,FlowEdgeChallenge,Test,61.1548033023099,35.5178298594664,39.0860265169206,0.43374136111215,0.628946553762722,0.0779223040878455,0.495799740213502
222,FlowEdgeChallenge,Train,47.7924000419768,44.6203520949701,38.5797960834481,0.424365397766607,0.57696527899203,0.139197386660597,0.571527418062033
223,FlowEdgeChallenge,Train,49.7997804861867,38.6806646246252,39.737178402947,0.468369852624269,0.599882531378948,0.142033236413625,0.558595772034112
224,FlowEdgeChallenge,Test,62.7405651558757,44.3857666592544,41.1976798642813,0.441474043650307,0.561283116923807,0.114612418597361,0.483192623930218
225,FlowEdgeChallenge,Train,49.9432366232307,37.4256444296443,38.8271211067449,0.49366443038355,0.909560718508015,0.12612574245053,0.568764009980504
226,FlowEdgeChallenge,Train,48.8740779702511,40.8473063890366,39.1628894440049,0.545224383020845,0.554551756443507,0.116036375885781,0.565012408446873
227,FlowEdgeChallenge,Train,62.2347366457438,40.7090181466566,40.1198809703173,0.483278703754716,0.976667077928266,0.0692377170897516,0.487144277039953
228,FlowEdgeChallenge,Train,62.8367405231665,39.8480893768131,38.9601172178671,0.474598555459153,0.568726509423044,0.127967494584964,0.482448477213006
229,FlowEdgeChallenge,Train,49.3378199676095,44.2932652557911,39.4913522853164,0.494223788153783,0.610155591863208,0.131426537313156,0.561342432566297
230,FlowEdgeChallenge,Train,47.5939460017657,32.2149940161541,38.7412878627062,0.454272815412692,0.632681180295172,0.135028502638627,0.569723040640154
231,FlowEdgeChallenge,Train,49.7068351742235,32.2953777334055,38.9538719014276,0.518473407904732,0.798979767419296,0.10368178139953,0.567347799984049
232,FlowEdgeChallenge,Train,62.7637799429904,38.6766483141424,39.7449920859674,0.439949343001921,0.571845415842742,0.0817295691161082,0.48301279317
233,FlowEdgeChallenge,Train,48.095647690249,31.1879996665508,38.5406433833238,0.569575769143787,0.588539972960967,0.133416744275096,0.571964878398617
234,FlowEdgeChallenge,Train,47.847009655671,39.4520178701052,39.0800081677904,0.455788710093555,0.672739540263956,0.116408223055666,0.565938456225806
235,FlowEdgeChallenge,Test,61.0851601938266,32.4492661812581,39.809672114951,0.487176231931743,0.876986904264969,0.137696768335072,0.496368421122399
236,FlowEdgeChallenge,Validation,47.5851588166881,40.8276138623146,38.5153478662702,0.503578351649466,0.77268552606033,0.141251446654369,0.572247509874076
237,FlowEdgeChallenge,Train,61.4887432533893,38.672403583306,41.1141374288354,0.459959138725362,0.552309672001087,0.124797374558313,0.493090802739225
238,FlowEdgeChallenge,Train,62.3479574085984,32.8183180533206,39.186981887746,0.475907456059122,0.610710067570478,0.154681131558633,0.486254199621834
239,FlowEdgeChallenge,Train,62.9570833965071,44.7959054437784,40.580037604516,0.435770797274649,0.598142395968338,0.0474835838271741,0.481520539299512
240,FlowEdgeChallenge,Train,49.7466804092071,38.5811086717678,38.5066174333818,0.554441267909452,0.559102617077377,0.0941906981292956,0.572345056610259
241,FlowEdgeChallenge,Train,61.0523649247277,44.7627835120301,39.1023699402098,0.483552215414789,0.949366680274307,0.149263358650646,0.496636664977824
242,FlowEdgeChallenge,Train,61.0220528294787,31.7611693577785,40.5987020226093,0.493219122167145,0.799362765924871,0.0625245300379575,0.496884854500733
243,FlowEdgeChallenge,Train,62.730586104395,37.8316080739162,40.3396974963192,0.437209334930574,0.578661446264847,0.179298379898884,0.483269966444054
244,FlowEdgeChallenge,Train,61.1390931261665,44.8362171200201,38.6030279964282,0.436861289014631,0.603485997544678,0.191148637816418,0.495927910773096
245,FlowEdgeChallenge,Train,48.5302133270942,31.3070597197221,39.3112731915683,0.480870135445079,0.654687347331213,0.1568570889263,0.563354489479684
246,FlowEdgeChallenge,Test,49.9241502967814,38.8057964053612,39.6748406995508,0.516664481631646,0.68598439347259,0.151316291867966,0.559292282686583
247,FlowEdgeChallenge,Test,49.9343174700873,31.6400647889693,38.6767225293628,0.48242102519868,0.931402439610273,0.0416552140896073,0.570444441012706
248,FlowEdgeChallenge,Validation,49.9311533164145,40.9691880318245,38.5379652343229,0.471646957064723,0.795596743154492,0.102653964418764,0.571994801851141
249,FlowEdgeChallenge,Test,62.783297981994,35.0654091216908,40.1804826981712,0.482572219930622,0.886930028428564,0.136185439709512,0.482861701765786
250,FlowEdgeChallenge,Train,62.5371930143892,41.1852362939102,40.6923645257159,0.465300657525564,0.844690869108457,0.0914485914210654,0.484773731593315
251,FlowEdgeChallenge,Train,62.9769237435931,43.6792381415494,39.6161546732739,0.440042604683097,0.707155162815749,0.0974874202849663,0.481367895202301
252,FlowEdgeChallenge,Validation,62.4071649901504,30.7159144997749,41.0089723734572,0.470531893126539,0.550138218145961,0.106050140526521,0.485790029234854
253,FlowEdgeChallenge,Validation,48.1318110247099,41.2550978455999,39.0669629439995,0.500904129648031,0.778482482548637,0.113647438626723,0.566084212916206
254,FlowEdgeChallenge,Test,49.9985008922102,35.0406266023088,38.502603248773,0.453368594373159,0.636524057879023,0.107880348778554,0.572389907834938
255,FlowEdgeChallenge,Train,49.1359546599667,32.6240245589498,39.5237148636501,0.518326688877867,0.59914521878549,0.0959965097498652,0.560980839512289
256,FlowEdgeChallenge,Train,61.4732983936057,41.2288201452834,41.0201318339293,0.492377539498061,0.944034653875793,0.0474604134813762,0.493215443080454
257,FlowEdgeChallenge,Train,61.3905900878403,30.437507356335,38.5486115523459,0.487881462386629,0.570383552403177,0.135980597428282,0.493883967988474
258,FlowEdgeChallenge,Train,61.7258443671957,40.3662194005443,39.2740404179307,0.447087372238724,0.738696670005167,0.0675821865453125,0.491185220351743
259,FlowEdgeChallenge,Train,61.4712183014889,44.9146811205869,40.1754465803501,0.478830512831621,1,0.0972593184498284,0.493232234252972
260,FlowEdgeChallenge,Train,49.9856333128964,34.8081933520972,39.2011689099867,0.490278838727795,0.920704844577089,0.0516117590740493,0.56458470491635
261,FlowEdgeChallenge,Train,47.6924058795832,44.8378095494541,39.2069439126147,0.528109599470722,0.628808956187977,0.175319237435256,0.564520179747322
262,FlowEdgeChallenge,Validation,61.7528579673198,34.6407966783346,39.5426542724781,0.446608424007759,0.621199245482029,0.129947441774048,0.490969040528343
263,FlowEdgeChallenge,Train,49.963834085486,39.2317304066023,39.3245632290018,0.43444417727978,0.560193417221426,0.142569680134724,0.563205997441321
264,FlowEdgeChallenge,Train,47.970657766476,43.7177849916322,38.8272242342621,0.458491453254137,0.698348705558502,0.117616790519867,0.568762857717742
265,FlowEdgeChallenge,Train,47.5081400223291,34.0442058238923,39.6861258377166,0.469920849155573,0.558117296868078,0.132458005884914,0.559166191757357
266,FlowEdgeChallenge,Train,61.0788301015062,30.1371828707272,40.1873356195385,0.466751986699512,0.65190183041129,0.156599764983742,0.496420174703834
267,FlowEdgeChallenge,Train,48.1875750784432,37.7895355713097,38.893281265892,0.526775713084837,0.679916404400237,0.129300732458561,0.568024790325229
268,FlowEdgeChallenge,Train,49.7744579211122,40.6383608228698,38.5200633608935,0.428210385729292,0.579217514590052,0.105379552057622,0.572194822783313
269,FlowEdgeChallenge,Train,61.1148507220248,36.7319105412354,40.0345785732065,0.453859114676822,0.725310455828601,0.0988344647664504,0.496125820314028
270,FlowEdgeChallenge,Train,47.5597518158947,30.2230745139562,38.6186719873217,0.51451214845667,0.810017463770471,0.106109242521368,0.571093050420987
271,FlowEdgeChallenge,Train,48.0752059573174,36.5219556539063,38.5003372974226,0.483681688889666,0.821488181050221,0.140624219755618,0.572415225727122
272,FlowEdgeChallenge,Train,47.5726582757026,32.6854303168594,38.9577724524321,0.493776637742327,0.851911260187007,0.0880714559710761,0.56730421840858
273,FlowEdgeChallenge,Train,61.0858648247873,39.6140266405579,38.5537586566919,0.478686779635242,0.646340939054523,0.132702972915439,0.496362660862618
274,FlowEdgeChallenge,Test,62.0400961352386,37.8533329899905,41.4910938298844,0.47826911962282,0.683504263260222,0.0966185807277321,0.488682023404761
275,FlowEdgeChallenge,Test,48.8894741185764,28.5695526113591,38.9491303049008,0.454755273919241,0.553130089493808,0.189275226955817,0.567400778716192
276,FlowEdgeChallenge,Train,49.9244395660102,34.185291227695,38.6055463418823,0.54561586568358,0.568049622230623,0.128017638112768,0.571239705677293
277,FlowEdgeChallenge,Train,61.4599822147662,41.4912365253072,40.3289976755384,0.449713528426848,0.811668808763432,0.139125013897737,0.493322955210215
278,FlowEdgeChallenge,Train,61.1883880642067,33.5404925361073,38.8127720601666,0.461412678747092,0.568753945896298,0.139901529254653,0.495525961625125
279,FlowEdgeChallenge,Train,49.3628048693627,40.0037733211282,39.3443111472806,0.482876252129882,0.878931092742343,0.0793713861604265,0.562985350309714
280,FlowEdgeChallenge,Validation,62.9509277661184,44.884080020488,38.6619231165732,0.46723691189768,0.635669780205084,0.122828006978046,0.481567917939693
281,FlowEdgeChallenge,Train,49.7736003761585,36.8040854842532,39.319627358041,0.534639748391571,0.564339707218041,0.10799031480158,0.563261146837531
282,FlowEdgeChallenge,Train,61.0544145566568,41.4662161178145,39.7489320130281,0.470466669367147,0.873778987045586,0.10215265232203,0.496619891886657
283,FlowEdgeChallenge,Train,49.7194620766034,36.8681187768088,40.006851700311,0.49640353912842,0.583749201377013,0.1579380450032,0.555582662566357
284,FlowEdgeChallenge,Train,48.4023846921651,35.5703107748295,38.946009030845,0.464388414062109,0.743054187909612,0.114000767434795,0.567435653286647
285,FlowEdgeChallenge,Train,61.6112979205337,41.0527667475578,39.3305601935776,0.488832322172475,0.916172152751589,0.0952603705427921,0.492103999259098
286,FlowEdgeChallenge,Train,62.9995093288241,37.9839914910633,39.8000350390714,0.475087394086679,0.852888866292395,0.0915949608597821,0.481194247304138
287,FlowEdgeChallenge,Train,62.5354371886968,44.8708965022603,41.1587489408608,0.476926099938619,0.854577173864397,0.0606227051904166,0.484787426958511
288,FlowEdgeChallenge,Test,49.7311578249834,41.10128862491,38.6003028060386,0.519288513591605,0.844103843365481,0.0764427545469807,0.57129829266996
289,FlowEdgeChallenge,Validation,47.673213089391,43.5777827382161,38.7749360359339,0.518605592529411,0.754792508757278,0.112948974871714,0.569347083397386
290,FlowEdgeChallenge,Train,61.1558311588638,33.9187593357738,40.4077852608171,0.455067296419338,0.633213221962587,0.0932324172914704,0.495791356800632
291,FlowEdgeChallenge,Train,61.0740936806988,38.186548576887,39.9441858263258,0.495852864142177,0.935748265327056,0.0699350222859456,0.496458905759254
292,FlowEdgeChallenge,Train,61.5327062837189,36.412677587973,40.954219416429,0.486631767500283,0.708392113649135,0.109286874912017,0.492736362697103
293,FlowEdgeChallenge,Train,61.1170537833962,42.3114437533703,41.4090009071695,0.452585850133101,0.637943742094356,0.125080022830134,0.496107828530293
294,FlowEdgeChallenge,Train,49.8592914235317,35.5392697121236,39.5982592792167,0.496916394039381,0.749514486450755,0.0750368057052968,0.560147941014339
295,FlowEdgeChallenge,Validation,62.8568253329271,33.6239855033802,40.6070762703705,0.474552242389783,0.671610881385851,0.0706257936358144,0.482293360560809
296,FlowEdgeChallenge,Validation,61.0701842596437,40.8122545251798,40.5591238536578,0.487413296402524,1,0.0745108619424687,0.496490878729141
297,FlowEdgeChallenge,Test,49.7268625895605,44.0740704119938,38.8929957228129,0.425332060683003,0.598782262744542,0.109874817623628,0.568027980750693
298,FlowEdgeChallenge,Train,49.9266627013489,38.7342106693713,38.8753453777384,0.456528840277653,0.689516091579404,0.08326468324028,0.568225191310186
299,FlowEdgeChallenge,Train,49.6818971527337,42.0340605483476,39.0620691882526,0.466884832064804,0.771490741029275,0.0944381617824724,0.566138891751368
300,FlowEdgeChallenge,Validation,62.1052486756195,36.4578858233758,39.0372239122906,0.48719842764506,0.777653721244348,0.0829014905629642,0.488166216229561
301,FlowEdgeChallenge,Train,49.0171930315663,36.4013986669132,39.4570388753505,0.453571332075778,0.612272202722724,0.151892165283104,0.561725822621782
302,FlowEdgeChallenge,Validation,61.0581518266081,42.2092364654167,38.9325396421454,0.446689656946059,0.6664959624914,0.13307069418433,0.496589310967432
303,FlowEdgeChallenge,Test,47.5463813108211,31.5543929059093,38.8478281550323,0.541122135552992,0.628647286550587,0.102468276555758,0.568532646312489
304,FlowEdgeChallenge,Validation,62.8347398578699,43.1921437898845,39.9849294125021,0.463639246043726,0.911385138672484,0.098298731882633,0.482463933947988
305,FlowEdgeChallenge,Test,62.6605377774769,43.5136787406071,39.187313971891,0.463869324957529,0.828687520522493,0.119066366910573,0.483813568506661
306,FlowEdgeChallenge,Train,47.6290123010585,33.9786223281776,39.1820363312979,0.526361731305813,0.624989998611643,0.132879498133986,0.564798476745275
307,FlowEdgeChallenge,Train,62.8463329987422,32.897962572752,39.596255424042,0.473250536493016,0.652096360741128,0.17709669136454,0.482374381359856
308,FlowEdgeChallenge,Test,62.7687093963899,41.9185470641202,40.0029283591332,0.431105687949396,0.674508529517975,0.13122689562878,0.482974624830417
309,FlowEdgeChallenge,Train,49.6520183503427,32.4685482823488,38.8298979896173,0.437177434591917,0.579175398717526,0.120549035846856,0.568732983356231
310,FlowEdgeChallenge,Train,47.8244254171195,39.360046206248,39.5369442422081,0.528538677230951,0.591778005118195,0.209111267407103,0.560833025226726
311,FlowEdgeChallenge,Validation,49.8852711536048,41.3349957883372,39.335137895162,0.519280611657657,0.730230191456249,0.109070649797887,0.563087844746794
312,FlowEdgeChallenge,Test,49.2020020218728,32.695486967107,38.5559031058394,0.511349058832934,0.836394127328134,0.112450181853225,0.571794378705705
313,FlowEdgeChallenge,Validation,48.6664525391786,43.5861601069186,38.5584556483244,0.485880644677557,0.84509069124096,0.111413631441018,0.571765858677939
314,FlowEdgeChallenge,Train,61.1003261727167,37.8296550514695,38.9901387281002,0.458613433703215,0.7259353374802,0.131079147819596,0.496244470704987
315,FlowEdgeChallenge,Train,48.654210323226,32.8325347551636,39.9453492951063,0.502341441328377,0.566862434462297,0.0814506030435527,0.556269840278141
316,FlowEdgeChallenge,Train,61.1343504738085,43.9988230045273,40.803805250452,0.444347743764895,0.551063251254046,0.0933359867770507,0.495966616371735
317,FlowEdgeChallenge,Train,49.505202725327,30.6499633328907,38.5733858818632,0.537368423012241,0.844400965246146,0.0570251868646233,0.57159904042611
318,FlowEdgeChallenge,Validation,48.2010063659325,28.7403053443444,39.2315045284089,0.505534939641661,0.56995724520671,0.18450588108249,0.564245759459118
319,FlowEdgeChallenge,Train,61.1013160102572,44.3892454709304,39.4739507247961,0.460401912494299,0.890593717952247,0.0490516044795448,0.496236382975438
320,FlowEdgeChallenge,Train,61.1735514340883,43.0487868540255,39.410178912205,0.417303036863734,0.566025484128029,0.0346977044728374,0.495646870827283
321,FlowEdgeChallenge,Test,61.0942838545987,44.9961796484808,40.4297526494242,0.449930167057393,0.811921234318402,0.0919379428242285,0.496293846746743
322,FlowEdgeChallenge,Train,62.748958306318,30.6596087600176,40.3697039090219,0.482503418185953,0.678561377200761,0.127192567886649,0.483127591968784
323,FlowEdgeChallenge,Test,61.1586838456805,30.8140529150309,39.4774752233882,0.494252449283065,0.688317395999896,0.158698274456777,0.495768091167064
324,FlowEdgeChallenge,Train,49.3059690048461,30.4771615293707,38.9917018551045,0.488970917838606,0.87595404958346,0.149207496240139,0.56692511893738
325,FlowEdgeChallenge,Train,61.4106003836564,29.9060137968385,41.246775103716,0.492513790578119,0.595942676487285,0.164804229734875,0.493722061165815
326,FlowEdgeChallenge,Test,49.7531649229715,44.388824206262,38.6250786098334,0.446425170193942,0.816773048528364,0.0461755647803905,0.571021468046555
327,FlowEdgeChallenge,Train,48.7657911405559,29.3634582709916,38.6130184738548,0.440833448848869,0.623948108502946,0.177401504551012,0.57115621816922
328,FlowEdgeChallenge,Train,48.2270412923519,29.9630741002604,38.5184058231162,0.472799957159828,0.8337542028894,0.124601678471395,0.572213342758478
329,FlowEdgeChallenge,Validation,62.9923286016345,38.5962584014397,40.2973580695707,0.466695509088665,0.883974631547325,0.0663608291521471,0.481249442386997
330,FlowEdgeChallenge,Train,49.7907007340068,36.5409302605765,38.6750042190002,0.522300207081651,0.71426470646415,0.112632958148957,0.570463640011171
331,FlowEdgeChallenge,Train,61.1450883221462,40.3879819402573,38.8960837301245,0.491332267629455,0.843287719440216,0.141564309962154,0.495878991543655
332,FlowEdgeChallenge,Train,48.098078204644,37.4448743143674,39.5850518046949,0.479018617228367,0.678257028152356,0.165321721100206,0.560295510562068
333,FlowEdgeChallenge,Train,48.881200926193,41.9129294307968,39.4026755998475,0.455904293137954,0.67940248937511,0.153159529030863,0.562333233521258
334,FlowEdgeChallenge,Test,48.1850800299852,38.9193126791404,38.7488193035888,0.480723251280452,0.869126554671817,0.0457469413663952,0.569638890462695
335,FlowEdgeChallenge,Train,62.972652837639,39.9764096321009,41.2065381566762,0.48027009119318,0.689274367556142,0.125834661892368,0.481400745807038
336,FlowEdgeChallenge,Train,48.9813904930283,34.457311795137,38.7684365090653,0.494364429855784,0.929364504030548,0.0674218329674047,0.569419703809326
337,FlowEdgeChallenge,Train,49.2486288792839,44.6383034996507,38.9863464638447,0.541250410747027,0.580375241707659,0.137924113952295,0.566984955711232
338,FlowEdgeChallenge,Test,62.7538812183553,44.6849928096029,40.5294368881108,0.472723946244464,0.947798817047103,0.0458610928323258,0.483089456265817
339,FlowEdgeChallenge,Train,62.9590899666618,37.6324258990683,39.2031343048277,0.454699988950383,0.672790921651991,0.166795057109413,0.481505097137721
340,FlowEdgeChallenge,Train,47.7648303931469,34.1661600625921,38.5927388337658,0.55091274950966,0.620979178336915,0.120594136829452,0.571382806326639
341,FlowEdgeChallenge,Validation,49.9565277560551,29.1653177433739,38.5475488146859,0.567195047535477,0.553454042447147,0.160112346406077,0.57188772274094
342,FlowEdgeChallenge,Train,61.4426245682512,32.7270026506817,38.8641826388753,0.491655428986071,0.614388843838654,0.124758493110637,0.493463167293835
343,FlowEdgeChallenge,Train,47.826162068683,41.1674629367516,39.4368772574394,0.502283509161797,0.577751585815095,0.144552069810386,0.561951092095649
344,FlowEdgeChallenge,Train,48.2035568874976,40.9593225671487,38.8195197129632,0.543855751882345,0.623280312812468,0.055871482055007,0.568848941754601
345,FlowEdgeChallenge,Train,61.7653607075948,43.0103862910322,39.8797224257393,0.490723884982196,0.956066818948071,0.104499047918007,0.490869049747963
346,FlowEdgeChallenge,Validation,61.8573142984618,34.5745561949006,39.8438808103156,0.466509722322243,0.785313934030494,0.148909103362916,0.490134891903294
347,FlowEdgeChallenge,Train,48.20126145303,35.7281870822283,39.0618058261679,0.495871659169251,0.891600489265008,0.0780105749667765,0.566141834344493
348,FlowEdgeChallenge,Validation,47.6366305014981,34.5179731817641,39.7027856148407,0.517468133895904,0.580825319577672,0.139188440754965,0.558980048996193
349,FlowEdgeChallenge,Train,62.9742558896358,32.2459521455126,39.9304748545828,0.479137447926511,0.747480683517378,0.213057184810695,0.481388415060579
350,FlowEdgeChallenge,Train,61.2524881971301,37.6730940988358,39.6967669747094,0.460924073938953,0.818751632760343,0.0338728295149494,0.495004259056847
351,FlowEdgeChallenge,Train,61.2883909969139,31.75661680837,39.7546758326332,0.448189740320653,0.556816411285565,0.181439087391697,0.49471252767161
352,FlowEdgeChallenge,Train,61.1222022808706,44.6876137886055,38.781354755478,0.472758073125444,0.844947435619152,0.0827503403273852,0.496065787253985
353,FlowEdgeChallenge,Train,49.8491644952129,40.3319251981789,38.9625555900277,0.509200434492795,0.861365833360294,0.0643018538333948,0.567250775530417
354,FlowEdgeChallenge,Validation,47.5381798513857,39.1899091221124,39.2252914068315,0.484132338998086,0.799697638262111,0.125828552326476,0.564315179811939
355,FlowEdgeChallenge,Test,61.007596717637,44.4958224729084,40.5370806397226,0.420624238498678,0.558072889237381,0.0790557043490068,0.497003305181524
356,FlowEdgeChallenge,Train,62.8754588540541,44.3532087139251,40.8953428525452,0.459642463904184,0.759245875004,0.0925054751811446,0.482149540948967
357,FlowEdgeChallenge,Train,61.0960534641437,33.3194340379547,40.1886332074736,0.478714085966714,0.816120613566333,0.120344476926354,0.496279385008106
358,FlowEdgeChallenge,Train,47.6341973719873,33.2755844751708,39.3760158779507,0.456311972787483,0.573023447773938,0.177246736323348,0.562631107508931
359,FlowEdgeChallenge,Train,61.1179485919757,43.8373315078814,39.7298217272523,0.430768343605728,0.666791338225043,0.084589833793303,0.496100521250233
360,FlowEdgeChallenge,Train,62.5496419953498,41.0443893904913,39.4999946071218,0.463723013796024,0.816236300344085,0.0964904906399624,0.484676652126447
361,FlowEdgeChallenge,Validation,49.5227834276029,32.33783721858,38.9936854083453,0.465291190983572,0.782521751042745,0.0761606773287576,0.566902956331337
362,FlowEdgeChallenge,Test,62.4162022131111,36.5019322548887,40.7840504073036,0.461909770843698,0.565114321095711,0.128256136226306,0.485719257474983
363,FlowEdgeChallenge,Train,61.0694697113536,29.6427634326588,40.8072387596616,0.479325389426,0.734592341535586,0.0469920656314431,0.496496723062734
364,FlowEdgeChallenge,Train,61.1168682261204,37.7412925804407,40.2518330906304,0.490609653203402,0.944768905337761,0.109662376450727,0.496109343874447
365,FlowEdgeChallenge,Train,61.0338625952273,34.0076322810047,39.3999691759992,0.474850189396714,0.807948874392488,0.114298628609798,0.496788129129244
366,FlowEdgeChallenge,Validation,48.4209985333363,28.6604827465515,38.9010612556008,0.530945017108631,0.580773183471204,0.134596194945528,0.567937863065912
367,FlowEdgeChallenge,Train,61.0511188986406,42.378212107368,40.9767148290282,0.464086951777685,0.790572597429248,0.0426517333184799,0.496646862339148
368,FlowEdgeChallenge,Train,62.9968045578035,44.3730275827499,40.2271909357051,0.434980995985896,0.686884805824865,0.130858866362443,0.481215036208871
369,FlowEdgeChallenge,Test,61.2769615160437,41.838573396145,40.193786220319,0.418844205909649,0.617801040420242,0.113137998693508,0.494805361840818
370,FlowEdgeChallenge,Train,47.7014248444431,39.8533231877621,39.3645026595628,0.438925037790383,0.573563542425374,0.207658300733491,0.562759746820528
371,FlowEdgeChallenge,Test,49.9603763670183,29.9022374652464,39.3725474827416,0.509021760588045,0.570135998532621,0.146407974708904,0.562669860528027
372,FlowEdgeChallenge,Train,49.3718773532542,41.3857691606841,39.0559925529908,0.436892429951072,0.578053173233693,0.0897660521574844,0.566206787117421
373,FlowEdgeChallenge,Train,48.0106794984928,33.3305630892631,38.5250900925439,0.476968366236811,0.75215799193815,0.147614088959139,0.572138658183867
374,FlowEdgeChallenge,Train,49.9927743419882,36.3863101137572,38.5628737614141,0.480843860734558,0.844653571138359,0.150795231905118,0.571716494285876
375,FlowEdgeChallenge,Train,49.9754813515574,37.7783483502123,39.1792303580635,0.462599440197906,0.77172600817358,0.105070445041152,0.564829828401525
376,FlowEdgeChallenge,Train,61.2349587902341,39.9525799107965,39.9244885649141,0.450804516537506,0.775773443281616,0.0520824655304598,0.495146820094943
377,FlowEdgeChallenge,Train,47.6938038885143,40.3863798475786,38.7500002048436,0.445318704855549,0.586948962212861,0.0972688261547848,0.569625696035267
378,FlowEdgeChallenge,Validation,47.651737207669,29.1070667449516,38.8831609911487,0.488592622041739,0.737008507137874,0.190739810616606,0.568137866020685
379,FlowEdgeChallenge,Validation,49.3554066800934,41.0309286430925,38.7415299012105,0.490991418182594,0.915430317024063,0.037003214038283,0.569720336299324
380,FlowEdgeChallenge,Train,62.1073236798569,44.4553069744474,41.455732018237,0.469299249605275,0.783628649622895,0.0713888595564353,0.488149806377718
381,FlowEdgeChallenge,Test,48.3953742824654,33.413836219371,39.2669663732911,0.502734695129636,0.793920103291736,0.0900804832272381,0.563849537728591
382,FlowEdgeChallenge,Validation,49.7098427819172,43.7274836098631,38.5419793930875,0.535671081454309,0.654841945077238,0.1354957454345,0.571949950915223
383,FlowEdgeChallenge,Train,47.9353227826296,44.5134420395719,38.524804092179,0.452489725772297,0.747214919363824,0.101787405425637,0.57214185371867
384,FlowEdgeChallenge,Test,47.5404002455864,37.4868925062421,38.6091733843263,0.537115262134433,0.650212876880298,0.129212129136119,0.571199180063393
385,FlowEdgeChallenge,Validation,47.5100806080478,36.559710435773,39.2120511490926,0.450874473265885,0.645888461377843,0.167399824226219,0.564463115652597
386,FlowEdgeChallenge,Train,48.3055260193042,34.6294411162382,38.7951823599606,0.529267018449585,0.684051620987509,0.104832970083667,0.569120867486473
387,FlowEdgeChallenge,Train,62.8117648939114,38.8919395619071,39.3375291054963,0.480242135633453,0.832261327099914,0.103882741261318,0.482641504446198
388,FlowEdgeChallenge,Train,62.6712901371195,44.3278366046123,38.9141420729502,0.482383697413824,0.805637887127845,0.126580788598721,0.483730047095884
389,FlowEdgeChallenge,Train,49.9627401114031,38.3265871221033,38.5247009702434,0.505056157853613,0.865946161408444,0.112524174258348,0.572143005919068
390,FlowEdgeChallenge,Train,61.3719625426369,42.5365123151986,40.3473638109334,0.475891024567043,1,0.111677518390838,0.494034781620483
391,FlowEdgeChallenge,Train,62.5566972099136,40.4305991624595,40.4089387205451,0.484124503481085,1,0.0629436158352404,0.484621651405949
392,FlowEdgeChallenge,Train,61.3239516528479,41.4483654887701,39.5974089745685,0.444412889235999,0.708081306521093,0.0673280684692359,0.494423913134003
393,FlowEdgeChallenge,Test,62.9346853904952,40.4956953247764,40.1018868293233,0.454013592642824,0.788843472077754,0.113011058489444,0.481692976706401
394,FlowEdgeChallenge,Train,49.9913539788562,31.8193297532655,39.4047215137999,0.464189832305123,0.570211442187474,0.127412798749917,0.562310374147487
395,FlowEdgeChallenge,Train,47.8630159282667,38.459885079786,39.2283571101912,0.532722313715162,0.599334426894568,0.178518568345963,0.564280926143115
396,FlowEdgeChallenge,Validation,49.3540331920572,34.889142161783,39.7928712914426,0.476074853112189,0.572519655406196,0.0783900865257231,0.557973505123546
397,FlowEdgeChallenge,Train,61.1686633697573,37.6771638257751,39.4386797562182,0.444313598421237,0.619343244987653,0.0741287783754535,0.495686718321879
398,FlowEdgeChallenge,Train,62.9191511615046,35.4256674877131,39.4236254585801,0.47379605835616,0.770433337849142,0.118881620605864,0.481812643477986
399,FlowEdgeChallenge,Train,48.2422685708383,37.7182575124981,39.8367158064496,0.504112991643505,0.561535122821581,0.180783833524237,0.557483622274306
400,FlowEdgeChallenge,Train,49.9222106503495,42.5402938614885,39.2231478173617,0.497708405229377,0.854616408718788,0.0993706335876394,0.564339130532272
401,ScoreBoundaryProbe,Validation,52.6887714921368,44.3950122801401,41.3603879351143,0.470809397346014,0.643070590667913,0.217756453654257,0.540459352680288
402,ScoreBoundaryProbe,Train,51.5303454865829,32.4223208171659,41.3252293821098,0.49709158347136,0.545910474626583,0.045925443929815,0.54085218567475
403,ScoreBoundaryProbe,Train,54.3249791943764,35.7427482690671,40.5923075799244,0.426046723550072,0.506869681601028,0.150689396069022,0.549041256090231
404,ScoreBoundaryProbe,Train,55.5726702739205,43.9926117178066,40.2997353850017,0.540447208568057,0.639514199920865,0.098209722735863,0.545902902265524
405,ScoreBoundaryProbe,Test,54.2943127597443,44.4162282600387,39.9365321916511,0.4292582985284,0.531820991647187,0.0976184762827781,0.556368355400547
406,ScoreBoundaryProbe,Train,55.8114736228399,38.3324388610587,38.5783250894261,0.420950412319577,0.579065162028971,0.142326041162614,0.543554283911915
407,ScoreBoundaryProbe,Train,55.0784013784973,39.2753587365079,41.1693797172209,0.536542972571011,0.635812742996716,0.154898184857844,0.542593522712616
408,ScoreBoundaryProbe,Test,55.1108635261342,34.6991966295386,39.5680669439459,0.444132704436681,0.576889340473061,0.0901580880148243,0.55050248659295
409,ScoreBoundaryProbe,Test,54.7779291426162,43.5298887950544,38.9502258406404,0.547061850678598,0.598714810294253,0.104176781731281,0.553866615395076
410,ScoreBoundaryProbe,Train,55.7331853612164,36.4189073799958,41.4205866416908,0.460110623549932,0.600106369922559,0.165829659743299,0.539786741433623
411,ScoreBoundaryProbe,Train,55.1276620651844,44.6894939360843,40.8049684912653,0.417482677278654,0.517607751745951,0.227602001521283,0.546665156522176
412,ScoreBoundaryProbe,Train,54.9680748542043,33.5350084632129,40.6014391355197,0.50250065891412,0.631376152470227,0.112684303063441,0.548939227536092
413,ScoreBoundaryProbe,Train,52.5242100003655,41.2626669197463,40.6256649756387,0.49662248759136,0.623388425535058,0.133548444712465,0.548668547758227
414,ScoreBoundaryProbe,Train,56.3198997272372,44.0038398587897,39.1817542674414,0.430634650390156,0.640081362290965,0.15012192009125,0.538620282488674
415,ScoreBoundaryProbe,Test,52.6576349566779,35.2375450067733,40.0675404938403,0.554865207691542,0.591210559908134,0.118116871136611,0.554904575487818
416,ScoreBoundaryProbe,Train,53.2049336289121,44.9801864107455,39.6297520747641,0.531859798658389,0.636889276398631,0.110454431397102,0.559796066203753
417,ScoreBoundaryProbe,Test,53.9117885570838,44.7798575085093,38.6646185478514,0.399615980331395,0.57884684954245,0.0505059431756353,0.562813170299503
418,ScoreBoundaryProbe,Train,53.9830387071583,36.1388866080688,38.9420528568801,0.541229884613805,0.553154489248158,0.0829347211798753,0.562066375115988
419,ScoreBoundaryProbe,Test,57.2774324357922,39.7313010085894,40.7274521887963,0.461967277567201,0.648499187246199,0.101725577133431,0.529565771592413
420,ScoreBoundaryProbe,Validation,53.3763238115713,32.6800290293193,38.6789048765219,0.403107900999626,0.510568619450984,0.214624300637846,0.56848933875036
421,ScoreBoundaryProbe,Train,56.4255238141392,43.6804111097101,41.4485226228176,0.438091719503208,0.523106355903285,0.123798419804092,0.537606412454009
422,ScoreBoundaryProbe,Train,56.9286838553198,38.8691827801701,40.0012856284896,0.427624003268866,0.635496390519797,0.165766148648303,0.532828301907063
423,ScoreBoundaryProbe,Train,55.3863022375878,31.9102234115805,41.3023596497498,0.527121576684526,0.640587936528057,0.0807202205380492,0.541107713410617
424,ScoreBoundaryProbe,Validation,57.7964715176961,32.9301888468843,40.9155140356456,0.456194220414482,0.511477056402136,0.123138124428658,0.524783084312686
425,ScoreBoundaryProbe,Test,51.8422363621788,39.8390472495055,40.2677019729173,0.448895577805919,0.591645969891381,0.143194603397124,0.552668134380812
426,ScoreBoundaryProbe,Train,56.8348891960755,32.1891321038726,40.1341818691828,0.451135117704697,0.546798860943161,0.101841311116813,0.533712579745934
427,ScoreBoundaryProbe,Train,57.4621974680377,33.3796504278702,38.9456582623514,0.433756585123979,0.622515595312302,0.125117427761408,0.527853349577647
428,ScoreBoundaryProbe,Train,51.5082599632566,44.6590708835308,40.080126408418,0.490328430498433,0.562890444796298,0.110821883364167,0.554763950743932
429,ScoreBoundaryProbe,Train,55.5522348105279,44.9899691176855,41.425688149793,0.523406686077274,0.565630760010336,0.0787469862450827,0.539729741343095
430,ScoreBoundaryProbe,Train,57.8872542208916,44.9968929057028,39.7788200749318,0.39978379420831,0.507173242682494,0.201784018895004,0.523955379220441
431,ScoreBoundaryProbe,Train,53.8817470794497,37.8649188964622,39.5180346393769,0.559001429347104,0.609448688555472,0.105594485205062,0.561044305705286
432,ScoreBoundaryProbe,Validation,53.0519478268249,33.4624715109455,40.1628308320566,0.473385855931855,0.593730946143965,0.156868999918893,0.553839878971435
433,ScoreBoundaryProbe,Train,53.0214407211016,38.9980377286562,40.9985864152998,0.457909741930802,0.563097349885947,0.200923736608823,0.544501827762014
434,ScoreBoundaryProbe,Train,53.7774412402706,31.7688820538538,39.5961450644169,0.559216205895011,0.630528458009562,0.12149176538192,0.560171563526068
435,ScoreBoundaryProbe,Train,52.886770951465,39.1259265608161,38.9491958508594,0.422459044585867,0.589143059084371,0.144239347955495,0.567400046359113
436,ScoreBoundaryProbe,Test,57.6944632629187,30.2593006890712,39.5702173166636,0.445214032331072,0.518173522071813,0.155241176832528,0.525716245456528
437,ScoreBoundaryProbe,Train,53.5792026617066,30.3210841803268,39.2283371585411,0.447442514857526,0.527573700742665,0.139943380811055,0.56428114906658
438,ScoreBoundaryProbe,Train,53.001524255338,37.4772338925014,40.6835464477518,0.536615525646992,0.545443826152863,0.107706404775947,0.548021827399422
439,ScoreBoundaryProbe,Train,52.7915243535897,44.0887910749253,39.3124345686315,0.429303012702477,0.537137068946207,0.149965605802002,0.563341513199648
440,ScoreBoundaryProbe,Train,58.4254021507908,39.271312768611,39.1390791008067,0.428295791105142,0.579243335528576,0.107030464788813,0.519101669429195
441,ScoreBoundaryProbe,Train,53.6424975295894,40.2011095236205,38.5100703188851,0.552881161178716,0.570449690821158,0.172278878645476,0.56565361243059
442,ScoreBoundaryProbe,Test,52.5850523330547,41.8116397269446,40.0904156629504,0.537131937248741,0.648038845758104,0.105076068090538,0.554648987006141
443,ScoreBoundaryProbe,Validation,54.8188134586431,44.9402893497827,40.8456978817164,0.542204149150183,0.640512069555771,0.11600620213891,0.546210079533895
444,ScoreBoundaryProbe,Train,52.9507145836434,44.690755242319,40.48748002102,0.460919689368374,0.645276081289856,0.194202508993297,0.55021251373162
445,ScoreBoundaryProbe,Test,57.8170265845728,42.7034367097663,40.4480327911239,0.423102790530225,0.574447796046621,0.0933428365027988,0.524595447257735
446,ScoreBoundaryProbe,Validation,53.7628953429245,40.1354671506756,39.6235299079233,0.444509566236555,0.647795934672168,0.0815585722797234,0.559865587620968
447,ScoreBoundaryProbe,Validation,58.3863186100557,31.2821939061393,41.0773300006739,0.500452706719055,0.636137051905725,0.155680656584688,0.519451161953314
448,ScoreBoundaryProbe,Train,57.6455096256882,43.4688059193897,38.682379748903,0.427648106104998,0.6417272191432,0.107488212216046,0.52616524111024
449,ScoreBoundaryProbe,Train,53.513132264814,32.194161867513,38.6262078857193,0.558691508812878,0.627248907304067,0.166201489986176,0.567028303502186
450,ScoreBoundaryProbe,Train,52.4270978106655,31.404273381622,39.8332447049804,0.521143882287474,0.600731284410775,0.155541482926966,0.557522405530945
451,ScoreBoundaryProbe,Train,59.8786301156359,37.4444551957451,38.5603997800276,0.435360492965984,0.578167906299278,0.194737360043929,0.506430491998423
452,ScoreBoundaryProbe,Train,58.9701076690278,37.0608401860039,41.4631873313758,0.449846562499104,0.503252953248887,0.172942636379043,0.514279028405459
453,ScoreBoundaryProbe,Train,54.3609867163276,31.7267344181887,40.3890675819104,0.543199654161527,0.576299312517808,0.160753017917491,0.551312094056867
454,ScoreBoundaryProbe,Validation,54.3021530168521,35.6478235796138,41.0726869709234,0.492141267709262,0.550708364391767,0.172891763790571,0.543673888593034
455,ScoreBoundaryProbe,Train,53.0398494503445,40.2319692679132,41.2991292458951,0.50069680569603,0.504325353268522,0.21550891989119,0.541143807308434
456,ScoreBoundaryProbe,Train,52.7765879470654,31.3350705993714,39.5730687971645,0.478188407073823,0.638222528271258,0.131215360746572,0.560429398914364
457,ScoreBoundaryProbe,Train,54.1887613998912,40.5426703514348,40.3892824071691,0.414865375070566,0.522359254852892,0.144443979322944,0.551309693774647
458,ScoreBoundaryProbe,Train,54.4144786288282,35.3321799576602,40.0223636087753,0.422569310215779,0.522364994722702,0.074169502828622,0.555409345153349
459,ScoreBoundaryProbe,Train,58.1643448390173,35.2777505364148,39.6064464635566,0.452153487511115,0.635337938521816,0.137192950590256,0.521445002938253
460,ScoreBoundaryProbe,Train,57.1373810022581,44.2839419227302,40.9633690148808,0.447791048156021,0.646141209204574,0.0792620014256121,0.530871162187053
461,ScoreBoundaryProbe,Test,59.6228835537869,30.5759559003396,39.1574062831005,0.449836821167344,0.522124645243233,0.138070727356831,0.508615644561736
462,ScoreBoundaryProbe,Validation,59.1298527461156,30.9926522803477,38.5422066760988,0.453961750540397,0.616545602793923,0.166887337149467,0.512881548546625
463,ScoreBoundaryProbe,Train,51.4896225842337,34.3516192378714,40.3895687517676,0.521749805963801,0.502592299967956,0.152797541154163,0.551306494393658
464,ScoreBoundaryProbe,Train,52.601156334444,36.3226216460641,40.591162643515,0.47962194990711,0.500097763612518,0.151464711801487,0.54905404867581
465,ScoreBoundaryProbe,Train,58.947575534344,37.6994685831879,40.3784732040409,0.451234845817531,0.634546849798545,0.0986406803825303,0.514476753258966
466,ScoreBoundaryProbe,Train,57.7353572490688,32.0112822801576,40.5898054930916,0.488517238108737,0.643987460873124,0.0975636687305052,0.525341755441238
467,ScoreBoundaryProbe,Test,51.7186703353972,32.7641344692682,39.3043478949326,0.535609852533379,0.516473469146545,0.133310724949206,0.563431867095725
468,ScoreBoundaryProbe,Train,55.0951589407506,34.233966764035,40.8154622122027,0.546255657246884,0.560490942568811,0.173935016120257,0.546547908243545
469,ScoreBoundaryProbe,Test,55.7496015923654,31.3244645352276,41.2755455600809,0.483587550705368,0.525666768539311,0.183769643776545,0.541407312177867
470,ScoreBoundaryProbe,Validation,55.4930295106528,40.3604511563204,40.6758660381426,0.537176005751198,0.552059737309886,0.0626479344988478,0.546690659691669
471,ScoreBoundaryProbe,Train,51.0060531331022,43.9634842898967,38.5276529778513,0.399940081915969,0.513689431091936,0.159206092465164,0.57211002259384
472,ScoreBoundaryProbe,Train,59.4285791224785,44.6331673290237,38.9943708112021,0.407504351722397,0.505097021309218,0.162872614477388,0.510288395085691
473,ScoreBoundaryProbe,Train,52.2780185896835,29.1056951336259,38.5709567383438,0.425741527424099,0.590592342065749,0.240749989501512,0.571626181694483
474,ScoreBoundaryProbe,Train,56.1341681259061,33.4376630135328,38.5320180710422,0.412052731572057,0.528496149501397,0.181720494720938,0.540412346141499
475,ScoreBoundaryProbe,Validation,55.4618458038037,29.5614653409564,40.8727064105447,0.511944845369716,0.547942565706147,0.143270321123524,0.54590830826207
476,ScoreBoundaryProbe,Train,54.6308986289506,33.9809736422786,39.012377578287,0.428866447395583,0.628151606564243,0.0765832163011401,0.555365334738151
477,ScoreBoundaryProbe,Train,52.5226889438315,34.8473139098298,39.3547079048927,0.431111159675967,0.589488056455855,0.155543857800063,0.562869185420194
478,ScoreBoundaryProbe,Train,50.8217679253568,42.9473407617411,39.7451652409651,0.455408316448241,0.568396927110217,0.12246494282347,0.558506533620502
479,ScoreBoundaryProbe,Train,51.7827623504687,41.6452728322428,39.1182201168217,0.544112494428772,0.578126604244911,0.133340523079739,0.565511507074618
480,ScoreBoundaryProbe,Train,56.415716893499,40.5526474325014,39.5062810127005,0.433403456805286,0.607935289039255,0.0620306663339211,0.537700387758701
481,ScoreBoundaryProbe,Test,52.1165159744806,35.3287774622409,39.8114296656835,0.455832319460112,0.607191963277343,0.100132009770855,0.557766148986776
482,ScoreBoundaryProbe,Train,53.0309068996795,44.9288864103762,40.941337010174,0.443060032967887,0.55355206404688,0.252748641467557,0.545141485919844
483,ScoreBoundaryProbe,Train,58.1841248753315,41.1615650326115,41.2301030497874,0.459708814931394,0.592691339079574,0.0951876742601873,0.521266714767293
484,ScoreBoundaryProbe,Train,55.8023285804943,30.9766582116296,40.2469313201608,0.500958671858797,0.647784995007715,0.160926471488313,0.543643854763127
485,ScoreBoundaryProbe,Validation,55.7216003655883,38.8777002281337,41.0548662770164,0.444406148853016,0.536855535916935,0.13893976839375,0.543873002491437
486,ScoreBoundaryProbe,Train,59.2907375155097,40.8560393188757,39.8438005591017,0.415610835486164,0.512561857482224,0.160220393947641,0.511481709592844
487,ScoreBoundaryProbe,Validation,50.5458204310841,37.6362081785594,40.3289068682548,0.547200593564654,0.514609917804915,0.134706269286245,0.551984280801622
488,ScoreBoundaryProbe,Train,55.2273679636989,29.9771276089027,39.6869319998958,0.467531989083837,0.580538010998099,0.117023841968855,0.549334849997747
489,ScoreBoundaryProbe,Validation,55.5512693940722,39.7051182507597,39.0691278196727,0.419936776295281,0.532620348904683,0.111190164232147,0.546114364671117
490,ScoreBoundaryProbe,Train,52.7345559821249,44.2787373894598,38.5873652734299,0.542507575034607,0.564885068277572,0.0933815905028432,0.571442846106928
491,ScoreBoundaryProbe,Train,59.2100940140344,36.7508302782386,40.8151000348698,0.456668188211908,0.578536189456678,0.135643783604834,0.51218242806319
492,ScoreBoundaryProbe,Validation,51.9533825345952,30.4865945938064,38.8752967990899,0.541974700660476,0.646940105862478,0.187744356560082,0.568225734088381
493,ScoreBoundaryProbe,Train,51.3196074896564,35.634270534447,39.7109615685205,0.534870730747969,0.592291135205455,0.137919774831414,0.55888869755843
494,ScoreBoundaryProbe,Train,52.8043143280658,41.210987963653,38.5626109384828,0.422942318890409,0.648599040541617,0.130129397838291,0.57171943085494
495,ScoreBoundaryProbe,Validation,53.3493213260567,43.6887814495489,41.0843672942058,0.519638276342548,0.5689894909779,0.160693838934968,0.543543382187644
496,ScoreBoundaryProbe,Train,52.2140739814015,39.8030610283633,39.5487851446307,0.534587865481581,0.613652520672935,0.0893012908188296,0.560700724640998
497,ScoreBoundaryProbe,Validation,54.5773687756308,42.7003907011539,39.3747280739274,0.553553286058078,0.608057458725927,0.0719641760398085,0.555912983244078
498,ScoreBoundaryProbe,Test,51.1369747086575,36.2168273371904,38.6232845492078,0.421183983574752,0.520524297154886,0.166741732605085,0.571041513416673
499,ScoreBoundaryProbe,Train,55.1028402001679,34.1410861529986,40.5224041033986,0.459705899232905,0.555732334622044,0.154345212081622,0.549822300520686
500,ScoreBoundaryProbe,Train,52.3643207403808,40.8890776342684,40.6624879507824,0.434882906511441,0.529996670087486,0.16869017706603,0.548257117868353
501,ScoreBoundaryProbe,Train,53.4059079073341,44.6721907632534,40.3595841149091,0.423472386688865,0.528188435012473,0.142486486203738,0.551641518269172
502,ScoreBoundaryProbe,Train,58.3259370458081,33.8591315468837,41.4136412875777,0.472658075696515,0.641409332535534,0.188270433726825,0.519992026275424
503,ScoreBoundaryProbe,Train,60.3195507164026,33.1465622536384,41.0523109042076,0.463492328365901,0.613545230565484,0.145040293303047,0.502706684444934
504,ScoreBoundaryProbe,Train,54.3977099938865,40.8212111884082,41.4994974516369,0.441911203829822,0.504439600072088,0.235673311454992,0.538905056406292
505,ScoreBoundaryProbe,Train,54.7115862548817,30.2178500951784,38.8241963453643,0.438601964479008,0.591266032086936,0.104170601442403,0.554541867967285
506,ScoreBoundaryProbe,Test,53.1291693159936,44.2662095423127,40.3963139172913,0.513106656368698,0.592046177435355,0.134956439931171,0.55123112941574
507,ScoreBoundaryProbe,Validation,58.7418865499728,29.574103809582,40.0529350032694,0.474215229505127,0.636368830580576,0.117353771560386,0.51628873571416
508,ScoreBoundaryProbe,Train,52.3280973256135,31.8089836286372,38.9475683757788,0.42681359711582,0.58923364130112,0.161103129961385,0.567418230438225
509,ScoreBoundaryProbe,Validation,54.137614442691,44.7678157554965,39.9456457798099,0.554575249712398,0.511114113776989,0.1483223135188,0.556266527599889
510,ScoreBoundaryProbe,Validation,54.2738055556879,32.482506811042,39.1867796205438,0.556639427450885,0.604132755476747,0.110551525135132,0.559039084742293
511,ScoreBoundaryProbe,Train,55.0570248539258,38.5339858689587,41.4571916196832,0.509752375988284,0.62118683401569,0.152503009672036,0.53937774726611
512,ScoreBoundaryProbe,Test,58.3348688251178,30.5082412144637,41.4848177998558,0.516915747503116,0.639796137943953,0.0896165625181765,0.519911949822807
513,ScoreBoundaryProbe,Train,50.851793725543,44.0824301307435,39.7777061873026,0.514182403397579,0.551678790367649,0.118323723822484,0.558142947627904
514,ScoreBoundaryProbe,Train,58.6415971585929,44.1443633220288,39.453482023318,0.418097395162514,0.62188926784302,0.10797103903668,0.517176828020282
515,ScoreBoundaryProbe,Train,58.6287844503602,34.7394579932094,38.7346220732357,0.40892262167831,0.524050012509407,0.193937569003358,0.517290507230746
516,ScoreBoundaryProbe,Train,53.4220375998452,33.14224886278,40.2104999272147,0.509365960178321,0.641493681153483,0.104742514936769,0.553307263383076
517,ScoreBoundaryProbe,Train,56.9141340479689,35.776738948194,40.6895426972492,0.441363241930726,0.50954241030492,0.124694519502003,0.5329652836726
518,ScoreBoundaryProbe,Train,59.0830459381727,33.1452945047299,39.9696799294843,0.448612196321037,0.55916660006107,0.0847178173905769,0.513290240552608
519,ScoreBoundaryProbe,Train,51.6084727115935,38.2485720418342,38.8814185484848,0.537456812161898,0.551286850925789,0.150992236527623,0.568157334653801
520,ScoreBoundaryProbe,Test,56.2358449762864,39.1415964088668,40.4777057504867,0.432082064383191,0.501104823075976,0.15291843118595,0.539429833015988
521,ScoreBoundaryProbe,Train,58.5715233203715,44.9181076459957,41.3401072925963,0.451118055448344,0.645602178711961,0.0876836705235449,0.517799157521494
522,ScoreBoundaryProbe,Validation,56.5418732028014,43.5906730597335,39.7818091066747,0.431559015091909,0.620071344199915,0.140869638587923,0.536493976271177
523,ScoreBoundaryProbe,Test,54.7736907192907,44.2336427424492,39.5148050465685,0.441696182024192,0.60107658306862,0.124870506979839,0.553909706091009
524,ScoreBoundaryProbe,Train,53.5309922729802,39.0093882509485,39.9106840072013,0.553170443070216,0.605761264050554,0.0702037130751153,0.556657161930712
525,ScoreBoundaryProbe,Train,58.6755973950855,31.9220035732983,40.3969077576999,0.458771585279924,0.56967364968518,0.0848629031478001,0.516875405692161
526,ScoreBoundaryProbe,Test,58.7126088245513,34.9109758280575,39.2581945703554,0.436028587393248,0.632121800937041,0.101678698081453,0.516547685083352
527,ScoreBoundaryProbe,Train,52.0460885757489,44.1081209107707,38.8667640763767,0.414992048027111,0.637153644055416,0.0564642965927411,0.568321071772328
528,ScoreBoundaryProbe,Train,60.1366402806237,44.1303291048979,40.0076978514037,0.399167697158651,0.510869919621992,0.140755650803487,0.504244832063365
529,ScoreBoundaryProbe,Test,55.0406221073341,31.532018390592,39.8112904148802,0.434245711691857,0.52878662582801,0.11061055293503,0.55120885215495
530,ScoreBoundaryProbe,Train,54.640654891629,44.8964814207131,41.2274263152236,0.428128829863596,0.604134259207934,0.183385933374282,0.541944957371803
531,ScoreBoundaryProbe,Test,59.9983798119875,40.0261537881675,38.8561476466912,0.417496019229799,0.551675643026361,0.158298087324036,0.505413728763812
532,ScoreBoundaryProbe,Train,52.1449643001848,35.6462259537484,38.5417086891938,0.54022994243295,0.589231269839893,0.17654687466858,0.571952975539734
533,ScoreBoundaryProbe,Validation,60.667514535981,22.0166825777368,41.3289177001234,0.496549986969493,0.503974555612258,0.242907791337652,0.499806159660761
534,ScoreBoundaryProbe,Train,55.3825479833491,34.2713138985035,40.9709511317717,0.464620999696255,0.61209209034308,0.0879287803773926,0.544810601879646
535,ScoreBoundaryProbe,Validation,51.030760625501,38.8640612079342,40.054589336878,0.524916463695238,0.607371943141203,0.129483893631566,0.555049281152201
536,ScoreBoundaryProbe,Train,56.8604525303138,30.234733840609,39.1754260795284,0.447440747656715,0.639399217984393,0.074719768419798,0.533471284391159
537,ScoreBoundaryProbe,Train,51.4849216697565,35.2755235268512,38.9510585341211,0.443364786795328,0.645092009881465,0.0833514737331914,0.567379234255631
538,ScoreBoundaryProbe,Train,56.3992871396299,42.5373437028642,40.1427320977892,0.413546054631913,0.576842689632591,0.162734247973377,0.537857899931963
539,ScoreBoundaryProbe,Train,56.6744223257514,34.9433372337288,39.9105229817313,0.432368109005841,0.501053761598458,0.108234582989725,0.535232217430821
540,ScoreBoundaryProbe,Train,47.776116245376,36.47817153068,38.8816079665604,0.430477546967001,0.506349837599506,0.131145270573615,0.568155218250721
541,ScoreBoundaryProbe,Validation,55.2034866617708,44.5492461394177,38.5588965733395,0.426461551885217,0.642005241120548,0.0921855713114869,0.549573792791324
542,ScoreBoundaryProbe,Validation,54.2466016493369,42.8817209914299,38.9939747640413,0.410714704591785,0.526406929762018,0.089838070586803,0.55932093942373
543,ScoreBoundaryProbe,Train,52.9898840485031,35.7895536235596,40.2603687772479,0.440102350327398,0.614859046994748,0.129348531634453,0.552750069527956
544,ScoreBoundaryProbe,Train,59.5194152100767,40.9508911217044,40.6953035334368,0.457825170681839,0.576790442735628,0.0862786365097364,0.509505035412976
545,ScoreBoundaryProbe,Train,56.2695706304529,43.4464358181243,40.6133828969858,0.442898392155438,0.648382586832459,0.154130169530035,0.539104723000878
546,ScoreBoundaryProbe,Train,55.3337970409679,27.7681104042713,40.708740209394,0.539880356599684,0.508199142475354,0.134466958906531,0.547740332855932
547,ScoreBoundaryProbe,Validation,47.5909381631616,43.637168658667,39.0826855758063,0.421636795688768,0.50056620570599,0.157146814048411,0.565908541052443
548,ScoreBoundaryProbe,Train,51.1068815346647,36.3564693709054,40.1490105010645,0.472680367004058,0.620019479151122,0.157383312141904,0.553994296077492
549,ScoreBoundaryProbe,Test,50.2945864429533,44.7590246541997,39.3841161516345,0.533302982945624,0.61430102901208,0.201960510412208,0.562540601657715
550,ScoreBoundaryProbe,Train,52.5477293875627,39.0980753121689,39.3154334308412,0.441260652285371,0.638145330776685,0.115093600693109,0.563308006359316
551,ScoreBoundaryProbe,Train,51.9995138344833,43.2392227867613,40.0787695542954,0.444382560142881,0.544190081132048,0.122018231204394,0.554779111125192
552,ScoreBoundaryProbe,Validation,56.425236413956,35.9848712143553,40.267794103486,0.421812404020728,0.537494294854454,0.157947263803286,0.537609166015923
553,ScoreBoundaryProbe,Train,59.9711553924737,38.6157693694422,40.2188267610062,0.42312082253768,0.541018067394314,0.158149851202314,0.50564452752945
554,ScoreBoundaryProbe,Train,53.4904754397364,40.2793349425983,40.081019070409,0.431459891979034,0.640344137575245,0.0703238617992165,0.554753976866938
555,ScoreBoundaryProbe,Train,51.1971867581326,28.6311475239417,38.9897563810188,0.448573338593496,0.529955308288549,0.198646983746923,0.566946856078003
556,ScoreBoundaryProbe,Test,54.5218761043805,41.5899011059831,40.9376169669877,0.430976545781371,0.604224145417718,0.221846598683042,0.545183050648182
557,ScoreBoundaryProbe,Train,59.658454817972,29.9206920051427,38.8973750569431,0.47360154318634,0.613381999290359,0.132347443452328,0.508310594501196
558,ScoreBoundaryProbe,Train,58.6651321849197,38.4946897340833,39.6314241210883,0.43483094073057,0.565874315482355,0.144221037575836,0.516968145709578
559,ScoreBoundaryProbe,Train,55.5158688426831,36.7974617574636,39.2649045180823,0.433760413502025,0.58746068701307,0.0917923577916777,0.546464515928591
560,ScoreBoundaryProbe,Train,50.7050828867335,40.5762093978208,39.9442780637718,0.486804589433728,0.60325650193113,0.0826852956376622,0.556281809343332
561,ScoreBoundaryProbe,Train,57.3656589672005,30.9024060400581,38.6203938419976,0.427696961101072,0.577908041223037,0.138361719592204,0.528746702629896
562,ScoreBoundaryProbe,Train,54.8601396218783,39.1711223761215,41.4954154954632,0.477640559560965,0.612138549350788,0.211606694408483,0.53895066485516
563,ScoreBoundaryProbe,Train,59.9818967094519,30.343349232048,39.5468103764606,0.463638415793342,0.622015004226219,0.0994440750058821,0.505553441511849
564,ScoreBoundaryProbe,Train,53.2700567099525,41.516991628247,40.6551876086815,0.53561940527314,0.507260551373062,0.110622139677515,0.54833868593652
565,ScoreBoundaryProbe,Train,54.3502758949114,29.1241004872879,39.3016700021398,0.477683032488874,0.645044078308334,0.124890564563893,0.558248300909839
566,ScoreBoundaryProbe,Train,52.8225021815137,29.6887492271117,39.506988963865,0.535110868735664,0.602746634141967,0.129282235594258,0.561167721074134
567,ScoreBoundaryProbe,Train,51.3388597425459,33.0260157793503,40.024086221503,0.502298567280044,0.577177804360878,0.111051997340576,0.555390098083765
568,ScoreBoundaryProbe,Train,57.9147595156714,38.6732098738104,38.7650857892233,0.41473809915225,0.508954165142055,0.166353349180343,0.523705113775804
569,ScoreBoundaryProbe,Train,52.7577207264841,42.2979815428193,40.812565794751,0.46360560194609,0.551384173326523,0.180600785183053,0.546580270449709
570,ScoreBoundaryProbe,Test,53.9874199682473,29.9063947245128,39.9337283322593,0.489809859848718,0.604165119498447,0.164190322243845,0.556399683438444
571,ScoreBoundaryProbe,Train,54.0262866520142,31.3396730676522,40.0420963938924,0.553287955806212,0.595832967467268,0.162028285350257,0.555188867107347
572,ScoreBoundaryProbe,Train,54.0292496077547,39.3323955547642,38.8685722213625,0.556496920082035,0.580718916229347,0.146757560479418,0.561583077156449
573,ScoreBoundaryProbe,Test,54.1290846064023,40.7322559706227,40.9012872768405,0.517000727531742,0.646976716902842,0.116550204358472,0.545588968973849
574,ScoreBoundaryProbe,Train,47.6513640817862,31.2158389016147,39.6333486934845,0.491985883593101,0.532511301938947,0.140537052898728,0.559755880519726
575,ScoreBoundaryProbe,Train,60.1803234607398,41.1090424792797,38.5677794669722,0.4406490762352,0.536624306843367,0.18511427386782,0.50387663750927
576,ScoreBoundaryProbe,Train,59.9388619105995,32.7322246193521,41.4858970057187,0.505226927297367,0.634738531295008,0.144830314497207,0.505918571819024
577,ScoreBoundaryProbe,Train,53.8505752939763,29.7787077577445,40.1081644174176,0.518395084946175,0.54115082832613,0.174412949577787,0.554450676900362
578,ScoreBoundaryProbe,Test,56.5477635572117,30.9436194882934,40.9264103191327,0.482120930336694,0.508886076069868,0.132586754308558,0.536437779340961
579,ScoreBoundaryProbe,Train,56.4812952050197,34.1126570400859,41.4507637214898,0.491756780341536,0.623501301755354,0.150304016059561,0.537072600836692
580,ScoreBoundaryProbe,Validation,59.0965827581324,44.0532154294024,41.0246238306993,0.461944724966283,0.644429614517119,0.114582259440093,0.513171977741002
581,ScoreBoundaryProbe,Validation,52.1321278690696,29.3771934427158,39.5832370869244,0.503224688514002,0.594212188758075,0.159239789744398,0.560315786738275
582,ScoreBoundaryProbe,Train,59.9634350260837,31.5506165852198,40.7236007209921,0.457687035496919,0.512225243515439,0.107842746374331,0.505710016141186
583,ScoreBoundaryProbe,Test,51.53545418533,38.6547367106201,40.5503515410163,0.517612402232592,0.511112624942143,0.179320787373062,0.549510038647863
584,ScoreBoundaryProbe,Train,54.3414410749378,33.5559961443368,40.9442342088882,0.516246055728569,0.531370140949469,0.181204117005777,0.54510911498449
585,ScoreBoundaryProbe,Train,56.9675109074179,38.3802200199193,41.4856761496157,0.439832088743658,0.504150633615573,0.218514542985754,0.532463100179579
586,ScoreBoundaryProbe,Train,51.8223426475516,39.2106588894596,39.9132912991597,0.442473340289227,0.587209481945671,0.105840538834413,0.556628030176986
587,ScoreBoundaryProbe,Test,52.995732465329,44.5670912722034,39.1465178065381,0.538165547688959,0.602588218668628,0.09412217845769,0.565195331770524
588,ScoreBoundaryProbe,Test,56.5804484565349,29.5976570004811,40.1221415765583,0.473560311448365,0.559699507775244,0.127701137484154,0.536126161635731
589,ScoreBoundaryProbe,Train,53.2250702365897,38.1652087793367,40.7496051798488,0.505038886371492,0.606206495603902,0.151143453476799,0.547283741007276
590,ScoreBoundaryProbe,Train,56.1604876829268,28.1553073833063,40.5352765290758,0.499845044578814,0.543553522480091,0.0855036016558916,0.54015767648281
591,ScoreBoundaryProbe,Train,57.6666126959359,35.8910089162984,41.1073766609217,0.45236565492513,0.648535438804293,0.0903631707463522,0.525971593334973
592,ScoreBoundaryProbe,Train,50.4230741368409,29.0340505470226,39.2765472512791,0.479564080477609,0.591762703368018,0.154795756473417,0.563742488812524
593,ScoreBoundaryProbe,Train,53.8274141936441,37.2865012288401,38.6527856352701,0.414488155175397,0.579982119966815,0.155896475206913,0.563700081305445
594,ScoreBoundaryProbe,Train,54.2620720400126,31.1774317329305,38.5171870024649,0.426772079921842,0.631150983247137,0.198080624154006,0.559160618885075
595,ScoreBoundaryProbe,Validation,61.3924708294483,38.4541294918779,39.2115916878871,0.418030026513478,0.507748159970355,0.114068345951018,0.493868746083568
596,ScoreBoundaryProbe,Train,53.5037439579065,37.3135935427213,39.7982221004199,0.432941831246991,0.636990781103199,0.0586890108299769,0.557913719548381
597,ScoreBoundaryProbe,Test,56.1775633133297,28.4904888606389,41.2035189415633,0.515011638871698,0.506248236249207,0.134376787391164,0.539992579259167
598,ScoreBoundaryProbe,Test,51.78513754161,41.7396462804286,40.0988497157861,0.507714350410245,0.616657171933192,0.0822942607367204,0.554554751778926
599,ScoreBoundaryProbe,Train,51.443699104974,35.9743894274679,41.3910703663338,0.491898115258982,0.526705514675772,0.0594911668617516,0.540116532219734
600,ScoreBoundaryProbe,Train,54.6516548170833,35.7159803996604,41.3343616464145,0.52556922586079,0.542380003567614,0.125436269666161,0.540750149202073
601,ScoreBoundaryProbe,Train,51.4911734381704,40.6323402469562,39.5863188714448,0.433862067022354,0.500686997985566,0.100656787858812,0.560281353391678
602,ScoreBoundaryProbe,Train,58.9139240007245,43.4715258859731,40.6884688749251,0.437779619394464,0.611660503628844,0.0715926643901578,0.51477233510409
603,ScoreBoundaryProbe,Train,54.0709388427676,36.8841666532646,40.978206762766,0.530274839310132,0.569368184896542,0.124648010572485,0.544729533376916
604,ScoreBoundaryProbe,Train,54.401032058895,41.6677502218625,40.1760819761472,0.551683686403175,0.605039069584785,0.0929831260852819,0.553691821495562
605,ScoreBoundaryProbe,Train,52.4304076721251,36.605969052413,39.1758255047409,0.538685723123295,0.597217550557572,0.133879951023127,0.564867871455409
606,ScoreBoundaryProbe,Train,61.0774044516055,29.8598023480374,39.1014196352812,0.489482685831442,0.504286539036987,0.0856602069472316,0.496431832015221
607,ScoreBoundaryProbe,Validation,48.458407378855,34.7513357531632,40.2296153525926,0.512013558642979,0.503680377693788,0.182117359469789,0.553093683211256
608,ScoreBoundaryProbe,Train,47.7063182792487,32.9279685164479,39.0981197560567,0.437050339300577,0.5354612763144,0.155511464051551,0.565736092111098
609,ScoreBoundaryProbe,Train,52.2454711170556,37.1214966604952,40.5952251300597,0.449727414120228,0.520070426601453,0.123278977181718,0.549008657764696
610,ScoreBoundaryProbe,Train,49.488855216094,35.8223317648945,39.8421090013631,0.523276803379578,0.530131520522849,0.116321759168284,0.557423363113262
611,ScoreBoundaryProbe,Train,55.9333953185627,44.5113114215268,40.4236909251814,0.406801956855567,0.502348166172461,0.175355913767811,0.542362923639227
612,ScoreBoundaryProbe,Train,59.73147412956,33.5530344591637,39.6371072062507,0.437207000608761,0.512500471883848,0.116075305918722,0.507685537976773
613,ScoreBoundaryProbe,Train,51.0960996038495,37.0561859444576,40.2493279764297,0.505039301451307,0.610155370309815,0.162657229409976,0.552873430430953
614,ScoreBoundaryProbe,Train,55.539507955126,30.7437260168836,40.8793335614121,0.541652025906871,0.647261345275565,0.154393229525339,0.545834261883664
615,ScoreBoundaryProbe,Train,55.6380270203283,43.1712402265532,41.1695509309473,0.452128171405127,0.637471352617855,0.105705884032116,0.542591609710086
616,ScoreBoundaryProbe,Train,59.6634447768058,41.3747912433399,39.1833051297166,0.411053131565901,0.505772442793176,0.152669024545136,0.508267830982807
617,ScoreBoundaryProbe,Train,50.967936060682,44.3940275612612,39.4457197655311,0.447816391623078,0.642561551199831,0.14712439849657,0.561852293122558
618,ScoreBoundaryProbe,Train,57.4566321622329,29.1887064242208,39.9015141611198,0.453161836131642,0.521217863853185,0.168160881515561,0.527904768554303
619,ScoreBoundaryProbe,Validation,62.5356403116865,34.9766130562295,39.3272852144113,0.423879843065319,0.504328881703428,0.167077614107293,0.484785842568554
620,ScoreBoundaryProbe,Test,61.9755922432467,39.7783801084121,40.8398656568212,0.441356267528506,0.506336556422748,0.0906123045161147,0.489193763639651
621,ScoreBoundaryProbe,Test,59.273266277325,39.0142029538041,39.9628433028683,0.439666646811983,0.64401751455859,0.103662896158906,0.511633356921471
622,ScoreBoundaryProbe,Test,59.2633766004347,33.8279810477759,38.5715580997042,0.43778039084309,0.649580882513019,0.14434137443904,0.511719237239281
623,ScoreBoundaryProbe,Validation,62.4921541603644,30.1507741351684,40.6343756444001,0.462884111491887,0.517434538876134,0.0691390066312911,0.485125276042207
624,ScoreBoundaryProbe,Train,53.8931684602803,41.1686353229842,41.2579269957538,0.461334593194792,0.620217029011244,0.214806556762845,0.541604167645209
625,ScoreBoundaryProbe,Train,53.234366777628,43.9435883608521,40.811161756194,0.502419685007686,0.645079811469307,0.157255556813548,0.546595958031352
626,ScoreBoundaryProbe,Train,55.4006215321622,27.9260263478002,39.0809968093347,0.442945953909971,0.510258278822718,0.100923883978751,0.547607541149899
627,ScoreBoundaryProbe,Train,49.6445721297216,32.3668465735213,39.872771562004,0.528160804687719,0.516813026122508,0.0392306318553015,0.557080764670347
628,ScoreBoundaryProbe,Train,61.0407284149716,43.3196224746831,38.8635279545577,0.418293653329315,0.529860523507424,0.198699491682586,0.496731913299354
629,ScoreBoundaryProbe,Train,51.6397802100421,41.5204772502428,38.5325575175342,0.537696344646375,0.62846925049307,0.140537164957764,0.572055223267775
630,ScoreBoundaryProbe,Train,53.2784702105403,43.8807517670354,39.7348003443205,0.44721890761137,0.630183151572392,0.0761865449729065,0.558622342521559
631,ScoreBoundaryProbe,Validation,59.9263538153047,41.6879712663279,40.4734664763238,0.427063479024236,0.543214311251301,0.0981108426839019,0.506024795568482
632,ScoreBoundaryProbe,Train,53.9517518683083,35.7805157108999,40.782249001903,0.458616716737638,0.548950465186891,0.145846970845312,0.54691900556533
633,ScoreBoundaryProbe,Train,60.3609982207181,36.1002025893454,39.4033356469865,0.420007970827361,0.511160708383976,0.102954328639409,0.502359435714731
634,ScoreBoundaryProbe,Train,51.5959717848425,41.687588847068,39.1604375031495,0.426447718025231,0.519860974743825,0.136850353781364,0.565039804434084
635,ScoreBoundaryProbe,Test,55.5884807879787,30.7012888083933,40.5948950848311,0.526271343891776,0.648677886529209,0.114582589481989,0.545746782923354
636,ScoreBoundaryProbe,Train,52.4625281399659,30.0159562958013,39.1169130762295,0.562099905823671,0.505939069966578,0.187984908927896,0.565526110880117
637,ScoreBoundaryProbe,Train,54.8141227594806,38.0282308777962,40.7744618009239,0.439356114121092,0.645934392507785,0.137172137948019,0.547006013397498
638,ScoreBoundaryProbe,Validation,54.3603287726929,39.7250791593162,39.2246983243008,0.55175256350304,0.635113378283122,0.08028353022662,0.558144509032537
639,ScoreBoundaryProbe,Test,55.3125954526275,38.4479430249038,39.6453361787304,0.420539844332734,0.529172256601251,0.107219179608553,0.548483794068662
640,ScoreBoundaryProbe,Validation,56.9735336131885,35.2587563674017,39.443492736883,0.42662968415947,0.500332904618399,0.116272153420354,0.532406496060107
641,ScoreBoundaryProbe,Train,54.3203376113252,41.7225851855788,41.39216984121,0.517823517296273,0.58812776137777,0.120804929663274,0.540104247584246
642,ScoreBoundaryProbe,Test,50.4621750512349,44.3615686332416,39.7710353143341,0.482023684363194,0.537012579632009,0.125624363784153,0.558217482521406
643,ScoreBoundaryProbe,Train,58.3305665436187,28.3427420127696,39.3378752129625,0.460550313741796,0.621334585731425,0.118770026032484,0.519950518184828
644,ScoreBoundaryProbe,Validation,60.725924050638,35.3984395890504,40.675005933099,0.442284848877248,0.50913477580519,0.142706125150507,0.499322533199551
645,ScoreBoundaryProbe,Test,54.2207066624197,32.3891288795708,39.4796575787838,0.461874931125916,0.602761162958429,0.0726457103661173,0.559589495373403
646,ScoreBoundaryProbe,Test,59.6866036746666,36.3314256340707,39.797880685729,0.446918541198625,0.625441909226668,0.129291923240986,0.508069454818839
647,ScoreBoundaryProbe,Train,51.9246207204703,29.3216387440864,39.2098230494661,0.526663179773554,0.623985785723585,0.172118976676184,0.56448801062049
648,ScoreBoundaryProbe,Train,51.0743559435929,36.1415501937938,39.5442243025011,0.437261277719579,0.536691210372798,0.140098090266092,0.560751683770937
649,ScoreBoundaryProbe,Train,62.3465397593283,29.1363442978006,39.8470081891908,0.482400181536055,0.530764524781414,0.179805573627903,0.486265324390933
650,ScoreBoundaryProbe,Test,52.6739492401349,39.5953376207598,40.4172987427193,0.544502859616525,0.561733520247821,0.130709230788457,0.550996662092522
651,ScoreBoundaryProbe,Train,58.8085377058645,43.4911340174461,40.1982779012622,0.4126346400944,0.612221556274572,0.115214032072996,0.51570019541326
652,ScoreBoundaryProbe,Train,58.7264656212922,28.1481928604265,40.9733098080169,0.495877733895891,0.571084104753627,0.131870915038123,0.516425095266422
653,ScoreBoundaryProbe,Train,53.2311442728955,33.5171674573465,40.0175486751954,0.446750526294008,0.508927574364377,0.0984097537964602,0.555463143293906
654,ScoreBoundaryProbe,Validation,50.7713435113137,36.0986959033899,39.9243963386547,0.556203119661718,0.501975076461039,0.14163106435735,0.556503951523411
655,ScoreBoundaryProbe,Train,53.9440617454966,35.6832992111971,40.5128042510153,0.549821759133504,0.618646540318886,0.14756707556559,0.54992956144117
656,ScoreBoundaryProbe,Train,53.467328861966,44.4825708801713,41.3535082682821,0.504380031304226,0.599828319079099,0.145445025344397,0.540536220466122
657,ScoreBoundaryProbe,Test,51.5372092150183,39.5890918890496,40.3077221048832,0.476913002789853,0.612649634847129,0.131986711710445,0.552220982068344
658,ScoreBoundaryProbe,Validation,55.4104103054859,32.5445374281714,40.2781042155958,0.434333156190111,0.504712986505715,0.160687860303908,0.547510271117411
659,ScoreBoundaryProbe,Train,50.8090896924284,31.5953391211601,39.6607688005404,0.510186310249844,0.58817973393172,0.0831120785724533,0.559449510608487
660,ScoreBoundaryProbe,Train,51.3253866773548,43.3603987763473,38.8469224086748,0.540246982420422,0.579278999278328,0.0991377199117318,0.568542766383522
661,ScoreBoundaryProbe,Test,59.9304479489781,36.6735512348735,38.8807451103166,0.420712591355637,0.520894840490031,0.100413331009309,0.505990021665942
662,ScoreBoundaryProbe,Train,59.5581132415934,28.1896553310797,41.4795677554118,0.505363292615902,0.540500383282591,0.0777643421005617,0.509172033997494
663,ScoreBoundaryProbe,Train,57.6034772008599,35.3221869474937,40.4079749024585,0.452268002720266,0.623684891766121,0.0726926449317439,0.526551365339185
664,ScoreBoundaryProbe,Train,59.6977235224457,40.1493116250188,39.4138088265416,0.429743711855086,0.615410906403139,0.140729594306914,0.507974258315408
665,ScoreBoundaryProbe,Train,54.3528103646531,40.5512952611922,39.6399820960507,0.548318689845305,0.603392977404237,0.0681826291384251,0.558222129920212
666,ScoreBoundaryProbe,Train,51.828515774573,42.8641253632598,39.4565392795442,0.532801535713829,0.630001410782341,0.103998018771006,0.56173140469783
667,ScoreBoundaryProbe,Validation,55.9863652054418,36.7300318159054,38.9492867468301,0.4311243241132,0.623803813410622,0.111581422766579,0.541846944216965
668,ScoreBoundaryProbe,Train,59.5813855398147,29.3220181481903,40.5235958886086,0.469948832407845,0.501335529331965,0.12328866071331,0.508971981242632
669,ScoreBoundaryProbe,Train,62.9907653062971,41.2513494932095,39.2166263724029,0.426516621976922,0.528667843705616,0.148049800958228,0.481261460416811
670,ScoreBoundaryProbe,Test,49.5691578766628,36.7156624309285,39.1146518702698,0.434778514718751,0.522899655093783,0.0751736006923762,0.565551375751175
671,ScoreBoundaryProbe,Test,51.0518175092644,33.4044122681907,39.6347819443195,0.467173388518499,0.538683170842524,0.0936817437085777,0.559739866543916
672,ScoreBoundaryProbe,Train,61.972841897495,37.7501821279862,40.0459779291991,0.428974006776468,0.52403827764164,0.142353885886908,0.489215607127628
673,ScoreBoundaryProbe,Train,52.3754886730926,43.0790169708439,40.3743574190959,0.481883546312898,0.602485369075969,0.166206245384921,0.551476453417923
674,ScoreBoundaryProbe,Train,51.7424658023462,32.5853598086614,38.6340230288111,0.547833068057164,0.633818804607321,0.18744060564267,0.570921530404345
675,ScoreBoundaryProbe,Train,50.2360026761099,28.7981182284543,38.9984549030015,0.535656627278548,0.635274204425987,0.181678036355787,0.566849665888251
676,ScoreBoundaryProbe,Train,62.2779197143265,34.4082688649081,39.8032634770465,0.427030165604528,0.52610022772861,0.153311843949929,0.486804414468629
677,ScoreBoundaryProbe,Train,54.6212113938259,41.4393730509996,38.6628940392887,0.425205428365519,0.649180005454856,0.116455079433774,0.555464362499438
678,ScoreBoundaryProbe,Train,57.3088697921504,35.5212710748275,38.5254808259795,0.424914123303206,0.631859373423909,0.134481050992843,0.529273627287239
679,ScoreBoundaryProbe,Validation,53.5297586154797,27.5898355142797,39.5934677159434,0.485165549110379,0.55081877664188,0.160042011616313,0.560201478034152
680,ScoreBoundaryProbe,Train,48.0560097831797,36.1647743352614,39.4715963571699,0.535179671493216,0.538065021743072,0.154176422636365,0.561563169193632
681,ScoreBoundaryProbe,Train,51.0335613815534,40.4388607160288,38.7390098717621,0.416598677853251,0.517269189252797,0.113213630974617,0.569748493052938
682,ScoreBoundaryProbe,Train,54.6525162083617,41.2774961209334,39.2753831873518,0.431159672673102,0.580052473140042,0.0691324569700204,0.55514447561214
683,ScoreBoundaryProbe,Train,50.8769646472422,34.3909060332679,38.837771572032,0.532095401505234,0.622472208886755,0.0945447486712288,0.568645010368357
684,ScoreBoundaryProbe,Train,52.7060264128506,34.4138434276693,39.7598875628455,0.550290613183582,0.647877089518713,0.0715510215539736,0.558342038403961
685,ScoreBoundaryProbe,Train,58.1315551287942,39.9737311508449,40.308652366342,0.436801411015572,0.635519090659882,0.166744776192076,0.521740821614292
686,ScoreBoundaryProbe,Validation,55.7995426501437,29.3775163546246,38.5688264990017,0.435776182093304,0.636805307951349,0.140134518509403,0.543671147311302
687,ScoreBoundaryProbe,Train,50.3329481635589,31.2886546865714,38.5862494330122,0.4248972735753,0.571985009485599,0.183787904573966,0.571455313597629
688,ScoreBoundaryProbe,Train,58.8829420261592,38.2647863256996,41.1534155009885,0.460719427211551,0.614303582903068,0.108025397781737,0.51504476730202
689,ScoreBoundaryProbe,Validation,54.3309209652413,28.0410567913397,39.8043408436543,0.552884730783364,0.62969445144088,0.12751859420031,0.557845353702187
690,ScoreBoundaryProbe,Train,55.1666785123953,32.325789939503,39.2508282952787,0.448038176840696,0.606942318347307,0.0916674438828847,0.549942479456075
691,ScoreBoundaryProbe,Test,58.7364248868252,42.2200189097328,38.9559476217046,0.423131981191634,0.612641954001302,0.143217073008389,0.516337022278354
692,ScoreBoundaryProbe,Validation,53.7551381637901,37.8833861050227,41.2674990626288,0.472748142043629,0.547142761785591,0.187178319976217,0.541497217177332
693,ScoreBoundaryProbe,Train,55.239654234413,38.3466056201268,40.20545522896,0.426525481792652,0.613955592453437,0.115477770542326,0.549212001012069
694,ScoreBoundaryProbe,Train,50.7879601815997,35.5629834267101,40.1330076082822,0.534578916590586,0.559729913592074,0.16675566916928,0.554173099348802
695,ScoreBoundaryProbe,Train,60.7448451791229,38.7075630499073,40.7785656590883,0.460774007392279,0.631075825667887,0.105164815465707,0.499166067096732
696,ScoreBoundaryProbe,Train,56.8506293512975,29.4818025195972,38.8788166806069,0.43696571889631,0.530965867380953,0.0477392058548855,0.533563980875329
697,ScoreBoundaryProbe,Train,51.7514970375049,37.2571945510073,39.1317132124024,0.425375924017746,0.539813362518197,0.116863686337097,0.565360746230141
698,ScoreBoundaryProbe,Train,52.8689942424213,34.7923337822446,38.5005327105533,0.4160413166704,0.52360448158607,0.197925843020062,0.572413042340187
699,ScoreBoundaryProbe,Validation,56.1626933065243,40.7306527130689,41.4114301497817,0.452724624478106,0.608627217763368,0.161157895189461,0.539889048605791
700,ScoreBoundaryProbe,Train,62.1936864176419,33.5641943311746,40.8949657718105,0.480068824598792,0.638377460333958,0.0941301349313211,0.487467791138157
701,ScoreBoundaryProbe,Validation,56.64825797864,36.9009812373138,39.6810964079985,0.440232973450059,0.637287105655638,0.131395462788774,0.535480812799256
702,ScoreBoundaryProbe,Train,53.9797015100797,36.9518057056629,39.4995438774148,0.436232643308959,0.646123943654961,0.139547805900401,0.5612509063976
703,ScoreBoundaryProbe,Train,55.1136346740993,33.1733685028644,40.889595545968,0.489125055410823,0.602027443729409,0.157845482001073,0.545719602838346
704,ScoreBoundaryProbe,Train,56.2784481475933,40.3239953959457,38.8055320616969,0.428711761708212,0.644235318145139,0.0989799340809787,0.539019209911431
705,ScoreBoundaryProbe,Train,55.5518950226825,29.4338396040186,39.3940385198032,0.45170883850646,0.5243279168582,0.103173749775593,0.546108180513822
706,ScoreBoundaryProbe,Validation,53.0446359961661,41.7054926673155,38.7704554854548,0.546967698711028,0.504014899676261,0.0876684244537689,0.569397145413913
707,ScoreBoundaryProbe,Train,59.2913961529215,32.9163691237538,38.8740268735403,0.428784531823639,0.526571159123635,0.161728877991073,0.511475994481991
708,ScoreBoundaryProbe,Validation,61.9908857749516,33.1418650000097,38.5209660566629,0.476530282418847,0.566259339445855,0.109874598158435,0.489072336419584
709,ScoreBoundaryProbe,Train,62.5643853612681,35.1778472462793,40.2250396041859,0.447731295253958,0.601370706011135,0.158160082629035,0.484561730589368
710,ScoreBoundaryProbe,Train,55.550929544823,28.4687292080519,40.0638570922512,0.497450415777199,0.649411796049427,0.166643451779853,0.546117724040727
711,ScoreBoundaryProbe,Train,57.4076178019781,32.141799769805,41.1631412462361,0.472123087929932,0.508985498638995,0.153562389993923,0.52835805260585
712,ScoreBoundaryProbe,Validation,54.9873762766901,36.1137364244997,41.3516169290177,0.484872158271238,0.579863320876805,0.180233092773551,0.540557352748405
713,ScoreBoundaryProbe,Train,52.4371263426849,35.3467408264068,40.2996444279129,0.489248352234732,0.611675295008162,0.141578451756795,0.552311235442314
714,ScoreBoundaryProbe,Train,62.8566545499574,41.320275206253,41.1080026811488,0.441469793339781,0.537253880941107,0.0743770194954806,0.482294679113982
715,ScoreBoundaryProbe,Train,59.9404693784239,32.0050717151636,41.3044795493687,0.483312974282425,0.541342973269904,0.168920634068561,0.505904923773923
716,ScoreBoundaryProbe,Train,53.5933961493049,34.6950614670698,40.5749355863316,0.518026955296543,0.599849450980839,0.0911641086013923,0.5492353565773
717,ScoreBoundaryProbe,Train,62.7996058016872,40.7427035071019,40.3359902127963,0.42618644517514,0.554932116175208,0.145666101357704,0.482735533059357
718,ScoreBoundaryProbe,Train,57.1594157852046,32.8489221853783,40.6144244756287,0.45551245282706,0.534922468775798,0.101493844867761,0.53066535645901
719,ScoreBoundaryProbe,Validation,52.0978468816763,29.2344144609876,38.6239769945021,0.553993642832701,0.630315492443635,0.209409693135373,0.571033776597742
720,ScoreBoundaryProbe,Train,62.5360772656637,28.587800799028,40.3542678631092,0.46067310587211,0.50554196787175,0.159469025744898,0.484782434296508
721,ScoreBoundaryProbe,Validation,53.2246480690774,31.3949480293146,39.7108842006759,0.452253100748923,0.50795139117484,0.121458790781161,0.558889562003621
722,ScoreBoundaryProbe,Train,54.1045893312496,31.6197417769225,39.9582279805235,0.467122784066683,0.584642617502515,0.101226519826146,0.556125944351692
723,ScoreBoundaryProbe,Train,59.4244897917044,43.7332153202524,38.5122131472262,0.431489003226265,0.576944580325792,0.17570731699521,0.510323717324677
724,ScoreBoundaryProbe,Train,57.2183545818546,32.9419796947886,39.7272957907456,0.447953340719033,0.617347064246205,0.109560548567195,0.53011564484718
725,ScoreBoundaryProbe,Train,62.9886491853715,44.9875549729062,39.6815509716422,0.4156019024766,0.534571846332046,0.123490120109692,0.481277729313241
726,ScoreBoundaryProbe,Train,60.6671450825067,33.6570307528889,39.3029442393034,0.442032610239101,0.597118293372323,0.125258746009527,0.499809221672041
727,ScoreBoundaryProbe,Train,53.0246182799992,32.8149729662962,38.9773013856707,0.545218344096013,0.587636869779529,0.109585447587971,0.567086018037198
728,ScoreBoundaryProbe,Train,62.6574590444345,35.0056343208277,38.8001237820799,0.473854805345351,0.502653001658651,0.163434753478648,0.483837488548133
729,ScoreBoundaryProbe,Train,49.8764974516873,38.3360070929733,38.740720453454,0.428967552325494,0.509166471965296,0.0959283385867249,0.569729380408335
730,ScoreBoundaryProbe,Validation,54.2864667145121,36.9544329270733,41.1296089251278,0.448502579937613,0.502398619376383,0.158806420028934,0.543037889104717
731,ScoreBoundaryProbe,Train,56.1812839680206,30.7715682307242,40.4779472416244,0.481558441341379,0.512023748743371,0.0952286770550271,0.539956619100471
732,ScoreBoundaryProbe,Train,53.2015793212642,38.8702724481353,41.0508509938586,0.489210533046477,0.562252929848667,0.204306342218556,0.543917865990407
733,ScoreBoundaryProbe,Train,52.2894394125933,40.0656646344317,40.2904675378863,0.520852543957184,0.626411013805875,0.132345179576624,0.55241377052641
734,ScoreBoundaryProbe,Test,56.8381746455229,31.3297214591059,41.447296228338,0.502825199468668,0.587121855219099,0.131775552654886,0.533681555842378
735,ScoreBoundaryProbe,Train,59.1530473444196,36.180934341852,40.0897790171243,0.439136319590485,0.583866347434565,0.125698851949123,0.512679265387461
736,ScoreBoundaryProbe,Test,53.5889064687673,44.9106716712585,40.2133864142924,0.53319656091163,0.57397688026676,0.111408378065148,0.553275012130812
737,ScoreBoundaryProbe,Train,52.8072584487352,43.6263760329401,41.0767365249435,0.478726366781961,0.610910106974103,0.175155753763604,0.543628642179402
738,ScoreBoundaryProbe,Train,52.7091707074974,35.2666080663521,38.8707791289119,0.42447181279235,0.591543322578074,0.142542391259751,0.568276210850147
739,ScoreBoundaryProbe,Validation,51.2056010255311,38.8806747930477,39.7608885321483,0.545448854730621,0.553754182529245,0.136056186843688,0.558330854389405
740,ScoreBoundaryProbe,Train,47.7837700911497,29.409966243593,38.6817895933711,0.552582063896935,0.645559108409041,0.10304486629195,0.570387825772389
741,ScoreBoundaryProbe,Train,58.6049499166066,31.1974121818844,40.8406384161276,0.482180666302892,0.581311550304802,0.123677602350381,0.517502108497771
742,ScoreBoundaryProbe,Train,55.7853756666433,44.8894830756667,38.8322912244693,0.41670169730387,0.540901066672154,0.118044039933322,0.543809977265059
743,ScoreBoundaryProbe,Validation,62.7520376095003,41.3395971026676,41.369266894678,0.460868246368974,0.606623783698866,0.0927192982812307,0.48310373721764
744,ScoreBoundaryProbe,Validation,51.4032438398145,27.1217663224156,38.6659155526882,0.446323511455512,0.502142739226409,0.1938566104576,0.570565189355439
745,ScoreBoundaryProbe,Train,58.5824161651208,30.2679138633911,40.3184221879457,0.485647529429884,0.622495812863976,0.111044771617659,0.517702319856887
746,ScoreBoundaryProbe,Test,53.2185762688918,28.9077639823388,38.9606957888229,0.441414993022565,0.522476751460299,0.18061952371651,0.567271555432146
747,ScoreBoundaryProbe,Test,58.122643086336,25.1784027172607,41.1579420538171,0.519090099695013,0.521675927462416,0.126976778971612,0.521821281005563
748,ScoreBoundaryProbe,Train,54.8144120724626,42.7814844446679,40.5547682240079,0.422540625796437,0.566123050787055,0.175878857871595,0.549460690234549
749,ScoreBoundaryProbe,Train,60.5865194342665,38.5957587395333,41.364777517509,0.449800695902905,0.510340697753257,0.146177429913478,0.500478336184923
750,ScoreBoundaryProbe,Train,61.7512430504358,30.6833105504915,39.359955083347,0.465699417143082,0.506415919735822,0.150100053590724,0.490981958793698
751,ScoreBoundaryProbe,Train,58.2965119303501,31.6528206424095,39.2099953373068,0.433445903426327,0.50650798106397,0.145179492031302,0.520256006061644
752,ScoreBoundaryProbe,Validation,47.5790819726777,42.3812696085143,39.2474129551276,0.468520142764859,0.587161599431372,0.0831193942534145,0.564068011674552
753,ScoreBoundaryProbe,Train,62.3622794312764,26.2776762858688,41.0525604651749,0.466193143311565,0.500823571281532,0.178290589375855,0.486141838274458
754,ScoreBoundaryProbe,Validation,58.1660702462492,43.0347875460136,39.7523683185892,0.421273532816466,0.642473831989648,0.178747159486768,0.521429446081876
755,ScoreBoundaryProbe,Train,52.0467457373518,31.8905230753541,39.1842599596368,0.448988864384029,0.625722023916026,0.143444738900549,0.564773631735901
756,ScoreBoundaryProbe,Test,61.01395987884,35.1781133295703,41.4779342524107,0.471022821640179,0.594834371355439,0.101878752677323,0.496951159711222
757,ScoreBoundaryProbe,Train,55.2127997408695,29.5146216120007,41.452879068829,0.514480644413559,0.502300634674349,0.165142983408641,0.539425932191855
758,ScoreBoundaryProbe,Train,49.7410298039869,30.1915043232227,39.1568719100082,0.446757533968494,0.507524728374412,0.159093938525601,0.565079643463596
759,ScoreBoundaryProbe,Train,60.8022557656055,29.8171695363278,38.5514590080694,0.462642843810628,0.50388035362555,0.167034640533554,0.498691912839448
760,ScoreBoundaryProbe,Test,60.437237429424,36.1601723220755,41.1419862985029,0.462132132421568,0.556710103905746,0.12421691574182,0.501721944573017
761,ScoreBoundaryProbe,Train,51.9349727309218,33.2762954098794,40.0386604506922,0.535024348971217,0.507513101079495,0.155318567574269,0.555227257534166
762,ScoreBoundaryProbe,Train,49.3319853644441,32.4061017904515,38.5148333095126,0.444008098696861,0.583352726488222,0.110109895488748,0.572253259111592
763,ScoreBoundaryProbe,Test,62.750467152689,38.5019072733095,39.4448708018838,0.432045501621849,0.524234367130705,0.101079120866391,0.48311590294261
764,ScoreBoundaryProbe,Train,59.8728799720419,28.9862645491791,39.8565257162389,0.462144878450438,0.511119599801735,0.176582187043511,0.506479417296179
765,ScoreBoundaryProbe,Train,49.4011295949335,37.2904262918276,38.8341631384623,0.546025833641583,0.520287226733841,0.120011311614785,0.568685328061874
766,ScoreBoundaryProbe,Train,62.4939799619173,31.8223872718965,40.3945987902858,0.454118707272499,0.556586242103044,0.112293449452828,0.485111015150397
767,ScoreBoundaryProbe,Train,49.765528789226,39.8166892220491,40.1000685359529,0.547358848378014,0.505980271145515,0.0641830487462933,0.554541133676504
768,ScoreBoundaryProbe,Train,53.3192454993459,34.0510525444864,39.4068924151432,0.562231916664253,0.529734439859654,0.13241514067975,0.562286118266556
769,ScoreBoundaryProbe,Test,52.2538111009973,44.9565621033546,40.6391069285454,0.481832820975815,0.518060677881295,0.19376689615605,0.548518358340275
770,ScoreBoundaryProbe,Test,54.134805632553,43.7309949896577,41.4545600383074,0.446881232882468,0.584230606968144,0.204362744108429,0.539407150409973
771,ScoreBoundaryProbe,Train,53.7723111497127,42.7916107862085,39.8026266439903,0.539274473185583,0.538473723499108,0.0734648165846513,0.557864506771058
772,ScoreBoundaryProbe,Train,50.3496808178437,39.1250536165172,39.1547203819513,0.535887275180797,0.606150026826541,0.143069999209666,0.565103682883225
773,ScoreBoundaryProbe,Train,57.8257665818149,36.4822889395414,39.0942597810841,0.42268158446887,0.537192559866273,0.106855473000443,0.524515704557783
774,ScoreBoundaryProbe,Validation,50.9657159413821,29.9167185827801,39.5546870300469,0.475936045848897,0.515544626656986,0.131780083295395,0.560634781787185
775,ScoreBoundaryProbe,Train,54.674528899565,38.2997221875277,40.5308964266819,0.53011525360068,0.638757719654014,0.0721746302931693,0.549727414227018
776,ScoreBoundaryProbe,Test,53.2395424196549,38.7699174204787,40.5704731262479,0.423056078281903,0.548800761961642,0.139867658394393,0.549285216466504
777,ScoreBoundaryProbe,Train,53.6548800932042,38.8761574425643,41.2961187566117,0.523062931626044,0.506935829063049,0.209886880540654,0.541177444060205
778,ScoreBoundaryProbe,Train,60.6435056368956,32.520135050595,40.103700493493,0.449847674517235,0.610649012454973,0.165068047191047,0.500005221740369
779,ScoreBoundaryProbe,Train,61.0321996180398,39.4434985953247,40.4768562177263,0.436021580694422,0.528992355098994,0.165765364188049,0.496801747125359
780,ScoreBoundaryProbe,Train,49.7356071353077,27.2214112464194,39.1818308108897,0.507255518604814,0.576452453549459,0.161138727526162,0.564800773062685
781,ScoreBoundaryProbe,Validation,59.0989296834697,44.8638941606958,40.4642030336564,0.413280142704902,0.558334553618147,0.0539676261770795,0.513151479618626
782,ScoreBoundaryProbe,Train,51.6617204413739,33.7216500351906,38.5763718073885,0.43240237548114,0.61687670694385,0.190883970226801,0.571565678129737
783,ScoreBoundaryProbe,Train,47.6556704947153,44.6862140845621,39.022745267904,0.475815173384985,0.585791263009873,0.0713957998806414,0.566578265163084
784,ScoreBoundaryProbe,Test,55.9606379523134,35.9145553871402,40.9444286710516,0.436190721172576,0.514421573725561,0.113653676019388,0.542097431269348
785,ScoreBoundaryProbe,Test,51.9263479223778,31.8371466898342,39.6883539362526,0.544036817865051,0.521253446313457,0.131292099657348,0.559141296801647
786,ScoreBoundaryProbe,Train,57.5738080781372,44.9433472393062,38.9301763155748,0.421940130653619,0.636546861843255,0.136198861864128,0.526824255477439
787,ScoreBoundaryProbe,Train,52.3432178418457,36.7504464052843,39.5042568839198,0.549928920863384,0.601190243330978,0.132266863156655,0.561198247107042
788,ScoreBoundaryProbe,Train,61.2918882224757,29.0919100873006,40.1675071434393,0.491426453818438,0.64597168335673,0.128540773832152,0.494684128922206
789,ScoreBoundaryProbe,Train,48.0653132688907,30.1631941154475,39.1433319811498,0.462663770454388,0.581101010865567,0.18510836317727,0.565230927584919
790,ScoreBoundaryProbe,Train,57.9875485959471,40.383630015557,38.5871928080004,0.428877409356154,0.631063990013157,0.098844612884376,0.523043965275194
791,ScoreBoundaryProbe,Train,54.4094195603838,33.5907418933868,41.2021388582638,0.541769867009486,0.512005537629536,0.131217326133409,0.542227498790349
792,ScoreBoundaryProbe,Train,55.5845114289809,20.2625121355428,39.6986616494125,0.513748321227652,0.520026511244145,0.100908908789903,0.545785969612674
793,ScoreBoundaryProbe,Test,53.0426132583552,34.7602190069514,40.309590197288,0.538883783458969,0.609145497040244,0.130307335728344,0.552200109527508
794,ScoreBoundaryProbe,Train,59.5408882912981,31.9780036167606,40.1472835634351,0.469918619095639,0.638105016128406,0.111837837536777,0.509320203399756
795,ScoreBoundaryProbe,Train,58.2047768856355,41.5626992124491,40.8776274533198,0.452357939197107,0.594505261461079,0.0257146939882615,0.521080696330754
796,ScoreBoundaryProbe,Test,59.5335049215764,44.8374769012223,39.6939981469866,0.410976237683195,0.541795786689444,0.10799677678915,0.509383741561714
797,ScoreBoundaryProbe,Train,49.3120482684683,33.7913121322785,39.0610476700498,0.538553194608263,0.534575123794382,0.0635302762409915,0.566150305362572
798,ScoreBoundaryProbe,Validation,58.3641286883891,30.8696146554249,38.8023474116353,0.449298220707929,0.631483717213252,0.125295131083244,0.519649796810355
799,ScoreBoundaryProbe,Train,49.1778826460152,43.6970604134201,39.2728711123551,0.474171179709087,0.647396614562972,0.0828238845321216,0.563783562990446
800,ScoreBoundaryProbe,Train,59.3948464554095,21.6647284506246,38.9337767870449,0.509960100850091,0.538129910498748,0.163535161213299,0.510579911733601
801,HighConfidenceCore,Test,55.9344930055361,35.337831324557,38.5043359897949,0.49325262918662,1,0.137735208950075,0.542352221159507
802,HighConfidenceCore,Train,56.5124494269371,39.8923069864996,39.1073044449271,0.495176869038032,1,0.0862082250288865,0.536774869242529
803,HighConfidenceCore,Train,56.66656269742,39.7120061539215,39.9545091882642,0.498288483155171,1,0.138312097353494,0.535306870012231
804,HighConfidenceCore,Train,56.6015201866304,44.1724810601752,38.5081208021226,0.498944394458332,1,0.0674638207342155,0.535925454641856
805,HighConfidenceCore,Train,57.7869969846925,34.3675955634442,39.5547115882961,0.515768687096847,1,0.0759289586389455,0.524869617590275
806,HighConfidenceCore,Train,57.9423080133504,44.7794383382281,39.5281373576924,0.511112980074169,0.973872243840659,0.131021150008211,0.523454693399021
807,HighConfidenceCore,Train,53.5161399879278,43.8044610625314,39.0615379443547,0.48251836712391,1,0.0616985844672262,0.566144827437378
808,HighConfidenceCore,Train,58.40356430298,38.0826867837918,40.918547434291,0.517334001393719,0.97527854593754,0.0990363303342823,0.519296889993811
809,HighConfidenceCore,Train,57.5323142121877,44.1138591691152,40.4586982726837,0.493145703578192,0.979863712933728,0.08540962404064,0.527206379105432
810,HighConfidenceCore,Train,57.3406565633471,32.2058329718659,38.9470320388872,0.51528711346657,1,0.0862060365961415,0.528978561604029
811,HighConfidenceCore,Test,53.948728546138,37.3795979489987,39.4615656480226,0.494163453850164,1,0.121754561490441,0.561675244156172
812,HighConfidenceCore,Validation,54.1522503246715,39.582294987565,38.6733394645215,0.474853578088854,1,0.11483011385255,0.560300690499699
813,HighConfidenceCore,Train,58.4262041951155,35.8841340516844,40.2220137045774,0.516424227997666,0.955374199156288,0.108311352104239,0.51909450229098
814,HighConfidenceCore,Train,58.6797453923685,38.1788603513658,41.479405321961,0.51074027605336,0.964899899429027,0.0682410836024516,0.516838656354619
815,HighConfidenceCore,Train,55.6370435493276,44.7216135546715,39.8477019335348,0.484980663551902,1,0.106905308786751,0.54526780961061
816,HighConfidenceCore,Train,58.0563388213877,38.2317017016733,38.5295232826504,0.52138856640298,1,0.123458573555383,0.522420662399098
817,HighConfidenceCore,Train,53.2604241132074,33.1271264149194,38.7690035150999,0.477693151204279,0.941627756355121,0.116800960940391,0.569413368546369
818,HighConfidenceCore,Validation,58.4170256637022,43.1975116535295,41.2216138766815,0.514260334780562,0.977532551516103,0.0778770145593826,0.519176534211222
819,HighConfidenceCore,Train,57.7659394604826,44.9037958946828,39.0876025910763,0.48178018151471,1,0.0791169659590112,0.525062042873338
820,HighConfidenceCore,Train,58.402082741419,35.7835617080526,39.0434413793438,0.477568451686512,1,0.116434612007201,0.519310139778053
821,HighConfidenceCore,Train,58.3148847749541,44.9057500492905,40.0825661982841,0.459727091948999,0.963211401384146,0.135758414727001,0.520091147615562
822,HighConfidenceCore,Train,58.8075667425257,39.4026534419023,39.5526320474127,0.513301008082631,1,0.0895030439706277,0.515708759598134
823,HighConfidenceCore,Validation,58.3897595033045,42.2828530988223,38.8632364593566,0.518748166163094,1,0.0600709533591696,0.519420374043049
824,HighConfidenceCore,Train,55.0537278840945,32.8169975525031,39.3153302264837,0.509454954092276,0.946030962388569,0.126397824672601,0.551076920353524
825,HighConfidenceCore,Test,57.8549616591824,39.0639597003857,38.5150142139446,0.476847095438325,1,0.147151081794935,0.524249506787265
826,HighConfidenceCore,Validation,54.8362901269612,38.6980162360024,40.3017823358953,0.476610690438488,0.943183066287832,0.103951497310519,0.552287348202287
827,HighConfidenceCore,Train,55.853096598105,34.9931782633452,39.9680806151287,0.531186868244361,0.900130355582067,0.0769839395170418,0.543146979450284
828,HighConfidenceCore,Test,53.0561010880803,44.7505400609502,38.5702925718263,0.492358198789501,0.960492838510772,0.104118845511113,0.571633602549427
829,HighConfidenceCore,Train,53.0483488268169,42.5585669377608,39.5480784920105,0.490642419516565,0.948619467423331,0.0720520852377371,0.560708620201
830,HighConfidenceCore,Train,56.1651631469405,34.6467924337295,38.5702016922483,0.537637683886631,0.954025331342387,0.111503385404935,0.540112461370312
831,HighConfidenceCore,Train,57.877838181332,41.165046914719,39.599729056362,0.475450228464314,1,0.13124770212072,0.524041108626597
832,HighConfidenceCore,Train,59.3334970401292,43.677735603741,40.0846324423009,0.506049210395355,1,0.0795168561938721,0.511110941065367
833,HighConfidenceCore,Train,55.5076125090973,40.0910070610751,38.7173855055346,0.516690103401769,0.978231989765427,0.110924203018731,0.546546244580428
834,HighConfidenceCore,Train,56.5317429893566,34.5846237829273,39.8794596027644,0.489750074930929,0.943329055132837,0.117545565331575,0.536590650968308
835,HighConfidenceCore,Train,58.58697386338,37.1255804506713,39.1033709538562,0.517286856277509,1,0.0486494573910958,0.517661812489801
836,HighConfidenceCore,Train,58.7487876586743,40.3956240762248,40.431314667052,0.512395465773629,1,0.0967729958821122,0.516227735850921
837,HighConfidenceCore,Test,57.1006816551108,36.7873324171557,40.5594102800284,0.493564680483731,0.903964918940206,0.121634219428615,0.531214288092824
838,HighConfidenceCore,Train,56.0079753455865,44.0397647373774,38.804329868638,0.462731689227614,0.978319631787974,0.109764672980811,0.541636720248874
839,HighConfidenceCore,Test,58.6480239458882,31.0315089991156,38.5527922859017,0.505656834324836,0.914468282504285,0.153018187653621,0.517119825829846
840,HighConfidenceCore,Validation,55.5243349347612,44.6938012458839,39.3089136179416,0.499954859276012,0.976003557907507,0.0832708155730117,0.546380736137424
841,HighConfidenceCore,Train,59.0625289658137,32.1621962694765,39.9557976100548,0.513070556071125,0.954344994124471,0.0817596488885796,0.513469587979482
842,HighConfidenceCore,Test,55.3010486870552,36.2088196338954,39.0378109040509,0.469927362764028,0.923106837366278,0.0987163639750772,0.548598942953505
843,HighConfidenceCore,Train,52.7603605562218,38.2713559788659,39.0546482321759,0.478110995343255,0.967925520015163,0.122988666367131,0.566221807461722
844,HighConfidenceCore,Train,56.4502228610365,44.0235589109604,41.0491669860457,0.489774220724933,0.905513978534802,0.0556686709453268,0.537369877282711
845,HighConfidenceCore,Train,56.6687904537574,38.5822301404069,39.3515739423594,0.532551672464111,0.964105932900474,0.0278681143993684,0.535285708160504
846,HighConfidenceCore,Train,52.6437554062064,37.5019927150281,38.5075048324165,0.5001528863376,1,0.0937203365112219,0.572335141537245
847,HighConfidenceCore,Train,54.2284251804683,37.7957466601254,39.9595296224914,0.50480561159315,0.983349789764356,0.0185947728561025,0.556111400866018
848,HighConfidenceCore,Train,57.0090471377335,44.8130745284378,39.9356072834249,0.523023020421507,0.965984675930919,0.0460984695378586,0.532072967038065
849,HighConfidenceCore,Train,53.1594065412339,32.8830038660674,38.5343511786227,0.511832129394454,0.943184321653102,0.116267347872004,0.570821304350701
850,HighConfidenceCore,Test,56.1138959145128,30.8295935173826,39.785231528236,0.52971246498156,0.945434873155748,0.0995395991944269,0.540608664179575
851,HighConfidenceCore,Train,58.4598331908524,40.4030596153712,38.9716587678583,0.470745770275051,0.971013642914279,0.158250358672135,0.51879416763668
852,HighConfidenceCore,Train,57.1753370561037,44.3795792369005,40.6939243551242,0.526759012484149,0.887162386564682,0.134003699234109,0.53051674988934
853,HighConfidenceCore,Train,59.0983154716732,40.3171921149462,40.1711380051158,0.476664877534189,1,0.0835114683476649,0.513156844007188
854,HighConfidenceCore,Validation,52.4517116360655,32.5855960810702,39.0940646062822,0.502481561522801,0.904670747801806,0.0784783598868693,0.565781401047126
855,HighConfidenceCore,Train,53.682493000479,36.095266398707,38.5607822324456,0.451382986694804,0.91287394005593,0.103048518478293,0.565229944159408
856,HighConfidenceCore,Test,55.4991412006589,44.8942542821887,40.195316005101,0.461101098104042,0.973101596463245,0.121620743361243,0.546630126522352
857,HighConfidenceCore,Test,56.8661731240239,33.125941374426,39.4289108094952,0.477004352200668,0.886363486152197,0.103299054331772,0.53341731673189
858,HighConfidenceCore,Test,55.615641817131,30.3227356867551,38.6259318851692,0.535588528063708,0.945465644154245,0.0606287369851139,0.545478791277817
859,HighConfidenceCore,Train,57.4399224199106,34.6272207172719,41.1736057240275,0.527101820002214,0.862555652179387,0.0845311672929601,0.528059213085328
860,HighConfidenceCore,Train,57.4475567848704,33.8937025157291,40.6645701866209,0.523981749318529,0.895293365123726,0.0658909861787818,0.527988639155384
861,HighConfidenceCore,Train,51.4711059716366,37.9257613471577,39.3015303060431,0.503406036316877,1,0.0912714190029169,0.563463348535832
862,HighConfidenceCore,Validation,58.391806573102,44.4946024089165,38.6106422608372,0.465873560576429,0.914815451249739,0.0941580485556156,0.519402059299388
863,HighConfidenceCore,Train,55.3371537954223,31.0827990781639,38.5667114905125,0.471508706031737,0.908960035280919,0.0629502040545552,0.548239048411691
864,HighConfidenceCore,Train,56.4640506393129,39.1540553449846,41.096577995592,0.497704932404881,0.889932854894582,0.127139747053097,0.537237543261937
865,HighConfidenceCore,Test,56.9078371037863,41.7564015189381,41.4831557910752,0.495026572331235,0.860397812101677,0.115505115901869,0.533024589097772
866,HighConfidenceCore,Validation,56.4904073161864,37.2402218333105,39.5023916098065,0.487208196496982,1,0.0822894542540817,0.536985485133147
867,HighConfidenceCore,Train,55.1701564575298,41.2847007596844,40.6977929356367,0.481771629794546,0.868338825014202,0.0594297899629171,0.547862648763836
868,HighConfidenceCore,Train,58.8095875876322,37.3091898022323,39.7820957821884,0.483774230670223,0.910123011338787,0.132326121053436,0.515690935462623
869,HighConfidenceCore,Validation,52.563261401488,43.0500973363881,38.5652450148519,0.458031367664214,0.92114822216858,0.0510260189323478,0.571689999834058
870,HighConfidenceCore,Validation,54.6545813613968,37.0350209135594,39.890060775716,0.468800919723692,0.916619950232211,0.0457376091220948,0.555123385820047
871,HighConfidenceCore,Test,54.133901193412,39.2516748257452,39.1228879968389,0.510184740301975,0.944513069515206,0.102985799101297,0.56049162590396
872,HighConfidenceCore,Train,55.7380691905247,41.9906784905415,39.6582849042724,0.518290266135356,0.849413109664792,0.109629343590175,0.544274070361691
873,HighConfidenceCore,Train,59.5081625113758,33.3588542283941,39.1601645081631,0.506445938357178,0.941088811758948,0.111720732508677,0.509601947575994
874,HighConfidenceCore,Test,58.5317450370742,41.1320618711428,40.7813406717259,0.492086298143444,0.939589029772347,0.0426265102180814,0.51815309360209
875,HighConfidenceCore,Train,55.3955837685846,40.9850632764732,39.6751915570885,0.472281916706306,1,0.0905276859573433,0.547657614286197
876,HighConfidenceCore,Train,56.8028967115884,30.9514365027143,39.2966925105777,0.530252618602074,1,0.112393805402094,0.534014866598816
877,HighConfidenceCore,Train,54.5573621774567,32.9332348505622,38.9043141481699,0.513990610493146,0.9599326126017,0.13024575346792,0.556117940870762
878,HighConfidenceCore,Train,55.0578001375876,43.0568360996788,40.2003943898083,0.496620819735068,0.937424663225461,0.096037224293247,0.551035939027196
879,HighConfidenceCore,Validation,59.7496067793889,35.6111268223657,40.6897452795708,0.505712298900301,0.896259554500403,0.10529023295712,0.507530556504392
880,HighConfidenceCore,Train,58.5190535058748,44.9471226536925,39.7214818909352,0.480245685909197,1,0.10224975198314,0.518266120562556
881,HighConfidenceCore,Train,58.6707832517213,30.496354256952,39.5320419545746,0.508124270519543,0.905394550148335,0.110698035327511,0.516918063290984
882,HighConfidenceCore,Train,59.9974735197306,44.5312231528929,41.0237545730061,0.49549711173667,1,0.114965599463261,0.505421408610957
883,HighConfidenceCore,Validation,52.0049915970014,37.4521135097538,39.7741400672452,0.503106350924339,0.968414486583261,0.115895910408161,0.558182792544746
884,HighConfidenceCore,Train,56.4540783861522,40.1889439861372,40.2811026578448,0.521364674967791,0.884204286475231,0.0736142646424572,0.537332972780979
885,HighConfidenceCore,Train,56.3994905057694,32.6196170985093,38.9727361661337,0.47865636220707,0.915782905210282,0.061143595101682,0.537855949698333
886,HighConfidenceCore,Train,56.3611723964397,36.77951521838,38.9136918450755,0.522001576897751,0.966635440993214,0.106330619881813,0.538223659888361
887,HighConfidenceCore,Train,58.0308417204237,35.4879194627287,38.7430561623343,0.500940533890868,1,0.114523007400203,0.522651517290748
888,HighConfidenceCore,Train,53.6926570098741,43.480429235171,38.9153161985024,0.447424586582368,0.911705007713286,0.0551177833033398,0.565122378342914
889,HighConfidenceCore,Train,53.1167425154602,40.3735769778168,39.9930403341014,0.472075665925287,0.880384841523867,0.114486575130129,0.555736979507247
890,HighConfidenceCore,Train,52.4391262156857,40.7276071228465,38.7453149182897,0.509001829997148,0.934527932558807,0.0595854976962404,0.569678045605701
891,HighConfidenceCore,Validation,59.1643479822306,35.235301243437,40.3845651010577,0.481802856616032,0.854271074421183,0.0639848532740323,0.512580768491889
892,HighConfidenceCore,Train,59.2793380843052,43.1615312615708,39.2126655095347,0.449327250645222,0.868449645291676,0.0699440541318987,0.511580644551364
893,HighConfidenceCore,Train,58.8092985489484,41.9652760653767,38.5017723606021,0.497392692183163,0.958748025088621,0.107499493260357,0.515693484749028
894,HighConfidenceCore,Train,54.98281222305,41.4900544899996,39.2573971038115,0.466248027229387,0.931936478819487,0.079881042699932,0.551791556973364
895,HighConfidenceCore,Train,56.6326500462041,41.4013449374384,41.4543664744025,0.533683081637202,0.832256758418733,0.118600919532428,0.535629217864838
896,HighConfidenceCore,Train,53.8182600686319,44.9150616873604,38.8605693814674,0.515426477827203,0.878856047424467,0.051303273844439,0.563796473187719
897,HighConfidenceCore,Train,59.4639432316498,44.8084142664578,41.4943214772055,0.496176225950429,0.959460322410143,0.0806685785932601,0.509983134690001
898,HighConfidenceCore,Train,55.4489205176743,35.8061344418179,40.2530518960896,0.498815058058664,0.972372177154275,0.0860689896594453,0.547127932432461
899,HighConfidenceCore,Train,54.0742949620707,34.265278388461,39.7503699386631,0.490650446428994,0.887626842913979,0.121931119475294,0.558448380573597
900,HighConfidenceCore,Train,57.9044295046291,29.9593051905689,40.2327494143282,0.522523698030855,0.827057012555466,0.131955848667974,0.523799076702092
901,HighConfidenceCore,Train,58.014227877159,36.1239748725042,41.200088496889,0.494210403216338,0.976125936847387,0.11743767518656,0.522802050913959
902,HighConfidenceCore,Train,58.8363963166026,38.5571392472599,39.3233656382378,0.486041929720632,1,0.0571941911287046,0.515454594599165
903,HighConfidenceCore,Train,55.888758940978,44.5459403515786,38.5967287166718,0.541113772556514,0.815121029845238,0.0782802269406312,0.54279848574226
904,HighConfidenceCore,Train,55.372053525367,35.3065954296489,39.5030982845313,0.532757785014719,0.833156771773334,0.118975195275508,0.547891615136245
905,HighConfidenceCore,Train,56.360988455361,44.4147681922409,39.4146241455405,0.468599966320992,0.948131679105882,0.118706103315095,0.538225426238927
906,HighConfidenceCore,Train,57.2584209237977,33.9450472086879,38.599694536282,0.457140916306517,0.942866917296814,0.0354610214567229,0.529742599391559
907,HighConfidenceCore,Train,52.7528832277158,31.3275105440449,38.5032677808702,0.455947250287517,0.836123933794567,0.133815691294742,0.572382482895305
908,HighConfidenceCore,Train,59.2826530975721,42.4585231871512,39.3922726185411,0.493049964350957,1,0.105769651801421,0.511551869832716
909,HighConfidenceCore,Train,53.081538226551,36.2347910472097,38.9080156047894,0.508812793176241,0.88179333690628,0.109732642332553,0.567860160840342
910,HighConfidenceCore,Train,56.8347560190291,42.2345812444896,39.233202339783,0.523476295440091,0.927021719080084,0.131345045115949,0.533713837388285
911,HighConfidenceCore,Train,56.6593893070762,40.2708642961783,40.1368907904622,0.466787019693432,0.936283297642151,0.13985371378233,0.535375022622956
912,HighConfidenceCore,Test,56.6732655213476,44.8980837219842,41.0797864957028,0.532926827317151,0.843966181250385,0.153516573026367,0.535243203729099
913,HighConfidenceCore,Train,56.550776527176,37.8135344747805,39.7113057998203,0.518986728832999,0.940658279958622,0.0791659264216559,0.536409038624625
914,HighConfidenceCore,Train,57.1807954498719,31.0294877337879,39.7381885215993,0.489487116771274,0.923033743003946,0.133313222918994,0.530465821173153
915,HighConfidenceCore,Test,54.4802503593891,44.9185408716081,40.5146726992854,0.487445322882265,0.908862340749971,0.12353921385036,0.549908684924185
916,HighConfidenceCore,Validation,56.7124466502374,39.2477372053075,39.1606784318326,0.455162268551099,0.820530709170607,0.0602479860812723,0.534871345740509
917,HighConfidenceCore,Train,51.4425642326354,41.3486511261429,39.3116821288012,0.468678611596028,0.888387799800161,0.112904578720914,0.56334992034859
918,HighConfidenceCore,Train,51.8856304445147,39.3177635563838,38.5825251369176,0.451348329963367,0.822699297409471,0.0911144866223579,0.571496925844496
919,HighConfidenceCore,Train,52.5036514796284,38.2834572753826,39.5549051535898,0.46689078259164,0.922417519290925,0.0707521311621609,0.560632344652628
920,HighConfidenceCore,Train,52.2326379813702,34.5348898703536,39.2514229862697,0.476213518630605,0.839261784969136,0.124667363092908,0.564023206857322
921,HighConfidenceCore,Train,59.4409666086542,43.6940029007917,40.532308617743,0.477003785369834,0.985790231337027,0.0437595474555384,0.510181425881436
922,HighConfidenceCore,Train,59.4295667155123,39.7372967523431,41.1612481780564,0.502881657149348,0.981312384387656,0.108099508363106,0.510279865323969
923,HighConfidenceCore,Train,56.2213377137169,41.2663263431543,38.5455923938556,0.459675983022425,0.931007378942294,0.04652615152717,0.539569800728125
924,HighConfidenceCore,Train,59.1293611501541,33.2929863193737,38.710989871782,0.476947200096849,0.860212948178751,0.0940277297913596,0.512885837537423
925,HighConfidenceCore,Test,56.3591365483421,41.5101642964439,38.7809714317447,0.486192526443482,1,0.0929268552187292,0.538243210385865
926,HighConfidenceCore,Train,56.688045870792,37.4688806685127,38.8078654285274,0.481237957178058,1,0.139235410156735,0.535102866864157
927,HighConfidenceCore,Test,52.2609180303003,44.3916227739535,39.2643653349323,0.508008870728784,0.885566090507076,0.140882751157439,0.563878599609695
928,HighConfidenceCore,Validation,56.3983923788429,44.0876991670562,38.8385509424073,0.517304143697378,0.923624668797587,0.118606343283917,0.537866480645344
929,HighConfidenceCore,Train,51.8242767665541,42.1640907283346,38.8916853277961,0.468754612698675,0.899584751649999,0.10706186281979,0.568042622035798
930,HighConfidenceCore,Train,58.9349896112586,34.3413545643028,39.5060172210432,0.482153505710258,0.927745953022105,0.0807069658744447,0.514587263545944
931,HighConfidenceCore,Train,57.6939524031444,36.3704056866749,40.0461444151359,0.464900325598611,0.821459738080949,0.0801320396521556,0.525720927054003
932,HighConfidenceCore,Train,55.8279985941562,36.8568370906398,38.6032944594584,0.456457330447615,0.946409453773474,0.105665910529549,0.543392504982133
933,HighConfidenceCore,Validation,56.412607663244,30.1992199940037,38.5633216811049,0.498682147816669,0.94904389586653,0.124108424710359,0.537730188933901
934,HighConfidenceCore,Train,56.3201622247932,34.2812651020115,40.3554173348601,0.532073283214542,0.90850992799968,0.0937714158632785,0.538617758099631
935,HighConfidenceCore,Test,55.2457732236239,30.5028674900447,39.6091367822573,0.504025908782575,0.904721341544274,0.13164435216676,0.549150838337005
936,HighConfidenceCore,Train,52.1283679758364,34.1913110119403,39.484604763238,0.507554705247664,0.812841766577017,0.124163647859624,0.561417823874436
937,HighConfidenceCore,Train,57.8160481743063,41.7139468906842,39.8009199309932,0.514068197324981,1,0.138626467297815,0.524604375657693
938,HighConfidenceCore,Test,53.317993315882,44.2615123585084,39.9278356383542,0.510982711585747,0.778037358980541,0.117929093435726,0.556465523593808
939,HighConfidenceCore,Train,58.7518247334297,29.4913800426426,39.1581839016047,0.514904591770379,0.858853846676543,0.103029469213483,0.516200895264165
940,HighConfidenceCore,Validation,53.928257310064,41.3561608207361,40.4289785282416,0.461515374217618,0.888039405618343,0.105777776669772,0.550866161695625
941,HighConfidenceCore,Validation,54.4027817699992,30.4553299711085,38.771748198801,0.493573031913029,0.950182908633159,0.0960353217631073,0.557706622116549
942,HighConfidenceCore,Train,59.8915390047332,44.6594547463075,38.7685272314634,0.506056327282065,0.952304502749586,0.112622857215854,0.50632069048333
943,HighConfidenceCore,Train,59.3733889806933,40.731376674685,39.0858227520139,0.500279784376256,1,0.130275778888597,0.51076551892497
944,HighConfidenceCore,Test,57.1146112449754,44.9293136798928,40.1159042299748,0.488037149083135,0.975572669189099,0.146449741217543,0.531083999436897
945,HighConfidenceCore,Train,54.2021887115573,35.8748490493146,38.6317721261814,0.524803628775696,0.941812099757419,0.113817587394835,0.559781701719284
946,HighConfidenceCore,Train,55.303213884773,44.4842109134617,40.842563459813,0.464050968063366,0.802380150296992,0.142033578237522,0.546245101007676
947,HighConfidenceCore,Train,59.8499687188244,34.6061488849452,41.0649766166582,0.498969218528109,0.876157635675486,0.0729870806247526,0.506674451849892
948,HighConfidenceCore,Train,55.227906621707,36.45750638437,40.7256311663449,0.484740431854804,0.891346144428173,0.134977617182131,0.547551607079945
949,HighConfidenceCore,Train,59.6397628412432,44.1512875132713,40.5613732971243,0.507652843047886,1,0.0194311315696266,0.508470846743631
950,HighConfidenceCore,Train,51.8920672859034,30.6944368874879,38.7205761064794,0.493024871610089,0.951074986999891,0.115261514399747,0.569954456910845
951,HighConfidenceCore,Train,60.2631572783536,43.9092900955512,39.6602665324805,0.501479477123863,1,0.0660042837797646,0.503179917841062
952,HighConfidenceCore,Train,56.597248818751,39.6723749548786,40.6735809858374,0.508589732050089,0.917391818285934,0.117380265874919,0.535966127093688
953,HighConfidenceCore,Test,54.465685680098,42.1605663622336,38.5093121515082,0.496596565295527,0.985630998430461,0.0654619493599152,0.557059046702616
954,HighConfidenceCore,Train,53.8840940156975,38.5771635484189,38.9473656605692,0.450229225044306,0.907905390932235,0.122390450758851,0.563103978497135
955,HighConfidenceCore,Test,59.1539273264195,37.7556621568212,38.7741326698563,0.460039883721232,0.84208325177541,0.164330575560882,0.512671594071425
956,HighConfidenceCore,Validation,52.0437605728116,41.122178684854,39.1362085249322,0.504793620905464,1,0.119293508611564,0.5653105192745
957,HighConfidenceCore,Train,51.974806448994,41.2592800182852,38.5034869370189,0.487443272261625,0.945759174353794,0.0716155819974422,0.572380034223252
958,HighConfidenceCore,Train,54.0361303537914,36.0447602425006,39.3991777646616,0.465614671598377,0.912661909130595,0.142552327064368,0.561511185391715
959,HighConfidenceCore,Train,51.4006021488609,40.2300188415055,39.5775801834377,0.496315681025132,0.884416066558114,0.0996592619733984,0.560378992363824
960,HighConfidenceCore,Train,57.8889796766888,31.7421469671814,39.1677917428552,0.491938889006197,0.956032684609607,0.0625726268265785,0.523939672634852
961,HighConfidenceCore,Train,53.997828847643,38.0198469446596,40.1710472932088,0.533055971666679,0.799966081803906,0.0627877774250244,0.553748074936214
962,HighConfidenceCore,Train,57.3118922310529,33.9221826670072,40.2212555538935,0.488212862527376,0.783301866363474,0.121691335877261,0.529245556943455
963,HighConfidenceCore,Train,55.874308351996,29.705468702925,38.9109540319071,0.517761492947326,0.991219477307583,0.0379254977596868,0.542939643813243
964,HighConfidenceCore,Train,59.3019734597363,44.0850221758709,39.627947808711,0.447969697999009,0.826860994248235,0.132754737379899,0.511384230749269
965,HighConfidenceCore,Train,60.1005703030065,35.2588897737171,39.885684356391,0.503693221139966,1,0.0602232034135564,0.50454926028504
966,HighConfidenceCore,Test,58.3388583605762,35.2517388680197,40.7973348915441,0.483088881521868,0.800660062161969,0.0970167617568227,0.519876190196649
967,HighConfidenceCore,Train,59.688979702028,37.1809695448915,38.8539068607783,0.4926197876297,0.941983300399932,0.113881892238003,0.508049110778544
968,HighConfidenceCore,Test,56.9812247753654,35.3505640835448,39.173872040397,0.50674974407983,1,0.110583130297926,0.532334228427953
969,HighConfidenceCore,Train,57.0594126605417,38.6191958947939,41.2897921934578,0.522450423444202,0.937689477118992,0.0875146205557987,0.531600665826594
970,HighConfidenceCore,Train,59.0798386141602,39.4488529414202,40.0104872235119,0.502399461544061,1,0.0983733727069263,0.513318268897384
971,HighConfidenceCore,Train,60.5019695867152,36.7697587559492,41.4568065576941,0.497347731376328,0.936184615360932,0.0415735700760488,0.501181933387801
972,HighConfidenceCore,Train,56.8518889441906,42.5454186569454,39.8776401752003,0.46393852476396,1,0.0768124626086366,0.533552092929483
973,HighConfidenceCore,Train,53.8440643036526,35.1272149473245,39.8015857889098,0.525288719511061,0.902539640262784,0.0712840831034673,0.557876136436762
974,HighConfidenceCore,Train,51.3092654456926,31.1256418063241,38.5482554686255,0.520278518805164,0.804557939340067,0.164705626463261,0.571879827166196
975,HighConfidenceCore,Train,52.0345491123132,44.4036017050636,39.1142001660314,0.455077287536855,0.894391987988009,0.0861667386697856,0.565556422725907
976,HighConfidenceCore,Train,58.9263119176953,44.8806067712684,39.2263825193204,0.513729077877597,1,0.0929691538054084,0.514663485245881
977,HighConfidenceCore,Train,55.2812418629277,41.0054381363022,39.4645281115753,0.496065045002828,1,0.0479272051506345,0.54879657641621
978,HighConfidenceCore,Test,53.8174843049974,30.9614882360602,39.2021730487538,0.529370379831533,0.859972394604164,0.124275842957769,0.563804643396671
979,HighConfidenceCore,Train,56.3736159928706,36.0412665601357,40.9029338858825,0.528726382700764,0.89265694625764,0.144876754836094,0.538104193207293
980,HighConfidenceCore,Validation,57.8389032789645,29.1735230949551,38.7901976765111,0.493768011833559,0.945292289351085,0.106472923640897,0.52439589222284
981,HighConfidenceCore,Test,57.5894851742655,44.2367006612361,40.6800115428062,0.467984441789882,0.804204591797695,0.0864908089990991,0.526680025923049
982,HighConfidenceCore,Train,51.6731932705468,37.158437874521,38.7395016212765,0.471762572344137,0.856624738085813,0.121890329893156,0.569742998644956
983,HighConfidenceCore,Train,53.2392024118938,29.3062351442669,38.5620783406644,0.516551527074549,0.974283622816905,0.128405405754624,0.569961250696448
984,HighConfidenceCore,Train,54.9769357371439,36.6566740264192,38.84091332874,0.499615339264278,1,0.066589896672512,0.551850858655454
985,HighConfidenceCore,Train,56.1673354950625,41.3707438020629,39.9906124506514,0.534929723939362,0.863310659487978,0.125791924269892,0.540091455756905
986,HighConfidenceCore,Test,53.354397982338,40.5673082990413,39.8453509089502,0.515842807377173,0.823730939812692,0.0793929222100173,0.557387140682121
987,HighConfidenceCore,Train,51.7195283765767,44.7988552123871,38.5104594415357,0.429108672147901,0.715223993004979,0.140621564406991,0.572302129144852
988,HighConfidenceCore,Train,56.5741223422027,40.0505564446575,38.5120022939307,0.536022809711239,0.888049300974506,0.0833504004373876,0.536186446684739
989,HighConfidenceCore,Test,53.5777058934139,34.1839181379033,39.0594738712415,0.458819178986621,0.800635838673396,0.0886248192418497,0.566167889706799
990,HighConfidenceCore,Train,51.9047360503726,44.6473059263316,38.8802859741718,0.49003001941074,0.940050186469513,0.0694159781839636,0.568169989115399
991,HighConfidenceCore,Train,53.8107412022223,42.3315098817488,39.2773193856129,0.519221663230308,0.836531007803387,0.0851830668744488,0.563733861613264
992,HighConfidenceCore,Train,59.0538893756973,32.725511818823,40.3054689815906,0.509075562371244,0.85153154736401,0.0958483005825077,0.513545147533559
993,HighConfidenceCore,Train,55.4597444834647,41.1750138709074,38.9503970569945,0.454242109873713,0.915582993669012,0.0764407538438975,0.547020565080222
994,HighConfidenceCore,Validation,59.366503723462,44.2764980962502,38.9031532202365,0.461455195474015,1,0.111793280432196,0.510825104845186
995,HighConfidenceCore,Train,57.6520259542413,41.1480685761746,40.9509725237923,0.523692227038024,0.979292356791209,0.0250125770126244,0.526105430296781
996,HighConfidenceCore,Train,59.353686535834,37.9423532475891,39.5389628580771,0.463489078133951,0.822979089492888,0.124526595904232,0.510936063290418
997,HighConfidenceCore,Train,58.4634621010753,38.729216164651,41.4614128013811,0.480962995755135,0.864634226125355,0.105800127556305,0.518761779130747
998,HighConfidenceCore,Train,58.3243593778021,44.4609912309291,40.8916151446532,0.507403165030279,1,0.120930369343641,0.520006173156694
999,HighConfidenceCore,Train,55.5179276844123,33.5024230363042,38.7893164376953,0.45247530947598,0.817796105718984,0.129744283234151,0.546444139439026
1000,HighConfidenceCore,Train,60.202598458588,39.2266529156032,40.8427845926728,0.488879506938344,0.918478261430833,0.0870457417544898,0.503689092846765
1001,HighConfidenceCore,Train,57.0573294759582,43.5857810753552,40.2431887223736,0.515855381719226,0.942426352372869,0.0815180800974206,0.531620184298201
1002,HighConfidenceCore,Validation,54.3532610537986,44.6973111327683,39.346746099355,0.466665630926999,0.91722328198828,0.119231605940539,0.558217476349897
1003,HighConfidenceCore,Train,58.8155596704733,38.8377051253776,40.5436074438334,0.485656675886536,0.931739347940133,0.126433604035366,0.515638268017939
1004,HighConfidenceCore,Test,57.9111779291543,35.1607114408883,39.8824028581838,0.517530877609184,0.970115015856352,0.12014860478234,0.523737688487654
1005,HighConfidenceCore,Train,55.5481475420274,34.1362515320129,39.0289068965815,0.536805677923318,0.905112243348241,0.13485294035948,0.546145225354651
1006,HighConfidenceCore,Train,57.1979020534959,43.4248781958652,40.3535871333517,0.462070000230957,0.844447735215029,0.136957275813083,0.530306273566997
1007,HighConfidenceCore,Validation,57.6292905369288,38.5977001639419,38.832393719322,0.506114640863279,1,0.0788695984154019,0.526314168468777
1008,HighConfidenceCore,Test,58.2356265932253,30.345868888997,40.5797431334151,0.514485519290571,0.804138959140849,0.0661460553314873,0.520803070121832
1009,HighConfidenceCore,Test,56.5035832681295,29.289612796279,39.3721881682666,0.502647426876006,0.951941928300987,0.0676431400490068,0.536859567051663
1010,HighConfidenceCore,Train,51.0792463177149,44.6385665908889,39.3046343213032,0.481784853389194,0.88595811570794,0.127336467145239,0.563428666801082
1011,HighConfidenceCore,Validation,57.8870850766762,37.0061070732446,38.5044504532786,0.452250421078887,0.899068215385904,0.0871560729933791,0.523956918967244
1012,HighConfidenceCore,Train,58.5274741690129,42.5170739187941,39.9461374052787,0.483668326946961,1,0.122535553222723,0.518191123196466
1013,HighConfidenceCore,Train,53.4161857807316,40.7492343055287,39.2511599140199,0.482926658185064,1,0.087245720876393,0.564026146212069
1014,HighConfidenceCore,Train,53.5103507248971,38.2278955772178,40.4052958460666,0.502949683902557,0.813635603013223,0.114323827020106,0.551130772669647
1015,HighConfidenceCore,Train,59.614616594623,42.3726311492128,41.2483623386718,0.485193728826273,0.91066473639224,0.0692825827356024,0.508686592021986
1016,HighConfidenceCore,Train,59.4695605441492,34.0454019449384,39.2093257359277,0.464307988661629,0.94595998196242,0.0897966422876644,0.509934679874662
1017,HighConfidenceCore,Train,57.1621650157047,44.6911795334222,41.3143790971334,0.473092440842018,0.80919416078365,0.0839781523308298,0.530639689672695
1018,HighConfidenceCore,Train,54.5559615127134,32.1955438595952,39.0989037763497,0.483097133020237,0.902838204845736,0.0924291534226685,0.556132295613404
1019,HighConfidenceCore,Train,55.1818909071645,40.7345054624126,40.0046746008258,0.44939706832672,0.805085637164066,0.094366102980129,0.549790045765531
1020,HighConfidenceCore,Validation,60.5377109274441,38.3794054377283,39.1479759315333,0.485046535247951,0.952440402479333,0.0706183287073959,0.500884265405407
1021,HighConfidenceCore,Train,54.4356591942265,44.8585442761346,38.588510579955,0.471778875053402,0.981545872075398,0.0856931717672488,0.557367972970837
1022,HighConfidenceCore,Train,56.4470407171551,29.537841034793,38.8350258808004,0.469215769153503,0.837514981831413,0.0510052644950632,0.537400340078933
1023,HighConfidenceCore,Train,53.891538648415,38.6727826032023,39.4279224329174,0.525214517334124,0.844787098805588,0.0719899041396789,0.562051146000922
1024,HighConfidenceCore,Train,54.3448545408878,40.7256100095066,40.2691238757356,0.517781417443248,0.84300769318461,0.107782930683906,0.552652247198485
1025,HighConfidenceCore,Train,55.5636781468615,44.0813556586178,38.9364116927515,0.488033327682987,1,0.137926018790376,0.545991733761294
1026,HighConfidenceCore,Test,51.0386138361561,34.716975490941,38.8556675333387,0.488260495800497,0.938173776385358,0.0891532127017768,0.568445055493423
1027,HighConfidenceCore,Validation,50.1315014505601,28.8631011485337,38.5100848808698,0.503072630863523,0.854953351765065,0.124247845492748,0.572306314180226
1028,HighConfidenceCore,Train,57.6129432922389,42.0724897838291,39.3782486259816,0.45273345945015,0.822361366961016,0.103806401756679,0.526464357432147
1029,HighConfidenceCore,Train,56.1845954971277,37.2367430099957,41.1326168196279,0.472900491493807,0.836961292089797,0.0858569051161293,0.539924617149899
1030,HighConfidenceCore,Train,54.2130142691495,30.137566743713,38.8720751308729,0.535915647721816,0.860022797210928,0.125704230509401,0.55966932232467
1031,HighConfidenceCore,Validation,57.3794325679238,41.8672409940722,39.1886931295918,0.477717786041126,1,0.101313250704751,0.528619059911239
1032,HighConfidenceCore,Train,54.7183166866666,37.2021475047779,40.4272286017433,0.452645131482212,0.882340432540361,0.0521315558973468,0.550885713947002
1033,HighConfidenceCore,Validation,51.4985408796271,32.2084682609773,38.9304039421916,0.469414396537718,0.85162516144989,0.0921857557232188,0.567610011819088
1034,HighConfidenceCore,Train,54.7478850520495,44.5572525652328,41.4607969218022,0.474808423553487,0.749545850767082,0.167977612378773,0.53933746456087
1035,HighConfidenceCore,Train,59.3667909648926,36.5301405729799,39.4275430478642,0.504749659453427,1,0.102069980530124,0.510822618743853
1036,HighConfidenceCore,Test,58.3795699073765,33.3000094150297,39.8928770256586,0.486067184924037,0.874628299278888,0.120711904093616,0.519511557525978
1037,HighConfidenceCore,Train,57.5637286979433,38.3269706109269,40.2127649029463,0.495488461530566,0.944693079628574,0.090688664071087,0.526917027440404
1038,HighConfidenceCore,Train,59.5275300864122,42.5467469561614,40.0687147075581,0.448659062742966,0.876929540844243,0.111971553517587,0.509435170008219
1039,HighConfidenceCore,Validation,59.2724087882518,38.5486916048009,39.1629817485063,0.454884845509139,0.761598756761128,0.112063418737016,0.511640802080007
1040,HighConfidenceCore,Train,54.8688472063917,33.6117414935524,40.0624677106183,0.488234158171572,0.946061559881407,0.0982428912561253,0.552943883516593
1041,HighConfidenceCore,Train,52.9317611643069,43.3271614879044,39.8897740982809,0.481459168676089,0.899102353794776,0.0842389337937599,0.556890792197979
1042,HighConfidenceCore,Train,59.481444304982,44.7257737474221,39.2872472455943,0.474904573739151,0.955473479071351,0.126265406861191,0.509832200973389
1043,HighConfidenceCore,Train,55.2100948156356,43.4923338688786,40.8596499721816,0.512196065011967,0.845799242132573,0.0999038731684368,0.546054190254954
1044,HighConfidenceCore,Train,56.1465653454618,35.2869468070204,41.0477626186775,0.502248771283425,0.899397474007303,0.152719309983503,0.540292360134823
1045,HighConfidenceCore,Train,58.1579364226473,44.7846179326327,38.6598487258151,0.514168466743564,1,0.0945386458978518,0.52150279147321
1046,HighConfidenceCore,Test,57.3633120345615,30.101788654653,39.9380015278681,0.511656961007598,0.876647834657021,0.131836526819565,0.528768458237232
1047,HighConfidenceCore,Validation,56.8663568916792,41.0676099897991,38.8986730509641,0.53287718299987,0.942615324134398,0.127402137942371,0.533415583261382
1048,HighConfidenceCore,Train,56.3941787547533,39.5675662507235,40.4354357433573,0.489676496047184,0.968489661793411,0.111589666597147,0.537906892760255
1049,HighConfidenceCore,Train,59.4777217741272,39.2922270668641,38.6562810075552,0.508198407017978,0.944757346530217,0.091784372502141,0.509864297590989
1050,HighConfidenceCore,Train,54.0528075880803,35.5007341326368,39.1605174678012,0.520635550796368,0.909009489992487,0.0948610683848329,0.561337013397371
1051,HighConfidenceCore,Train,56.6866149247341,37.3681173695892,40.456078990573,0.530084290468666,0.882726411856499,0.122249795568245,0.535116450250237
1052,HighConfidenceCore,Train,60.6231959683668,41.4530627656815,40.0660704064663,0.498505946995188,1,0.123300237904448,0.500173735939573
1053,HighConfidenceCore,Validation,53.5528717265616,33.3765211238954,39.3636018292717,0.492776863293703,0.96332718838049,0.0703870744834491,0.562769811963445
1054,HighConfidenceCore,Test,60.3059666532195,39.6972905792239,40.4103129421856,0.464961904651139,0.930929873300402,0.140541296732784,0.502820596084774
1055,HighConfidenceCore,Train,56.5940167950609,43.051198140207,39.5796545541416,0.49591305051864,1,0.106612511096352,0.535996906872003
1056,HighConfidenceCore,Test,54.893099893435,37.9682514133053,39.8514856580286,0.534299687355366,0.813208427484581,0.0549685221097954,0.552698258236791
1057,HighConfidenceCore,Train,58.8890291704151,35.9900900271758,38.5272339168113,0.4844944727264,0.946912854883115,0.103190549315095,0.51499121890304
1058,HighConfidenceCore,Train,56.1244643757585,44.9041039019108,39.6139092604301,0.531276042796559,0.803821735392483,0.0701989308252242,0.540506300492649
1059,HighConfidenceCore,Train,53.6771829662927,43.2141087838384,40.0974535134018,0.4598515577195,0.851101952699317,0.0968804545447799,0.554570351805566
1060,HighConfidenceCore,Test,54.4564779118694,39.0683567704587,38.5340652901566,0.448840778167476,0.918605626449712,0.0540355437275568,0.557153744231617
1061,HighConfidenceCore,Train,53.916061729401,39.071076752006,40.6536798304719,0.468476384466828,0.870893632176503,0.0960735895128425,0.548355532620425
1062,HighConfidenceCore,Train,59.6698718027445,29.0981307958828,39.8075285143115,0.507272115564476,0.835601287884287,0.124156270368152,0.508212762461424
1063,HighConfidenceCore,Train,55.0651508735835,38.3115824626764,38.6395503450048,0.54391441305693,0.78804038433509,0.102667731559496,0.550961979874167
1064,HighConfidenceCore,Train,60.8787662512745,39.9144060813386,39.6278455263785,0.496331519527271,0.946652430478178,0.0606703667468745,0.498061402494525
1065,HighConfidenceCore,Test,59.5126525996885,42.035412895549,38.8215024476088,0.489206454547473,0.947030016052046,0.124940093242589,0.509563272976337
1066,HighConfidenceCore,Train,54.9180242966852,32.882742614187,39.8099162260214,0.543419972236775,0.874966692788676,0.0912759497346371,0.552446056019921
1067,HighConfidenceCore,Train,53.7033040698066,34.9533827266844,38.5034073013404,0.476582393229362,1,0.11668861066154,0.565009744062473
1068,HighConfidenceCore,Train,57.241127958622,35.5317303265558,39.1113263438924,0.450821615686607,0.744490060093123,0.109243210088296,0.529903544843674
1069,HighConfidenceCore,Train,56.0685566927248,34.7675490273238,40.1797082117091,0.46746277358379,0.817814291778821,0.0895789995984259,0.541048247347841
1070,HighConfidenceCore,Validation,55.1970224432172,32.1738189449736,39.4475249667377,0.535983503478259,0.915688336662058,0.080163755910957,0.549638505661793
1071,HighConfidenceCore,Test,57.5912992029913,41.7213825234169,41.1712675669417,0.485929974213682,0.863133560928198,0.11381008749825,0.526663341896194
1072,HighConfidenceCore,Validation,60.1323642997364,44.9805673398871,41.3166995812581,0.469196141980505,0.762468803388699,0.145036966794821,0.504280901977336
1073,HighConfidenceCore,Validation,57.1535104021433,39.9201350442142,39.438391854589,0.505497161625126,0.980862366411163,0.0776819114111234,0.53072049740021
1074,HighConfidenceCore,Train,53.8049054442169,29.7069639095565,38.7757881704649,0.464774791946139,0.792205093288968,0.110190669450894,0.563937154673109
1075,HighConfidenceCore,Train,57.5373563617235,42.4326431431722,40.1321996194643,0.443162223949622,0.844719949626351,0.132139204283435,0.527159915728987
1076,HighConfidenceCore,Test,55.103813065397,36.3011538318198,39.6914894647193,0.507076909341868,0.963305916837155,0.10297607088467,0.550573306511438
1077,HighConfidenceCore,Train,55.6924742795058,38.3828468575221,39.3895677192774,0.465726755358661,0.898094396542221,0.071636510950418,0.544722118556064
1078,HighConfidenceCore,Test,60.2287676392225,44.712563406465,39.9408513418797,0.479490070843508,1,0.100609229552624,0.503468938277512
1079,HighConfidenceCore,Train,58.4945920041597,34.3956753611426,38.501439941424,0.514128114595103,0.9777285047839,0.144325988852983,0.518484105707256
1080,HighConfidenceCore,Test,55.5366784083688,37.5724001225345,39.2475061724353,0.506608391652541,0.961041154641704,0.0803903699199829,0.546258631848666
1081,HighConfidenceCore,Test,52.8092728463806,29.9874752667991,38.8625510830102,0.517591858373115,0.966489584638576,0.165536926393773,0.568368144323908
1082,HighConfidenceCore,Train,51.7911569641359,34.8420563512667,38.5593402536996,0.482399484014205,0.925896139209365,0.0681995576199653,0.571755974818999
1083,HighConfidenceCore,Train,56.4603520953305,32.4347332568582,38.6300394556387,0.519523489874007,0.978939249695125,0.0731279525325608,0.537272932561517
1084,HighConfidenceCore,Train,59.5089227026678,41.2008607213989,39.4970541681534,0.463569766827893,0.88649880575084,0.112145883256341,0.509595399389284
1085,HighConfidenceCore,Train,54.961586282552,42.5117486095071,41.071829681358,0.537971265202391,0.706515684001172,0.157430545753699,0.543683467247396
1086,HighConfidenceCore,Train,55.6869698324913,43.3241158902239,40.3050424666446,0.437704237670977,0.776892313234818,0.126518904375824,0.544776258822437
1087,HighConfidenceCore,Train,54.4882219683546,44.3535877323749,39.5823082411304,0.498137643004221,0.954811039578607,0.0753598100514046,0.556827406695633
1088,HighConfidenceCore,Validation,55.5331976618332,41.565293769359,41.2569736671992,0.491674280577826,0.8145482662083,0.12726302918067,0.541614819360902
1089,HighConfidenceCore,Train,59.8069632152931,29.3023753015801,38.8793768308687,0.501691696163588,0.736384022364083,0.114999886659775,0.507040944399596
1090,HighConfidenceCore,Train,56.8402644232241,38.1216823681758,40.3697698160277,0.459332962147835,0.860182028690241,0.116697335303533,0.533661824316505
1091,HighConfidenceCore,Test,54.95458285037,41.9536772252804,39.0246962747099,0.521400322723649,0.867818686139577,0.1407112776073,0.552076545354845
1092,HighConfidenceCore,Train,56.3703042977483,31.9686674200558,40.0630989022595,0.537000696688884,0.927496641811422,0.125818604911874,0.538135982500249
1093,HighConfidenceCore,Train,50.7827503041729,35.2731068244469,39.1558735315487,0.514891655513229,0.857370501885357,0.043826954424878,0.565090798530182
1094,HighConfidenceCore,Train,52.5777670727096,33.3549893072592,38.843048403987,0.519383249267157,0.768317947717924,0.127886463465656,0.5685860513521
1095,HighConfidenceCore,Train,55.2432375990995,42.3217366832738,39.9477462940394,0.511202908546844,0.93707955435191,0.133772365097953,0.549176181659875
1096,HighConfidenceCore,Train,55.4458215386278,32.9518317717516,39.8214694433189,0.5121740409977,0.910290506849969,0.140863667748066,0.547158680194657
1097,HighConfidenceCore,Test,57.4413971895722,33.8173653749599,38.5481394023101,0.484620596570563,0.941834935081172,0.103686696852467,0.528045578493304
1098,HighConfidenceCore,Train,51.67622088765,44.0925974120885,38.6155887127552,0.518649265345741,0.753421599814768,0.113766591239927,0.571127500416143
1099,HighConfidenceCore,Train,52.745771848648,36.2962653468007,40.0521919771738,0.513387459585758,0.862847519718467,0.0999510666552958,0.555076067294147
1100,HighConfidenceCore,Train,60.2654085735607,38.5250851815771,41.2947963164437,0.478909483759533,0.825760694873691,0.0865860482926651,0.503161008810991
1101,HighConfidenceCore,Validation,53.8087793679201,39.0364687360585,38.823794083812,0.498546841083384,1,0.118949443927822,0.563896338447439
1102,HighConfidenceCore,Train,59.683323802415,34.2704997866804,38.8203701068601,0.505102498942847,0.918590045303635,0.11056997741823,0.508097540428298
1103,HighConfidenceCore,Train,55.7790353879353,34.331933802719,39.865227644592,0.456865673899642,0.777397095868259,0.0777960663346918,0.543872131937187
1104,HighConfidenceCore,Train,60.2008416954414,42.1327888384682,40.352994417008,0.503269754134971,1,0.110702223719876,0.503703878897923
1105,HighConfidenceCore,Validation,56.333638506394,44.2593583548123,38.520541541226,0.472377607662339,0.969481792206594,0.06581989290382,0.538488190870854
1106,HighConfidenceCore,Train,56.6775681980185,38.7513635423417,39.6945666593978,0.46886194061325,0.940918610240944,0.127489440246457,0.535202343005014
1107,HighConfidenceCore,Train,52.4879117250293,41.4406311937002,39.634504087391,0.461478942684,0.878176604442074,0.0508498360286865,0.559742971090604
1108,HighConfidenceCore,Train,54.6810699267955,33.701864976999,38.6578331945519,0.496705683171812,0.974890736602783,0.129897596706805,0.554853020082405
1109,HighConfidenceCore,Test,58.3857163500856,33.5779502330007,40.8725666253467,0.508356983762665,0.846215188625112,0.115316175620344,0.519456551138218
1110,HighConfidenceCore,Train,58.5034527869566,37.5171507934356,40.5432071089054,0.50988007383254,0.955176692762343,0.0861721646978702,0.518405123063111
1111,HighConfidenceCore,Train,56.8501054449896,37.1614953864683,41.417244049745,0.492556219777534,0.948514630281895,0.123693721215881,0.533568925619969
1112,HighConfidenceCore,Train,57.8054282731497,28.2235623807203,38.5140531747815,0.516498330449299,0.974233062835675,0.133819799209736,0.52470130611019
1113,HighConfidenceCore,Train,53.3632406459764,37.0806114195841,40.1188696614122,0.46677785695163,0.87646506446956,0.0855657801777909,0.554331065235618
1114,HighConfidenceCore,Train,52.4265692201454,34.3279174560381,39.9040550845578,0.484255942448912,0.839391693830515,0.0528644215453388,0.5567312281055
1115,HighConfidenceCore,Validation,55.8106789840378,41.5121173192963,40.4082383551734,0.468499102350615,0.881692664741817,0.113077706697803,0.543562065814042
1116,HighConfidenceCore,Validation,54.8557746614307,44.5818309068251,39.0545454430667,0.465410629280667,1,0.126161291372026,0.553076369138352
1117,HighConfidenceCore,Train,57.7752444714212,42.0694638477544,38.9413925413442,0.494016569795021,1,0.0998713550781708,0.52497699566791
1118,HighConfidenceCore,Train,57.5922867924162,42.6864582857291,39.001471796064,0.444820655953133,0.776304545582957,0.111474044108649,0.5266542592578
1119,HighConfidenceCore,Train,60.7717033480415,42.0192125091328,40.0477910848872,0.47030983157169,0.939656055130914,0.0981548017963872,0.498944133856223
1120,HighConfidenceCore,Test,50.8902760281243,33.8316831595475,38.6331509965457,0.505329357891668,0.89477748792208,0.100366700364427,0.570931273781613
1121,HighConfidenceCore,Test,55.3002864026423,43.844082842094,39.2575903116527,0.532050429328218,0.798293610202591,0.116878674011279,0.548606546445345
1122,HighConfidenceCore,Test,57.916263965045,39.5950864790662,38.900369667876,0.445739660741484,0.772754222956849,0.116319790542393,0.523691431933705
1123,HighConfidenceCore,Validation,55.011428619881,39.3149901680658,38.9532704876034,0.473861258602209,1,0.0606857646318431,0.551502959935418
1124,HighConfidenceCore,Train,52.9964945114998,36.6269306550529,39.5595450092497,0.515781852088362,0.959339987769029,0.136385740156231,0.560580502689947
1125,HighConfidenceCore,Train,58.1306432356091,44.477215782898,39.47773569784,0.464080350925397,0.975706595170005,0.1131477740083,0.521749053203563
1126,HighConfidenceCore,Train,54.2324974337943,41.2030811218099,40.4688155369273,0.492948767361313,0.947666409129617,0.0477583505338541,0.550421055453326
1127,HighConfidenceCore,Train,54.829007900017,42.7474457942298,38.5374281854383,0.526019798209827,0.867228817438789,0.0752527359941369,0.553347837911373
1128,HighConfidenceCore,Train,56.3689600986253,44.6379199628208,40.6765784253938,0.50013486531756,0.929099131408603,0.130761174786374,0.538148886667929
1129,HighConfidenceCore,Train,60.1147008759984,31.8198372014806,40.8967482449262,0.497806260246208,0.76035878941547,0.116063881758966,0.504429955659634
1130,HighConfidenceCore,Test,59.4564977039315,44.9049125127231,40.2637604115984,0.443767089504569,0.864417921852288,0.0787023621369648,0.510047373760513
1131,HighConfidenceCore,Train,56.3396143307919,41.9602444576727,41.1483884115574,0.519451352677808,0.88227486787228,0.101209283321347,0.538430756357313
1132,HighConfidenceCore,Train,55.5631341517223,29.354453738107,39.553581657736,0.539159342571436,0.882051783576473,0.0766384881775631,0.545997108707096
1133,HighConfidenceCore,Train,52.3393373101166,28.9710727941302,39.1193957294851,0.474075165828145,0.68930014457543,0.134557649949462,0.565498371737597
1134,HighConfidenceCore,Validation,56.6520085559063,40.7150377679673,41.0223872628799,0.463613432290102,0.655494488713826,0.12021959453471,0.535445163332515
1135,HighConfidenceCore,Test,57.8335543274757,44.938963174119,40.4719037649592,0.442267360530321,0.807090877024517,0.0543670467055883,0.524444670394537
1136,HighConfidenceCore,Validation,56.7439485075847,36.4107118116612,39.1711946826685,0.480518058154566,0.979941929169766,0.081499182643829,0.534572742156332
1137,HighConfidenceCore,Validation,58.3770154863938,40.4314021875425,39.7587213765974,0.452875756620769,0.803147552439964,0.152394037288558,0.519534421224561
1138,HighConfidenceCore,Train,56.3456616354066,37.7812873327852,40.0987574057266,0.51787654048571,0.926931839734919,0.0988460526433401,0.538372647239124
1139,HighConfidenceCore,Train,59.3307657105696,29.9485201559929,39.2753353210054,0.489151430053429,0.742738523353904,0.115956720264483,0.511134608489736
1140,HighConfidenceCore,Train,59.9996581420245,42.2191400275376,39.1490208078694,0.473278401763024,1,0.0996380050496918,0.505402896693083
1141,HighConfidenceCore,Validation,51.6866466236802,38.5992087286872,38.9777455604202,0.457637395935513,0.889290968481036,0.0346863719696899,0.567081055190836
1142,HighConfidenceCore,Train,55.2904841440716,29.2089767189785,40.009605607947,0.532922424964286,0.848430997828548,0.074003708556437,0.548704338860826
1143,HighConfidenceCore,Train,51.0843646375991,42.8911244340353,38.9198645693155,0.441501792816024,0.770192241758194,0.0608784073893922,0.567727770175245
1144,HighConfidenceCore,Train,53.1738708962156,39.2489363498778,39.6462675756949,0.488906296626843,1,0.0960680825560944,0.559611535467096
1145,HighConfidenceCore,Test,55.1069982695298,30.0457737588522,39.1832099896162,0.512809884620807,0.954619200962741,0.101752195721639,0.550541309777102
1146,HighConfidenceCore,Train,51.0722980410741,32.7961539078746,38.5109297110317,0.463684033671081,0.843984193493529,0.0946695490377052,0.572296874737076
1147,HighConfidenceCore,Validation,53.1218563414063,37.1771104460177,39.192903392658,0.498328483813939,1,0.115942805023166,0.564677057065274
1148,HighConfidenceCore,Train,59.910572659982,41.8455973770224,38.5469524499251,0.470230539572662,0.819865494088661,0.114904966193063,0.506158878736199
1149,HighConfidenceCore,Test,56.0560484103059,34.9083967019828,39.6376373320137,0.47472142052085,0.883060229522956,0.117938395672158,0.541169645650438
1150,HighConfidenceCore,Train,56.7140160481148,32.1234898444781,40.9898282094365,0.509751690394784,0.697807853535559,0.143788405783312,0.534856461692312
1151,HighConfidenceCore,Train,53.367870371099,33.108721131662,39.4910966148934,0.52531369634748,0.83508602249187,0.107914949312066,0.561345289219068
1152,HighConfidenceCore,Train,53.2398637982615,36.3840958990604,38.7442281919986,0.482929153957954,0.973974936120681,0.0855109766185062,0.569690187798899
1153,HighConfidenceCore,Validation,60.0911844841021,44.9906816189352,39.0641917950232,0.436098858625125,0.820661244635435,0.0901275761710954,0.504628535897312
1154,HighConfidenceCore,Train,58.6959252345761,31.8332687245811,38.845007153496,0.499457859328689,0.93369854873308,0.0637636185207103,0.516695360079799
1155,HighConfidenceCore,Train,50.7602030993715,43.1369710989645,38.5887100346373,0.495504362641372,0.915917654281992,0.101865275751652,0.571427820842041
1156,HighConfidenceCore,Train,56.953821084964,33.3957813011582,40.1326203229548,0.512199005331938,0.944614362119292,0.112180829923065,0.532591807869993
1157,HighConfidenceCore,Train,57.0765216389638,29.4933612290371,39.496269861197,0.47889340073392,0.807296586352525,0.135159727224402,0.531440416550826
1158,HighConfidenceCore,Validation,54.8594826084031,34.6104185400111,40.220945559201,0.544689839355273,0.76309800102594,0.12447848093229,0.553038783991877
1159,HighConfidenceCore,Train,54.6757363772876,39.2536341930308,40.0004009672903,0.483219328156107,0.97439622758613,0.0779196772308681,0.55490743794484
1160,HighConfidenceCore,Train,55.8208602131978,28.3114636072252,39.8158753022474,0.513889017104301,0.918481029839481,0.0970878549220205,0.543462377747233
1161,HighConfidenceCore,Validation,57.6655119369496,37.4657547624713,39.4222461901894,0.458940813988134,0.850542741424063,0.0727848229070643,0.525981690708868
1162,HighConfidenceCore,Test,51.5859205103982,30.2265220615831,39.1802938693375,0.495143087073543,0.926747642666202,0.108990959423401,0.564817945593994
1163,HighConfidenceCore,Train,57.4026324342588,43.9258865236467,39.0844074081496,0.508680783919548,1,0.0665163528507184,0.528404200581483
1164,HighConfidenceCore,Train,55.061843590527,37.5138677649002,39.9426454892966,0.441042362446547,0.786675475604959,0.0517159690495435,0.5509952535343
1165,HighConfidenceCore,Train,57.6970500493471,44.3101481182994,39.7415793023845,0.452049085201735,1,0.0698442799904527,0.525692541020911
1166,HighConfidenceCore,Train,59.9368405584762,39.8266529276015,39.8559309061945,0.482155176961961,0.908133034463688,0.113196160849576,0.505935734946512
1167,HighConfidenceCore,Train,57.8266728740824,35.5171062787694,41.4478905620439,0.513576765374655,0.867260545005998,0.123891595636185,0.524507437033814
1168,HighConfidenceCore,Validation,59.9786556423877,34.0236390327906,39.616521720617,0.503752173389207,0.975408455763949,0.153922552073761,0.505580922217977
1169,HighConfidenceCore,Train,55.5286809788096,32.8515465086347,38.5147283324575,0.441284731108681,0.802471187088088,0.134315195305127,0.546337737945562
1170,HighConfidenceCore,Train,53.3806667901699,39.3540502522204,38.5641243781557,0.520941305477521,0.820782344560754,0.135717159664053,0.56844284315342
1171,HighConfidenceCore,Test,57.5832241167383,41.1083421963654,38.7374382199829,0.463848965759404,0.979753473667422,0.0820756109652942,0.526737618341053
1172,HighConfidenceCore,Train,59.9668161576607,34.083634879656,40.6992077907925,0.482664227769198,0.808665351130945,0.10511415960248,0.505681333352782
1173,HighConfidenceCore,Train,59.614431044461,37.6556185196835,40.0911687729344,0.468395685900124,0.841452099082006,0.0980734986015388,0.50868818464861
1174,HighConfidenceCore,Train,52.5402248231241,41.1050348717805,38.7932157749419,0.443930417994444,0.804345949660807,0.115568889821355,0.569142840503442
1175,HighConfidenceCore,Validation,56.3342965915863,31.6660224779317,38.9328289541851,0.535877108152295,0.974732375895051,0.0540621110409375,0.538481865321735
1176,HighConfidenceCore,Train,57.9204332753765,30.2720665797646,39.0392444500552,0.471179455723423,0.802463561261873,0.0917826010268486,0.523653518888092
1177,HighConfidenceCore,Validation,55.0122867304204,38.2181505199613,39.6591767631875,0.453656624508144,0.860510622964757,0.108682471606033,0.551494310507039
1178,HighConfidenceCore,Validation,50.8021458159407,29.4327210090324,38.5520456282724,0.475774335945127,0.884471176348095,0.0654587035991408,0.571837479013716
1179,HighConfidenceCore,Train,50.0617384101297,38.1951151650598,39.1107301369641,0.487968142137672,0.883590562009877,0.0979586349647921,0.565595194000401
1180,HighConfidenceCore,Train,55.3288711150528,39.4210468170032,39.7995475811351,0.508301217915252,0.965776588694365,0.106877261849425,0.548321568382787
1181,HighConfidenceCore,Train,55.3654586719255,38.54527572487,38.6024640280139,0.489625046336556,1,0.142566316486297,0.547957234559458
1182,HighConfidenceCore,Train,57.7760060302976,30.8285704406803,38.5061183735882,0.483187742216294,0.882842036613504,0.164934616459354,0.524970036281216
1183,HighConfidenceCore,Train,53.7753833363556,29.2533715018803,38.5525529348477,0.541921930209871,0.861510428784873,0.168461067774584,0.564248397081669
1184,HighConfidenceCore,Train,55.8171302909159,30.7056785531926,39.2288547175369,0.471381689874291,0.786681895068108,0.0970756791245962,0.54349889453318
1185,HighConfidenceCore,Validation,54.1688300385866,41.9768366751554,38.9115475300605,0.493959135697499,1,0.10276485352287,0.560128278352528
1186,HighConfidenceCore,Test,57.0906358192718,35.8434755911773,40.6363388983663,0.468655644504979,0.736699908032357,0.109391579171235,0.531308290006868
1187,HighConfidenceCore,Train,55.4415188547355,38.1973293502221,40.8558378162739,0.502118721449426,0.91438706033815,0.152792209860978,0.546096784175711
1188,HighConfidenceCore,Train,59.5476210099554,32.9283003726941,39.7507028763877,0.465892622801073,0.797123907993494,0.110647445529594,0.509262278200841
1189,HighConfidenceCore,Test,57.3191849670133,41.1946496667361,38.5944963785716,0.516800100137295,1,0.0729886914754875,0.529177839192145
1190,HighConfidenceCore,Train,54.343527473136,35.983232136347,40.4015416355032,0.478759807285414,0.85382834745695,0.121176937831368,0.551172719156389
1191,HighConfidenceCore,Test,53.3130732628216,35.7678686544516,39.6765169038893,0.471771154639558,0.838245117856354,0.112176131727951,0.559273554146488
1192,HighConfidenceCore,Train,51.9731319104478,44.9953003774524,39.5514607217299,0.502934494077548,0.833564128959398,0.127608964944599,0.560670829924805
1193,HighConfidenceCore,Train,52.97051739693,40.2654846127281,39.0126631749635,0.5296214317754,0.721847743376133,0.0979121492199489,0.566690914246218
1194,HighConfidenceCore,Train,59.2524480510617,44.9493430296701,39.9261136040813,0.42783631412098,0.782959626065018,0.105329689278929,0.511814172297366
1195,HighConfidenceCore,Validation,57.2841352019849,44.7197772818465,38.8534437461487,0.495247846148374,1,0.0882336145615281,0.52950345654067
1196,HighConfidenceCore,Train,59.4331216009437,36.1349327401788,39.1517348126503,0.497521819128033,1,0.0825008426908133,0.510249164410635
1197,HighConfidenceCore,Train,50.4496052788707,36.9762325717081,39.36907699066,0.480632345798826,0.818384764603893,0.114010748727492,0.562708636975865
1198,HighConfidenceCore,Train,53.7682107376221,39.5273148598405,39.3224372804335,0.460310259478143,0.891892867917473,0.08501261494251,0.563229751056609
1199,HighConfidenceCore,Train,56.364716966573,39.0176279825542,38.5054895874696,0.509637430340598,1,0.0802835651218271,0.538189624319241
1200,HighConfidenceCore,Train,59.3214103006556,29.4408428754222,38.6080085434212,0.480708379933131,0.728338532525186,0.166841012081995,0.511215691188024
1201,HighConfidenceCore,Validation,60.503400741516,36.4551012548443,39.2616361524226,0.45981254465471,0.834566533862458,0.113987833834718,0.501170007407019
1202,HighConfidenceCore,Train,55.485514240443,35.1676251957241,38.6677212743464,0.428923593068563,0.694814931323154,0.155307397361806,0.546765112887173
1203,HighConfidenceCore,Train,52.1034696125966,39.1142694992222,40.0693116240239,0.490567048248126,0.780939393123125,0.114956150434632,0.554884786323755
1204,HighConfidenceCore,Train,56.2200224750934,34.8895257102461,41.4816562019232,0.524925525549666,0.757998730376986,0.0715682315094371,0.539104399978511
1205,HighConfidenceCore,Test,52.7439424699607,41.8568750359912,39.1505373555538,0.46024853945888,0.976430170105748,0.0718649802504269,0.565150420608338
1206,HighConfidenceCore,Train,54.9324969942653,44.4004743402893,39.6322674511185,0.471060078209856,0.897351072168488,0.121636331704069,0.552299716362511
1207,HighConfidenceCore,Train,59.2127573267981,30.7415643450623,39.7875516631131,0.486953146432106,0.868673866267027,0.110829464535824,0.512159255828046
1208,HighConfidenceCore,Train,59.7927144029263,38.1675487032235,40.3151649655813,0.505083299812668,1,0.123868177853466,0.507162488935393
1209,HighConfidenceCore,Train,54.8845538779414,34.7112622244888,39.0444182960861,0.494951255006198,1,0.0710972777701765,0.552784785421384
1210,HighConfidenceCore,Validation,58.6098600860599,37.6575872760235,39.8116234111964,0.514266970876102,1,0.132507599593606,0.517458502293119
1211,HighConfidenceCore,Train,58.3962237479319,35.9995045065164,38.7433429808256,0.434336139140849,0.731864478734304,0.139373489864216,0.519362544052008
1212,HighConfidenceCore,Train,58.3855473715021,41.3723894143008,40.4594564529717,0.461952074108416,0.768219772079157,0.130719420354498,0.519458063224204
1213,HighConfidenceCore,Test,51.5482194501393,38.3832660234383,38.71500054608,0.499099538696481,0.947037320463297,0.0830904094522607,0.570016753675084
1214,HighConfidenceCore,Train,58.2555257793953,31.7791446245113,39.3521484368829,0.467116968199066,0.803963614636686,0.065201347200012,0.520624147098319
1215,HighConfidenceCore,Train,51.6239586113331,29.2681003331118,38.828369274859,0.469478266662733,0.747655371619935,0.130032446221654,0.568750063968055
1216,HighConfidenceCore,Test,58.2343287033982,38.8159532955106,40.9098035391721,0.475607434638892,0.777273645561693,0.0747468766604716,0.520814744312833
1217,HighConfidenceCore,Train,54.4224186772115,42.0200918036357,39.9180414492467,0.476879375062434,0.983306196649978,0.0453748214582954,0.556574955874338
1218,HighConfidenceCore,Train,57.423454962442,39.6105563242824,39.1179442947376,0.526353597903781,0.950596917218056,0.0876261456317345,0.528211506168538
1219,HighConfidenceCore,Test,52.8632364443617,33.4304997927265,38.7756486531823,0.443400512754999,0.781318499758796,0.150450240718439,0.569339121193494
1220,HighConfidenceCore,Test,54.1863927634781,41.343368284872,40.9585380415627,0.469037612473495,0.78208006889771,0.160771517870623,0.544949295624998
1221,HighConfidenceCore,Validation,60.4176813817882,44.7509239354018,40.2550606933936,0.496990784158056,1,0.0301025160113375,0.501885313410833
1222,HighConfidenceCore,Validation,51.3664661422983,37.8939846321215,39.732406058305,0.478874392809043,0.84430680401753,0.114875907862763,0.558649094320615
1223,HighConfidenceCore,Validation,60.2802067412555,33.4976391101027,40.1305348813429,0.501802932667462,0.899609758645958,0.0861052918257704,0.503036751515041
1224,HighConfidenceCore,Train,54.7406757168705,44.7300395720611,38.6299949191239,0.498151741918484,0.947705799818449,0.0704978290599142,0.554245587500101
1225,HighConfidenceCore,Train,54.360883276584,42.599561081289,38.7439644928851,0.464887835008383,0.97970749296891,0.0909810021910066,0.558138785122346
1226,HighConfidenceCore,Test,47.5157586796856,34.4889514487363,39.1756304408223,0.476305463449347,0.742784793680017,0.150287422638332,0.564870050940533
1227,HighConfidenceCore,Train,56.3558413450408,42.1393060720491,40.5413550893431,0.514523520083173,0.908596747915098,0.0764889435077407,0.538274857618362
1228,HighConfidenceCore,Train,54.7112462074266,44.2061405133699,40.5423638666069,0.516383640307123,0.740936782456822,0.0989405639508984,0.549599286406627
1229,HighConfidenceCore,Train,56.3863274062798,35.6034846972637,39.248218585782,0.52942426380666,0.911052973290473,0.100679021628881,0.537982209751131
1230,HighConfidenceCore,Train,60.1085715061177,35.0433751771679,40.0182613155793,0.479393633149737,0.877050177224024,0.0980412593772628,0.504481699126644
1231,HighConfidenceCore,Test,59.2279238563688,36.0240205430418,39.013426653361,0.45464556655948,0.865313057476685,0.106603346320553,0.512027338692033
1232,HighConfidenceCore,Validation,50.9364900744591,42.4284354328821,39.5307675794083,0.481081990103416,0.840772541295645,0.122195682671349,0.560902038218902
1233,HighConfidenceCore,Train,57.1434437175208,28.7992851470756,39.6566107588642,0.5039549149585,0.907004147227261,0.0679163428525362,0.530814520363727
1234,HighConfidenceCore,Train,53.823271670548,30.8157795255938,39.0202579909191,0.502636013817101,0.926911952261688,0.0917123528413805,0.563743697535052
1235,HighConfidenceCore,Validation,58.0221123788134,44.9154829534816,39.3373826728782,0.439088560606711,0.803200690475908,0.0763278632619157,0.522730600789682
1236,HighConfidenceCore,Train,56.2479031964876,36.9362663506619,40.1403252486904,0.449089752232059,0.773828406706094,0.136152404903136,0.539313548888074
1237,HighConfidenceCore,Train,56.7150066691297,35.2459459055676,38.9432213367641,0.491003326880261,1,0.0826989820939918,0.534847067143227
1238,HighConfidenceCore,Train,48.8376714669901,44.9580768822771,39.1040252984123,0.495305765583825,0.676881679681444,0.0830099051365299,0.565670108397628
1239,HighConfidenceCore,Train,56.3029750519548,32.2647857162483,40.0198033081625,0.479309892346093,0.821924200963759,0.0582114606622097,0.538783093555034
1240,HighConfidenceCore,Validation,53.3207271107342,30.3094656833996,39.384330047151,0.502710893014051,0.824534654885417,0.0818747269405161,0.562538211763676
1241,HighConfidenceCore,Validation,57.7117346128288,44.9679248366646,41.3975057820287,0.506898346921824,0.919458824281366,0.0843861520150161,0.525558016920518
1242,HighConfidenceCore,Train,54.9948896000381,38.6084049935161,40.5598697440278,0.49459325080353,0.943175088318451,0.0918429940215213,0.549403690010863
1243,HighConfidenceCore,Validation,56.6442135690638,32.8446828256693,39.4118329215891,0.515137869925809,1,0.0849808826867278,0.535519260450281
1244,HighConfidenceCore,Train,56.1859525308485,36.4261150457502,38.5069676095678,0.519297163908357,0.984950269554259,0.0433676981150215,0.539911504138904
1245,HighConfidenceCore,Train,55.9112952328458,41.9559997268563,39.4939474482925,0.539905965847971,0.764350667102026,0.0864000500504564,0.542578489515658
1246,HighConfidenceCore,Test,50.8786836378962,42.3438283761022,38.9734388277373,0.488579571303606,0.892050573849656,0.118091442433793,0.56712917510908
1247,HighConfidenceCore,Train,54.0268289293431,41.6078554403281,41.4918411926754,0.488449203560055,0.670526934620922,0.203995430304629,0.538990601199158
1248,HighConfidenceCore,Validation,56.6507106976438,32.232513824806,40.5143538608065,0.511425167996505,0.780346677987342,0.114382892079109,0.535457499020727
1249,HighConfidenceCore,Train,57.8508089653793,35.4166409907345,39.3336778031278,0.489065795101485,0.98047439327986,0.102806570152624,0.524287354240026
1250,HighConfidenceCore,Train,50.8370058759981,41.630176590106,38.6772401203585,0.451520744458819,0.756163960697714,0.107026060374256,0.57043865787309
1251,HighConfidenceCore,Train,51.0649495293148,32.149952640863,39.3746508373094,0.48711054268765,0.732979446327598,0.133653726727648,0.562646359359671
1252,HighConfidenceCore,Train,47.7735919270365,41.7946727977636,38.7360480197313,0.479750078356463,0.800387490512985,0.0920048682099212,0.569781586371717
1253,HighConfidenceCore,Train,61.1150214973054,44.4652100827128,41.3089340797346,0.495422470463609,0.950863451579641,0.126036694944187,0.496124425593877
1254,HighConfidenceCore,Train,56.4880436295595,30.7689477173858,38.8504228818034,0.495980839697002,0.96532161156094,0.0482033361440681,0.537008080294671
1255,HighConfidenceCore,Train,62.825566360981,38.1505666957869,39.5419475974119,0.460029874339617,0.759810470606419,0.0851579663162871,0.482534819132885
1256,HighConfidenceCore,Train,50.0253212589403,34.4402948133632,38.802185250465,0.466366080197225,0.785708422457433,0.0879485895405901,0.569042622899833
1257,HighConfidenceCore,Train,53.2428991524525,44.8792416459863,38.6101300275028,0.439031434933635,0.795433621637071,0.100458145611955,0.569921469070583
1258,HighConfidenceCore,Test,55.1192836159205,38.2779591818157,40.9204774521045,0.471324415795735,0.792142762849095,0.118671312808932,0.545374553607771
1259,HighConfidenceCore,Test,60.6324433822147,33.9700495956182,40.4216979922426,0.495909186364768,0.840802692594745,0.104712762665992,0.50009699392632
1260,HighConfidenceCore,Train,55.3643681659495,39.7718489334448,39.203607480001,0.531038847480292,0.87773247727442,0.0938242299960927,0.547968086704559
1261,HighConfidenceCore,Train,61.8748728577312,37.0635186670752,40.0055146087318,0.47647396782398,0.863815485144631,0.125097445088583,0.489994952412069
1262,HighConfidenceCore,Validation,53.3884166372245,41.6440603507262,39.5536286878732,0.516285140747561,0.796478881601588,0.0666442477562485,0.560646606839405
1263,HighConfidenceCore,Train,57.7719768904666,41.7813496517831,40.3325941332925,0.485793367102703,0.980671421289115,0.0688722127316322,0.525006858027975
1264,HighConfidenceCore,Train,53.9608138122859,43.3131463909248,40.656937388823,0.451235861850739,0.753504934660398,0.176190769852234,0.548319135320414
1265,HighConfidenceCore,Test,48.0338597763647,31.372189044322,39.0816880613466,0.513970302705619,0.664220858679932,0.121466386710323,0.565919686465401
1266,HighConfidenceCore,Validation,54.0794430777646,31.3661925671051,39.7732979811185,0.516242604044491,0.907493461928939,0.14521686606835,0.558192201328285
1267,HighConfidenceCore,Train,54.6644835612982,35.1774666794917,38.5355401490266,0.550358782724824,0.758311599644456,0.143840568470571,0.55502228453863
1268,HighConfidenceCore,Train,58.5335608860187,44.8192516809614,40.3204823893549,0.507280481554718,0.980981729961206,0.097904536306469,0.518136926205461
1269,HighConfidenceCore,Train,49.2598134332962,43.7742310639131,38.5309955447625,0.509318190319381,0.848392327418905,0.0769485152305107,0.572072675477514
1270,HighConfidenceCore,Train,58.1361497458785,42.3005377529758,39.307173169254,0.508966853479476,1,0.077273166230266,0.521699350289577
1271,HighConfidenceCore,Train,57.9016364078873,33.061877751932,39.6539787204951,0.47190808232785,0.896295707739769,0.105445610574432,0.523824488778089
1272,HighConfidenceCore,Train,57.3302349258943,28.3190223507703,40.2058975779809,0.50046192762961,0.715775037113906,0.136956661885321,0.529075266034228
1273,HighConfidenceCore,Train,57.1205424320164,31.5303195458726,39.5720970447952,0.52969533900422,1,0.119248231468377,0.531028542118716
1274,HighConfidenceCore,Train,51.4037164326491,34.661161638978,39.3235608128575,0.453670572531862,0.663239473362153,0.104659297985125,0.563217197621704
1275,HighConfidenceCore,Train,57.4142251024424,35.276972487678,38.7213867826075,0.523341592682602,0.972962531714662,0.122577417781293,0.528296903259997
1276,HighConfidenceCore,Test,57.0553888894144,41.0719925155402,40.9047769112109,0.497409859881662,0.93753995657799,0.0812537529749736,0.531638367974729
1277,HighConfidenceCore,Train,49.5201368213516,43.4097875593587,38.787169339794,0.469637243495042,0.791966570753524,0.0877806030119533,0.569210398438056
1278,HighConfidenceCore,Train,54.339374759937,44.7321604718586,41.1736964363189,0.479219896962647,0.764595881025518,0.105976555056793,0.542545291214314
1279,HighConfidenceCore,Train,59.4835234588688,41.4307346551651,38.8145757993773,0.45962033183677,0.900835953035465,0.160490270507151,0.5098142757228
1280,HighConfidenceCore,Validation,54.1024249714372,28.6345859637168,39.5009123368553,0.551877749628559,0.720684672083954,0.0978319754621388,0.560819459406936
1281,HighConfidenceCore,Train,60.4539053678716,28.6453745508208,40.702678076119,0.499487235913556,0.78972068875416,0.0521626332102765,0.501582786081037
1282,HighConfidenceCore,Train,55.4700059087392,41.0221507408714,40.845891986426,0.451354879953454,0.67386228524572,0.169552340543778,0.54620791076619
1283,HighConfidenceCore,Train,56.2421188984864,42.270115016109,38.5764627651891,0.436848341166322,0.905089730859399,0.0239641621971585,0.539369323870209
1284,HighConfidenceCore,Train,62.045657693446,44.972465948583,39.8389745624027,0.470903473010313,0.981079324070512,0.0593760433592627,0.488637950728375
1285,HighConfidenceCore,Train,54.7881982962002,35.3252448653934,39.4177038777329,0.50646789457002,1,0.133268683781106,0.553762239836524
1286,HighConfidenceCore,Train,51.2433293738214,38.7843106514713,38.5305148713799,0.478400385483895,0.885166641897249,0.114055655785234,0.572078046129834
1287,HighConfidenceCore,Train,58.1181310207936,38.3908082338277,39.0661633648939,0.484143331883168,1,0.104695477561792,0.521862026087629
1288,HighConfidenceCore,Train,55.3820987074935,38.4280821789663,41.4515219075463,0.538941076185651,0.681271103099462,0.166190940261151,0.53944109600507
1289,HighConfidenceCore,Test,55.4474161269474,40.9271217665579,40.3887712858363,0.540198564585894,0.747510023678708,0.105186867357332,0.547142858418521
1290,HighConfidenceCore,Train,58.148978779952,41.8624757374634,40.6352397776283,0.518362556359196,0.958998141711497,0.0909082653826436,0.521583589256719
1291,HighConfidenceCore,Train,54.9523030424333,34.7826605432591,38.7865136392889,0.477645716017033,0.937516815275328,0.127587069441665,0.552099573833063
1292,HighConfidenceCore,Train,53.2093299623127,41.358742170521,40.0613516880745,0.495472529644576,0.923953701447796,0.100802020222263,0.554973724155592
1293,HighConfidenceCore,Test,55.651571227177,35.3883255649309,39.3647901385188,0.470022713380664,0.8859469309093,0.124112724134685,0.545124685922679
1294,HighConfidenceCore,Train,58.2670625962052,43.8987026677178,40.951730692656,0.482436617298263,0.884502211498719,0.103363579313998,0.520520470070627
1295,HighConfidenceCore,Test,57.1656897146295,35.9774353909922,38.8066874218611,0.451190572993348,0.801867911761893,0.100790735570858,0.530606786733015
1296,HighConfidenceCore,Test,55.8340629426871,38.2335322088064,39.8087044745978,0.488069072918756,1,0.0758289319590064,0.543333159227763
1297,HighConfidenceCore,Train,58.4263897960696,43.7750685900654,41.4963633102457,0.470147401584688,0.747234314420291,0.136067535479366,0.519092843772661
1298,HighConfidenceCore,Train,57.3827893079567,41.9836938130903,40.0358550697859,0.503203452000919,1,0.102795269393867,0.528587961615005
1299,HighConfidenceCore,Train,57.2522428302386,29.2400540976023,40.8399317626217,0.52498620101201,0.727531427504743,0.084067639482857,0.529800087683008
1300,HighConfidenceCore,Validation,50.2259960420674,39.9180620429415,38.7831322697181,0.535598499809373,0.674031441666345,0.0713520994844725,0.569255505366278
1301,HighConfidenceCore,Train,50.5909945321513,28.5158683519928,38.7401711794581,0.524484298266565,0.794018128741497,0.158826931954036,0.569735517547954
1302,HighConfidenceCore,Train,58.2580759551357,44.1706472119281,39.7843248435385,0.505625701271706,1,0.130095970738019,0.520601226094233
1303,HighConfidenceCore,Train,55.0146523373163,29.7907463364049,38.9982336826785,0.46390441923917,0.729332281819109,0.0778101552248428,0.551470467485063
1304,HighConfidenceCore,Train,54.176334599333,44.4655924554073,39.9948007447157,0.490194714814398,0.952858068532739,0.0875068780492975,0.555717310114908
1305,HighConfidenceCore,Train,54.9240439358497,39.7807147705026,41.156890225202,0.507391207031833,0.764783906659426,0.172093983469745,0.542733070109475
1306,HighConfidenceCore,Validation,54.2812673235383,36.1408366535545,40.1944227324548,0.515329115864885,0.911185012769251,0.0617474142587168,0.55348689684408
1307,HighConfidenceCore,Train,50.4540592221005,39.6407604124896,39.4725668240134,0.454991085143287,0.73227894922669,0.107568888495144,0.561552325988677
1308,HighConfidenceCore,Train,60.7413331715524,35.1284804802879,38.9590437507478,0.480316542372242,0.836897394467269,0.0736371479389061,0.499195101873172
1309,HighConfidenceCore,Train,54.8452767912793,38.3896531600782,38.9386677650791,0.532444075710795,0.840714545349981,0.127866642192737,0.553182807064442
1310,HighConfidenceCore,Train,62.2052029490657,44.8339553347265,39.3000042132669,0.486852628329065,0.940321178039832,0.107615656779844,0.487376987033979
1311,HighConfidenceCore,Train,60.2829297289255,44.77060061258,40.7452059413407,0.471591050540655,0.945243766159717,0.0778499663177097,0.503013893770052
1312,HighConfidenceCore,Train,51.1139219379555,35.7434663695186,39.9417494208551,0.510106585621426,0.741619909497415,0.116203023638599,0.556310062336814
1313,HighConfidenceCore,Train,57.1499408488062,36.1009101600377,40.053923867743,0.499264576695646,0.971825241369146,0.137913051186477,0.530753833283927
1314,HighConfidenceCore,Validation,56.0478638712744,44.6461038448213,39.9269116356464,0.452525316401598,0.827835294265788,0.0946634586506784,0.541249109476479
1315,HighConfidenceCore,Train,62.9308450655098,42.7891799144423,40.829579262537,0.4801713828409,0.913676947855446,0.0764819410842242,0.481722554865518
1316,HighConfidenceCore,Test,56.5261921368409,33.6378283193073,39.6510354659931,0.503712421795573,0.979971247530621,0.0505860077066455,0.536643638583591
1317,HighConfidenceCore,Test,48.2812547860928,40.150401340642,38.7377767844093,0.513816748805785,0.835757918767291,0.0627163735881399,0.569762270565259
1318,HighConfidenceCore,Train,56.320806073652,39.1340884157935,41.3486313702657,0.474170915422299,0.812545057261854,0.175950007924414,0.538611566427321
1319,HighConfidenceCore,Validation,56.7251120666947,28.7278934233441,39.0762701987575,0.483810189023884,0.871714160276165,0.0691703874722119,0.534751251405812
1320,HighConfidenceCore,Train,60.8864213244181,36.7914985712747,40.3699566887836,0.451706281680794,0.693611524500253,0.146618938541066,0.497998405497788
1321,HighConfidenceCore,Train,57.3504941510806,38.4382443833505,39.9269923061413,0.476646869751729,0.969489411774981,0.15569541263131,0.52888730893307
1322,HighConfidenceCore,Train,54.6177537067245,31.915128558529,38.5212269133573,0.519098651644595,0.967511047066605,0.124428007284189,0.555499717212727
1323,HighConfidenceCore,Train,60.741164020305,39.8462501004657,39.3720652202404,0.468474850383298,0.868710320516023,0.0712632832863184,0.499196500379922
1324,HighConfidenceCore,Train,51.3587112250413,36.8647312262185,39.1296247872845,0.477867235862687,0.89281140216255,0.0944454295849788,0.565384080589
1325,HighConfidenceCore,Train,53.2297588680662,29.6207135860441,38.5019109602695,0.49343497613379,0.958275789111476,0.091306678068744,0.57006290031496
1326,HighConfidenceCore,Train,60.0762484163629,32.243255391457,39.0496185935622,0.487076184776513,0.767648351142872,0.11010332947663,0.504754741750679
1327,HighConfidenceCore,Train,59.6953222264582,41.9495029845605,39.6834249106726,0.487023046482008,0.958197113769168,0.0667519776398882,0.507994812697066
1328,HighConfidenceCore,Train,59.2764477848212,44.7362830696463,40.5169839434839,0.454739671709934,0.903786033832776,0.037206705577671,0.511605735329017
1329,HighConfidenceCore,Test,52.6481153198047,43.2248873806273,39.3294662871646,0.479214958631386,1,0.057127231075958,0.563151214668551
1330,HighConfidenceCore,Validation,50.1771740234875,29.0776751306226,38.7854666051369,0.497894858710449,0.850449579277017,0.120558697496871,0.569229423406292
1331,HighConfidenceCore,Train,59.1497151224397,33.5887637807944,40.5470952170213,0.498704784573636,0.90243704972923,0.0409868989832394,0.512708316377464
1332,HighConfidenceCore,Train,59.7371778569973,29.0642441218814,39.5498078018724,0.486758416577563,0.658357074739472,0.142756073123742,0.507636777536134
1333,HighConfidenceCore,Train,59.4622474846966,41.1225622333283,40.4507308689777,0.481478308155895,0.975065344248114,0.107265933268154,0.50999776396529
1334,HighConfidenceCore,Validation,54.2448829175919,35.4170690933483,38.8583311912937,0.450006267774957,0.881805858936419,0.0767049812111526,0.55933875638263
1335,HighConfidenceCore,Test,60.0421749890923,39.368228535092,38.7738010581457,0.476173763260972,0.831776528851374,0.166150689469251,0.505042888278807
1336,HighConfidenceCore,Train,59.2239398309293,39.8436313570047,41.4914624006933,0.460198124126913,0.680214861729381,0.105100442047208,0.512061984850753
1337,HighConfidenceCore,Train,53.2759104195657,36.9492392512298,39.8701919550659,0.488877482239426,0.978504482097983,0.0709368303533569,0.557109587094236
1338,HighConfidenceCore,Test,51.0147603999354,43.6795737671058,38.5768528280232,0.465431220693388,0.877887949296116,0.107904207146502,0.571560303597506
1339,HighConfidenceCore,Train,60.2511460255792,32.3751053875862,38.6547041367579,0.492537069604212,0.853259687735097,0.0652321659461782,0.50328082637714
1340,HighConfidenceCore,Train,54.4636341999734,39.2073272836665,39.5458418445085,0.47548729148624,0.980919192675019,0.0606687680762856,0.557080142430431
1341,HighConfidenceCore,Train,58.7342577539932,40.0313724385662,38.686694887183,0.488413483648526,0.975171442583492,0.116971514486584,0.516356184388422
1342,HighConfidenceCore,Train,50.4351404012361,42.9621050595707,38.9815544394133,0.52235509294767,0.719369915918087,0.116605961293026,0.56703849788365
1343,HighConfidenceCore,Validation,57.0122360446458,30.326882908618,40.7449171004333,0.502893963305155,0.663998456452588,0.0673866653355436,0.532043038412185
1344,HighConfidenceCore,Train,52.7258502035467,37.9385896545439,39.9734495846604,0.532520817006843,0.766153677438535,0.0827085387503686,0.555955870562454
1345,HighConfidenceCore,Train,58.2637951108856,39.7564213825153,39.7303373174175,0.490809883632255,1,0.114304920907815,0.52054982956304
1346,HighConfidenceCore,Train,57.0617792487113,29.4135428225628,40.4497754007656,0.530867501587608,0.828428527075124,0.0540206739173522,0.53157849372422
1347,HighConfidenceCore,Train,53.9410902073377,41.9891704321628,39.5114224098765,0.464335024027581,0.855665447699968,0.0781522493188291,0.561118185364508
1348,HighConfidenceCore,Validation,49.3013876240772,39.8003959582999,38.943694757197,0.477999665908857,0.838416639082982,0.0602225301166821,0.567461511092771
1349,HighConfidenceCore,Train,61.3002922252732,36.0021666021684,39.7231588102905,0.488731352659237,0.916812325669912,0.0877649631168989,0.494615898598011
1350,HighConfidenceCore,Train,51.2188303604085,39.1548927095661,38.8811585642193,0.480776707610484,0.88523149597462,0.109927611154533,0.56816023950593
1351,HighConfidenceCore,Test,52.5357804522656,32.6079707669646,38.5552767048955,0.489928068858228,0.976435849421664,0.0957395675242271,0.571801377598933
1352,HighConfidenceCore,Train,50.0448088160562,27.7613426964753,38.8564664503147,0.471750725568512,0.728751173060994,0.145868861312365,0.568436129046763
1353,HighConfidenceCore,Train,58.9816301484298,34.7463987021496,41.0738398873842,0.46880728918128,0.801299726050096,0.0989268717961642,0.514177974281744
1354,HighConfidenceCore,Test,50.2474716653854,31.830936346078,39.1607950737872,0.497610148441414,0.870141146274031,0.118357979328999,0.565035809231428
1355,HighConfidenceCore,Train,58.4427309997142,37.7257560032872,40.3346480384368,0.474504078314642,0.87629096728318,0.0767169660853554,0.518946861110053
1356,HighConfidenceCore,Test,57.9362704291442,41.6508884399567,41.4294125281661,0.515168277638322,0.949460568820285,0.0780576103440509,0.523509555655748
1357,HighConfidenceCore,Validation,60.9911680579661,44.5548474573744,38.5198694365667,0.460443708856474,0.731940291499536,0.108044311941525,0.497137986716518
1358,HighConfidenceCore,Train,56.5007887852414,38.6628293928224,40.7005751266975,0.484951035475552,0.907265137536299,0.136925091378013,0.536886268065128
1359,HighConfidenceCore,Train,59.3584017464562,28.545530062612,40.4810661206261,0.508387943085707,0.733173127961423,0.117183962038026,0.510895238121386
1360,HighConfidenceCore,Train,57.4428051325689,31.5185573572252,38.7519873187402,0.47578482715042,0.890499495886296,0.110122051290605,0.528032562382731
1361,HighConfidenceCore,Train,49.494169541942,29.5914134439607,39.0320298712011,0.513210134696236,0.686472691226665,0.173397404321442,0.566474526578759
1362,HighConfidenceCore,Train,56.1151298036238,42.068246884072,39.3497799267643,0.479998297719717,1,0.100261570552862,0.540596711025163
1363,HighConfidenceCore,Train,53.8832949579161,38.8958001054563,39.6533627523646,0.512575547576632,0.966970840636594,0.106919927296749,0.559532259750116
1364,HighConfidenceCore,Train,57.5384571933136,44.0073888177924,38.8227327745624,0.471222764052141,1,0.102384972667539,0.527149772655788
1365,HighConfidenceCore,Train,53.5751408881751,40.1613830501759,40.8173528351689,0.485589072514977,0.855157411127811,0.119304230355507,0.546526783964593
1366,HighConfidenceCore,Train,56.5955285865537,35.195730133822,39.725604962237,0.53388052901003,0.88862719711587,0.132379920990736,0.535982509074883
1367,HighConfidenceCore,Train,57.3444183752694,33.735843631126,39.3355624992592,0.452563950092179,0.70019818119962,0.13007691571326,0.52894366364269
1368,HighConfidenceCore,Train,52.5286393076616,37.3288244012562,39.182603409181,0.455734012097191,0.848435553020606,0.0854782797599879,0.564792140679542
1369,HighConfidenceCore,Train,57.7887610968125,37.7114625973233,38.5463786845071,0.499098065356931,1,0.144487605563165,0.524853503363693
1370,HighConfidenceCore,Validation,53.9818176449968,33.6552442733673,38.649365483762,0.457717416807332,0.889131024034141,0.140997609538202,0.562079156848791
1371,HighConfidenceCore,Train,56.3098415053441,40.8762868002265,40.2391745188172,0.444417672321648,0.825515997691083,0.146148237189695,0.5387170282233
1372,HighConfidenceCore,Train,53.279435625188,39.0107469925724,40.3797055675744,0.473147407274413,0.864333025326883,0.0875689726855836,0.551416697569002
1373,HighConfidenceCore,Train,52.7492971720652,39.724773238885,39.4491559960043,0.505432288183556,0.89465314709829,0.104044217554693,0.561813899485985
1374,HighConfidenceCore,Test,56.1897166538448,28.72803824645,38.6048560461553,0.517291396663073,1,0.0999872395841271,0.539875134749639
1375,HighConfidenceCore,Train,54.9197827512659,38.9791913301119,40.2143799051424,0.451624575182255,0.826553709931449,0.0893334252331507,0.552428271414582
1376,HighConfidenceCore,Train,54.2540561847852,42.9737999320005,39.2868541533815,0.48483613949563,1,0.0895833563128209,0.559243676235114
1377,HighConfidenceCore,Train,57.8435193075919,39.7530368210468,41.0994940706873,0.508310939684508,0.980666122844227,0.0797641127490751,0.52435380497494
1378,HighConfidenceCore,Train,61.2430329575799,39.7370291791133,40.1669115947299,0.461413248492696,0.903807703923732,0.0674010805318167,0.495081145346421
1379,HighConfidenceCore,Validation,57.6305357330304,36.2863792329813,41.4576599989912,0.464177608828627,0.682864794618415,0.178528513128637,0.526302731824458
1380,HighConfidenceCore,Validation,60.1568816884763,43.9774879014031,40.1919313707968,0.462392532272577,0.964720043500186,0.12431830227087,0.504074155837492
1381,HighConfidenceCore,Train,59.8567341722108,40.2017501679205,41.4742924126875,0.486718183777732,0.927874537825092,0.0877734332087146,0.506616844651739
1382,HighConfidenceCore,Train,47.5346276628753,36.9856519831741,38.861767062502,0.506649668076887,0.921289795240751,0.10747376326335,0.568376904329587
1383,HighConfidenceCore,Train,57.5820935865123,28.5182015706869,39.079213498711,0.526625133957374,0.953600199681729,0.103675454642981,0.526748018872747
1384,HighConfidenceCore,Train,56.1058364285391,33.8574859579342,38.8826619315279,0.519318808918623,0.965522078727719,0.127047489673875,0.540686752426414
1385,HighConfidenceCore,Train,60.4100434513459,42.5581879062181,40.859310742068,0.495998478772433,0.986648533749567,0.0502830303579846,0.50194914847343
1386,HighConfidenceCore,Train,59.1622940566275,40.6236883094557,41.0561313734303,0.475866797845953,0.795709048487467,0.0671736494564533,0.512598667806947
1387,HighConfidenceCore,Train,50.0869061791795,37.5335459367267,39.0381502791372,0.51890783782433,0.765474253367115,0.093979396032433,0.566406142132546
1388,HighConfidenceCore,Train,58.3207382521544,33.9473030392953,39.2975691141515,0.514516074191907,1,0.123020962732741,0.520038646529362
1389,HighConfidenceCore,Train,59.9493021605822,34.3613852429224,38.582223602905,0.460118911802176,0.688679257496774,0.109730543505844,0.505829942979002
1390,HighConfidenceCore,Train,57.7662414329635,37.0716898382201,39.6179116963673,0.496409675595743,1,0.0949445484477342,0.525059282434001
1391,HighConfidenceCore,Train,51.2143398137531,36.9229670464488,38.5437791352629,0.514475470784474,0.857097407115643,0.117482703806014,0.571929842064101
1392,HighConfidenceCore,Train,58.8555776223057,44.5885420880681,40.3025871324776,0.47474213164301,0.97384486926902,0.0941974645804698,0.515285627842335
1393,HighConfidenceCore,Train,48.8128162767792,28.2657874619278,38.5072102454238,0.530256149720728,0.713075205847889,0.108412315692866,0.572338433012024
1394,HighConfidenceCore,Train,50.8967316334349,44.4490562400501,38.9860269140438,0.468114380078472,0.864098115836302,0.0789353799898328,0.566988526100069
1395,HighConfidenceCore,Train,57.9969699414737,43.1894817000537,38.5244160406527,0.447011211680639,0.834692508924049,0.0945666446200268,0.522958511811606
1396,HighConfidenceCore,Train,52.3921045998323,41.0757919461026,39.7789930781952,0.484122854894661,0.970512789681282,0.0502611976324864,0.558128568958712
1397,HighConfidenceCore,Train,55.9761155185197,38.6713706207916,39.9497842007948,0.458201373848186,0.90425583293339,0.116047844209163,0.54194671017155
1398,HighConfidenceCore,Validation,55.8043613293727,30.8004307352852,40.0305925311154,0.51500957028664,0.904502720103376,0.130414471186491,0.543623942525871
1399,HighConfidenceCore,Validation,60.6549820483017,35.9200246353291,40.3070219269684,0.474572544326518,0.825685655477576,0.112346175235763,0.499910049098829
1400,HighConfidenceCore,Validation,55.8617538620936,42.7592730377698,39.4038352417926,0.513330527641698,0.942503450095444,0.0687009952825827,0.543062339455104
1401,HighConfidenceCore,Train,51.7821978153758,31.4228235670142,39.3450034459058,0.512249828083828,0.702633654264246,0.118856796939857,0.562977615129544
1402,HighConfidenceCore,Train,59.2347040898168,29.3386519209406,40.0817807476194,0.496765223838196,0.83647927181868,0.0685151407688344,0.511968386669868
1403,HighConfidenceCore,Validation,57.2085509720788,39.7892424299597,39.946889862035,0.524296331909424,0.934162027199342,0.109905376040432,0.530207002828787
1404,HighConfidenceCore,Train,56.5524247081173,44.8049758203563,40.0366361432885,0.429274800817498,0.725704251551045,0.157480832587667,0.536393317924733
1405,HighConfidenceCore,Train,60.204840385968,33.8210871841357,39.3740425786371,0.494627816702197,0.943177596753146,0.12046563368488,0.503670224593928
1406,HighConfidenceCore,Validation,53.7638756009208,44.2239328425262,40.2684114844751,0.475872998683421,0.885369653610102,0.114692820674935,0.552660206877374
1407,HighConfidenceCore,Validation,47.5150870395328,43.4942754537216,38.8918489994004,0.496375336582448,0.726422241530384,0.120182712000587,0.568040793302789
1408,HighConfidenceCore,Validation,59.5842095844568,38.6822074380749,39.5903618857372,0.485325489567035,0.915152572178885,0.103292787906033,0.50894771589212
1409,HighConfidenceCore,Train,54.4154440489307,36.7122344154036,39.3533117471275,0.541477651190529,0.782973775053093,0.136091405681991,0.557576147693854
1410,HighConfidenceCore,Train,56.0087370543788,42.4895284853902,40.1079368047162,0.474354469318982,1,0.0732241309173083,0.541629313287027
1411,HighConfidenceCore,Validation,56.1964502928097,36.3716718240119,41.2990384497956,0.512301230670705,0.809655721505057,0.116715259664533,0.539810085709328
1412,HighConfidenceCore,Validation,59.1467880300389,33.0585073292603,38.9913060019285,0.450816751329383,0.745319855124015,0.156799567270902,0.512733838065863
1413,HighConfidenceCore,Train,59.424859465542,30.592928181559,40.620040729306,0.492168495767106,0.695550804452402,0.109216822362464,0.510320524008777
1414,HighConfidenceCore,Train,56.6249645615826,34.2059574579385,40.911609425547,0.480195110726342,0.753654118560734,0.0846884634227729,0.535702323898592
1415,HighConfidenceCore,Train,62.8447999987798,40.064399997868,40.9486339863764,0.466399311788566,0.697274465829951,0.0889109457048948,0.482386221303788
1416,HighConfidenceCore,Train,62.6377814902123,42.9775710643534,39.6978111344198,0.466083372454769,0.906505795882323,0.0591147046065476,0.483990427730371
1417,HighConfidenceCore,Test,62.6457087840116,43.1450547275395,40.20538807112,0.480549280838784,0.950580693927521,0.113187816287403,0.48392880313911
1418,HighConfidenceCore,Train,51.6750897792419,31.881626449757,39.0267437421226,0.522625472451338,0.731570028673115,0.136133453829099,0.56653358947349
1419,HighConfidenceCore,Train,61.2440187010627,44.6311387994342,39.3323213294545,0.439654453884404,0.753055772597459,0.0784371897101771,0.495073128559584
1420,HighConfidenceCore,Train,58.0695150047776,28.3112053440805,38.844254690969,0.466002505008851,0.752765129335107,0.0912515959140596,0.522301442546754
1421,HighConfidenceCore,Train,52.748439494529,37.8465137233519,38.7428842349182,0.443337833576994,0.799843880344825,0.0961218902235953,0.569705204079126
1422,HighConfidenceCore,Train,59.3490833062825,43.944738365939,38.7993142449812,0.433767462619164,0.723003229896128,0.137221039243853,0.510975925164306
1423,HighConfidenceCore,Train,60.0586287969068,39.9167100089248,39.0237211271484,0.442166818143046,0.793632055644142,0.119653671086752,0.504903703615209
1424,HighConfidenceCore,Test,54.926010773765,33.0494529274151,40.2867371328886,0.516983015931516,0.800797336249337,0.0877619784130462,0.552365291785764
1425,HighConfidenceCore,Test,57.2738917548367,36.1287460862116,39.7492328116178,0.468879635690104,0.886574551891318,0.155775542858159,0.529598694891796
1426,HighConfidenceCore,Validation,62.2452290232623,41.4470790503638,39.6775081349817,0.484742308969049,0.925137562048174,0.0965380062089111,0.487061655787306
1427,HighConfidenceCore,Test,50.0248962371412,30.4797568373527,38.5975248274404,0.456099270319993,0.790166808793861,0.0896652412837652,0.571329331536979
1428,HighConfidenceCore,Train,54.0135691074845,41.112196015291,40.6132106119391,0.513565056993181,0.73644412500816,0.10123837641655,0.548807702659898
1429,HighConfidenceCore,Test,50.8453369051901,31.0657377507609,39.1662994848128,0.464814358915277,0.69562852052993,0.106526085301695,0.56497430743226
1430,HighConfidenceCore,Validation,55.5771673777327,35.3079468729387,40.6874248240705,0.522946617518672,0.858714652068348,0.134541379845227,0.545858487023604
1431,HighConfidenceCore,Train,52.6211165660844,36.4755049654499,39.5805048588921,0.493842929594091,1,0.106374042320631,0.560346314425786
1432,HighConfidenceCore,Test,58.0827451335231,27.8524526611611,39.5135955511994,0.52065018034985,0.878790586221575,0.0682105668114932,0.522181789012832
1433,HighConfidenceCore,Train,56.0743556708442,41.7157790773296,38.5254002096226,0.49752214016473,1,0.0371906151817666,0.540991984126543
1434,HighConfidenceCore,Train,54.9482605815837,44.265757552664,40.9019996864515,0.486511378186663,0.834938202407444,0.0733651488209012,0.545581009089928
1435,HighConfidenceCore,Train,50.6367218626438,40.2179654645089,39.2404272185752,0.493047982639451,0.957473785002381,0.0314677617488441,0.564146064596925
1436,HighConfidenceCore,Test,53.6787454960543,28.2564073984513,39.6751470429192,0.525024069243889,0.760732161949266,0.088488081449937,0.559288859855651
1437,HighConfidenceCore,Validation,58.3923580609418,28.1599578147207,39.8789381188764,0.488183190843722,0.717850033887956,0.145828264335334,0.519397125462277
1438,HighConfidenceCore,Validation,54.4273884536026,28.483752776044,38.7148656737298,0.511056296709573,0.928754973061423,0.101440647468004,0.557453126021352
1439,HighConfidenceCore,Train,48.3922058427824,39.9039184300293,38.5036737657249,0.459147751246188,0.68978390901786,0.119080575274763,0.572377946751677
1440,HighConfidenceCore,Train,59.8494962339161,27.3597787466813,40.2174509857467,0.506144509424907,0.701723964072723,0.14415517923765,0.506678475500913
1441,HighConfidenceCore,Train,60.2086885670226,37.6984505161965,38.5577896993652,0.462219519505635,0.733111776839196,0.156453376273836,0.503637841248507
1442,HighConfidenceCore,Test,53.1070534617074,37.3958514994695,40.1875421405395,0.493251765865324,0.971629142921864,0.111123518224094,0.553563774966039
1443,HighConfidenceCore,Test,57.7608992640245,36.312476187683,39.3271187514673,0.5232358347778,0.978725150815053,0.097396169067896,0.525108121387905
1444,HighConfidenceCore,Train,59.2081203947036,37.7220390593005,40.9609432371202,0.49841376828624,0.981072316110467,0.0702796592084202,0.512199600944074
1445,HighConfidenceCore,Train,60.6480038921204,42.7886743038967,40.5143219311683,0.46133588053954,0.909189377612218,0.0856242098060764,0.499967913902987
1446,HighConfidenceCore,Train,55.376170126916,43.7891018180727,40.0126120253825,0.540338259462782,0.683850865228683,0.114614548857761,0.547850662479695
1447,HighConfidenceCore,Train,60.9175359780148,35.7300092601098,39.1891183379763,0.491189027445525,0.955556406156731,0.0337457069557389,0.497742512156252
1448,HighConfidenceCore,Train,53.9990445412194,41.8216544746408,39.0025111803531,0.464457669305122,1,0.100329728759962,0.561898884029609
1449,HighConfidenceCore,Test,60.1451422547914,44.7031866309555,39.4018808155883,0.49280133258218,1,0.0958192757703501,0.504173129141114
1450,HighConfidenceCore,Train,53.9685641122397,43.9471017491702,41.1791554275164,0.450564640583554,0.714350177255766,0.189757291756371,0.542484296899258
1451,HighConfidenceCore,Train,58.2384007276725,37.1417313793181,38.7948201159873,0.481507443400326,1,0.143039357171133,0.520778119228225
1452,HighConfidenceCore,Validation,56.0208022577266,33.9790043268511,40.492885204287,0.486610280365625,0.731411343268359,0.147884497483662,0.54151201644105
1453,HighConfidenceCore,Train,62.5391666346084,39.3427497038214,40.5227172617118,0.450646185039541,0.655723052767515,0.146313749806407,0.48475833835815
1454,HighConfidenceCore,Train,55.8532674311417,39.5633173283678,38.6878571505316,0.471521012579939,1,0.115270349139278,0.543145309002855
1455,HighConfidenceCore,Train,54.8396468760162,32.6468604623642,38.8755246525961,0.548449182502268,0.738504853342704,0.120892571133466,0.553239905573513
1456,HighConfidenceCore,Train,48.5177085941329,39.8556271182668,38.5620578771213,0.531709338181855,0.781486685832921,0.0555342664702658,0.571725610311494
1457,HighConfidenceCore,Train,62.9456146094413,41.7625882420283,40.4169650111698,0.464339877139434,0.827127955156237,0.102840180512322,0.481608819681374
1458,HighConfidenceCore,Train,59.1604947487503,36.0881610304535,41.2969068665176,0.508142824887993,0.890059650161411,0.131992115487354,0.512614349229971
1459,HighConfidenceCore,Train,53.9588061874354,36.3927576851371,39.1262287986277,0.447891781439434,0.851161796116301,0.0526350365718662,0.562320142444201
1460,HighConfidenceCore,Train,53.1422493584101,31.5984059301257,38.9757457710472,0.450810437607013,0.725182195156898,0.154035787842564,0.567103399206177
1461,HighConfidenceCore,Validation,55.4538232542107,30.1210644695085,39.2240390361131,0.538362945946328,0.893888814064345,0.0627651541364034,0.547079294986821
1462,HighConfidenceCore,Train,51.221283567518,38.2989973866526,39.6807461752127,0.455085361994833,0.733083580218723,0.0659060718607763,0.559226299718294
1463,HighConfidenceCore,Validation,51.9230481313448,31.1219017294559,38.7528873663182,0.443844904455918,0.715124135361726,0.170248435051574,0.569593437247841
1464,HighConfidenceCore,Train,48.8837534963707,38.1052965120947,39.4458232726795,0.49757964332996,0.875982700173369,0.115616217383272,0.561851136618106
1465,HighConfidenceCore,Train,54.8470316638268,35.0440635519423,39.9602419983854,0.552422685881849,0.725453280311672,0.0896675395815458,0.553165011571962
1466,HighConfidenceCore,Train,60.4257851653499,44.5330844520913,39.6537337789572,0.4796456114297,0.980329095268605,0.0879930472323334,0.501817602560371
1467,HighConfidenceCore,Train,55.6437474685523,39.7308425258267,40.9753356510056,0.521626424165423,0.809268390206824,0.115416930818171,0.544761612837926
1468,HighConfidenceCore,Train,57.0259718450959,44.5506596509095,39.0815142213309,0.461879242527143,0.947910984744788,0.11650549073942,0.531914163021376
1469,HighConfidenceCore,Train,57.4815240640479,29.8253098183065,41.2692597231725,0.525308228398142,0.65503398120218,0.0873830969680646,0.527674864605388
1470,HighConfidenceCore,Train,52.3681440978716,31.1468192799255,39.285973407911,0.477276657164416,0.754458881191858,0.0827014724479676,0.563637168626692
1471,HighConfidenceCore,Train,59.8863222305412,37.5471910622249,39.7673373744285,0.500737684284782,0.955944333837963,0.0866449230438857,0.506365058060676
1472,HighConfidenceCore,Validation,57.6730974295122,35.9003763607458,40.8546456096989,0.510714665709913,0.946864351234629,0.0938044497630968,0.525912116039577
1473,HighConfidenceCore,Train,54.6577451559925,40.4302171521423,39.0958747836458,0.489430907640502,1,0.0889514213976519,0.555091079552257
1474,HighConfidenceCore,Validation,62.6238082747184,35.3842825905779,40.3970136957374,0.468130031293674,0.752780118444866,0.0844036124943816,0.484099089633529
1475,HighConfidenceCore,Test,54.6599129087991,38.9866269606621,38.8601023187049,0.427007237030138,0.723537552685104,0.153409074364552,0.555068946265912
1476,HighConfidenceCore,Validation,56.2091430280312,37.6748304885256,40.7819731830058,0.45766198229683,0.679077327664283,0.0883109075574147,0.539687512328516
1477,HighConfidenceCore,Train,62.2998311425509,44.1467809945036,39.9048518024164,0.441055448790453,0.739167903907189,0.0948531152920366,0.48663214571485
1478,HighConfidenceCore,Test,50.2173549114575,35.409064353534,39.0477856759152,0.469403605098198,0.863667712693904,0.0508444613358119,0.566298484067986
1479,HighConfidenceCore,Test,53.4047766741331,43.1218649195075,38.6685932378959,0.524775022465182,0.801033033139608,0.0870195940593973,0.568184862098202
1480,HighConfidenceCore,Train,55.8555499287795,43.6065220986997,40.5287522471091,0.48511310642486,0.918700491681116,0.0972325255150371,0.543122991160147
1481,HighConfidenceCore,Train,59.5954493402774,35.2831597703367,39.4360783612518,0.450619897238265,0.699812063205948,0.115613857587926,0.508851162088377
1482,HighConfidenceCore,Validation,54.9450553135481,36.2666087452322,40.1243512303519,0.475869655587003,0.917235403254868,0.0852384707024189,0.552172796276692
1483,HighConfidenceCore,Train,51.2846958324521,27.4350608698116,38.5173738753205,0.492737890187869,0.864675217848067,0.0622680212241404,0.572224872901447
1484,HighConfidenceCore,Test,57.1854635364429,37.8253975438912,40.7730932985972,0.524840264963471,0.935114056470702,0.114697706486894,0.530422274011306
1485,HighConfidenceCore,Validation,50.6774345801567,34.1812560487912,39.4740416825749,0.520091450869891,0.663649478609872,0.0923940082789495,0.561535847122068
1486,HighConfidenceCore,Validation,48.3955600783101,41.1457111069105,39.0179986419159,0.524041931625134,0.754218445877039,0.0895763914626891,0.566631300090325
1487,HighConfidenceCore,Train,56.9494342406,32.4253664614121,38.8461506676912,0.456339663672213,0.803992296812548,0.0913161138612056,0.53263306478387
1488,HighConfidenceCore,Train,54.7486320406916,42.9581403197383,39.7704940763012,0.455257109644947,0.794828783387362,0.115841837564509,0.554164606000166
1489,HighConfidenceCore,Train,56.2555926552736,36.834296008072,41.1599473818652,0.533076240621325,0.764142631234215,0.126236865556575,0.539239421188294
1490,HighConfidenceCore,Train,54.2893933454422,35.9191872461905,39.7088355731765,0.557434530142328,0.667264527241245,0.0829680383425742,0.558877709811634
1491,HighConfidenceCore,Train,54.2055705358496,40.9136831434519,40.0368077160481,0.530266281483382,0.753200952610801,0.058733540202066,0.55524795847991
1492,HighConfidenceCore,Train,53.1280232146793,42.6670617044529,39.0755165303234,0.428383535394547,0.657634175203606,0.0862244898746467,0.565988642119291
1493,HighConfidenceCore,Validation,52.7262999372495,34.9565093565869,39.4930620953077,0.453975894018967,0.690041789569449,0.143710462643862,0.561323328544048
1494,HighConfidenceCore,Train,55.2179404711505,31.8999587497406,38.8254215588707,0.472211767104349,0.866196179240235,0.101280684714092,0.54942915146278
1495,HighConfidenceCore,Train,48.7049654416136,33.5490359967416,39.6561127524012,0.491443744206303,0.650539801364439,0.0895792275256486,0.559501533492723
1496,HighConfidenceCore,Train,52.4360098526078,33.7964986154957,38.6096831701978,0.463730730174682,0.858748125069621,0.132218662677087,0.571193484131868
1497,HighConfidenceCore,Train,59.023891378437,44.9253987638692,38.6403537101425,0.491294301042184,0.980633377226055,0.0400238573215886,0.513807673767574
1498,HighConfidenceCore,Train,57.6676003430332,34.5123227402194,38.7728000260177,0.475198791879837,0.934816268202995,0.101395984718512,0.525962533876012
1499,HighConfidenceCore,Train,55.8836286059195,32.2666436535442,39.1166728162665,0.503095243164146,0.978465472551701,0.101710047594168,0.542848592171927
1500,HighConfidenceCore,Train,61.4812616367631,41.7930222629031,38.8836657793967,0.469019019164446,0.748378300022542,0.122263119515837,0.493151171721563
1501,HighConfidenceCore,Train,60.4348719452259,32.0815268688367,40.4818242716702,0.468805888727305,0.664782343404113,0.101297771605781,0.501741699918663
1502,HighConfidenceCore,Train,54.4214532047769,41.0320056855736,40.5651546543888,0.440118873539133,0.726522552417075,0.118814074389052,0.549344640733086
1503,HighConfidenceCore,Test,49.5956459809424,33.387226688176,39.4328755342703,0.496710334843805,0.822061623810132,0.0510086540558133,0.561995804086365
1504,HighConfidenceCore,Train,56.3618044016014,28.1406325216278,39.0957387041233,0.512513467845813,0.915351440582435,0.0817408184007704,0.538217590953019
1505,HighConfidenceCore,Test,58.576616719185,41.789592763998,39.5795400907392,0.439029197394739,0.697230966608439,0.142544290286311,0.517753872594512
1506,HighConfidenceCore,Train,54.3081247536942,40.4960791860942,38.7877363351563,0.531137872828058,0.765632161805612,0.147971858288457,0.558683912643753
1507,HighConfidenceCore,Train,52.1761111140005,39.9004984028026,39.0682256033949,0.440175988551337,0.838601841160232,0.0745019899507815,0.566070104990001
1508,HighConfidenceCore,Validation,51.4210807699346,39.0972969375148,38.606733278595,0.529037206091521,0.735079366447182,0.110483457329684,0.571226443814581
1509,HighConfidenceCore,Test,58.9336921021317,42.3918509320813,39.6416680149512,0.511065667506344,1,0.068820781273309,0.514598658966364
1510,HighConfidenceCore,Train,52.0763121016797,43.0832598508378,39.0023509415445,0.515297288740569,0.849244884743946,0.07936966756067,0.566806134731346
1511,HighConfidenceCore,Train,54.9639430093296,42.4357007025721,39.7169255287575,0.492239133765668,1,0.10074301564905,0.551982017844357
1512,HighConfidenceCore,Train,52.6141867505117,44.2589302522014,39.5364044773784,0.459675111166925,0.779468572175645,0.103993362911765,0.560839056118678
1513,HighConfidenceCore,Train,51.7950120602473,37.1172214966977,39.3838446974757,0.526968053466519,0.736942519391383,0.134109081216382,0.562543634665076
1514,HighConfidenceCore,Validation,60.2744550692044,39.9617616217592,39.0329183987865,0.470044934537428,0.934958208282003,0.118362718429052,0.503085039922413
1515,HighConfidenceCore,Train,48.3764531539719,36.7378514172235,39.1867883238431,0.47300265798259,0.80176226395235,0.122677281205585,0.564745381856502
1516,HighConfidenceCore,Train,55.4144383302709,43.3704108560934,39.2874337608015,0.447000643215721,0.777759682429927,0.112611292636933,0.547470255029847
1517,HighConfidenceCore,Train,51.0578363020025,42.3994618437745,38.6048010503097,0.429060803955224,0.688651508505376,0.114427828084878,0.571248032957433
1518,HighConfidenceCore,Train,50.7276367964776,44.8762285019701,39.2844412280813,0.503764856738927,0.906904579551425,0.169737287697943,0.563654287954399
1519,HighConfidenceCore,Train,58.8876105903969,32.2501801392686,39.3699516045936,0.4917069015119,0.917663541154067,0.0909445360190318,0.515003697113403
1520,HighConfidenceCore,Train,52.0243177053889,28.3780479543926,38.5430866662854,0.461669788752994,0.789579805367492,0.143522888255971,0.571937579147649
1521,HighConfidenceCore,Train,51.3901227077424,38.5324840529249,38.9262125989423,0.515088896157289,0.846495626835765,0.136563970428372,0.567656842469919
1522,HighConfidenceCore,Train,56.7027573291392,28.2587356513248,38.831800997779,0.530519815133238,0.931849165806587,0.0898162714054311,0.534963256759018
1523,HighConfidenceCore,Train,53.9912941313063,39.2359092294367,39.8880097314212,0.45800023009596,0.822260877233208,0.0735926834128728,0.556910505794177
1524,HighConfidenceCore,Train,48.6381078543453,39.8876404514952,39.5583358670386,0.470559797204662,0.661100915731555,0.160924601196206,0.560594012658786
1525,HighConfidenceCore,Train,54.0082768916109,29.3761150598751,39.0774365230164,0.5561541440314,0.691007986969255,0.130439743667856,0.561802318378318
1526,HighConfidenceCore,Train,50.8042271821458,42.5943569373743,39.4571191187171,0.503127782966336,0.838366321447795,0.106048075651778,0.561724926047854
1527,HighConfidenceCore,Validation,55.354222583173,35.5116916891199,38.8086236185084,0.537447696029658,0.900059567001879,0.133413858509159,0.548069070731974
1528,HighConfidenceCore,Train,52.728211896456,38.6911895380226,38.6556587948899,0.479089215799775,0.943817983671764,0.0971134046074151,0.57067979000123
1529,HighConfidenceCore,Train,52.463776810641,42.8086689237546,38.7055983995483,0.490283243528576,0.96268290886848,0.077634264595445,0.57012180559164
1530,HighConfidenceCore,Test,55.8689347575344,43.3662071716893,40.6863145669954,0.538037842114771,0.734481330913295,0.113086103734856,0.542992153463894
1531,HighConfidenceCore,Train,56.8995725442622,38.3880503054717,38.7105293206118,0.446249390986582,0.787635479290795,0.102766559736888,0.533102445695369
1532,HighConfidenceCore,Train,60.1948793311239,38.0289252114448,39.2384625227483,0.436785728990458,0.719965489820808,0.0563373029628608,0.503754068434985
1533,HighConfidenceCore,Train,53.2321244749533,38.3868600466621,39.34700874499,0.478371677728973,1,0.113701808533612,0.562955209553184
1534,HighConfidenceCore,Train,57.1834629571235,44.9933586152056,39.3968195587546,0.495792424296419,1,0.0935119159626972,0.530440935937582
1535,HighConfidenceCore,Train,52.8461674008429,34.6935582773413,39.7309149618997,0.50902807053142,0.859369458292834,0.0967274437157837,0.558665754615646
1536,HighConfidenceCore,Validation,55.1683119387097,44.9720864979451,41.1542128760354,0.498270064375343,0.897230413804811,0.0462261156032754,0.542762984625303
1537,HighConfidenceCore,Train,50.5606680597737,37.5644642896435,38.5309149579176,0.448060461191888,0.670744000732441,0.152543941560333,0.572073575889189
1538,HighConfidenceCore,Train,59.2626000767559,35.4270275331655,40.2676516052552,0.458885248626533,0.732891537661493,0.0632460724730648,0.511725981656082
1539,HighConfidenceCore,Train,55.0287806989697,32.6012433919758,40.190403141617,0.466931728591593,0.667240043174722,0.0765052780816944,0.551328109991562
1540,HighConfidenceCore,Validation,57.6881549407795,43.3172111710278,38.6706148070372,0.487726409842449,1,0.0618294762655958,0.525774061699742
1541,HighConfidenceCore,Test,51.3569849767438,33.5695024888552,39.7692849339319,0.496389911814737,0.779362065390583,0.0509695374830919,0.558237039844337
1542,HighConfidenceCore,Train,51.9200395997799,44.9011293139117,39.0710885755765,0.429387102154145,0.685136774940446,0.0977290586124,0.566038116474006
1543,HighConfidenceCore,Train,56.3515154641286,39.5123592514215,39.3837537281501,0.483105761721141,0.984436220328889,0.0578283004269093,0.538316409128655
1544,HighConfidenceCore,Train,57.7002133921022,33.2489317911096,39.0356730237128,0.469005038257018,0.916744073984881,0.0734561717161498,0.525663556106975
1545,HighConfidenceCore,Test,52.5702682881232,34.3847195080865,39.2715174933909,0.520260230410159,0.764973163584972,0.142397885649323,0.563798687224683
1546,HighConfidenceCore,Train,57.3291192923632,41.3075243159268,40.61807552363,0.493675810844198,0.907615455238075,0.11249579324765,0.529085620301225
1547,HighConfidenceCore,Validation,60.6406238502543,29.3809562908906,39.923653402665,0.490745662879835,0.779035432854622,0.107988105958467,0.500029125744591
1548,HighConfidenceCore,Test,57.528987200266,39.5412857370645,38.862529805582,0.484652029274962,1,0.135377180122838,0.527237041959587
1549,HighConfidenceCore,Validation,53.4926970330656,31.5801912359396,39.7538372949109,0.537965698429312,0.74906870808539,0.101820146568501,0.558409639163007
1550,HighConfidenceCore,Train,55.4282983456039,39.2095544098241,38.8886393444686,0.502439110103834,1,0.105908890006246,0.547332608260909
1551,HighConfidenceCore,Train,58.7761430515418,38.0562090875859,39.8662542056015,0.458529024954909,0.760893125462558,0.121951334818646,0.515986078641644
1552,HighConfidenceCore,Validation,56.1706622038387,42.2783465804128,40.8317140677742,0.469611928197488,0.779575593301429,0.140037399466729,0.5400592911528
1553,HighConfidenceCore,Train,48.8823357821564,30.1233984317943,38.7912918280933,0.514231334195834,0.798040715660675,0.113279323115514,0.569164337116276
1554,HighConfidenceCore,Train,57.8012783950113,39.1036745307975,40.7984930014768,0.501941296461999,0.977709424439026,0.0808133485654015,0.524739192748248
1555,HighConfidenceCore,Train,57.922185165429,31.7010411736508,39.1744676226139,0.51726828554724,1,0.0958717024344873,0.523637589947252
1556,HighConfidenceCore,Train,58.0398447882167,32.6182101143743,41.316208591703,0.506505648610343,0.6823451910485,0.126849071856601,0.522569978887899
1557,HighConfidenceCore,Train,52.0619064392939,36.6658557650931,39.3657668708729,0.484720951462085,0.936479269019965,0.145474594560787,0.562745621554493
1558,HighConfidenceCore,Train,55.0606747416051,44.6559662046423,38.5214424741534,0.449031405387865,0.829648696347009,0.106918413765699,0.551007013956015
1559,HighConfidenceCore,Train,51.8413152302712,44.7087990709364,39.6235527749287,0.481360083629831,0.869240440116461,0.115581438018277,0.559865332123702
1560,HighConfidenceCore,Train,53.8027548370139,42.1587110207691,40.6315588659405,0.474008513399271,0.86156899999276,0.0945495982492855,0.548602694235302
1561,HighConfidenceCore,Train,55.5800616155973,28.8599370342287,38.7223746634847,0.484273750320234,0.870812056137629,0.10429120405171,0.545829906144611
1562,HighConfidenceCore,Train,52.5545810605078,35.8365759865708,38.7620313493207,0.526755420932285,0.732482667529675,0.127455823375825,0.569491269839993
1563,HighConfidenceCore,Validation,58.1685832839963,34.5159000524428,39.0460729627966,0.503408262964057,1,0.105719332899357,0.521406789332833
1564,HighConfidenceCore,Test,55.0480459102451,38.6467621696895,39.2612854785885,0.48744899464865,1,0.0993324511675097,0.551134111313166
1565,HighConfidenceCore,Train,51.07734177751,41.2946971370036,38.8440636835054,0.506401794139977,0.95098005975729,0.0907854185172049,0.568574707446867
1566,HighConfidenceCore,Test,57.8609812270581,33.5077059765381,40.1432265612412,0.465808837802965,0.678195825372609,0.0901452403474974,0.524194654378504
1567,HighConfidenceCore,Train,54.197135852877,42.4084421486058,38.5118314379985,0.455234773283223,0.889678759339879,0.0893064408376072,0.559834170477308
1568,HighConfidenceCore,Train,48.3892802764018,30.3851814971019,38.6461892995241,0.492248622894254,0.838732287202934,0.121661899660452,0.570785594418725
1569,HighConfidenceCore,Train,61.8345188109726,43.9394655069607,40.1524575890557,0.456708271806231,0.875953531335691,0.108472141762129,0.490316687613441
1570,HighConfidenceCore,Train,55.7551705875122,42.3010394609237,38.989672707362,0.502557366604387,1,0.133740568086352,0.544106208779714
1571,HighConfidenceCore,Validation,61.9093316258985,38.4499169018836,40.8097812277257,0.482725344459719,0.858876861805977,0.0578475301076611,0.489720551149341
1572,HighConfidenceCore,Train,57.0520636837309,42.7728618696764,39.8710408305927,0.488922718332171,1,0.109181961820448,0.53166952867997
1573,HighConfidenceCore,Train,57.5177787248527,34.6822460520495,40.3507938083407,0.506362232638693,0.884039357488239,0.0859212169168031,0.527340369121723
1574,HighConfidenceCore,Train,60.3128170732675,31.7537278614415,39.2488736635312,0.46729906223519,0.68021592130423,0.0915506235150669,0.502763144224286
1575,HighConfidenceCore,Train,60.1809957433797,44.096463073552,39.0250808278447,0.499251526875385,0.974625298866309,0.134157468201176,0.503870975184149
1576,HighConfidenceCore,Test,61.7145553639552,42.6747899720267,38.6460503589674,0.47604086838515,0.809266927758109,0.0502401717544089,0.491275618127779
1577,HighConfidenceCore,Test,55.6118415021694,36.4875900408881,40.4481133797373,0.511856783302943,0.920874630275461,0.0825876771582661,0.545516272362785
1578,HighConfidenceCore,Train,55.9360850794227,33.0593076658483,41.1294362794868,0.54010198337104,0.723468571885543,0.085757890024364,0.542336699139525
1579,HighConfidenceCore,Test,60.4594402671999,38.7150047366005,39.4200012327692,0.500534641738328,0.956814490206741,0.0949658271620779,0.501536592882566
1580,HighConfidenceCore,Test,49.8045610572653,27.034713723164,38.6424935921365,0.483854611073529,0.746435221299753,0.141456940339581,0.570826887238699
1581,HighConfidenceCore,Train,57.0025265801323,32.3241981738256,39.8657769976893,0.518365952383404,0.969416454283031,0.144574169313606,0.532134174396962
1582,HighConfidenceCore,Test,53.0871720390969,35.2287079905157,38.9652991201084,0.486942770212099,0.942173999785585,0.116807876530742,0.567220121563035
1583,HighConfidenceCore,Train,48.9488068337868,33.2059347249282,39.0168397259454,0.501497697904437,0.889236162104418,0.0556815542520713,0.566644248872119
1584,HighConfidenceCore,Train,58.0178867000496,39.7482733836686,39.0963206800699,0.504238088421119,1,0.0978079567680415,0.522768891888541
1585,HighConfidenceCore,Train,52.827686656979,30.5359118505164,38.9349481204874,0.476623851572907,0.904675377854284,0.125908109050543,0.567559238877236
1586,HighConfidenceCore,Test,57.5069997481611,29.4027614745171,38.6314613926831,0.452595542051469,0.723513657503839,0.123719110894452,0.52743977487237
1587,HighConfidenceCore,Train,58.4437094099092,32.8545703177056,39.5044286353139,0.447804039274205,0.713590390965775,0.0961960218863036,0.518938123161429
1588,HighConfidenceCore,Test,58.5442750176938,33.7466930505233,41.1830365398346,0.486878108563671,0.769324398148307,0.119677550514391,0.518041553435938
1589,HighConfidenceCore,Validation,59.9073070422414,41.9992310848724,40.7241045385213,0.477229376176042,0.89652360099863,0.0811617298917913,0.506186633585302
1590,HighConfidenceCore,Test,55.7529123632638,36.9168308339366,40.4302165242643,0.476695099821764,0.921596485302512,0.134219778576035,0.544128368850905
1591,HighConfidenceCore,Train,56.7366346416613,44.9584562732557,40.4185476368664,0.533505275985667,0.856230498053607,0.121438667970881,0.534642040150213
1592,HighConfidenceCore,Train,57.3347140315837,39.2193709196156,40.4123565606858,0.506433381438056,0.968740959306514,0.105915871742006,0.529033699220971
1593,HighConfidenceCore,Validation,55.5036689523487,38.0734148982711,40.3115688542809,0.525260911873415,0.845261346718963,0.121116485678288,0.546585290049717
1594,HighConfidenceCore,Validation,55.8322371437914,36.0431216191091,39.9078557935022,0.511626841661531,0.92837093338964,0.106907383535423,0.543351025151284
1595,HighConfidenceCore,Train,55.1488105428088,38.7801042185548,39.0943505709054,0.443599462101121,0.721707512019831,0.1161431431729,0.550121630362662
1596,HighConfidenceCore,Train,56.1331198572509,39.5471278726679,41.4908359913915,0.495599241392123,0.905550833541645,0.112952242485602,0.539001832498419
1597,HighConfidenceCore,Train,54.0787846460359,44.5592092202441,39.3617129380943,0.511371298049876,0.865168552784466,0.0866953112818608,0.561065930838851
1598,HighConfidenceCore,Train,56.93132340125,36.205337364641,40.2905585012831,0.482467226507186,0.910951122519899,0.0997102468514004,0.532803458932596
1599,HighConfidenceCore,Train,48.7067489532908,36.8944348670818,39.1951609503632,0.515927797703791,0.779186703156206,0.116148450056167,0.564651832956835
1600,HighConfidenceCore,Validation,55.9496589573773,28.2914050012595,39.3239630990928,0.524248673346903,0.880122156287353,0.0936411023422011,0.542204395673584
1601,HighConfidenceCore,Test,58.3520324253505,42.3763804380341,39.9061172786851,0.44602760780854,0.895046212573408,0.139999493194107,0.519758141098575
1602,HighConfidenceCore,Validation,57.2111556792672,32.2099647481731,38.6891286289814,0.50041113886259,0.952246328440107,0.128963060973079,0.530182727001866
1603,HighConfidenceCore,Train,60.6884911551222,37.3167340636834,41.1171021865865,0.496026861018644,0.881108735294966,0.0928587189362313,0.49963236767628
1604,HighConfidenceCore,Train,55.3240027511794,32.9228226061217,39.0599335137056,0.464409414080934,0.83847100477459,0.0885722012668639,0.548370083202263
1605,HighConfidenceCore,Train,60.439472903216,43.0576736008781,39.7661848957543,0.452964369639066,0.80336154140158,0.103018645794651,0.501703276430739
1606,HighConfidenceCore,Validation,61.7413852537295,37.8567224991549,39.368034618971,0.465889134598454,0.821054480618113,0.101029810074194,0.49106082929047
1607,HighConfidenceCore,Train,51.4633572008427,42.5904799480953,39.2517778717136,0.446577937421571,0.760177864724319,0.105820668292023,0.564019241656831
1608,HighConfidenceCore,Train,55.2025918716784,42.950121990615,40.2554021139969,0.518951019967901,0.769898357407361,0.130386632140716,0.549582749572852
1609,HighConfidenceCore,Validation,55.5862960226937,31.4386737471289,39.4725646219291,0.476851635490654,0.765857328894696,0.118997524170443,0.545768350881779
1610,HighConfidenceCore,Train,54.9631697651448,27.5073723434103,38.8165200513027,0.545469020412028,0.812049889533141,0.116951876763667,0.551989825556682
1611,HighConfidenceCore,Train,55.3896120344492,36.3307143260721,40.4605542263279,0.543745591721973,0.77413001953948,0.135402877836625,0.547716982473686
1612,HighConfidenceCore,Train,52.7046086553126,27.5519888365992,38.9209664528608,0.546895899166436,0.716728336320265,0.143503564512675,0.567715458627254
1613,HighConfidenceCore,Test,58.3594139973713,44.8717173126597,39.0088999804122,0.442750780269722,0.920449708018414,0.0556436008428486,0.519692020200443
1614,HighConfidenceCore,Validation,58.9515998468199,41.5156381581779,40.0403304239977,0.429238917175613,0.746551665345843,0.143677257828719,0.514441427870689
1615,HighConfidenceCore,Train,49.3258382569676,35.2383472005722,39.3942482887893,0.47424829099092,0.73266445078688,0.117227742969223,0.562427393421349
1616,HighConfidenceCore,Train,53.9264997722415,35.1475867338004,39.5440475128676,0.540181961855867,0.839750461390011,0.0586654556712365,0.560753659074106
1617,HighConfidenceCore,Train,58.6038197320991,44.7768118643776,41.155209663751,0.491897965673186,0.930885700113623,0.100614066054703,0.517512146468365
1618,HighConfidenceCore,Test,58.9200360358153,41.7583810640538,40.2311677156204,0.502185277710428,1,0.0552285467878958,0.514718624297136
1619,HighConfidenceCore,Train,60.9189114720005,43.2661871390357,39.2500679968914,0.496297792817445,1,0.0897600494744815,0.497731205842708
1620,HighConfidenceCore,Train,54.6672923715243,34.6442049486031,40.0503380118233,0.454976307126245,0.761225909761587,0.099142149799535,0.554993613305225
1621,HighConfidenceCore,Train,57.9703282783321,44.9551142424762,40.0241817736958,0.414765935250365,0.710390840393656,0.143798848683255,0.523200228736701
1622,HighConfidenceCore,Train,55.1545826654441,41.7471635403132,38.9362388669029,0.428141196824622,0.694261514383658,0.143500794701648,0.550063744222864
1623,HighConfidenceCore,Train,59.6612312910708,36.0092973347797,40.1138954256805,0.502929355948159,0.956438577382159,0.061074783550303,0.508286799482555
1624,HighConfidenceCore,Train,56.9391480567097,43.673242234087,38.5261126193214,0.528528927222306,0.919380922029893,0.0715741005807448,0.532729828089787
1625,HighConfidenceCore,Test,52.3009046219653,43.270136666059,40.1187889659415,0.473436880320951,0.701916294909295,0.124852727001484,0.554331966860988
1626,HighConfidenceCore,Validation,52.9430408015031,35.2575690531717,38.6077941601753,0.50871442454235,0.917047561036138,0.06227356478213,0.571214590389102
1627,HighConfidenceCore,Train,62.4827826761197,41.8517595032108,39.1002034321677,0.480922534720043,0.794963128872744,0.132773440060844,0.485198487543647
1628,HighConfidenceCore,Train,60.8964602658972,30.9672966670545,40.3384396650342,0.490169124117305,0.783768599343238,0.118109378430822,0.497915814594278
1629,HighConfidenceCore,Train,61.3764598775689,34.0296719216234,40.733821047961,0.493206535664468,0.763312810687529,0.0904096064054451,0.493998361600653
1630,HighConfidenceCore,Train,58.6011172039493,40.8414456221169,39.2048462670471,0.446362705506322,0.812615703583318,0.132264123815921,0.517536151108468
1631,HighConfidenceCore,Train,54.6239606558074,40.8084841828084,40.1247744005526,0.499335040506167,0.971884925855875,0.107852293903241,0.554265090496619
1632,HighConfidenceCore,Train,54.6774117972873,42.2085898619262,41.0545695820541,0.49643933441568,0.792109093084054,0.0991698759323317,0.543876317518949
1633,HighConfidenceCore,Train,62.3734767454939,42.5113680994606,39.3822951786745,0.445140289273806,0.752633942947772,0.0761925985293996,0.486054027314643
1634,HighConfidenceCore,Validation,58.8803577301559,36.516926516911,39.3465530392244,0.467455609629538,0.878563235851576,0.132743003699399,0.515067504613295
1635,HighConfidenceCore,Validation,57.9724094099527,31.7434889109581,41.0288754236404,0.523176586936858,0.719336337312744,0.145174518794495,0.52318133885536
1636,HighConfidenceCore,Train,55.5598373712176,40.1338287191887,39.7571163396728,0.532585637725529,0.782653788771558,0.0679106885053008,0.54602968480974
1637,HighConfidenceCore,Train,57.3949484320969,43.8339327644678,39.5413464360313,0.430920395295054,0.660517389915886,0.158408551105202,0.528475344665373
1638,HighConfidenceCore,Test,51.2023155760829,39.6791486176776,38.8213078106539,0.441375012879851,0.695284014062687,0.0960455730566499,0.568828963009454
1639,HighConfidenceCore,Train,57.390307152985,44.4693985883973,41.1205731308787,0.506717227243744,0.932350420342227,0.108443769002555,0.52851832623383
1640,HighConfidenceCore,Train,62.5088707812538,40.0762625576727,39.886755675713,0.4641811730207,0.824715151235266,0.116202660388431,0.484994737686864
1641,HighConfidenceCore,Train,50.9512863980753,40.5260906660265,39.0937946289195,0.519416293868951,0.871214786583263,0.124253907133931,0.565784417553972
1642,HighConfidenceCore,Train,58.384297661472,28.3762576355289,40.0246757610557,0.51734970103271,0.810221364830873,0.140451827653078,0.519469246386597
1643,HighConfidenceCore,Validation,54.664213667353,44.6685199454904,40.4622241996374,0.43609850554044,0.755476812753975,0.158615271989637,0.550494701680029
1644,HighConfidenceCore,Train,62.6916218825672,44.4282064663799,40.3746932458077,0.452768878707427,0.832924005635346,0.0532429740691308,0.483572193923129
1645,HighConfidenceCore,Train,54.9782770781415,32.9915231970506,39.5907355521914,0.506957748116434,0.936971004080081,0.120514903184921,0.551837321596022
1646,HighConfidenceCore,Train,54.0706513847288,44.7281848855942,40.7291360345727,0.47633627430981,0.810364953338483,0.145001002793133,0.547512446541087
1647,HighConfidenceCore,Train,57.7903537193087,36.983240846629,41.1694705803624,0.47340759195181,0.801562675810296,0.11004029897941,0.52483895644868
1648,HighConfidenceCore,Train,54.1918110656127,36.8032649328729,40.1463641000994,0.445946020080972,0.783818331866331,0.0740703943285929,0.554023864803359
1649,HighConfidenceCore,Train,51.5896645990216,35.0314847796585,39.0906794899572,0.49737819261573,0.906024535960189,0.0931549396179343,0.565819223575897
1650,HighConfidenceCore,Validation,58.0502189658373,28.7596888591875,39.4323668209015,0.493904068705942,0.844032526607842,0.0932839039286889,0.522476054068834
1651,HighConfidenceCore,Train,55.9955318501467,44.387938949872,41.4030441837017,0.459700643413826,0.714052106920787,0.107037643800699,0.539982746550819
1652,HighConfidenceCore,Validation,56.4830952925377,42.5656974740971,40.9313081422884,0.53072217601285,0.865522131225909,0.0920082341090728,0.537055388997601
1653,HighConfidenceCore,Validation,50.0417988675059,35.4756758268423,38.900122064471,0.505940080702607,0.905735653301383,0.0670958703790767,0.567948356821554
1654,HighConfidenceCore,Validation,54.4286116999021,37.0234532160153,38.5446290563864,0.479894503368551,1,0.145615832499599,0.557440530215744
1655,HighConfidenceCore,Validation,48.7479392167993,39.1066050110802,38.5106430054827,0.493322814216233,0.845075508825601,0.125577241706226,0.572300078151032
1656,HighConfidenceCore,Validation,60.4396587352651,38.5363431038227,38.5152556239564,0.496481851700887,0.807960006475442,0.153413023382948,0.501701724634353
1657,HighConfidenceCore,Validation,53.09883119926,42.1675737396912,40.2374676577454,0.444752096580374,0.715663237785949,0.0792308097660855,0.553005947958151
1658,HighConfidenceCore,Test,57.5184375426915,39.4866285672338,41.3204789698253,0.491194023958829,0.880474120812369,0.104270826913499,0.527334294587875
1659,HighConfidenceCore,Train,57.6613809933488,31.222633892255,38.7029855960228,0.522159106363423,0.983032293230403,0.0872293191888607,0.526019587711897
1660,HighConfidenceCore,Validation,57.1033493122525,38.3131248175075,39.2434662608416,0.433634249449973,0.655366326214556,0.0287237188938387,0.5311893315784
1661,HighConfidenceCore,Train,48.7779877671633,41.8534103518527,38.5900146393232,0.446223992142057,0.66965866004979,0.0750565229296754,0.571413244253372
1662,HighConfidenceCore,Train,54.4730355771697,37.7201068496365,40.3073550260935,0.551545342432341,0.683989362834833,0.111585986786901,0.552225083507336
1663,HighConfidenceCore,Validation,57.7270914295265,37.5531875510833,39.0757689408905,0.461874282375126,0.857905487208333,0.0919048264065356,0.525417407574387
1664,HighConfidenceCore,Validation,53.9924401997186,40.7618567750384,41.2039321589524,0.483293264238246,0.740704985367094,0.175687149351503,0.542207461911146
1665,HighConfidenceCore,Validation,48.1963661136565,44.2221407537096,39.0889689646986,0.450767356913988,0.682523117569112,0.131382325173152,0.56583833558996
1666,HighConfidenceCore,Train,54.9848100896569,44.4432926328785,38.7968242098985,0.446259530961229,0.799370041415806,0.116231395938726,0.551771398687399
1667,HighConfidenceCore,Validation,53.0634206290177,36.6910715150446,40.3639550640788,0.519992603617741,0.725311619538174,0.0917800896067027,0.551592680848281
1668,HighConfidenceCore,Train,53.1676365407599,40.6241089012875,38.5782342207047,0.452200366325127,0.918557414261113,0.0555817418632668,0.570732480596814
1669,HighConfidenceCore,Train,57.5933914093907,30.8908649701771,39.9893204525609,0.487591786792223,0.753716052808941,0.119947621888891,0.52664410071233
1670,HighConfidenceCore,Test,57.8006363872259,34.2870030162325,40.484960565214,0.483120830049996,0.800214540607909,0.054421639934568,0.524745054494616
1671,HighConfidenceCore,Validation,53.4618964878321,37.4660843842683,38.7696635622285,0.461890896666046,0.939546730176098,0.108310619965397,0.567574596188197
1672,HighConfidenceCore,Train,56.6355761858476,40.8711171177577,39.9454736693882,0.444900529585278,0.847979215402088,0.159671565365567,0.535601388990945
1673,HighConfidenceCore,Train,56.0243299205956,36.6380784467828,39.429663277178,0.516307204591998,0.973207072506839,0.0880464801722759,0.541477730358113
1674,HighConfidenceCore,Train,59.0772938885807,27.3300626048756,38.7975779402022,0.48791507855027,0.719000682866881,0.137189392200793,0.513340509054634
1675,HighConfidenceCore,Train,58.5046306569746,27.1131199121114,38.5402811856692,0.458478926497292,0.693380401340995,0.101354670701231,0.518394625646841
1676,HighConfidenceCore,Train,60.9445397217668,32.8363162896104,41.069657012055,0.484719286308807,0.655173200629098,0.136851524625265,0.497520639572658
1677,HighConfidenceCore,Train,59.3962668906117,40.2911125830629,39.7823536654284,0.502761348965445,1,0.0790615604150611,0.510567629699326
1678,HighConfidenceCore,Validation,60.699405734423,31.5694506268213,40.0513155782474,0.489814173774315,0.867156362791629,0.0733202927871135,0.499541987535489
1679,HighConfidenceCore,Test,53.6501792509356,40.2959064297515,39.740442461721,0.472470084758188,0.937928297794863,0.0720867560852538,0.558559302103676
1680,HighConfidenceCore,Train,58.3701762056787,34.7274580136408,39.6406492964743,0.497996867703165,1,0.0890654984082465,0.519595647004957
1681,HighConfidenceCore,Validation,56.634471592872,36.8669516016971,40.8517967239824,0.495481752709257,0.905426762234431,0.128978607142189,0.535611893817673
1682,HighConfidenceCore,Train,58.0446495367277,40.1264590960095,40.1244420980363,0.51220347518675,1,0.0813144019471714,0.522526473903484
1683,HighConfidenceCore,Train,58.9738452086974,38.8081362815452,39.2655316621488,0.514131259866173,1,0.0923152856199853,0.514246245213485
1684,HighConfidenceCore,Train,57.464078729292,29.2868258997322,38.8586390635535,0.513506291535068,0.982795938964475,0.0769366005154629,0.527835970479951
1685,HighConfidenceCore,Train,52.5520789069709,40.8722216479582,38.9091033675565,0.48372991557725,0.948662142005202,0.0900412264450603,0.567848007066408
1686,HighConfidenceCore,Train,48.3010723741863,33.1435046957397,39.1249275366127,0.458701661512478,0.677964545367341,0.124264240512345,0.565436563836729
1687,HighConfidenceCore,Train,47.7309840236586,32.5112344953197,38.7002348974989,0.521398458385815,0.805980706456082,0.0900022306575301,0.570181732988839
1688,HighConfidenceCore,Train,51.5921189844268,42.5254014911684,39.8843154727468,0.471104974065322,0.68741682901582,0.0963775251099364,0.55695178242741
1689,HighConfidenceCore,Train,59.9923156359552,37.5897811187754,40.5340835804111,0.493302574030292,0.93252801243954,0.136736802857421,0.505465120518169
1690,HighConfidenceCore,Train,58.4774259137025,41.6109133771221,38.7322724486121,0.444028247770909,0.763740932712605,0.091186765569608,0.518637187741745
1691,HighConfidenceCore,Validation,56.5213929298659,44.5952814479638,38.656509367688,0.44243476613246,0.784836244516437,0.0854962944867401,0.53668945949104
1692,HighConfidenceCore,Train,48.3708011092375,32.2544970687917,38.5237128796133,0.536382111869797,0.860474537923642,0.0427937253124139,0.57215404603784
1693,HighConfidenceCore,Train,55.6040242088446,44.9319320537586,39.2124646472998,0.480645600702066,1,0.137286983377025,0.545593387511472
1694,HighConfidenceCore,Validation,50.7811353569498,29.8555929087718,38.9502975808255,0.483532750258307,0.851314573373245,0.131819153608438,0.567387736527089
1695,HighConfidenceCore,Train,62.3165315517535,31.6995502486391,40.7096872747467,0.486111621818504,0.812254059382489,0.0274828745328952,0.48650092760966
1696,HighConfidenceCore,Test,59.9530371533337,36.7678027527245,39.3613103747336,0.48585988603196,0.921492476535585,0.0899655420282275,0.505798243564944
1697,HighConfidenceCore,Test,59.6625162556596,43.1211765929255,41.3531229883495,0.504843185529445,1,0.0677877393308355,0.508275787787552
1698,HighConfidenceCore,Train,52.9923384826881,41.7695261444473,40.9660912136296,0.495738700468775,0.656441033927083,0.171781665426431,0.54486490264101
1699,HighConfidenceCore,Train,60.4299457019732,43.7191292437302,39.9473677196103,0.498720774648535,1,0.089756116655224,0.501782846412586
1700,HighConfidenceCore,Train,54.8948217576475,36.5041828141581,39.6820213103745,0.478800200398911,0.944885175307209,0.0691365898854857,0.552680827868804
1701,HighConfidenceCore,Train,50.4500769553962,31.2404818390459,38.5267234131204,0.497835898122732,0.878434410905039,0.07824994108648,0.572120408791951
1702,HighConfidenceCore,Test,55.2205873081291,44.9141569058295,38.9582470357705,0.512210119178866,0.877327423521446,0.128002827909585,0.549402672390799
1703,HighConfidenceCore,Train,55.9550757453048,43.0047935034137,39.6004843428061,0.461755506021888,0.940957664285574,0.0926135842534348,0.542151616608429
1704,HighConfidenceCore,Train,61.6424258890559,44.5317259666034,40.6850728862515,0.461727450960115,0.839004152114352,0.0622484811477025,0.491853983438308
1705,HighConfidenceCore,Train,59.3607038495568,37.3773778031795,40.5518879893422,0.466668824656288,0.741211822180699,0.114047970414949,0.510875308441575
1706,HighConfidenceCore,Validation,48.1819156390289,29.3944952805989,38.7938053478357,0.468765043045081,0.70313429925613,0.151289294143667,0.569136253096808
1707,HighConfidenceCore,Train,57.309783469956,36.4865163379392,40.8798576158357,0.471152807292182,0.795089652076331,0.0559346725216022,0.529265141360923
1708,HighConfidenceCore,Test,53.876431911551,31.6080457446056,38.6083872400944,0.480322021783849,0.956844155671103,0.0526290210249753,0.563184487682451
1709,HighConfidenceCore,Train,55.8203169882815,36.9503461755568,39.646359723723,0.542745457202589,0.833973150826656,0.0863171902170434,0.543467695738879
1710,HighConfidenceCore,Train,60.2414788136525,39.3886488697945,40.0954926102179,0.485256977926401,0.947174289938446,0.113117326053648,0.503362071461747
1711,HighConfidenceCore,Test,56.4089455108008,44.9855355490074,40.7554443536347,0.478068851824864,0.849090033024581,0.126835236565673,0.537765293940113
1712,HighConfidenceCore,Validation,55.2611891085058,31.2228955081592,39.9587866858461,0.492481615881883,0.835784037438969,0.113749574645604,0.548996808105326
1713,HighConfidenceCore,Validation,58.8806468259746,44.3108844029911,38.9392820358782,0.512529472168698,1,0.115767907054699,0.51506496097362
1714,HighConfidenceCore,Validation,57.040831290595,39.7266030102383,39.6962952970592,0.530379744958302,0.932490584967311,0.0427822044690102,0.531774814984675
1715,HighConfidenceCore,Train,54.555489959245,35.8378385877438,39.9467989709623,0.493001455780102,0.956959664033773,0.0700470490854505,0.556137128505081
1716,HighConfidenceCore,Train,52.0575610312502,40.8909360343153,38.6600208348392,0.466453295488887,0.894505745838289,0.110841318691974,0.570631052124702
1717,HighConfidenceCore,Train,59.8540793352386,32.4227043656326,39.6386588090969,0.485321120785824,0.885560094687935,0.100813104767548,0.506639448785924
1718,HighConfidenceCore,Train,51.5041432466173,34.4190429067073,39.4651898563334,0.486055445903168,0.790678816560182,0.108502978143714,0.561634750208565
1719,HighConfidenceCore,Test,59.548949686274,44.686543054433,39.8730932685136,0.461744510509334,0.971507127920157,0.144013044838018,0.509250848431524
1720,HighConfidenceCore,Train,56.1671515473132,33.5764017580472,38.7162285238917,0.476457314691158,0.924220174575983,0.113226467847818,0.540093234384594
1721,HighConfidenceCore,Train,47.7078074629851,32.2008156179473,38.9050751014861,0.471245737511905,0.774979550845138,0.153257033965326,0.567893015625854
1722,HighConfidenceCore,Train,56.2639957345402,28.0716214823814,38.5564021852561,0.537403017349698,0.923560155149383,0.100968386623152,0.539158437234378
1723,HighConfidenceCore,Train,59.7012458000395,35.6736980315174,41.317761176724,0.487088605553852,0.841620021141664,0.0993385454039623,0.507944111655034
1724,HighConfidenceCore,Train,55.5912441482999,44.6541816912893,40.0045021326024,0.508489316158623,0.878410977124603,0.113461759753337,0.545719505514663
1725,HighConfidenceCore,Validation,53.6152241645925,36.1299422985707,39.0995697926183,0.471540669883384,0.906519487218335,0.121647641764657,0.56571989058527
1726,HighConfidenceCore,Train,58.8053845743879,34.4796949557118,40.0965079007814,0.488570552225723,0.900212386923906,0.118161983327816,0.515728008000916
1727,HighConfidenceCore,Train,48.9693319840143,44.7455919196487,39.1307415268083,0.517246172077172,0.764597959782311,0.138469421212743,0.565371603052421
1728,HighConfidenceCore,Train,52.9853945917859,39.6047574526472,40.621688882984,0.451746190834188,0.780043019972275,0.0992779191867475,0.54871297337448
1729,HighConfidenceCore,Train,54.9637721757255,37.6202539706976,38.6242077973904,0.515167522749825,0.97334258478987,0.0711758816984165,0.551983742791073
1730,HighConfidenceCore,Train,59.167242249065,28.8361675890195,38.5996174087183,0.512187558897886,0.827426553575227,0.176318019217684,0.512555547976922
1731,HighConfidenceCore,Test,47.9738105647507,36.7817544211915,38.5746495023413,0.506114051567807,0.882160959334489,0.14429400166035,0.57158492176155
1732,HighConfidenceCore,Validation,56.0971098919306,39.3189574448021,39.6101197236879,0.494184417472134,1,0.114250062781895,0.540771329017931
1733,HighConfidenceCore,Train,62.4639818081228,44.7019653688545,38.8967904216105,0.459731491751172,0.652745043600708,0.1536081359738,0.485345429109888
1734,HighConfidenceCore,Train,54.7517426740412,34.049668328738,39.8680297633683,0.47426994311127,0.845099264604963,0.0840142604552256,0.554132951577494
1735,HighConfidenceCore,Train,57.8840764633842,38.5807277892271,40.1954187940418,0.458210885975176,0.839804970368802,0.0995458906593729,0.523984308358032
1736,HighConfidenceCore,Train,60.6855909110745,31.6378093418911,39.8946984804586,0.46842483683946,0.775954262025943,0.145273570983214,0.499656389136903
1737,HighConfidenceCore,Train,61.174446152031,44.6479944668841,41.0945552744171,0.465325709557401,0.747295949612341,0.10605022059221,0.495639577777154
1738,HighConfidenceCore,Validation,61.0995493374212,42.5833794856914,39.3035710285598,0.470141868396373,0.926825383454411,0.0582751581047589,0.496250818226861
1739,HighConfidenceCore,Train,54.9459638922491,37.8656790695693,38.8084289789279,0.462960785641815,1,0.127797516984068,0.552163616017719
1740,HighConfidenceCore,Validation,60.5337566987391,40.6117205426701,41.1690267977241,0.480025480764761,0.880359707902582,0.0726748920760352,0.500917180488409
1741,HighConfidenceCore,Train,55.8443239643017,44.2421638386029,39.0456525282446,0.450281472777719,0.967052519098116,0.148650959475849,0.543232774158025
1742,HighConfidenceCore,Train,55.6670454727707,32.5326150712472,41.1592407127269,0.501748119652099,0.653817315127612,0.131328062239492,0.542706807679029
1743,HighConfidenceCore,Validation,59.9946802540156,30.4319054072385,41.1952075762644,0.500391751734842,0.653053867946416,0.145726840296618,0.505445079977875
1744,HighConfidenceCore,Test,50.4695641695169,44.8635132796131,39.1518944061192,0.448102041316982,0.833740442781207,0.055274194182976,0.565135258032187
1745,HighConfidenceCore,Test,52.3143319341958,35.4895099853102,38.8766662198791,0.466440411678678,0.868219099628315,0.131556309369156,0.56821043329744
1746,HighConfidenceCore,Train,51.3399752686014,34.5518618003101,38.7199065051044,0.452874059764975,0.717853077323975,0.134916271875013,0.569961938490453
1747,HighConfidenceCore,Test,48.3037562662191,42.10687299523,39.0334114867206,0.480245632455455,0.742863955170887,0.0911453700360683,0.566459089533848
1748,HighConfidenceCore,Train,55.9291068167798,40.3019959448669,40.9573495559525,0.484554411620578,0.810540932610154,0.150252984580559,0.542404740682328
1749,HighConfidenceCore,Train,50.9226630355474,40.1470803111966,39.1319546224142,0.457273825232559,0.797108882569833,0.0678640644082026,0.565358048911573
1750,HighConfidenceCore,Train,60.4468697010957,44.1766670078149,39.0696504310347,0.455804156976912,0.861058917691803,0.109435139943738,0.501641516605236
1751,HighConfidenceCore,Train,50.4251338894021,31.9874891103384,38.8247490239516,0.503373957008446,0.846891793432712,0.127385564012082,0.568790513698865
1752,HighConfidenceCore,Train,54.5160835068856,34.4966179483215,39.5955957120586,0.467165001882298,0.791831121636803,0.116110672807938,0.556541295664557
1753,HighConfidenceCore,Train,57.1811907683196,33.3298693317926,39.9086082225841,0.463081146461105,0.765657940625622,0.0881377045915722,0.530462133091854
1754,HighConfidenceCore,Train,58.1635047790724,37.6444072960947,40.0101100841148,0.491023440674843,0.970076186929837,0.127140084506762,0.521452577537514
1755,HighConfidenceCore,Train,49.3678595368235,37.5363282250017,38.6440582634424,0.464491099371268,0.725818393075502,0.122307538313847,0.570809404877738
1756,HighConfidenceCore,Test,51.9643268651,36.7312160167533,39.9988536097615,0.495630675056996,0.881079392942712,0.10914727565584,0.555672026706575
1757,HighConfidenceCore,Train,53.183340629981,44.299737363701,39.6801707178311,0.507845173997523,0.812667919869686,0.0858775478391243,0.559232729409708
1758,HighConfidenceCore,Train,53.3745604977114,44.0501575456774,39.2024345636874,0.4494396595423,0.813009213717619,0.111267787084253,0.564570563534219
1759,HighConfidenceCore,Train,58.1350339971241,30.4752323348617,39.6461947968851,0.465516498965798,0.714989889123025,0.119245499162728,0.521709420510686
1760,HighConfidenceCore,Train,54.3958673372453,43.7761694870165,40.4453431404204,0.46570752671029,0.971682587618931,0.134868985409576,0.550683316866811
1761,HighConfidenceCore,Test,54.3989813900797,36.6447906545051,40.6995672407108,0.504207517818718,0.785685861627898,0.125563598269948,0.547842824126137
1762,HighConfidenceCore,Train,53.6779594755078,44.7888008288522,38.788442998955,0.49409908223115,0.951438878579143,0.0610259211216159,0.565277935637967
1763,HighConfidenceCore,Train,59.4554708393705,43.3789530464029,38.5737991089629,0.452861307623258,0.727138516541003,0.159574959981744,0.510056234680438
1764,HighConfidenceCore,Train,56.3251826940838,28.5436016120719,40.1250016877169,0.5222120563997,0.818414795734214,0.0942960560625626,0.53856948173031
1765,HighConfidenceCore,Train,52.1617637502569,39.7634420791199,40.3293914875636,0.497490323607827,0.668358285299704,0.163866233577272,0.551978866060742
1766,HighConfidenceCore,Train,58.537242063121,33.5311785005146,38.7257468495326,0.514228690664725,0.976087277750446,0.138838859410422,0.518104153952238
1767,HighConfidenceCore,Validation,54.7597578222802,33.4358665552137,40.0357629277165,0.50959363176228,0.835355541543971,0.126895749408449,0.554051404409039
1768,HighConfidenceCore,Test,60.3250004222025,42.9014996177138,40.5848754290224,0.491057391698428,1,0.0674982699261598,0.502660999361934
1769,HighConfidenceCore,Validation,53.5347295754125,44.4246289977241,39.1340691703841,0.513089193711925,0.879833430227844,0.0952222795638497,0.565334422677272
1770,HighConfidenceCore,Test,53.0759434855484,38.0422054959733,39.1254534972992,0.524108297533488,0.803551005833492,0.0917242818048341,0.565430687181014
1771,HighConfidenceCore,Train,57.3932461914317,40.5373688845166,38.5136015810559,0.447353700432888,0.868640148349931,0.0612759487911433,0.528491107825749
1772,HighConfidenceCore,Train,55.0227199291915,44.7518032297022,39.7285674705343,0.519865148346971,0.761330553828796,0.121086050896994,0.551389169405938
1773,HighConfidenceCore,Train,54.4909710897461,33.1003017703786,38.782537546645,0.435583496387865,0.684039464565922,0.12664429415666,0.556799162869757
1774,HighConfidenceCore,Test,53.5335984672507,31.4273189155883,38.725060517299,0.526882598291073,0.834613737116094,0.166056466374067,0.566810378404898
1775,HighConfidenceCore,Train,55.9726345410138,40.3205123816992,40.5535970954779,0.450704807656442,0.665804985508402,0.133961843392916,0.541980600790701
1776,HighConfidenceCore,Train,57.0540319702086,40.2590757329134,39.0278685441604,0.471554060878232,0.948161959073761,0.0804749490157844,0.531651083308678
1777,HighConfidenceCore,Train,59.2396626370025,41.9568060173948,40.3441142220326,0.447808639027243,0.78119016681655,0.109987506288558,0.511925282186642
1778,HighConfidenceCore,Test,53.6909756703773,34.7954280184727,40.0824738990408,0.535889279562027,0.755127321289005,0.101565884427734,0.554737721798427
1779,HighConfidenceCore,Test,56.5622731298738,42.6730149744169,41.1761668414322,0.468857344923191,0.783045878966939,0.0926289298988391,0.536299400679303
1780,HighConfidenceCore,Train,54.3087115923117,31.7907680393476,39.6758994831028,0.475709830198946,0.728406132774126,0.125620839489645,0.558677843307893
1781,HighConfidenceCore,Train,56.7013567852965,36.8089265057342,38.6616559536875,0.503417901123114,1,0.107326750694044,0.534976544644345
1782,HighConfidenceCore,Train,54.382227408954,44.8844605756307,40.3507016833516,0.503345054872005,0.86399204017881,0.148825676538686,0.551740763314508
1783,HighConfidenceCore,Validation,53.6569019179178,28.4838977863668,39.0102925867933,0.525452533317198,0.825423762151924,0.144664921885834,0.565500955322836
1784,HighConfidenceCore,Test,56.8100049193375,34.3704308683766,38.675377213396,0.506693237054619,1,0.14497461334442,0.53394767397594
1785,HighConfidenceCore,Test,58.1599943549253,41.4390292352645,39.4883282274128,0.49688329027333,1,0.0928766095677926,0.521484232475115
1786,HighConfidenceCore,Validation,55.7035864476385,40.8322221827428,39.7283717580738,0.438384223084911,0.660923450841065,0.119853141864446,0.544612854850447
1787,HighConfidenceCore,Train,55.2485038036371,44.6238987057058,40.3246835451281,0.481790515628975,0.962266310917307,0.124855728516759,0.549123549054226
1788,HighConfidenceCore,Test,58.8925796880869,39.8070106119702,38.8914896165606,0.505622214945078,1,0.0880203440013804,0.514959990232361
1789,HighConfidenceCore,Test,52.8243741462452,37.693832137848,39.7826124719011,0.461670686717115,0.825185961293337,0.0906417759887186,0.558088128805575
1790,HighConfidenceCore,Train,55.8289714610875,35.1120461594811,40.7723808964076,0.502587526913996,0.822810896451078,0.150318654512221,0.543382983631735
1791,HighConfidenceCore,Train,62.5428099803591,36.524210784854,39.9070012767732,0.457880146661243,0.729985984365124,0.123012881463498,0.484729924664074
1792,HighConfidenceCore,Validation,55.5423606419515,33.8913589446388,39.1875675412448,0.482749563191395,0.911711876241376,0.0803905856239641,0.546202440217497
1793,HighConfidenceCore,Train,61.3644811569771,33.169695666795,39.6489749579402,0.466026116554941,0.74160762935883,0.14307303598843,0.494095378708856
1794,HighConfidenceCore,Train,52.5067662835437,42.0941076552158,39.3403707735119,0.51097654175065,0.853028821891293,0.1031700938862,0.563029376832269
1795,HighConfidenceCore,Train,52.3731816232641,44.01665509348,38.7672302384146,0.446621317314867,0.853637382333115,0.0599139121629565,0.569433181693692
1796,HighConfidenceCore,Train,52.4918445193937,31.9161976046779,39.7761682796669,0.491187671257649,0.677486072742628,0.0901312546244093,0.558160130953443
1797,HighConfidenceCore,Train,57.3161058551249,37.2269531276424,39.0058563121313,0.496811190495456,1,0.0830402085762354,0.529206428627644
1798,HighConfidenceCore,Train,52.0645829891206,42.4140720312247,39.0998331432058,0.478316030496236,0.954155163792828,0.0577325528144887,0.565716948120606
1799,HighConfidenceCore,Validation,55.001150599767,35.4806612480658,38.517736266071,0.510996488395533,0.970909036692053,0.0955030688837104,0.551606579450889
1800,HighConfidenceCore,Train,60.8121355074371,35.7985415847972,38.6945786122138,0.469950865801417,0.674280267301023,0.102643012865126,0.498610406302365
1801,HighConfidenceCore,Train,58.300905702514,32.6233301044978,40.4958013246476,0.51668986953386,0.886609907148896,0.0586768889919902,0.520216571551214
1802,HighConfidenceCore,Train,52.8797096537149,32.9035654010667,39.0203958143588,0.483653308086876,0.917564238453807,0.0884199027320911,0.566604516040684
1803,HighConfidenceCore,Train,60.8049244272471,43.0074555932081,38.8901902086707,0.484501993808983,0.893445814912592,0.0964601793535994,0.498669894130005
1804,HighConfidenceCore,Validation,53.3261270393518,43.276965139013,38.8593498900504,0.473189135723558,1,0.0538940065760457,0.568403911843012
1805,HighConfidenceCore,Train,53.9138022059724,33.4945097652197,39.1881539794799,0.441192421142233,0.696613270539015,0.0825008040758225,0.562792037509476
1806,HighConfidenceCore,Train,57.204641435679,36.1623693699315,40.5623764676415,0.51357402503549,0.953060157389031,0.0606495021523608,0.530243443791161
1807,HighConfidenceCore,Validation,55.8857179633862,28.9714143808753,39.782230830908,0.483600716170298,0.700672000836546,0.160599270059073,0.542828184939574
1808,HighConfidenceCore,Train,54.355172061115,41.3519208305954,38.7074981424072,0.445885300074042,0.836830672479045,0.107077203412632,0.558197745187936
1809,HighConfidenceCore,Test,50.9905254960276,44.2935268452745,39.1760962046166,0.525254340326075,0.707301140798575,0.161516366037649,0.564864846875792
1810,HighConfidenceCore,Test,53.7141871480559,28.6067227941176,39.1405480777641,0.493817824778561,0.777494251127352,0.11393465240297,0.564894659113427
1811,HighConfidenceCore,Train,62.6711063699277,36.4849540146612,39.4150886897086,0.445685779169787,0.669680972297942,0.120284278521151,0.483731474308823
1812,HighConfidenceCore,Train,56.0453660485315,38.5378339469541,40.0505315800862,0.537253778809225,0.845889446195333,0.109452790715167,0.54127336550154
1813,HighConfidenceCore,Train,55.6645183560746,40.260931536922,40.2829220251089,0.501185895557714,0.910010501378448,0.116202472250199,0.544997196434399
1814,HighConfidenceCore,Train,54.0093006546819,40.4000020560168,40.8042160329286,0.450481319526516,0.710838417943062,0.145231216056706,0.546673563877893
1815,HighConfidenceCore,Train,53.1607257532725,32.0492302282833,38.7280252303032,0.499688925552436,0.976052499304335,0.118384793697243,0.569871226477059
1816,HighConfidenceCore,Train,54.3959707158675,30.5500337413106,38.7330289899435,0.553661556539846,0.751310855385889,0.143936965147404,0.557776829580538
1817,HighConfidenceCore,Train,54.7999937186701,33.6514561842628,39.2521983097751,0.540461562572865,0.841214568404288,0.12448902022531,0.553642399570339
1818,HighConfidenceCore,Validation,53.7362505816916,43.8327485199675,38.5166930284808,0.508575797389258,0.882885577061564,0.0804146152662399,0.564661488656095
1819,HighConfidenceCore,Validation,60.3853720203802,35.6864651939558,39.8012264516233,0.471660078562737,0.812072338333134,0.120484024985929,0.502155453703337
1820,HighConfidenceCore,Validation,58.4387027438457,41.3531029297801,39.3439775892407,0.480382181172826,1,0.107250843038086,0.518982839586774
1821,HighConfidenceCore,Train,56.3950439949466,41.1178027077789,39.1316209805631,0.440929064909549,0.68590412698919,0.103413248102321,0.53789859390363
1822,HighConfidenceCore,Train,56.7459544281729,42.0142610618124,40.6119988854857,0.474305058651946,0.817031756490669,0.125571562291724,0.53455373942315
1823,HighConfidenceCore,Train,55.0893052279795,41.8855204576043,38.5770211244081,0.472603573155707,1,0.077527360043211,0.550719090733917
1824,HighConfidenceCore,Train,53.3852481357382,30.1225727957831,38.6091819087899,0.441643756504841,0.726208725671439,0.161198373566608,0.568393803817115
1825,HighConfidenceCore,Test,56.4297996759337,44.478908869322,40.1337073872083,0.532115190472828,0.874443480470998,0.0500632510097691,0.537565449021245
1826,HighConfidenceCore,Test,54.0511025906999,38.0635420892818,39.6444363103919,0.54011828620435,0.709568109258454,0.0998066169094379,0.559631996531934
1827,HighConfidenceCore,Train,51.3637272494101,38.8163357133104,39.5971000974645,0.519652970249065,0.790832914379688,0.142702101692612,0.56016089276576
1828,HighConfidenceCore,Validation,54.5489445948092,37.5059091219131,40.0319561356042,0.551566621237667,0.657344747014569,0.0464121717798439,0.555302166082634
1829,HighConfidenceCore,Train,51.7082370203502,39.2676507450342,39.4213785627039,0.476041680512164,0.974739041103556,0.107828378382771,0.562124261869231
1830,HighConfidenceCore,Train,59.5550432962239,42.3141905073407,40.2471008272144,0.48464779238347,1,0.0935413200859407,0.509198435458683
1831,HighConfidenceCore,Train,56.6553338860783,42.9402492753237,39.8003057499829,0.527147227224252,0.874848508165367,0.106315767376238,0.535413559813045
1832,HighConfidenceCore,Validation,56.9698456938854,30.5852146240403,39.0849471661395,0.508157094592361,0.984683451004876,0.0606660664727169,0.532441155377291
1833,HighConfidenceCore,Train,61.8892785481245,42.6856567322206,41.1633846886599,0.479086908983379,0.845291293576121,0.0731679884555712,0.489880200183306
1834,HighConfidenceCore,Train,54.4253019106143,30.9977326280837,39.3862478372008,0.48989670983529,0.829003751663871,0.0880302143104151,0.557474612526696
1835,HighConfidenceCore,Train,55.7893632247855,33.2635524403863,40.5586578402869,0.53747475771933,0.740803869922849,0.157648166117615,0.54377089389054
1836,HighConfidenceCore,Train,53.6987337023964,38.7599086535123,38.8512198544055,0.520614654477625,0.866493053637712,0.131391542047688,0.565058088093029
1837,HighConfidenceCore,Train,50.5352128110524,43.3055997274981,39.2154686335428,0.465116895356983,0.830664503357518,0.10066031299881,0.564424931468795
1838,HighConfidenceCore,Train,62.8895520527937,41.9261939254265,41.1160234469664,0.464213517684013,0.737498372015956,0.0791223299054231,0.482040821635888
1839,HighConfidenceCore,Train,50.4991291588061,37.7532400017077,39.806077403851,0.498911777682698,0.66565429633223,0.141603040896014,0.557825950794961
1840,HighConfidenceCore,Test,54.5875558828892,44.9999507851994,40.0204887235941,0.524491467949582,0.732391180747005,0.143381614048464,0.555430293591127
1841,HighConfidenceCore,Validation,62.4147836471969,31.5443233026205,40.1234748281969,0.468367493234038,0.652387839011558,0.164740787258193,0.485730365107498
1842,HighConfidenceCore,Train,59.3107265485151,42.8485631235236,41.0741363497305,0.505572993925418,1,0.098594864573016,0.511308317822549
1843,HighConfidenceCore,Train,56.8404677880084,41.716782197157,39.202606674281,0.503795496557188,1,0.0958696628553455,0.533659904238779
1844,HighConfidenceCore,Train,56.4856228361251,31.6161869968784,41.4747906654522,0.524287495685065,0.676052461113698,0.0812851799859788,0.537031223316729
1845,HighConfidenceCore,Train,52.5406702338881,43.1472214372024,39.7723685808092,0.526649177382779,0.664544274578684,0.0626881338018144,0.558202585689282
1846,HighConfidenceCore,Train,58.4127292853391,39.6229053862142,38.6569900423793,0.454630590026314,0.861678042217848,0.107100223914402,0.519214941387033
1847,HighConfidenceCore,Train,50.5677204837952,32.8621111861193,39.2051112140531,0.519079162189643,0.701249366322651,0.0866694761566441,0.564540656826222
1848,HighConfidenceCore,Train,61.7131334228327,42.952456655258,40.5724266946007,0.446413123200199,0.681373617467742,0.0595778627039436,0.491287006802901
1849,HighConfidenceCore,Test,57.3845021832437,37.5749505567956,39.4712089821355,0.512707015933255,0.981036538463089,0.0730620534922567,0.528572094197014
1850,HighConfidenceCore,Train,54.7260419124564,42.8607595522564,38.5633662260573,0.547897261351622,0.680286652832197,0.0941677774942773,0.55439459558936
1851,HighConfidenceCore,Train,59.3034898339031,41.1143627715102,39.3586902210128,0.510429900814737,1,0.112059445291778,0.511371078083861
1852,HighConfidenceCore,Validation,53.6184046907593,44.585496455577,39.8746544599172,0.462787919992624,0.824461122599695,0.121151680385161,0.557059726704836
1853,HighConfidenceCore,Train,52.414896651676,37.9494392871328,40.2173456790113,0.537257839346374,0.669094676292186,0.109451081181596,0.553230774536186
1854,HighConfidenceCore,Validation,55.4007249531288,40.1500189228564,40.052282767664,0.521043875068006,0.919609858546473,0.107702387396195,0.547606513286741
1855,HighConfidenceCore,Test,51.1898383610116,36.3086171835504,39.6663441818594,0.514544972323922,0.804300154322243,0.130371098913092,0.559387215845146
1856,HighConfidenceCore,Test,54.392232969544,28.2718078508503,39.5968574782134,0.505812317531774,0.792250198142016,0.124762851567222,0.55781536525776
1857,HighConfidenceCore,Train,53.883478898518,34.1287137891126,38.6777440080919,0.539663666100957,0.716551398103307,0.14265842788996,0.563110440965588
1858,HighConfidenceCore,Train,55.8217912459299,37.6907861335791,40.0225587847921,0.495223502461501,0.971426007325357,0.104546524961516,0.54345326348649
1859,HighConfidenceCore,Train,58.5917511992058,31.7045173858289,40.148042233092,0.497204546932333,0.820451993094734,0.0577272973301394,0.517619359818921
1860,HighConfidenceCore,Validation,48.7956272701565,38.2671912661085,38.8688279588353,0.508389854062145,0.876337095603861,0.092854529240308,0.568298011633126
1861,HighConfidenceCore,Train,57.7019452119952,35.8115460514172,39.8623208684548,0.485756596858213,0.967265201035943,0.140523645176782,0.525647689223114
1862,HighConfidenceCore,Test,59.1097167501712,42.7233996583922,40.7603107880678,0.51171719292244,1,0.086354863656325,0.513057285960715
1863,HighConfidenceCore,Train,48.404939460035,39.3810440372673,39.2000972355245,0.506593685921008,0.838895986213715,0.131442665199134,0.564596678932688
1864,HighConfidenceCore,Train,60.555611425785,42.2890403341399,39.2966776803713,0.450090098486213,0.813720030740985,0.0539688326538585,0.500735315056388
1865,HighConfidenceCore,Train,59.5860614793662,34.9459993288461,38.5585478738964,0.499891051617547,0.914576617361967,0.067126411582385,0.50893180489976
1866,HighConfidenceCore,Train,56.0130375368573,41.1661178613988,39.0741310251048,0.540717963953411,0.834969505757694,0.12676803058428,0.541587498578844
1867,HighConfidenceCore,Train,51.0499148168034,37.0900817897673,39.1694390097227,0.448615634476849,0.722379445549439,0.0694751798364973,0.564939228941645
1868,HighConfidenceCore,Train,60.0128847144036,44.6548945734072,39.3663662014607,0.418907066152678,0.734326615044085,0.0377202942793371,0.50529084696005
1869,HighConfidenceCore,Test,59.4522027820443,40.4657612833656,40.7444992721107,0.50582151836701,1,0.077630427001534,0.510084437120516
1870,HighConfidenceCore,Train,57.4558414120343,43.4372477278467,41.2596057851336,0.450413715579948,0.715801555138898,0.0468495445351645,0.527912075262218
1871,HighConfidenceCore,Validation,55.0823255831405,36.6281997495163,39.1476431285633,0.531627915880132,0.860284285326983,0.111949752750542,0.550789254122136
1872,HighConfidenceCore,Train,53.7394613736725,36.6896173830969,39.3324288530988,0.512089617657412,0.936505183324698,0.122268879776122,0.563118113373198
1873,HighConfidenceCore,Validation,57.6753261448738,40.8252029134302,41.4572825938958,0.478501533074731,0.84745702384849,0.115376814824924,0.525891677584579
1874,HighConfidenceCore,Validation,58.9900025866366,38.2309411618013,39.4145216361765,0.445201788968073,0.671108857952082,0.12629206777856,0.514104571324604
1875,HighConfidenceCore,Train,59.8933172775023,37.7634793548687,40.3232370224437,0.481968779523929,0.917472864395438,0.130456837379543,0.506305568410354
1876,HighConfidenceCore,Test,55.027783432145,34.2003437135407,38.5111090261405,0.479928399133398,0.940246938110562,0.124798940002818,0.55133815606283
1877,HighConfidenceCore,Train,56.7990494977109,27.0895242308987,38.6585544031644,0.489239385727446,0.892854065053967,0.10028077404487,0.534051240641437
1878,HighConfidenceCore,Validation,51.7265960950832,39.6205831602094,39.8763252751822,0.507460141572606,0.738108759792985,0.0911229025386558,0.557041058377853
1879,HighConfidenceCore,Train,55.2614032982297,39.0448155768119,41.132308333333,0.485867558816074,0.834563687161089,0.165244844613603,0.543007728119185
1880,HighConfidenceCore,Train,53.6694176193483,41.5379166454087,39.317130053504,0.540300963292187,0.707813032286559,0.0718063945049653,0.56328904968152
1881,HighConfidenceCore,Validation,56.3704375181575,42.4550936873255,39.0683753629923,0.463590036714515,0.921364749290402,0.0828581667100498,0.538134703632101
1882,HighConfidenceCore,Train,55.6151683145211,37.9170576424505,39.2830292143932,0.544545812897517,0.829564537319728,0.0751800285615319,0.545483460977595
1883,HighConfidenceCore,Test,53.3425438994092,39.3114197018918,39.9612807485978,0.491877182692878,1,0.0937925023975331,0.556091835211198
1884,HighConfidenceCore,Validation,56.2192280743658,44.9535165238641,39.5557099501776,0.44077275941971,0.677211806479065,0.12826570886688,0.5395901607836
1885,HighConfidenceCore,Train,55.6605492692893,32.3596700904186,38.5556898094388,0.49826985646973,0.951138744835555,0.114687206509153,0.545036273455005
1886,HighConfidenceCore,Validation,56.613845597851,44.2279004242986,41.3000829685308,0.49205467904574,0.84298054408117,0.102546150031324,0.535808125077408
1887,HighConfidenceCore,Validation,54.665127402971,39.7973115471883,39.7924088932939,0.490897741613412,1,0.0656944931932124,0.555015712195014
1888,HighConfidenceCore,Train,54.099492016493,44.8106344370146,38.5303223564229,0.536640300376364,0.720772526775313,0.125437217837096,0.560850026368093
1889,HighConfidenceCore,Train,54.024834855028,35.3259930710591,38.532294071947,0.428753817867759,0.718300719487413,0.153790465709113,0.561629213247119
1890,HighConfidenceCore,Validation,49.6164421528421,37.6614477735522,39.3788769244301,0.515318960474372,0.75563042648293,0.110408484487733,0.562599140509161
1891,HighConfidenceCore,Train,57.3584198421985,44.0785710784473,39.34468427487,0.52737472903634,0.925045152226968,0.133945306396799,0.528813813628776
1892,HighConfidenceCore,Train,60.7431323379019,43.191648065859,38.7299405719169,0.454124631221813,0.768022293682548,0.129457475474215,0.499180227228196
1893,HighConfidenceCore,Train,60.4634983164165,40.3615704592668,40.30520184843,0.491519218009564,1,0.118808080432372,0.501502730562611
1894,HighConfidenceCore,Test,62.0067096101522,38.7887061403325,39.6596505630306,0.479143669591881,0.934748876114677,0.035918508119835,0.488946761758274
1895,HighConfidenceCore,Train,60.7152841544172,43.9021211204522,40.3121685856296,0.427276126874175,0.719076051526045,0.0935906965895863,0.499410561439838
1896,HighConfidenceCore,Train,55.1802724772895,28.3815591015224,38.8989031907992,0.504074765326322,0.924580665826908,0.0492743311535263,0.549806259022271
1897,HighConfidenceCore,Train,61.2735539170789,40.9452732298658,40.1110010879906,0.437383040398005,0.771289262347644,0.104593468117282,0.494833046231998
1898,HighConfidenceCore,Train,55.8508471650478,40.3983625250859,41.3151372717479,0.517976312117057,0.816777144300138,0.124882809619754,0.540964946684381
1899,HighConfidenceCore,Train,48.4454082609489,44.7416329638716,38.641199940039,0.529326054464639,0.688849925874914,0.116674954293173,0.570841341452078
1900,HighConfidenceCore,Validation,53.3710920070527,44.3650055885396,38.6972775266688,0.419421299451963,0.729735690160165,0.0470468045521997,0.568545360098105
1901,HighConfidenceCore,Test,59.2673748792633,32.2811611308166,39.7123187021692,0.505029692750498,1,0.131791851693511,0.511684513396136
1902,HighConfidenceCore,Validation,57.6150402242001,28.9082667695518,40.45585239086,0.503611707333142,0.711332714266989,0.0519676286485253,0.52644508727753
1903,HighConfidenceCore,Train,51.93132122287,39.3605818624392,39.9853604634777,0.46276040720289,0.768523471440964,0.116675975821666,0.555822788117567
1904,HighConfidenceCore,Validation,53.7546143987058,31.8698420864356,39.1157714921821,0.465443025348211,0.808362051067275,0.114589093607957,0.564467562389107
1905,HighConfidenceCore,Train,60.9013120767914,42.6458274443769,39.5539987536029,0.474847231225604,0.956498716860357,0.0359380725024192,0.497875908248693
1906,HighConfidenceCore,Train,62.3462551688355,36.1133540052733,39.6650528889895,0.464400435725172,0.777924063440691,0.0946927541595125,0.486267557728917
1907,HighConfidenceCore,Test,56.3040767632299,30.738885858733,38.7049568042461,0.453366727863725,0.74803699173515,0.089130869543241,0.538772492394743
1908,HighConfidenceCore,Train,57.6190201358548,40.5493060945807,39.8649413015602,0.471724027897136,1,0.141335582933681,0.526408516980631
1909,HighConfidenceCore,Train,54.6474135760777,35.4393103187677,39.3447763953215,0.487347652551584,0.961678237006653,0.129404787257206,0.555196591638023
1910,HighConfidenceCore,Train,55.6993252738803,41.6336502495258,38.7827900395622,0.538612573755156,0.816036471742215,0.0972833756014686,0.544654748958056
1911,HighConfidenceCore,Test,58.3743073581827,44.4063443965841,40.6313180690988,0.488155416067828,0.99485370972098,0.0188227228262969,0.5195586628862
1912,HighConfidenceCore,Validation,62.0844598115215,40.9369071402333,40.8198630670267,0.486953407922868,0.935647413756905,0.0543387014895249,0.488330682309313
1913,HighConfidenceCore,Test,55.4990376064628,29.5295931530656,38.9369149608965,0.539941501246372,0.907665134515412,0.0544926181093686,0.5466311524589
1914,HighConfidenceCore,Train,54.0478027021426,37.2047714667611,38.7033851106421,0.437821774561939,0.884097322243483,0.103124770338888,0.561389271625112
1915,HighConfidenceCore,Train,57.2347193690246,44.872458859324,39.7174631569932,0.516840194544625,0.970445309119553,0.121865035804692,0.529963214221834
1916,HighConfidenceCore,Validation,58.5017791718384,34.5639115331281,41.4025486437871,0.493655904661172,0.739080558350217,0.160785021991016,0.518420039387178
1917,HighConfidenceCore,Validation,50.9902380817341,36.5129221803097,39.4954050573972,0.498583909452223,0.904142199007883,0.108206124389643,0.561297150196679
1918,HighConfidenceCore,Train,52.1995721818255,37.2850583715348,39.5095640437504,0.448023435872842,0.708995422073868,0.0949907024733615,0.561138949231839
1919,HighConfidenceCore,Validation,54.7903041567953,39.1053938642177,40.4254085400495,0.439197936007119,0.755460501480954,0.0775343118234994,0.550906049831849
1920,HighConfidenceCore,Validation,59.9008165150291,37.031868493683,40.8322700119522,0.482984602525258,0.921182868652126,0.062645695861497,0.506241806284002
1921,HighConfidenceCore,Train,59.9506735241204,31.4745535791962,38.512500233944,0.477839347179132,0.781553310236441,0.0995806195427462,0.505818303562964
1922,HighConfidenceCore,Test,55.280222790948,27.9946732601393,39.7956568558813,0.53561275350285,0.859066526697796,0.0657875804317131,0.548806748597167
1923,HighConfidenceCore,Train,56.1073925569712,44.4596325595463,38.7352774692292,0.483186836010273,1,0.102843152827799,0.54067167337221
1924,HighConfidenceCore,Validation,61.7243623495032,39.5533143520594,40.4007939374346,0.466366186405573,0.884084466228337,0.100362208331053,0.491197085865003
1925,HighConfidenceCore,Train,56.4871121345526,33.9150428583571,41.2686653926527,0.515012180064028,0.805585073848903,0.0593431184444461,0.537016985243277
1926,HighConfidenceCore,Train,50.028065641747,40.442630871364,39.5420399134275,0.503569061110372,0.733963539259832,0.0857925305359103,0.560776090352766
1927,HighConfidenceCore,Train,57.7517342794364,40.9780755957774,40.0651929120634,0.457805342580166,0.969142480266357,0.157174018223489,0.52519193017484
1928,HighConfidenceCore,Train,56.7920016292989,33.2063171092492,40.7049094686939,0.500971609652109,0.738145339515413,0.125796919238253,0.53411788852082
1929,HighConfidenceCore,Train,50.8467373989612,33.4637756745717,38.9834286568362,0.454362034725936,0.748733580566024,0.0663287344007222,0.567017556906858
1930,HighConfidenceCore,Train,56.144359754972,42.9584526092851,41.2874344162808,0.537277885305719,0.749593747719142,0.121799689269337,0.540313702981511
1931,HighConfidenceCore,Train,58.6373615590031,43.4257829795764,40.4681305168932,0.517206483976327,0.966383893744187,0.0738954051175278,0.517214402370505
1932,HighConfidenceCore,Train,59.782617216004,34.5725260207553,38.8693412528369,0.462427858440731,0.812738298131554,0.143142314536408,0.507248654550941
1933,HighConfidenceCore,Train,55.2946123689593,39.71682025757,39.3174031933845,0.510422682845486,0.949439501066153,0.068824339551387,0.548663149322013
1934,HighConfidenceCore,Train,61.451156546477,28.8699523330979,40.3844038601938,0.475505203870672,0.65104864768133,0.14196073652316,0.493394237542609
1935,HighConfidenceCore,Train,57.2518731283756,38.9337575985137,39.8395375749321,0.454462540355993,0.820239347784979,0.158285352524698,0.529803528219959
1936,HighConfidenceCore,Train,58.5755822176014,35.6634383616775,38.7853548247677,0.454994404281402,0.871047963802574,0.114840613419731,0.517763069612885
1937,HighConfidenceCore,Train,54.0526217994401,40.2551261503952,39.4973872682608,0.502011658301991,0.983091122571978,0.0403659001182495,0.561275002589265
1938,HighConfidenceCore,Train,60.2613654202583,40.5652349357854,39.1910297458924,0.487949795582932,1,0.129085902706321,0.503194968986637
1939,HighConfidenceCore,Train,53.2043290579632,38.6033589391953,40.3506216991414,0.433614170630372,0.650256850732185,0.0983123834916561,0.551741656992833
1940,HighConfidenceCore,Train,61.5847828528561,34.5235882314063,40.5110258912503,0.473863815754671,0.927434443095487,0.0189609592134619,0.492317164191078
1941,HighConfidenceCore,Train,60.1776705864338,39.5587762168039,40.2463426412442,0.449393830037565,0.83621920830604,0.0909074361965493,0.503898982674758
1942,HighConfidenceCore,Validation,55.6999506832375,31.4115349504674,39.6834099711528,0.487775744549381,0.929751386692882,0.135167814027856,0.544648599789155
1943,HighConfidenceCore,Validation,58.5465770944792,34.4962859534681,38.556282445117,0.462481900215505,0.919678299186217,0.0753399266838923,0.518021065856238
1944,HighConfidenceCore,Train,58.1196226967522,43.7792150779655,39.3744885293943,0.485892979461323,1,0.0752825678579265,0.521848555180049
1945,HighConfidenceCore,Train,47.5605926392192,42.7088752707118,38.5488388450818,0.521079676905287,0.750799453760649,0.145457239211892,0.571873308993499
1946,HighConfidenceCore,Train,55.2912870387872,44.1276506186904,41.4536540758993,0.494292198909699,0.72419042441656,0.138562589789591,0.53941727289498
1947,HighConfidenceCore,Train,62.8325539917067,38.7101643079641,40.5548956618761,0.479699898370145,0.887847040843148,0.103436946455449,0.482480822632583
1948,HighConfidenceCore,Test,58.6926888502012,42.7346542271496,39.0603593133059,0.485100694806504,1,0.0798787053996104,0.516724016697446
1949,HighConfidenceCore,Train,54.0076376773816,34.8974362767817,38.8851357341503,0.524195182603576,0.829550025100597,0.115951394832877,0.561809003167622
1950,HighConfidenceCore,Train,47.8282735986263,44.8548397357708,38.758169333116,0.484347680197161,0.7939935246379,0.127545244694996,0.569534420859039
1951,HighConfidenceCore,Train,55.1841049349276,30.6870808956314,39.7708212159048,0.549569542836564,0.846462788560919,0.120349525504402,0.54976786741345
1952,HighConfidenceCore,Train,57.6354815491813,44.3684133746733,38.7622838310615,0.451222286550916,0.855481565089983,0.113606579041953,0.526257311296522
1953,HighConfidenceCore,Train,56.6270234801946,42.5501839116437,41.4237707598806,0.514981593369805,0.879070669537043,0.123003559725331,0.535682737062259
1954,HighConfidenceCore,Train,47.6984209596243,34.2863623500818,39.4898548447702,0.482270687630876,0.725686107127038,0.133999272396811,0.561359163745585
1955,HighConfidenceCore,Train,54.6801604269115,35.2521669702695,40.3483664836718,0.441226082598234,0.687029277895767,0.121800003010575,0.551766854931041
1956,HighConfidenceCore,Train,53.2973908772664,40.9682968619794,38.7193196705091,0.486166710800871,1,0.0768091433423623,0.569335709082736
1957,HighConfidenceCore,Train,56.9854262370279,32.0364395867729,39.2451399262366,0.466243443143753,0.831091441330397,0.103845588954995,0.532294758928717
1958,HighConfidenceCore,Train,61.4032331063423,40.7614773840318,39.8886831220648,0.49069060982811,0.924416270625205,0.115920967311519,0.49378165882847
1959,HighConfidenceCore,Train,62.9066821910006,42.4570677746061,40.2361104937394,0.447604031550342,0.789561558100053,0.125519860030318,0.481908740018781
1960,HighConfidenceCore,Train,57.0768579748646,35.0116308453382,39.303877504492,0.469846283041227,0.883124159543886,0.0949936422198399,0.531437267262212
1961,HighConfidenceCore,Train,59.8940774763662,42.2863237056032,41.3925287090866,0.469123025893209,0.813466927854593,0.0847945056800443,0.506299104106524
1962,HighConfidenceCore,Validation,53.8116696637939,40.5622851498727,40.1338798512353,0.458878483674457,0.833825586841377,0.0994997151951882,0.554163353617483
1963,HighConfidenceCore,Test,57.6503292410263,44.8825667786337,40.1034490475983,0.506357524544013,0.974603206531453,0.086412644972651,0.52612100245721
1964,HighConfidenceCore,Test,54.692794009907,28.5881801914812,38.6644021076136,0.530543941061825,0.888771599650384,0.135157325145718,0.55473343732402
1965,HighConfidenceCore,Train,56.9667756328064,41.4628191875751,39.5633858633536,0.519564575465073,0.932714855106556,0.110346387527574,0.532470011443533
1966,HighConfidenceCore,Validation,54.9448844799614,44.146401591867,41.2171490703704,0.525299519721171,0.687130814427272,0.104935264685834,0.542059786923236
1967,HighConfidenceCore,Train,51.7371938854027,28.6958205368675,39.3417243055577,0.504358997851702,0.683725968734745,0.146525725069803,0.563014253569188
1968,HighConfidenceCore,Test,60.0138631210012,39.759057151719,40.0098142923644,0.457182097477653,0.910564707451428,0.0344682983364868,0.505282560289399
1969,HighConfidenceCore,Train,60.1704999140716,44.2314700957307,40.5103758568154,0.436988691795625,0.838197294814156,0.0333852493349853,0.503959391122929
1970,HighConfidenceCore,Train,55.6703720642447,38.6165715603022,39.5678712314793,0.513290191088238,0.968604227794597,0.10551065508078,0.544939574838799
1971,HighConfidenceCore,Train,57.4069037011039,39.9184426097399,40.094730648993,0.482642146203549,1,0.089082605908691,0.528364662320456
1972,HighConfidenceCore,Test,53.8572421841859,32.9002077798541,39.9135546521975,0.498696007342854,0.882838229251462,0.133550957486946,0.556625087684944
1973,HighConfidenceCore,Train,56.2488889995053,35.1668944523567,39.2822767842615,0.492827230733901,0.976204770586368,0.102142214197536,0.53930404444554
1974,HighConfidenceCore,Validation,48.4248129551937,37.5263950002567,38.8721579972679,0.452616128735996,0.65755626475769,0.105369012940393,0.5682608044998
1975,HighConfidenceCore,Train,56.0570342097121,37.0452278767523,40.4707860440542,0.443420727887964,0.662357953136256,0.127179643070016,0.541160076073291
1976,HighConfidenceCore,Train,52.206596908625,37.8423702185234,40.3935886806332,0.460068708202599,0.716302460356473,0.106468066458303,0.551261578987338
1977,HighConfidenceCore,Train,58.2594394352661,43.3600193373585,40.1599799983759,0.481766336287345,1,0.105970488311294,0.520588971944949
1978,HighConfidenceCore,Train,56.2050555285066,41.4696411472438,38.7600529067089,0.450280002586579,0.8973615603016,0.0551922002999577,0.53972697915099
1979,HighConfidenceCore,Validation,55.3424527805226,31.7823137410283,38.8310943325765,0.502529839096692,0.96129971452156,0.0785057063240988,0.548186267818178
1980,HighConfidenceCore,Train,60.3821039702579,35.4626469935985,41.0167057297315,0.478751221318656,0.798538406232644,0.0627649409754742,0.502182794144192
1981,HighConfidenceCore,Train,61.7626818357161,35.2533475125458,39.2621152394576,0.463412708412162,0.70855812370814,0.121978054801945,0.490890470642746
1982,HighConfidenceCore,Train,58.2030423099158,44.4686380921949,40.2234685363346,0.435276714475125,0.819204998107404,0.0571741558609334,0.521096315061579
1983,HighConfidenceCore,Train,57.350781565331,43.1557484823524,38.740436061876,0.526684732589447,0.922133245449983,0.100045343258226,0.528884643372322
1984,HighConfidenceCore,Train,55.0987976261445,44.9919473512573,39.9076491761278,0.46717502152581,0.892187978631849,0.0994678985708022,0.55062369623699
1985,HighConfidenceCore,Train,56.4989073287611,34.9754520148427,41.1512704059268,0.466247189295411,0.708118030525216,0.0743955378846269,0.536904246687471
1986,HighConfidenceCore,Train,51.8538452185588,36.5668211833591,39.9267157691493,0.475807269152021,0.768505801198346,0.0994436603670694,0.55647803609889
1987,HighConfidenceCore,Train,54.8412175678574,42.5041011110486,40.0521117329226,0.436686018563724,0.762795608057206,0.0485772461698466,0.553223974463297
1988,HighConfidenceCore,Train,51.8423690403058,33.5335068570691,39.7577838070022,0.524355021267893,0.651479118248705,0.129425638610302,0.558365544055841
1989,HighConfidenceCore,Train,53.1783248980746,35.8030768948109,39.9183274169969,0.465408288677717,0.79732569347338,0.0864755971439151,0.556571760703945
1990,HighConfidenceCore,Train,58.6226038441837,36.0110513517798,39.6434622000491,0.472029406338726,0.858244050122671,0.137245842157141,0.517345361681277
1991,HighConfidenceCore,Validation,57.3306968790624,36.9561407095242,40.000493260957,0.526468309288156,0.935527154833012,0.0732051151494921,0.529070978734959
1992,HighConfidenceCore,Validation,52.3701964860865,28.2423995719028,38.8151458254154,0.502548618371312,0.870463972761038,0.108649446320551,0.568897812006532
1993,HighConfidenceCore,Train,54.9218900120909,31.2976990533503,38.6720837435231,0.45361015246241,0.792691699836791,0.11713882039968,0.552406960563168
1994,HighConfidenceCore,Train,47.6271869632039,34.243349966224,39.036009475908,0.510619740918657,0.868729585889253,0.069126640667617,0.566430061721698
1995,HighConfidenceCore,Train,54.3371403109564,37.5931888525039,39.7345377226202,0.495733236253758,0.978071884509965,0.0670642189462039,0.558383978351346
1996,HighConfidenceCore,Validation,58.0566428657816,42.9869492317348,39.8098239836857,0.469797641010838,1,0.0806413694323796,0.522417910755204
1997,HighConfidenceCore,Train,57.8412669875835,32.806612794143,39.4454640016843,0.501498428645951,0.978771186591466,0.0747190398230818,0.524374339959534
1998,HighConfidenceCore,Validation,61.9023513247975,38.2275116562199,39.0937024749625,0.474178247402731,0.758425297252318,0.105022663036379,0.489776111846666
1999,HighConfidenceCore,Validation,51.1780925937772,36.6652147252085,39.5361351521442,0.469918253628725,0.735976899168632,0.127070280220958,0.560842065339171
2000,HighConfidenceCore,Train,52.2483605463245,38.6717152332468,38.8987639410001,0.493260300338296,0.947146546657607,0.0969585736569167,0.567963531385474
2001,HighConfidenceCore,Train,51.8946777752476,41.5248612201146,40.1665586797762,0.487203225390288,0.658919753901867,0.0971129657594873,0.553798227041607
2002,HighConfidenceCore,Train,60.6849948200212,41.7247578324132,38.6388854121424,0.487325547431485,0.84875759829694,0.0704809045693632,0.499661326584411
2003,HighConfidenceCore,Train,50.360186020275,32.908831356115,39.2252108173675,0.47468893177782,0.798236788718863,0.0709626658491561,0.564316080252877
2004,HighConfidenceCore,Train,48.151532868638,32.974926821379,38.6852800167038,0.501754518928288,0.853253156548332,0.0921112216697552,0.570348826629008
2005,HighConfidenceCore,Train,55.8402678516948,35.8214942404117,40.1825225409113,0.535475651616032,0.892560902386791,0.0576408383042506,0.543272451289364
2006,HighConfidenceCore,Validation,53.7712363874529,35.5224621216208,39.5735713982314,0.500678045002296,0.969096880947347,0.136553119987806,0.560423783259984
2007,HighConfidenceCore,Train,58.8956339123006,32.0338694948851,40.7212613417602,0.50406371715887,0.813474915207807,0.108948751819794,0.51493312973628
2008,HighConfidenceCore,Train,60.2328265507704,43.2751304271711,39.5144264330132,0.437268198917695,0.736086178165506,0.065051921462653,0.503434808837804
2009,HighConfidenceCore,Validation,56.9718522683929,44.5903744813098,41.3709096046723,0.523862811445204,0.837065976375128,0.130876888805378,0.532422296896658
2010,HighConfidenceCore,Validation,57.9298164011109,30.5821423913726,39.6849655031952,0.518034813293699,0.976882838565458,0.106060748635039,0.523568214696
2011,HighConfidenceCore,Train,57.4270540797681,36.3982452939069,41.1272754553806,0.515309177354629,0.965714008807208,0.139884725350133,0.52817821362783
2012,HighConfidenceCore,Train,54.0210768173351,31.6358292986122,39.2409253374088,0.504599722261789,0.957081903477786,0.0626563260742422,0.561668492320972
2013,HighConfidenceCore,Test,57.8045753720713,44.7468544152638,39.9754938532794,0.476454961191223,1,0.0949005357877965,0.52470909229338
2014,HighConfidenceCore,Train,51.4133427004726,41.095101925057,39.5024825843598,0.520289836073263,0.721926917283805,0.117864450525004,0.561218071683131
2015,HighConfidenceCore,Test,56.5184739804552,43.0206309458656,40.3467664341383,0.490368692941138,0.948427072939713,0.129770499916579,0.536717332257567
2016,HighConfidenceCore,Train,59.8074768778318,36.3878655882839,39.0832247517516,0.479687591105253,0.981001562759735,0.0602300745900684,0.507036563861576
2017,HighConfidenceCore,Test,58.93882250557,36.6409666479426,38.823886236708,0.508852047482717,1,0.0770252266274122,0.51455360394445
2018,HighConfidenceCore,Train,53.9047718951926,38.1909515720779,38.5491081536845,0.50288768002963,0.977013307850286,0.137697200893855,0.562886820916507
2019,HighConfidenceCore,Test,52.2997594341192,44.8205100057953,38.8156383655546,0.472000060919773,0.959798185521084,0.069398926452085,0.568892308764753
2020,HighConfidenceCore,Train,58.1102052721632,44.0280652431053,38.5176440621741,0.499339348319097,0.98812033717609,0.0679535960671227,0.521933612902112
2021,HighConfidenceCore,Train,55.9376070588194,39.1443094025163,38.8506620539045,0.454763063901661,0.874361471415717,0.102981256108104,0.54232186133605
2022,HighConfidenceCore,Test,52.3550432327917,33.1882491952353,39.7352015034785,0.471155500927826,0.693593312413547,0.084080721943724,0.558617860296329
2023,HighConfidenceCore,Train,59.3513168989866,37.6277763058429,41.1721560467963,0.486609769227173,0.881072443180667,0.0846456445571204,0.510956582495322
2024,HighConfidenceCore,Test,55.8104934262095,33.8287038954149,40.9327111524667,0.528326688713285,0.729317183876603,0.137777462923282,0.543563883014782
2025,HighConfidenceCore,Train,55.0847222414911,35.5636959246969,39.2832249268511,0.452540375617516,0.79675431066239,0.0842461684488803,0.550765159534992
2026,HighConfidenceCore,Train,53.4914630291754,44.3696006889006,39.4353728380205,0.490373436118936,1,0.105037687075669,0.561967901251167
2027,HighConfidenceCore,Train,54.0836815083079,32.1791630848937,38.8319720311201,0.457985999100091,0.832650243433382,0.142615488261142,0.561014858997981
2028,HighConfidenceCore,Test,48.432475058436,32.0724743217055,39.0721561566923,0.481787627820318,0.794171658013443,0.126208079813417,0.566026188193382
2029,HighConfidenceCore,Test,50.4782105971101,37.3551949259539,39.4074536412467,0.449285156895439,0.65688287559421,0.137399594928105,0.562279847583836
2030,HighConfidenceCore,Test,52.3954122365586,41.7795726282732,38.8497121263126,0.419777103230301,0.652411227759173,0.0897665961426845,0.568511596354049
2031,HighConfidenceCore,Test,54.5130133736933,44.7184508179868,39.9798327897879,0.449478482402063,0.773221088839719,0.108646354104518,0.555884549834772
2032,HighConfidenceCore,Train,53.9157218082527,29.0050280126085,38.5251729531547,0.562752958469374,0.689012943388479,0.185283464416269,0.562771893187023
2033,HighConfidenceCore,Train,60.5586201880354,30.4625063327481,39.7050297733715,0.500462465293772,0.766989676834992,0.142131396997109,0.50071028773913
2034,HighConfidenceCore,Train,55.3616194096582,39.2293194808755,40.6947619189617,0.464331242199715,0.753350387527005,0.124698969725503,0.547896514871937
2035,HighConfidenceCore,Train,52.2087901975744,42.3022244111923,39.8180484512332,0.450651428596311,0.713342625412573,0.0581865834811385,0.557692196075606
2036,HighConfidenceCore,Train,58.7310210102519,34.5595216049747,39.9457367599624,0.464498123568648,0.753965226590438,0.117110306007627,0.516384806790185
2037,HighConfidenceCore,Test,57.9693573150681,39.6930539565326,39.3807446700756,0.520398274803525,0.955234720558796,0.0889480319780344,0.523209042377481
2038,HighConfidenceCore,Train,61.3632056465445,43.5635605415641,39.5165750924235,0.493748212251295,0.987582290799679,0.0198240152054933,0.494105711453615
2039,HighConfidenceCore,Train,53.7672822723994,43.6174856171516,40.1767886577618,0.504389966597773,0.771713663642809,0.133276629645375,0.5536839256116
2040,HighConfidenceCore,Test,59.9660408881192,38.9349189027678,41.0185738640294,0.466520732333455,0.686859841319439,0.0995540326299405,0.505687909827371
2041,HighConfidenceCore,Train,56.147811053062,32.9138306700244,39.1719471172518,0.529977528550194,0.959097964734563,0.121917620520778,0.540280306531851
2042,HighConfidenceCore,Train,58.0990935552088,35.5654157817815,38.9070275843585,0.518681260179238,0.983028565246482,0.0660304575461037,0.522034008852712
2043,HighConfidenceCore,Train,53.5580074000629,39.8242956474783,40.1714479997209,0.544985441740607,0.76832995536055,0.0422521138822202,0.553743597768481
2044,HighConfidenceCore,Train,50.3906951167343,40.2631040237303,39.6858402188739,0.484208757968874,0.681516707813636,0.125289384354827,0.559169383029341
2045,HighConfidenceCore,Train,56.2235034525703,44.152800790436,39.0027049272574,0.531956038971273,0.782625686490177,0.167490849712654,0.53954890084772
2046,HighConfidenceCore,Train,54.4173827715117,33.8062921828957,38.7009267774349,0.520112975793532,0.948068716973597,0.156794000460444,0.557556176104252
2047,HighConfidenceCore,Train,51.9498084838289,39.9120662984119,39.310684338652,0.517099600109208,0.817038584946373,0.0864930465596595,0.563361068841877
2048,HighConfidenceCore,Train,59.3167440329593,36.292399541097,40.391463139409,0.510812510864424,0.951617991696265,0.0934973778483978,0.511256142971207
2049,HighConfidenceCore,Test,54.9735809008102,34.4925096198901,40.4319748918986,0.529163029372418,0.734923107982111,0.0822657338298128,0.550832682772082
2050,HighConfidenceCore,Train,57.2694357929395,44.452631468467,40.0071105021563,0.447243538798098,0.938208299000271,0.113899440356831,0.529640134788279
2051,HighConfidenceCore,Train,56.4710853170278,30.4697447328666,39.519214417245,0.51336338659381,0.980186692052079,0.071139912365218,0.53717024515734
2052,HighConfidenceCore,Train,55.0064754870439,41.0827784986156,40.1521772841848,0.477518144101523,0.974909282200508,0.0663967416372306,0.551552890907996
2053,HighConfidenceCore,Train,52.8286340415051,35.2162968783578,39.4713812687538,0.475328837140758,0.886397696525142,0.129581790429353,0.561565572416158
2054,HighConfidenceCore,Train,52.0770727366852,29.6927010648325,38.6868563549967,0.52590052457465,0.798399406175125,0.16021374154003,0.570331213910651
2055,HighConfidenceCore,Train,55.8517486321916,24.7707558194222,38.5189023105897,0.500169630317764,0.876631705279643,0.137267820107048,0.543160160550788
2056,HighConfidenceCore,Test,55.8595334922555,35.4907069882051,39.9247556998631,0.473501604626222,0.861413590835112,0.0933158779055521,0.543084044977375
2057,HighConfidenceCore,Train,50.6884331951431,44.3499232640429,38.7947325971111,0.479082938050186,0.863746421479001,0.124208167446009,0.569125892769709
2058,HighConfidenceCore,Train,58.9796417481196,33.4760921371804,40.8926567205815,0.488375018744364,0.799746770806929,0.0973625939649048,0.51419541007508
2059,HighConfidenceCore,Train,57.1693189234345,28.1789138109863,39.9444740106455,0.527781415292962,0.8982710983533,0.0636215905430562,0.530572912436709
2060,HighConfidenceCore,Train,50.5187068175655,39.449236804191,38.697452523405,0.489862900505477,0.915312918325756,0.0979051924801521,0.570212820967542
2061,HighConfidenceCore,Train,54.2098727000744,42.7358594977424,39.1906703622218,0.502484002754241,0.976077778512852,0.0921056782482479,0.559701930122004
2062,HighConfidenceCore,Train,59.3519736891997,42.3943948068734,40.1087351792527,0.469486498394904,0.972029176952333,0.131914226805056,0.510950895040763
2063,HighConfidenceCore,Train,60.0428184082674,27.1575444367455,39.0911874905347,0.480894051597416,0.665405426970799,0.0487509275149968,0.505037444088398
2064,HighConfidenceCore,Train,55.001759350528,25.4536468570325,39.9689258701799,0.538694670233972,0.702830188534887,0.118223468052811,0.55160044115311
2065,HighConfidenceCore,Train,56.0900398593283,39.1011209448189,40.4809607222105,0.470773261080747,0.837472357361509,0.129474606483969,0.54083987026044
2066,HighConfidenceCore,Validation,57.1716845375433,33.7743403833113,39.0997410063537,0.519110242510604,0.975809476946312,0.135553074718184,0.530550834591357
2067,HighConfidenceCore,Test,57.6528011583975,33.4146735853974,40.7078498623104,0.474634627366581,0.667752740098004,0.0922085535012547,0.526098315903023
2068,HighConfidenceCore,Train,54.1198017159091,36.1707702776502,38.6866040802454,0.505233314173588,0.968543431565883,0.110695630556325,0.560638428686871
2069,HighConfidenceCore,Validation,57.3619706775039,35.62477882144,39.7560461810473,0.502793139913686,1,0.0911205086100933,0.528780893154757
2070,HighConfidenceCore,Train,55.9502712036755,31.9568162442612,39.8041467433104,0.450375212958865,0.664877175971016,0.0983245536299357,0.5421984296726
2071,HighConfidenceCore,Test,59.3312383683661,38.2691121656381,38.6204825980713,0.480983456151231,0.893465579830404,0.152861745909815,0.511130512675494
2072,HighConfidenceCore,Train,57.3003798569811,33.19212715668,38.7043607721945,0.433135745770802,0.66796906299355,0.126158231124284,0.529352491835769
2073,HighConfidenceCore,Train,54.8678596151518,38.4814936933336,39.3956052733251,0.44050030005879,0.692498979228696,0.0823496035139386,0.552953890200162
2074,HighConfidenceCore,Train,48.7009404976181,42.248101552253,39.2689279213876,0.512480757878939,0.714480401696125,0.137700523763899,0.563827620990083
2075,HighConfidenceCore,Train,50.835221423765,44.5347838388238,39.5185442481518,0.469449779484326,0.697802224141622,0.160423619038134,0.561038611752494
2076,HighConfidenceCore,Train,54.6689737074105,43.634811383364,38.8773212618231,0.527639443030572,0.774640896481503,0.0829113567704489,0.554976452297387
2077,HighConfidenceCore,Validation,52.0124370092266,37.5517383808452,38.5670223144655,0.43260289880231,0.654113199724929,0.118572005983139,0.571670141737816
2078,HighConfidenceCore,Train,58.9045037810176,43.4040345942643,40.7992454639233,0.465391697828398,0.717558397183508,0.0967138903487046,0.514855139114679
2079,HighConfidenceCore,Validation,55.1458251494011,29.5482442884566,39.2337961857492,0.492889919711374,0.811041568702835,0.114693145006838,0.550151574345992
2080,HighConfidenceCore,Validation,62.982895480132,32.8552838543247,40.3307920501311,0.475660250094614,0.719470595819533,0.103546297617918,0.481321969758004
2081,HighConfidenceCore,Train,58.7983516139406,34.2634085257608,39.9947098714465,0.508550085308052,0.973720797187873,0.117428407506526,0.515790053848513
2082,HighConfidenceCore,Test,58.3561285227461,44.0701879937475,39.5736622882568,0.49426483772074,1,0.124227811883103,0.519721447981425
2083,HighConfidenceCore,Train,58.6249676610814,32.2284201123332,38.9920900459717,0.480094387128087,0.892024058815127,0.0769828547289021,0.517324380839707
2084,HighConfidenceCore,Train,56.1748393522188,38.8827501706525,38.9176124718247,0.531584267667289,0.904823621745348,0.131912881207965,0.540018909386435
2085,HighConfidenceCore,Train,55.6085147879762,34.6615926792592,38.8745795326353,0.502077461814919,0.977026996065606,0.0914367328010666,0.545549086705615
2086,HighConfidenceCore,Train,50.1557889997106,44.9230581878803,39.0497543070668,0.490004189966958,0.847720381694362,0.125870249148681,0.566276488189198
2087,HighConfidenceCore,Train,61.7671717253833,43.9617588559043,39.6507489948699,0.449513728436626,0.812303452489963,0.0672701179141982,0.490854569472934
2088,HighConfidenceCore,Train,54.2489110583976,43.7281953744228,40.8683481805851,0.437557307289925,0.686086731451133,0.214086532390259,0.545957003568881
2089,HighConfidenceCore,Validation,60.1269650662309,31.5820761231407,38.9074146010795,0.50304193640592,0.768053896501377,0.108093777925431,0.504326454385305
2090,HighConfidenceCore,Test,62.6697434090244,37.2345459850129,40.5409041464308,0.463726614733248,0.740001967538447,0.127005525410059,0.483742059895006
2091,HighConfidenceCore,Validation,49.405527991817,35.5863412867808,39.1272215508423,0.452890594029337,0.718521861627929,0.0544832821591347,0.565410932392823
2092,HighConfidenceCore,Test,56.2481137155281,39.7863534735555,39.0566578500064,0.513674062282591,0.974066737462953,0.0965317809849408,0.539311519178623
2093,HighConfidenceCore,Train,55.8083001664201,41.8202063070339,38.8570679220281,0.517913442170323,0.974004234858036,0.116622103433779,0.543585362912635
2094,HighConfidenceCore,Train,55.799017044506,37.057308357516,41.095554874548,0.491362544931239,0.93183964431562,0.129777113936497,0.543418381289966
2095,HighConfidenceCore,Train,51.7552541210492,28.9234236368016,38.5951817758346,0.503744995827835,0.958441922094711,0.086643292503344,0.571355510884529
2096,HighConfidenceCore,Train,62.7442435573018,33.7805268975806,39.7909507391392,0.448011830998838,0.668626489050886,0.175939650160662,0.483164120731521
2097,HighConfidenceCore,Train,54.3681524284945,35.4681067185607,40.4587905041816,0.497820950534136,0.814128550789407,0.0646860466589981,0.550533066992384
2098,HighConfidenceCore,Validation,52.5144030607813,44.3848814510446,38.8181519746614,0.515998233576291,0.902586677397146,0.0355904564813827,0.5688642237468
2099,HighConfidenceCore,Train,57.4969236589329,36.7568262555531,40.2875937437015,0.527495170063501,0.925250870126974,0.0815157050858327,0.527532732167503
2100,HighConfidenceCore,Train,61.7128461886746,38.2479313740686,41.096876603711,0.482908333981447,0.72894324726208,0.111313488921997,0.491289307395419
2101,HighConfidenceCore,Train,54.1232253259867,29.9261041395554,39.4380898392409,0.532328936653661,0.846716658750757,0.0911937076672225,0.560602775264648
2102,HighConfidenceCore,Train,56.1976588316767,38.7822342043009,39.3745572164263,0.447184128288728,0.798557046595093,0.0421845804081736,0.539798412499097
2103,HighConfidenceCore,Test,51.5751442977092,44.350563908114,38.601659410944,0.484044991057417,0.939739909185897,0.111549320168391,0.571283135073252
2104,HighConfidenceCore,Train,51.9794473930462,31.7405437858901,38.6452885818822,0.475458305780639,0.891138695261613,0.099098876091155,0.570795658302992
2105,HighConfidenceCore,Train,59.9563518418025,35.9572403556293,39.1743790453758,0.443378293491565,0.807867526420108,0.0485010109997525,0.505770114640833
2106,HighConfidenceCore,Train,59.0767442511767,42.1018406237075,39.6923328848495,0.466667760279223,0.898144547340537,0.142414016347524,0.513345312976391
2107,HighConfidenceCore,Test,53.1392646551998,41.0251967030769,38.9299831065059,0.505261472590635,0.950420443767887,0.107434402727386,0.567614713893789
2108,HighConfidenceCore,Train,58.2326043190705,42.5519775616859,40.2383734549609,0.458555659816779,0.881315291081631,0.131755671017257,0.520830255519077
2109,HighConfidenceCore,Test,57.289989026631,33.7678160944038,41.0919320855691,0.493067111212521,0.713531868776237,0.145008496513625,0.529449045954964
2110,HighConfidenceCore,Train,55.1451665257799,24.6957043878817,39.4828867734739,0.510244940266554,0.695915752696809,0.0898589170660404,0.550158180884986
2111,HighConfidenceCore,Train,56.1173215341049,44.3467577823623,40.4774432508692,0.508659102588006,0.8921981442465,0.131317877831836,0.540575480192179
2112,HighConfidenceCore,Train,47.6763625086617,29.4291720441905,38.9434768751627,0.508291292370085,0.735719993731403,0.17049636900335,0.567463945528908
2113,HighConfidenceCore,Train,57.5262242232988,33.2049109403855,39.673382186286,0.491015265527898,0.943668189887383,0.0749555853854467,0.527262509174825
2114,HighConfidenceCore,Test,55.1946434136319,43.1725029751899,39.654069443589,0.544157448080265,0.70869779552412,0.0680611709208229,0.54966232578769
2115,HighConfidenceCore,Test,58.8634012797705,36.8280742801658,38.5367679591947,0.507672734715413,0.972423255100781,0.143552187496206,0.515216741418292
2116,HighConfidenceCore,Train,48.6068464244774,36.2800700924325,39.5712338751279,0.504211552443052,0.714434711399833,0.090226314983633,0.560449900836559
2117,HighConfidenceCore,Train,54.8674828677934,34.4376163264769,39.6884891669287,0.519270377231103,0.920513439014676,0.103733172442423,0.552957707655394
2118,HighConfidenceCore,Train,52.4169176725789,44.8702079849918,38.8744886478518,0.537577142075645,0.688014645663,0.0468948896001751,0.568234763711153
2119,HighConfidenceCore,Train,56.4854892080164,25.3957859572614,38.5039349800714,0.459588425983332,0.706117179657408,0.0945645198327374,0.537032500872293
2120,HighConfidenceCore,Validation,54.156422468805,41.7464387632732,39.7388567481904,0.50778780458804,0.889911845057106,0.0735560992342872,0.558577019573292
2121,HighConfidenceCore,Train,60.9583142808728,38.0622288711488,38.9871954280159,0.497196094376422,0.902007481018563,0.0855975667055969,0.497407538493423
2122,HighConfidenceCore,Test,54.0471043225543,27.0934632947756,38.5087954657799,0.469711860707338,0.774579852177954,0.12521121671887,0.561396564484778
2123,HighConfidenceCore,Train,56.1593565749626,41.5442937017099,40.0997347659236,0.511283795413532,0.939884454078096,0.130595808302592,0.540168616244431
2124,HighConfidenceCore,Train,54.2830154168448,39.0162284703632,39.1202771562566,0.467531308474538,1,0.0953580734806305,0.558943727071104
2125,HighConfidenceCore,Train,58.1735878549655,43.4793431724241,39.1364017326062,0.419896431969648,0.650858959482882,0.116099789488732,0.521361675543385
2126,HighConfidenceCore,Train,52.8080497642578,42.0272520355064,39.38094020512,0.459760083047016,0.820474134951448,0.0988543854079169,0.562576087093632
2127,HighConfidenceCore,Test,61.0778053311271,40.1736268635958,41.3494043424957,0.488329780865934,0.880946754460869,0.110882711826029,0.496428554032445
2128,HighConfidenceCore,Train,55.0765199359381,42.1814888866281,40.6824719117871,0.521169969124118,0.756188973756131,0.120429260244311,0.548033833387854
2129,HighConfidenceCore,Validation,53.4798355110394,36.2868072973964,40.4432620405244,0.458574270684989,0.735737168393548,0.0755862118177617,0.550706569379616
2130,HighConfidenceCore,Test,54.5736467170875,40.3918425306851,38.5570872417212,0.507517191340889,0.959722961658115,0.0967013063753269,0.555951102500704
2131,HighConfidenceCore,Validation,55.9571271802475,40.1003743774684,38.5482419118535,0.442949446068504,0.8444937204113,0.0787238754483768,0.542131630895585
2132,HighConfidenceCore,Train,61.4369058710285,38.7121179971123,38.8100921606314,0.479176642332582,0.681480622122723,0.134309445229443,0.493509379297772
2133,HighConfidenceCore,Train,55.115225564901,40.70863763661,38.8049916176599,0.481103800194304,1,0.0903341970158619,0.550458680198631
2134,HighConfidenceCore,Train,58.5641095328679,32.8255490530683,38.6253378214684,0.49264300658215,0.900565968360599,0.108061415476318,0.517865086881928
2135,HighConfidenceCore,Train,47.5351488033975,28.3376140977491,38.6789763377495,0.4964423879357,0.720995155801181,0.191732017690057,0.570419258796095
2136,HighConfidenceCore,Train,62.1154134939288,44.6242807509789,38.6351611116804,0.484693113906393,0.847250868898323,0.0573315561284039,0.488085839796937
2137,HighConfidenceCore,Test,54.3426211826694,34.6031989127636,39.7595662268257,0.449165470812159,0.708921315853507,0.10819167181029,0.55832735845521
2138,HighConfidenceCore,Train,57.4489127215527,34.7401879856416,39.5376387082279,0.481526111079708,0.942043637076569,0.0799283266382249,0.527976106507862
2139,HighConfidenceCore,Train,57.676682226821,40.1129917155623,38.8327260771204,0.521617568270345,1,0.0746435905796344,0.525879242395377
2140,HighConfidenceCore,Test,55.4629553040422,42.5758527126882,41.390454574683,0.470039719222834,0.755479976656469,0.152903558535235,0.540123412573374
2141,HighConfidenceCore,Train,57.7160372840901,38.8830086200574,39.4204264858572,0.481121828905881,1,0.0658362872484137,0.525518613463587
2142,HighConfidenceCore,Train,53.7430161432258,39.3123654610453,40.2286143653145,0.492054767291683,0.948662832831004,0.129715156140208,0.553104867426653
2143,HighConfidenceCore,Train,52.3413879505853,41.4934090587049,39.6370173389109,0.50320028763756,0.926443850937438,0.0379205747757695,0.559714890068035
2144,HighConfidenceCore,Train,55.0809060864718,31.3806732651619,39.9903619335841,0.541219266995168,0.828611783383717,0.128011776223251,0.550803525891742
2145,HighConfidenceCore,Train,48.8196656485914,42.5053127939665,38.8848800190238,0.494646152899037,0.862863648344239,0.0734529714167109,0.568118659005321
2146,HighConfidenceCore,Validation,58.3604015868112,39.5853405843812,41.1523509336869,0.485806452768324,0.89607549499198,0.0801519139919177,0.519683175074203
2147,HighConfidenceCore,Train,58.0126647896685,39.0360347210014,39.2742283384675,0.453113094533409,0.820253149075585,0.0794406062541802,0.522816218072307
2148,HighConfidenceCore,Test,51.8519055288138,34.0528411450552,38.8784207450102,0.502983784685472,0.852900713155876,0.0931536378642276,0.56819082966469
2149,HighConfidenceCore,Train,62.0350175914629,34.7309275375644,39.454737662898,0.487442561075221,0.847134489188857,0.116359123069093,0.488722275326604
2150,HighConfidenceCore,Train,55.1128596792014,41.0169172544229,40.4530477059522,0.514558571967622,0.840489709384825,0.0999602550348018,0.550482439081485
2151,HighConfidenceCore,Train,59.3533845124102,42.5011511315948,39.1317606980868,0.510858076438113,1,0.102764674401763,0.510938678486345
2152,HighConfidenceCore,Validation,52.5050692440281,29.9567160334287,38.7158040673842,0.459326919233293,0.830489849396681,0.148335345378325,0.570007775783417
2153,HighConfidenceCore,Train,61.4987398785153,28.7176518455363,41.0433159965513,0.488749288993402,0.662878696447255,0.097804845468795,0.493010163139239
2154,HighConfidenceCore,Test,50.2757811885708,32.2415563302794,38.8105174247629,0.459444865691505,0.784354342688619,0.104497975033992,0.568949525980303
2155,HighConfidenceCore,Train,57.9715494785471,40.4212867916229,40.5049349367912,0.47940712718549,0.870371308963809,0.109843716022265,0.523189144060886
2156,HighConfidenceCore,Train,56.7639375118402,34.4910014093019,40.1906757418682,0.447715600811946,0.652672000911572,0.117994987761725,0.534383439858048
2157,HighConfidenceCore,Validation,54.859212950277,43.6746058846705,39.1403060336716,0.433069803648717,0.681407985700296,0.139915136769615,0.553041517176851
2158,HighConfidenceCore,Validation,54.099693648922,24.6855574851146,39.6468619959704,0.511571689207845,0.703508348081264,0.0928842223504894,0.559604893899772
2159,HighConfidenceCore,Test,61.9361227421212,44.3646261510089,40.0107069550548,0.420571286229304,0.686785790784682,0.0775590733414586,0.489507419733186
2160,HighConfidenceCore,Train,55.8477687208154,38.120946409447,40.9728070277438,0.536212450306074,0.730669030638733,0.11577183693092,0.543199081873627
2161,HighConfidenceCore,Validation,55.6497228888093,40.5803828239841,39.09787827978,0.473013382993065,0.993206098422337,0.0207943701513185,0.545142891222448
2162,HighConfidenceCore,Train,52.3435050251562,44.4468418245369,39.1673813502337,0.485261963557086,0.979483053341878,0.0693225831945202,0.564962219550461
2163,HighConfidenceCore,Train,55.9250340996291,35.698467812841,38.5612991152906,0.472449103395892,0.944853564563573,0.0931649642734997,0.5424444595538
2164,HighConfidenceCore,Train,56.3217962326129,23.4994245202111,38.5315049729649,0.530399587767638,0.842045491513239,0.0875507481436998,0.538602044686508
2165,HighConfidenceCore,Validation,47.7679010422088,44.2554918066485,38.9315450135162,0.533117836677533,0.662596796075096,0.1481875318395,0.567597262418813
2166,HighConfidenceCore,Train,56.6940670265721,44.5633089890409,40.2721986498517,0.474957686220595,0.97327006128492,0.149305116936643,0.535045718006137
2167,HighConfidenceCore,Test,57.7874714689177,27.6003452124054,38.7159743884434,0.524590103066236,0.976682700486152,0.145483866354908,0.524865283332344
2168,HighConfidenceCore,Train,61.4405495656559,40.3828102110361,40.9256250905445,0.47091032044686,0.815395584118756,0.0684771992685452,0.493479934109364
2169,HighConfidenceCore,Validation,54.6104313621738,42.3092060392767,41.0920227859864,0.518707501957773,0.785401375120867,0.132398385000714,0.543457845966632
2170,HighConfidenceCore,Test,49.8697552906706,43.5950377559182,38.9378012217277,0.449237229722935,0.764782311637443,0.0561798650629173,0.567527360651087
2171,HighConfidenceCore,Test,50.9860763024985,30.2682977713127,38.6296607921904,0.544960564915022,0.70650620621949,0.142956252303662,0.57097027047832
2172,HighConfidenceCore,Train,56.3839935792796,36.6858690773408,39.3708095975933,0.456977435650325,0.820514557172504,0.0708658882271365,0.538004601901945
2173,HighConfidenceCore,Train,55.5618844419244,40.3939784639919,39.962286310354,0.468768745664604,0.938945977156009,0.0926192441533875,0.546009456867577
2174,HighConfidenceCore,Train,54.3353466191014,34.2964338666383,39.0704331760032,0.474934157363953,0.901791044050005,0.123735966032387,0.558402510484335
2175,HighConfidenceCore,Train,50.5191984231677,26.2161712787667,38.5147533558395,0.525080895794137,0.660209190842451,0.150427527579955,0.57225415244872
2176,HighConfidenceCore,Train,56.0201434033453,41.7738041286563,40.8356142009347,0.508059448424389,0.892587261775257,0.100545550171989,0.541518420461209
2177,HighConfidenceCore,Train,52.5582716733958,28.1538056516803,38.8540576155757,0.528500183275341,0.874070816468508,0.171273726076812,0.568463043401389
2178,HighConfidenceCore,Train,58.9085028954293,37.2751736588887,39.0413263596729,0.438155156490148,0.718002266594545,0.0756103890369747,0.514819983545479
2179,HighConfidenceCore,Validation,53.0553242016799,36.8585447475578,39.7274889985895,0.550796523504643,0.65630553492961,0.0949886248714305,0.558704033535313
2180,HighConfidenceCore,Test,55.0264269744838,33.4629666908658,41.1343841165109,0.523826375310269,0.669290147703026,0.104938069303255,0.542984535011051
2181,HighConfidenceCore,Train,50.7197158399822,37.6657878257338,39.8491709748541,0.519009457545704,0.664384176695819,0.173774145730706,0.557344458381518
2182,HighConfidenceCore,Train,59.6597083842619,42.105765492437,39.8617854655734,0.43644414093279,0.691820355209827,0.118186318338503,0.508299850873003
2183,HighConfidenceCore,Train,59.7599347344245,26.9689736226592,38.5588415764382,0.487360728497294,0.65958294141148,0.17125075821431,0.507442324536682
2184,HighConfidenceCore,Test,59.0199774701987,30.2138017058396,40.924852378562,0.508861900088808,0.722268967121111,0.143231208146268,0.513841945854733
2185,HighConfidenceCore,Test,48.1774426734812,41.309744693066,39.363320350192,0.48170332880788,0.675819792692721,0.10776401710468,0.562772956981095
2186,HighConfidenceCore,Train,57.3884266171623,41.5649785124162,40.0752059154723,0.52317413543946,0.947887482981108,0.102685848133347,0.528535743321418
2187,HighConfidenceCore,Test,62.2961031081609,40.312163089994,39.1750576012471,0.467904441216509,0.80423922360346,0.0929468768350532,0.486661447154051
2188,HighConfidenceCore,Train,62.1250996551856,38.4188689909633,40.363556411816,0.484900582853063,1,0.079389608826072,0.488009272730459
2189,HighConfidenceCore,Train,54.5332375037595,37.0426806298457,38.9875312994066,0.518306619563351,0.915919858454718,0.0607982001905658,0.556365286132096
2190,HighConfidenceCore,Train,59.9902935468129,44.7528739776361,38.8858065647716,0.483852441190122,0.949749769169245,0.120126557899439,0.505482259320776
2191,HighConfidenceCore,Train,50.4140822159118,38.7017574516382,38.6791118341636,0.517736829225771,0.833882715243562,0.0897184187881699,0.570417744869681
2192,HighConfidenceCore,Train,61.7017266259135,40.6742158606792,41.4840449837991,0.469013429541439,0.658245364343377,0.133624604815121,0.491378385631577
2193,HighConfidenceCore,Test,62.1428726168643,42.6790348052749,40.6720637165901,0.487005021045348,0.971858537195759,0.0445877998147821,0.487868843287458
2194,HighConfidenceCore,Train,48.5509785549156,31.594843766622,38.6657344846719,0.553753796292096,0.678875815144588,0.0724663705694175,0.570567212461767
2195,HighConfidenceCore,Train,58.3544253870376,40.3341704549453,38.5283435090965,0.509794807240049,0.983406019841385,0.0763536108318826,0.519736704160503
2196,HighConfidenceCore,Test,53.1481235323348,38.2923526002346,39.3974812141071,0.544501873069546,0.654515568902479,0.0958331597239884,0.562391271350758
2197,HighConfidenceCore,Train,60.1127602596178,29.3058542034987,40.2512402803351,0.48323333879563,0.722430195305747,0.108960084694264,0.504446336988318
2198,HighConfidenceCore,Validation,55.2211739033449,28.4239962990988,39.5752338635074,0.479897900917866,0.657432061924687,0.161454329802501,0.549396804410423
2199,HighConfidenceCore,Train,53.4731824560176,33.6144615654353,39.0681449288832,0.521080176649116,0.774410312116553,0.136226723442037,0.566071006381194
2200,HighConfidenceCore,Train,58.6277968573255,35.7031650664947,41.0926387548849,0.510862704799219,0.952665639618395,0.110230772925253,0.517299271593532
2201,HighConfidenceCore,Train,48.8241987110663,38.6961398679378,39.2194775076541,0.449777447181063,0.669719716215551,0.154422654420863,0.564380139579284
2202,HighConfidenceCore,Train,60.203358649768,34.5699080219424,40.5000412797338,0.472992189447985,0.77957836546924,0.086737447320051,0.503682694855224
2203,HighConfidenceCore,Train,50.2157722259875,40.594929795915,39.4895918719026,0.475496149778742,0.875870392642932,0.0985186729278914,0.561362101989915
2204,HighConfidenceCore,Train,58.2836939831424,40.6695793820247,39.9488148068334,0.493248514692949,1,0.096114992395355,0.52037108229315
2205,HighConfidenceCore,Train,58.9984328331747,44.7405136820345,39.2993888966887,0.495031133767924,1,0.0758169664499877,0.514030682598872
2206,HighConfidenceCore,Test,53.3052054836713,32.6157938298882,40.0969637884537,0.526898465289712,0.650608683883058,0.15127951472762,0.554575823592697
2207,HighConfidenceCore,Validation,52.5373048911968,39.5791888389802,40.1146527793528,0.509239306228516,0.78656093823308,0.128107871993716,0.554378181236281
2208,HighConfidenceCore,Validation,54.7425571603323,41.4348136317577,39.4713013030215,0.478014763895951,1,0.0288422348331223,0.554226435561981
2209,HighConfidenceCore,Train,56.6555048923595,38.2845521180117,38.5434368157251,0.47475415204063,1,0.133873977432029,0.535411934691165
2210,HighConfidenceCore,Train,53.3614617959221,42.6079680542175,38.5862237618626,0.436491219459858,0.77885286173597,0.112700739855837,0.568648507618866
2211,HighConfidenceCore,Validation,51.0177582758468,36.7465331394083,38.8191551354732,0.510158681882323,0.87818554928672,0.115024603116268,0.568853015246109
2212,HighConfidenceCore,Train,58.3509168442695,43.9511141828406,41.2092679238397,0.468149891227265,0.721665657815366,0.0782103702797494,0.51976813544183
2213,HighConfidenceCore,Train,59.1925895178596,36.479371418856,39.9194563253001,0.495265829830639,1,0.0742383599279666,0.512334778364382
2214,HighConfidenceCore,Train,54.0642763770895,38.5102781264783,39.0005462176566,0.484025634563049,1,0.112641619402598,0.561217299187352
2215,HighConfidenceCore,Train,59.0288532009451,27.0921191940175,39.6329786264685,0.505013518070196,0.752404074918997,0.133168503365874,0.513764232165561
2216,HighConfidenceCore,Validation,59.9210300673793,34.7899953961709,38.9346983055647,0.435684770790784,0.674017030205894,0.0962080419927741,0.506070020420197
2217,HighConfidenceCore,Train,62.5704756965825,42.9191684207854,39.4397242326946,0.472832705771181,0.898438139092474,0.0710383067765397,0.48451427347173
2218,HighConfidenceCore,Train,52.6663202104841,30.1314459686037,38.9800137047954,0.495456031915441,0.87836214107078,0.106276910721784,0.567055712795583
2219,HighConfidenceCore,Train,53.9756164496478,39.2743587662862,41.0557489992109,0.472561125976759,0.704097513922355,0.191017005210947,0.543863139673621
2220,HighConfidenceCore,Train,60.6366865846439,37.3808630526662,38.8072447496496,0.447879575024539,0.65018163698439,0.133449057949571,0.500061788467266
2221,HighConfidenceCore,Train,55.3949270433823,33.2021695966897,38.6058827043072,0.529108688481064,0.957091591048502,0.0988646544785076,0.547664142514547
2222,HighConfidenceCore,Train,57.3582342993952,36.3342000777791,38.9374876581151,0.473025229226789,1,0.0926875243882243,0.528815533943688
2223,HighConfidenceCore,Train,49.4852260674327,28.0437188813017,38.7335692637994,0.456231397615598,0.652268752469558,0.14852451939359,0.569809281968722
2224,HighConfidenceCore,Train,52.6091493075167,35.7652978811932,39.3174953134867,0.504943560112474,0.944214735962202,0.147418566189627,0.563284968564394
2225,HighConfidenceCore,Train,48.8495538620333,28.1771953996885,38.5505120964423,0.505990893026465,0.771683759953967,0.156671119390922,0.571854613447572
2226,HighConfidenceCore,Train,56.2945719753953,32.8243386175964,39.7141688186249,0.473867737059087,0.849972243123457,0.101721441048218,0.538863965380755
2227,HighConfidenceCore,Train,58.718331324675,28.3148748384154,38.9305765878327,0.508383825010757,0.839024749712847,0.112330093611491,0.51649705163337
2228,HighConfidenceCore,Train,56.1836818174905,33.1482765846434,38.9877041210643,0.441864001473135,0.657799624766591,0.099618617814393,0.539933446389123
2229,HighConfidenceCore,Test,58.6829416821333,24.448120421112,39.1935916691289,0.496731654313662,0.722742453053829,0.077181351289801,0.516810342249549
2230,HighConfidenceCore,Train,57.608285925409,41.3984097655383,40.4795854227498,0.508198502981278,0.955560668129834,0.0799551470039917,0.526507162207472
2231,HighConfidenceCore,Validation,56.2495661584503,42.365084391951,39.8068363378387,0.502210432295645,1,0.143251588812162,0.53929751593235
2232,HighConfidenceCore,Test,58.610031143454,42.3647738001219,38.5313856526604,0.468576394215201,0.871867864388796,0.124502012110479,0.517456983299299
2233,HighConfidenceCore,Train,47.8349511251359,37.0286657451508,38.7140816313481,0.470823695350395,0.755149566204457,0.0764997879255846,0.570027020878792
2234,HighConfidenceCore,Train,48.9020711737886,42.6132284569826,38.7674181595571,0.519669694486502,0.825016640926808,0.0675320250601334,0.569431082016121
2235,HighConfidenceCore,Test,54.2899069148797,28.9406515806372,39.8914318155931,0.52407331568734,0.771424145438347,0.122682184555281,0.556872270216837
2236,HighConfidenceCore,Train,56.1130487731855,39.5041041560722,38.7046244924696,0.499064280192117,1,0.11935313272642,0.540616871065056
2237,HighConfidenceCore,Test,53.0677850983337,25.9814777534163,39.5561122365877,0.54543139166237,0.675275302786863,0.0726013347868737,0.560618857691758
2238,HighConfidenceCore,Train,52.272878037854,38.2915931779497,38.5012451256517,0.466018260477192,0.878085976325938,0.0967737975839375,0.572405082394954
2239,HighConfidenceCore,Test,51.5983407604898,40.9722724429687,39.351483069065,0.487716660827704,0.977222018676747,0.0774222315556196,0.562905217105419
2240,HighConfidenceCore,Test,60.491676722462,31.2548653113345,39.2916883449842,0.48696555397233,0.682266909292257,0.118564949496362,0.501267721656212
2241,HighConfidenceCore,Train,55.1217902725624,32.0210785735318,40.2041933947023,0.548229749358984,0.712949108976353,0.163546880324547,0.550392766257517
2242,HighConfidenceCore,Test,56.3639552108909,40.5923736716572,40.1960226923842,0.423607660625847,0.723374639307394,0.153824656935467,0.538196938466552
2243,HighConfidenceCore,Train,58.9558456683955,40.7537875636201,41.3536351341079,0.509233203731835,0.982074239940791,0.0948265079683253,0.514404163305087
2244,HighConfidenceCore,Train,50.8197090998892,39.9925672639069,39.1059250402203,0.435960010384013,0.695139444445579,0.087577889309471,0.565648882232175
2245,HighConfidenceCore,Train,56.9823078804718,42.9131486721938,38.654730523862,0.472344629530387,0.985964266538306,0.0641637923396783,0.532324052932119
2246,HighConfidenceCore,Train,60.0636480539959,38.498584800479,39.8244974859,0.462682095903602,0.796791422075095,0.0772204111743143,0.504861260318014
2247,HighConfidenceCore,Train,53.3933067221993,32.9531977053542,39.3010038992586,0.474586390479627,0.854625329430949,0.0829509968609909,0.563469230175882
2248,HighConfidenceCore,Train,60.5615799160463,44.6614048005238,40.4192145000381,0.484976954211102,1,0.0692319832813799,0.500685670722037
2249,HighConfidenceCore,Train,56.5104210887797,43.2361768347191,39.7439917862549,0.476480341212629,1,0.0610330086492296,0.536794243473734
2250,HighConfidenceCore,Train,55.9790743569009,24.9210565127046,39.6720900093597,0.540437878714153,0.700459416234097,0.136048348622822,0.541917906386203
2251,HighConfidenceCore,Test,57.9380366400433,39.07140273255,41.2945556440448,0.469620794927173,0.730703446297244,0.0982194637728055,0.523493505285912
2252,HighConfidenceCore,Train,54.40762685482,44.6805974585501,40.9624841693684,0.503068987634137,0.870026279973653,0.0790527780466306,0.544905204811527
2253,HighConfidenceCore,Train,60.1695954135656,40.1183873129676,39.6567344434493,0.473942209985526,0.868405757421794,0.0924554765206805,0.503967011998932
2254,HighConfidenceCore,Train,50.5839628904341,44.3661756602102,39.1028832073108,0.425212227733549,0.662559696536629,0.0937178559467735,0.565682869192058
2255,HighConfidenceCore,Validation,54.5562656076219,24.4137081619239,39.6056924119779,0.542626814892584,0.672624544540069,0.103933845057492,0.556129179027576
2256,HighConfidenceCore,Train,56.422055223434,28.3736533057585,38.5001332853846,0.479603424467732,0.902800086575178,0.12666285079437,0.537639646663042
2257,HighConfidenceCore,Train,58.1293133889996,33.0742353603469,38.7714403220974,0.447621874822822,0.811338089862641,0.116865998444466,0.521761058089025
2258,HighConfidenceCore,Train,48.1626519982655,43.212841035789,39.026855845363,0.514098909283573,0.731723263048992,0.119480877502813,0.566532336923318
2259,HighConfidenceCore,Train,58.1663722690985,38.1838864812889,38.5893153778471,0.435527384656015,0.679680251845541,0.136573760024648,0.521426723036423
2260,HighConfidenceCore,Train,55.3404643931066,37.1573518783649,39.4125911003941,0.480300700317012,0.974515130067073,0.104140315734057,0.548206071985903
2261,HighConfidenceCore,Train,53.6666780786117,43.8587121423005,40.3169585744704,0.453158710715599,0.778559139256815,0.11826912748777,0.552117781290833
2262,HighConfidenceCore,Train,50.6251946279797,38.5463467754766,39.2560527783206,0.518115681191447,0.779570935955027,0.101335142705174,0.5639714773372
2263,HighConfidenceCore,Test,55.5268891216165,36.1971295960354,39.5394926288746,0.459838219158887,0.81224171892374,0.132263302112021,0.546355465118698
2264,HighConfidenceCore,Train,57.6577260588811,42.3883742659288,40.9874846101303,0.507181632765004,0.984558349355926,0.0624146429763162,0.526053122366442
2265,HighConfidenceCore,Train,56.9355965573239,35.1390432968157,38.8867487665607,0.508854076946931,0.978897075456954,0.106427319064104,0.53276324556972
2266,HighConfidenceCore,Train,58.484446947278,43.1577972906862,39.0314712906526,0.458033224601601,0.921166836343633,0.0874248806289141,0.518574565413921
2267,HighConfidenceCore,Train,57.8203194393472,41.9415802306841,41.0170122503235,0.47151871485741,0.736338493982538,0.0684641015841896,0.524565400810321
2268,HighConfidenceCore,Train,53.5302320600227,34.3998609567425,38.7476337486675,0.499753398955873,0.974458842201023,0.0794576643239581,0.566846212618624
2269,HighConfidenceCore,Validation,47.5592085891687,34.0752749625224,38.8249803667242,0.47966403228333,0.79942510078655,0.114608673460746,0.568787928863416
2270,HighConfidenceCore,Validation,58.7178579162384,33.6630556758077,39.7751736935377,0.515681375751872,1,0.14121383670435,0.516501240040369
2271,HighConfidenceCore,Test,59.8544746776552,33.254952121779,39.8206141612491,0.492663093456669,0.970977883231711,0.112241708204107,0.506636082586616
2272,HighConfidenceCore,Train,58.2111697549849,38.5026245410336,40.2950436539331,0.513595300523549,0.976797801336446,0.104729435029951,0.521023140720133
2273,HighConfidenceCore,Train,58.1892949769301,44.1370245786134,40.4802920916139,0.46564078105733,0.852153037300444,0.084332945777662,0.521220133825194
2274,HighConfidenceCore,Train,61.3340098774451,44.5761226466752,41.3579439772795,0.454079733304678,0.658756613238686,0.101955250912973,0.494342340097309
2275,HighConfidenceCore,Train,55.8173158486331,25.9035969638083,39.4779397620208,0.526703104581925,0.749266079090956,0.118640826596692,0.543497077765645
2276,HighConfidenceCore,Train,57.9144720938535,43.3295747893156,39.9516422123052,0.42922325623733,0.824911350491531,0.157230419019016,0.52370772774319
2277,HighConfidenceCore,Train,62.7806332298087,43.2257664231452,40.7010368544144,0.457786695409394,0.819702665938075,0.0421395060396378,0.482882324384019
2278,HighConfidenceCore,Train,54.192859994692,43.2068445346094,39.8352913457301,0.520674566364146,0.750362425966135,0.112416169908405,0.557499538036535
2279,HighConfidenceCore,Train,57.0318030963914,42.4213066859388,38.9461076675718,0.519166460262305,1,0.120072630709528,0.531859470398369
2280,HighConfidenceCore,Train,57.8463863054965,39.2242867340281,39.5613288246063,0.455847386060932,0.760043946928323,0.0988531561052032,0.524327668126117
2281,HighConfidenceCore,Train,57.8498822955543,36.7967584174291,40.1653247966704,0.445530712146308,0.699694274870838,0.0908874269018466,0.524295800606049
2282,HighConfidenceCore,Train,59.7096668865506,31.8136263216042,39.4336634560619,0.505354710302759,0.86837032521228,0.144418239399695,0.507872051220083
2283,HighConfidenceCore,Train,60.6096712703028,34.5020571539321,41.4932331750117,0.49378745103235,0.715030784168205,0.0715343797921957,0.500286016252429
2284,HighConfidenceCore,Train,58.0577172798739,26.469392657534,38.7241128883043,0.496741351301857,0.865518845616401,0.125492120254021,0.522408187389662
2285,HighConfidenceCore,Test,54.3195947129653,38.1158764228493,39.4692448296993,0.46063090606727,0.938415947523327,0.0980433832357042,0.558565309188861
2286,HighConfidenceCore,Train,59.5836959233313,27.0068733957307,39.397237107238,0.507692243517959,0.769433427124515,0.0677400358082787,0.50895212930817
2287,HighConfidenceCore,Test,47.7484402515156,42.9707867642919,38.6018362925532,0.467204926793665,0.743868612554124,0.130284639986833,0.571281158742422
2288,HighConfidenceCore,Train,54.8408478401086,31.8220037699796,39.080825950436,0.517595225022775,0.966646620091201,0.108384536478938,0.553227724431541
2289,HighConfidenceCore,Train,48.4907304956775,30.9710789583692,39.2141319412095,0.499656319656184,0.76482205625473,0.150291621276666,0.564439866578665
2290,HighConfidenceCore,Train,53.0268195161752,34.0996780793645,38.556823783571,0.437691209464813,0.704420670570854,0.176663818795665,0.571784091803675
2291,HighConfidenceCore,Test,60.1083878110311,39.9069643942809,41.2751271988244,0.463177261760902,0.732588665510707,0.0717384599675304,0.504483250023251
2292,HighConfidenceCore,Test,56.6685032848656,43.399192215166,38.9443773256011,0.480474442415007,1,0.120788219066556,0.535288435935217
2293,HighConfidenceCore,Train,57.9847992931656,37.1869891421902,39.2876974842194,0.478778267218403,0.956836503271175,0.0830504433447217,0.523068907228164
2294,HighConfidenceCore,Train,59.2048077685086,30.5183845882853,40.3097541829199,0.505957081339194,0.81865589071021,0.087429774073594,0.512228427381623
2295,HighConfidenceCore,Train,52.0170194534815,40.0187856188842,39.2734085155177,0.539375098704509,0.661539484709052,0.0867388435166452,0.563777558485836
2296,HighConfidenceCore,Test,56.1066308292683,42.8604489907269,40.0570579838094,0.452957381356048,0.88250796045612,0.120057794789491,0.540679054492209
2297,HighConfidenceCore,Test,59.5778125157639,44.9949209850107,40.86160006313,0.485724709359073,1,0.100939104075598,0.50900268542805
2298,HighConfidenceCore,Validation,52.1672160063281,41.6723529459149,39.5195552972268,0.479288897959332,0.942338356112925,0.0695904430476874,0.561027315114785
2299,HighConfidenceCore,Train,55.9030242326823,32.6398125772635,38.5831468294296,0.458689786500226,0.862915896548677,0.104020629630703,0.542659209294917
2300,HighConfidenceCore,Train,48.3144434425074,31.3031078943704,38.8649968912424,0.501361171816145,0.823769089999886,0.103070689081672,0.568340816857627
2301,HighConfidenceCore,Train,56.2847143519009,28.6844447230884,39.6826517851075,0.529579197112629,0.923592938010971,0.0803810332485226,0.538958866652217
2302,HighConfidenceCore,Train,59.773103569751,36.5003353507998,38.8150215364772,0.474862145347374,0.902564776602952,0.126353789743493,0.50732986708485
2303,HighConfidenceCore,Train,58.218186057725,28.052726860063,39.2930926021005,0.511418334896622,0.89762279770878,0.0918300090560669,0.520959986828762
2304,HighConfidenceCore,Test,51.4355574083733,36.1960287067244,38.5119114091222,0.495532773285268,0.953509294375832,0.0764746855964138,0.572285906043328
2305,HighConfidenceCore,Train,51.5693267360383,29.875066907916,38.5220022920438,0.448362523117118,0.753253121414328,0.144068130688687,0.572173158748114
2306,HighConfidenceCore,Validation,53.0833162682466,43.3734683679943,40.5587502334774,0.48840792377298,0.673520283243258,0.120603411646582,0.549416198508633
2307,HighConfidenceCore,Train,58.9105016125835,44.3665546801292,40.4137434405775,0.432790782053441,0.844454048111569,0.0332037896206987,0.514802414934526
2308,HighConfidenceCore,Train,53.5246696221078,41.2963072255109,40.2855782179389,0.4990921169702,0.813255921341675,0.122702696890943,0.552468399799566
2309,HighConfidenceCore,Train,51.2096987487374,40.5132802043858,39.3435262491042,0.443477158719654,0.666795984257058,0.121329684604345,0.562994120121741
2310,HighConfidenceCore,Train,56.2882575544514,24.8348131109348,39.3416320621743,0.503270927363053,0.673340845912016,0.0867528013832925,0.538924751720932
2311,HighConfidenceCore,Train,52.3782192811018,32.1089751043784,39.564956049997,0.510847088863762,0.722423250701853,0.138589124818172,0.560520044134111
2312,HighConfidenceCore,Train,53.4757441525908,40.5504934171779,39.0365784958119,0.477658894044042,1,0.097242178379821,0.566423703957409
2313,HighConfidenceCore,Train,61.4461944680137,43.19028874255,40.885919926537,0.486618527001535,0.983172692608009,0.0555910695584206,0.49343432378679
2314,HighConfidenceCore,Train,54.3139923311607,28.5101327310703,38.925710983055,0.489110549583108,0.77235060475961,0.104982929734849,0.55862323354933
2315,HighConfidenceCore,Train,57.9527411060374,43.6497973866628,40.6795889594309,0.508974151104744,0.962113627047951,0.106618755240621,0.523359917025946
2316,HighConfidenceCore,Train,48.4608062637566,32.489252953003,38.7204081202494,0.476658615723516,0.795906846190349,0.119207666812308,0.569956333851962
2317,HighConfidenceCore,Validation,56.0295924706617,41.4375736364832,40.1443006544281,0.490188628607625,1,0.0995606380138667,0.541426590573054
2318,HighConfidenceCore,Validation,57.5307217926983,43.27577720924,39.3332320410597,0.467829224405323,0.94626219805515,0.124947202304322,0.527221054933322
2319,HighConfidenceCore,Train,55.1822604184336,27.3416857460341,39.1271443729653,0.528595005014676,0.79364921289606,0.107338131957487,0.549786344174661
2320,HighConfidenceCore,Train,61.6063556363899,38.7595251050636,40.1613591105882,0.477593577271134,0.914915651772088,0.0906371135691156,0.492143718288406
2321,HighConfidenceCore,Test,59.0741973771806,44.5024255594248,40.0644862370804,0.489450991352194,1,0.0745454172121591,0.513367574242882
2322,HighConfidenceCore,Train,55.6298414661679,44.5533818530081,40.0549629801291,0.490371572291507,0.97177921615061,0.094402654347092,0.545338790764871
2323,HighConfidenceCore,Train,62.2532818477049,41.6633658558217,40.2319658386987,0.462775180064995,0.90597098972401,0.0983034676060071,0.486998263459014
2324,HighConfidenceCore,Train,47.6531157303307,36.1926046276988,39.0761141158609,0.520478910064376,0.730917120550386,0.114248654917281,0.565981965185911
2325,HighConfidenceCore,Train,57.2041670669444,32.0409921125339,41.2137953874785,0.521657252026462,0.757681959626071,0.0798920891484519,0.530247865742055
2326,HighConfidenceCore,Test,54.58069824608,41.9385342278919,39.1836782147635,0.448136599751614,0.795433286997574,0.0959289228919392,0.555878889062047
2327,HighConfidenceCore,Train,61.7613180163409,32.9412552617063,40.3892351438234,0.482634716591584,0.78625145050111,0.064565033719919,0.490901376779705
2328,HighConfidenceCore,Train,51.3086220262347,44.8972046343558,38.8890015442827,0.525535691366054,0.690630111959927,0.110678837429159,0.568072608443769
2329,HighConfidenceCore,Train,59.8206108743888,38.0853941489863,38.9487337330329,0.468837690043507,0.904949711116093,0.120672568881307,0.506924582081789
2330,HighConfidenceCore,Train,58.6579443998959,36.7272740738195,38.5930983738973,0.465024168167129,0.947283360428464,0.105668880469268,0.517031861192431
2331,HighConfidenceCore,Train,54.2828823563577,29.1577233020354,40.0122728138093,0.54800270638738,0.675089238622777,0.126787971766898,0.555522091465818
2332,HighConfidenceCore,Validation,61.8503034807319,34.4002418858495,40.0599595409461,0.488004258197971,0.93771797914561,0.121029996795252,0.490190789427619
2333,HighConfidenceCore,Train,54.11176000364,26.8927831193958,39.2840237543331,0.492806105926248,0.6587856220111,0.089777833698954,0.560722192698002
2334,HighConfidenceCore,Train,54.0647088245489,26.7404826314521,39.1934993363498,0.516373407354724,0.77762836783187,0.0845224379779867,0.56121278618168
2335,HighConfidenceCore,Test,59.4763852302361,42.9591642807186,38.9255471562214,0.446280972379219,0.940681676562857,0.109900547519899,0.509875822596102
2336,HighConfidenceCore,Train,61.4362472408327,43.2723568118546,39.8970678189422,0.464718880604166,0.909549754291066,0.105644470451114,0.493514702150068
2337,HighConfidenceCore,Train,52.7201055322996,31.9278547195346,38.8013420290914,0.463660048794189,0.827277472353639,0.151890437017827,0.569052044367694
2338,HighConfidenceCore,Train,58.8188548503134,44.8118158649648,38.7772542461217,0.477360274636895,0.984980013595881,0.0662934598854279,0.51560921260077
2339,HighConfidenceCore,Validation,49.4400165474073,39.7654130748353,39.1649522112599,0.471161584496271,0.772365971486186,0.121187274061689,0.564989360768046
2340,HighConfidenceCore,Train,56.2723202695621,44.8570834523646,39.0985849559798,0.505742470661572,1,0.112813410043429,0.53907823409229
2341,HighConfidenceCore,Train,56.050396347238,36.1525079852903,39.6770793726756,0.489507099078199,0.972471022613046,0.103270920697603,0.541224519145673
2342,HighConfidenceCore,Test,57.9412186179165,28.2886577117818,39.0085912496473,0.488253490034863,0.807457705721371,0.108004443906091,0.523464591660618
2343,HighConfidenceCore,Test,53.0371808832912,41.8066613100223,39.9775776189788,0.441757729191989,0.676489249882992,0.0670604225133302,0.55590974727398
2344,HighConfidenceCore,Train,55.7298554432949,35.7181105742316,40.1147449102708,0.516732881863017,0.908878046425447,0.0892063151585129,0.544354730374957
2345,HighConfidenceCore,Train,59.3264945927335,43.8520842289595,39.8187489795168,0.486907886802426,1,0.111732506029974,0.511171622803688
2346,HighConfidenceCore,Train,61.9646060453183,34.4947474720905,40.0212002785476,0.451195109860282,0.699897024051743,0.182806308026993,0.489281028587362
2347,HighConfidenceCore,Train,50.7387492640517,34.8271177894104,39.6459982614945,0.482016277160136,0.722566896180996,0.0838723959403408,0.559614544564308
2348,HighConfidenceCore,Train,56.0030296516921,32.5687939046421,39.3004866644621,0.49372236782477,0.939472518932006,0.111635855748741,0.541684817762861
2349,HighConfidenceCore,Train,60.3903739888197,44.9926356780439,40.0590982378477,0.418992945787292,0.687012632445878,0.0682951769279603,0.502113613067661
2350,HighConfidenceCore,Train,61.8865722222567,36.3454918260787,40.2992858729388,0.480785556065617,0.843135708038883,0.109442089845593,0.489901754042045
2351,HighConfidenceCore,Test,56.1928983711988,40.1945169824751,40.9127453639488,0.538478298726556,0.786438708487941,0.11342016137034,0.53984439643061
2352,HighConfidenceCore,Validation,59.4624166942612,33.4369374646767,40.8814306104418,0.468476967352166,0.673352601315785,0.120800410618058,0.509996304150282
2353,HighConfidenceCore,Validation,60.5629926497043,44.9696754310534,38.8682135977602,0.450639012167156,0.778251216136142,0.141436440221698,0.500673921406672
2354,HighConfidenceCore,Train,54.2594036086628,44.747949205867,38.9259267026346,0.433705673667464,0.801987103622098,0.0786782714154957,0.559188265466484
2355,HighConfidenceCore,Test,56.3053591729185,34.5969514012092,38.51055032597,0.444279880560945,0.869092615392368,0.0781748885023859,0.538760152995733
2356,HighConfidenceCore,Test,56.5493559767119,30.2192161632499,39.0531587430451,0.527437738715738,0.959774297962246,0.0542772895154866,0.53642258887196
2357,HighConfidenceCore,Train,54.0774498318075,28.0206062899017,39.1248561254964,0.54070922984583,0.761469709216435,0.121792938840316,0.561079853892408
2358,HighConfidenceCore,Train,53.5370566170353,40.7568335787583,38.8646218835407,0.42864232713749,0.782525908095511,0.115332528861717,0.566773572316521
2359,HighConfidenceCore,Train,54.4972693063099,41.9585454669353,41.0008172565849,0.450689719955098,0.692623734163801,0.190535152669363,0.544476902161063
2360,HighConfidenceCore,Train,59.8188836887356,35.5714122713195,39.9970277958506,0.454519618658115,0.67350786323095,0.131334173389351,0.506939305432812
2361,HighConfidenceCore,Train,61.8535987399534,36.9441589395144,39.212928514893,0.444207114254771,0.679376969122969,0.113717659890448,0.490164514618556
2362,HighConfidenceCore,Validation,59.7334747957518,36.8495953370323,39.1678690993548,0.422667977895136,0.752101995003729,0.0431372258288633,0.507668433475587
2363,HighConfidenceCore,Train,56.4696677258365,37.7710976373603,38.8585024034576,0.504603982363528,1,0.109566013389841,0.537183805367842
2364,HighConfidenceCore,Test,55.9261792184306,37.248787694685,40.2573942276105,0.465523608581018,0.86338042444854,0.129740867748431,0.542433291283151
2365,HighConfidenceCore,Train,62.7573623091179,34.4420086637127,39.9256245022514,0.480100308392519,0.829587698474653,0.163105063665309,0.483062493349376
2366,HighConfidenceCore,Train,62.0513133321222,38.9912572672149,39.8963611598565,0.485106999738518,0.909514459114006,0.0981504944952832,0.4885931406114
2367,HighConfidenceCore,Train,54.5700772809543,38.7420314980127,40.9414169655816,0.488135930969904,0.852885395713694,0.154014063178444,0.545140592563334
2368,HighConfidenceCore,Train,55.6310902524968,31.3718081501021,40.3940131397528,0.516767502758463,0.673096408703063,0.145181484266995,0.545326481856626
2369,HighConfidenceCore,Train,61.1837120953329,27.5067529416535,40.5962034110441,0.488032152052946,0.709011499956027,0.0785488915611383,0.495564061501702
2370,HighConfidenceCore,Validation,50.958402213758,44.6797837138164,38.8243539350977,0.429266717061174,0.704027421072901,0.0966077204687739,0.568794928099467
2371,HighConfidenceCore,Train,52.2358018023014,43.0051172495111,38.5509190452125,0.502831880947633,0.927979718779327,0.0958779762459629,0.571850066533938
2372,HighConfidenceCore,Train,57.7232529816066,33.5753323245915,39.9924215575332,0.4994206274247,0.942457510684795,0.129099760482596,0.525452545973458
2373,HighConfidenceCore,Train,57.2400459019775,37.9531251529172,41.2493647547182,0.50530859384129,0.9529224319821,0.103050528754241,0.52991361876679
2374,HighConfidenceCore,Train,56.9411321696307,33.0829319602337,39.1393424278095,0.495678156092804,0.975910957428648,0.0976327991946496,0.532711160591731
2375,HighConfidenceCore,Train,55.1058128606851,40.4580721246279,39.4503478372673,0.550087284448276,0.713890792392896,0.0270964206344111,0.550553217282507
2376,HighConfidenceCore,Test,59.065604299266,38.4689393186496,40.1844022688682,0.439802955400974,0.676954028352196,0.130581069543501,0.513442697266691
2377,HighConfidenceCore,Validation,60.2379974918382,36.5705914802617,39.5860255116571,0.476694696263253,0.882085329615012,0.0919103606286641,0.503391335537558
2378,HighConfidenceCore,Test,53.0770404296696,40.2459034350684,38.5225182402192,0.485352337275629,1,0.087270984313412,0.571711772794109
2379,HighConfidenceCore,Train,55.5088284281156,36.629988528069,40.6440634973826,0.467295779767822,0.805295555447125,0.122441386655442,0.546534206788438
2380,HighConfidenceCore,Test,56.2838745149223,43.6023778459483,38.7835024492583,0.499261356655932,1,0.100010823781694,0.538966953463956
2381,HighConfidenceCore,Train,48.4101743177247,38.6396470608866,38.9239093563914,0.491399263219456,0.911463963971269,0.058135142347408,0.56768257702356
2382,HighConfidenceCore,Train,61.0023678963159,43.6341230333382,41.0916349079671,0.488956691062505,0.93545574888969,0.0855500998631281,0.497046162992342
2383,HighConfidenceCore,Train,55.4222082402494,37.7178754672282,41.1505179773637,0.511107108797167,0.741689064264288,0.177279015361338,0.542804268409344
2384,HighConfidenceCore,Train,57.7947821912646,25.9915533184477,38.8988109586112,0.50649750818527,0.893453917959369,0.133349774434255,0.524798511274786
2385,HighConfidenceCore,Test,55.2527860331746,33.6876941046916,40.3083893927875,0.497232981788696,0.815779927030491,0.0942929109107656,0.549080758093989
2386,HighConfidenceCore,Train,56.7467300768095,30.7859200022431,40.2002558209147,0.516925014964551,0.817597700837136,0.152507855601312,0.534546391813437
2387,HighConfidenceCore,Train,55.4124331018065,36.2317335460403,40.9176748422909,0.454156063975085,0.679805100072813,0.0788831562725303,0.545405867683901
2388,HighConfidenceCore,Validation,51.1942016236476,44.4059649459142,38.9439922810166,0.504712158252082,0.893834841850685,0.111864390497504,0.567458186804284
2389,HighConfidenceCore,Train,58.2414798684754,39.4244044345792,39.1805411705248,0.470936894445221,0.891985946063496,0.0986871510661872,0.520750427854616
2390,HighConfidenceCore,Train,53.2989983174039,24.5141009544104,38.5371811919386,0.519694518315858,0.690175925968609,0.130182986345321,0.569318448056826
2391,HighConfidenceCore,Train,58.2773711288719,39.8352973143213,40.3237087000994,0.469471649944987,0.836933792120063,0.10510728114253,0.52042786589575
2392,HighConfidenceCore,Train,59.1536251230296,42.2666750804286,39.9314265613949,0.508088968699955,1,0.106333384201253,0.512674228528798
2393,HighConfidenceCore,Train,58.5392649463239,39.1320641673747,40.3543395805938,0.492703378292989,0.973637697886148,0.0655176483303434,0.518086146673858
2394,HighConfidenceCore,Train,59.8780101735864,40.1069952376648,39.2661229536794,0.449912460357827,0.848494614436759,0.0881699243604877,0.506435766345089
2395,HighConfidenceCore,Train,48.9127483474332,32.8196826123583,38.6643649784976,0.457487221611107,0.672484650906726,0.114639488881041,0.570582514206731
2396,HighConfidenceCore,Train,56.2566434643058,42.1983786157635,40.2836344342672,0.535495407619769,0.849545845619245,0.0763033294860518,0.539229292783073
2397,HighConfidenceCore,Train,58.4419689606492,42.2963912647113,41.3336958784464,0.48847853279697,0.904899021752784,0.0920441553407924,0.518953666902279
2398,HighConfidenceCore,Train,54.2514181023529,44.524042319171,40.9833140934967,0.464810316334096,0.76057700112449,0.14454679715196,0.544672468229088
2399,HighConfidenceCore,Train,58.7862627728408,43.0732141919961,39.4701473409238,0.453631264563678,0.934639858040642,0.124454399760163,0.515896738135441
2400,HighConfidenceCore,Test,59.7418517447585,32.9235291578048,41.1987786490113,0.505133824172554,0.721697763914259,0.145324333452768,0.507596828004688
