Hour_Index,Representative_DateTime_Local,Month,Day,Hour_Start,TMY_EPW_Hour,TMY_SourceYear,SeaWater_Temperature_C,Salinity_CMEMS_native,Temperature_Source,Salinity_Source,Original_CMEMS_UTC
1,2026-01-01 00:00:00,1,1,0,1,2013,19.889803,39.550095,Copernicus,Copernicus,2025-12-31 21:00:00 UTC
2,2026-01-01 01:00:00,1,1,1,2,2013,19.867449,39.550549,Copernicus,Copernicus,2025-12-31 22:00:00 UTC
3,2026-01-01 02:00:00,1,1,2,3,2013,19.845497,39.551014,Copernicus,Copernicus,2025-12-31 23:00:00 UTC
4,2026-01-01 03:00:00,1,1,3,4,2013,19.824499,39.552032,Copernicus,Copernicus,2026-01-01 00:00:00 UTC
5,2026-01-01 04:00:00,1,1,4,5,2013,19.804039,39.552383,Copernicus,Copernicus,2026-01-01 01:00:00 UTC
6,2026-01-01 05:00:00,1,1,5,6,2013,19.784386,39.552589,Copernicus,Copernicus,2026-01-01 02:00:00 UTC
7,2026-01-01 06:00:00,1,1,6,7,2013,19.765421,39.552662,Copernicus,Copernicus,2026-01-01 03:00:00 UTC
8,2026-01-01 07:00:00,1,1,7,8,2013,19.747013,39.552597,Copernicus,Copernicus,2026-01-01 04:00:00 UTC
9,2026-01-01 08:00:00,1,1,8,9,2013,19.729523,39.552414,Copernicus,Copernicus,2026-01-01 05:00:00 UTC
10,2026-01-01 09:00:00,1,1,9,10,2013,19.716187,39.552135,Copernicus,Copernicus,2026-01-01 06:00:00 UTC
11,2026-01-01 10:00:00,1,1,10,11,2013,19.709131,39.551849,Copernicus,Copernicus,2026-01-01 07:00:00 UTC
12,2026-01-01 11:00:00,1,1,11,12,2013,19.708019,39.551590,Copernicus,Copernicus,2026-01-01 08:00:00 UTC
13,2026-01-01 12:00:00,1,1,12,13,2013,19.710930,39.551384,Copernicus,Copernicus,2026-01-01 09:00:00 UTC
14,2026-01-01 13:00:00,1,1,13,14,2013,19.713636,39.551292,Copernicus,Copernicus,2026-01-01 10:00:00 UTC
15,2026-01-01 14:00:00,1,1,14,15,2013,19.713202,39.551357,Copernicus,Copernicus,2026-01-01 11:00:00 UTC
16,2026-01-01 15:00:00,1,1,15,16,2013,19.707108,39.551601,Copernicus,Copernicus,2026-01-01 12:00:00 UTC
17,2026-01-01 16:00:00,1,1,16,17,2013,19.693342,39.551991,Copernicus,Copernicus,2026-01-01 13:00:00 UTC
18,2026-01-01 17:00:00,1,1,17,18,2013,19.670967,39.552551,Copernicus,Copernicus,2026-01-01 14:00:00 UTC
19,2026-01-01 18:00:00,1,1,18,19,2013,19.641710,39.553329,Copernicus,Copernicus,2026-01-01 15:00:00 UTC
20,2026-01-01 19:00:00,1,1,19,20,2013,19.607113,39.554348,Copernicus,Copernicus,2026-01-01 16:00:00 UTC
21,2026-01-01 20:00:00,1,1,20,21,2013,19.565844,39.555622,Copernicus,Copernicus,2026-01-01 17:00:00 UTC
22,2026-01-01 21:00:00,1,1,21,22,2013,19.517683,39.557205,Copernicus,Copernicus,2026-01-01 18:00:00 UTC
23,2026-01-01 22:00:00,1,1,22,23,2013,19.465687,39.558968,Copernicus,Copernicus,2026-01-01 19:00:00 UTC
24,2026-01-01 23:00:00,1,1,23,24,2013,19.411942,39.560772,Copernicus,Copernicus,2026-01-01 20:00:00 UTC
25,2026-01-02 00:00:00,1,2,0,1,2013,19.357927,39.562561,Copernicus,Copernicus,2026-01-01 21:00:00 UTC
26,2026-01-02 01:00:00,1,2,1,2,2013,19.303947,39.564342,Copernicus,Copernicus,2026-01-01 22:00:00 UTC
27,2026-01-02 02:00:00,1,2,2,3,2013,19.251165,39.566093,Copernicus,Copernicus,2026-01-01 23:00:00 UTC
28,2026-01-02 03:00:00,1,2,3,4,2013,19.200686,39.568241,Copernicus,Copernicus,2026-01-02 00:00:00 UTC
29,2026-01-02 04:00:00,1,2,4,5,2013,19.153524,39.569813,Copernicus,Copernicus,2026-01-02 01:00:00 UTC
30,2026-01-02 05:00:00,1,2,5,6,2013,19.110579,39.571236,Copernicus,Copernicus,2026-01-02 02:00:00 UTC
31,2026-01-02 06:00:00,1,2,6,7,2013,19.071838,39.572502,Copernicus,Copernicus,2026-01-02 03:00:00 UTC
32,2026-01-02 07:00:00,1,2,7,8,2013,19.037210,39.573608,Copernicus,Copernicus,2026-01-02 04:00:00 UTC
33,2026-01-02 08:00:00,1,2,8,9,2013,19.007027,39.574570,Copernicus,Copernicus,2026-01-02 05:00:00 UTC
34,2026-01-02 09:00:00,1,2,9,10,2013,18.984264,39.575390,Copernicus,Copernicus,2026-01-02 06:00:00 UTC
35,2026-01-02 10:00:00,1,2,10,11,2013,18.970650,39.576046,Copernicus,Copernicus,2026-01-02 07:00:00 UTC
36,2026-01-02 11:00:00,1,2,11,12,2013,18.964367,39.576565,Copernicus,Copernicus,2026-01-02 08:00:00 UTC
37,2026-01-02 12:00:00,1,2,12,13,2013,18.962624,39.576988,Copernicus,Copernicus,2026-01-02 09:00:00 UTC
38,2026-01-02 13:00:00,1,2,13,14,2013,18.962656,39.577343,Copernicus,Copernicus,2026-01-02 10:00:00 UTC
39,2026-01-02 14:00:00,1,2,14,15,2013,18.961689,39.577671,Copernicus,Copernicus,2026-01-02 11:00:00 UTC
40,2026-01-02 15:00:00,1,2,15,16,2013,18.957886,39.577988,Copernicus,Copernicus,2026-01-02 12:00:00 UTC
41,2026-01-02 16:00:00,1,2,16,17,2013,18.950455,39.578270,Copernicus,Copernicus,2026-01-02 13:00:00 UTC
42,2026-01-02 17:00:00,1,2,17,18,2013,18.939484,39.578526,Copernicus,Copernicus,2026-01-02 14:00:00 UTC
43,2026-01-02 18:00:00,1,2,18,19,2013,18.928091,39.578743,Copernicus,Copernicus,2026-01-02 15:00:00 UTC
44,2026-01-02 19:00:00,1,2,19,20,2013,18.919916,39.578842,Copernicus,Copernicus,2026-01-02 16:00:00 UTC
45,2026-01-02 20:00:00,1,2,20,21,2013,18.914551,39.578842,Copernicus,Copernicus,2026-01-02 17:00:00 UTC
46,2026-01-02 21:00:00,1,2,21,22,2013,18.910915,39.578785,Copernicus,Copernicus,2026-01-02 18:00:00 UTC
47,2026-01-02 22:00:00,1,2,22,23,2013,18.908419,39.578686,Copernicus,Copernicus,2026-01-02 19:00:00 UTC
48,2026-01-02 23:00:00,1,2,23,24,2013,18.906378,39.578564,Copernicus,Copernicus,2026-01-02 20:00:00 UTC
49,2026-01-03 00:00:00,1,3,0,1,2013,18.904522,39.578426,Copernicus,Copernicus,2026-01-02 21:00:00 UTC
50,2026-01-03 01:00:00,1,3,1,2,2013,18.902733,39.578274,Copernicus,Copernicus,2026-01-02 22:00:00 UTC
51,2026-01-03 02:00:00,1,3,2,3,2013,18.901728,39.578075,Copernicus,Copernicus,2026-01-02 23:00:00 UTC
52,2026-01-03 03:00:00,1,3,3,4,2013,18.903049,39.580006,Copernicus,Copernicus,2026-01-03 00:00:00 UTC
53,2026-01-03 04:00:00,1,3,4,5,2013,18.905910,39.579704,Copernicus,Copernicus,2026-01-03 01:00:00 UTC
54,2026-01-03 05:00:00,1,3,5,6,2013,18.912088,39.579250,Copernicus,Copernicus,2026-01-03 02:00:00 UTC
55,2026-01-03 06:00:00,1,3,6,7,2013,18.920664,39.578697,Copernicus,Copernicus,2026-01-03 03:00:00 UTC
56,2026-01-03 07:00:00,1,3,7,8,2013,18.930874,39.578049,Copernicus,Copernicus,2026-01-03 04:00:00 UTC
57,2026-01-03 08:00:00,1,3,8,9,2013,18.942299,39.577377,Copernicus,Copernicus,2026-01-03 05:00:00 UTC
58,2026-01-03 09:00:00,1,3,9,10,2013,18.955343,39.576729,Copernicus,Copernicus,2026-01-03 06:00:00 UTC
59,2026-01-03 10:00:00,1,3,10,11,2013,18.970263,39.576111,Copernicus,Copernicus,2026-01-03 07:00:00 UTC
60,2026-01-03 11:00:00,1,3,11,12,2013,18.985806,39.575577,Copernicus,Copernicus,2026-01-03 08:00:00 UTC
61,2026-01-03 12:00:00,1,3,12,13,2013,19.000870,39.575138,Copernicus,Copernicus,2026-01-03 09:00:00 UTC
62,2026-01-03 13:00:00,1,3,13,14,2013,19.014725,39.574780,Copernicus,Copernicus,2026-01-03 10:00:00 UTC
63,2026-01-03 14:00:00,1,3,14,15,2013,19.026724,39.574471,Copernicus,Copernicus,2026-01-03 11:00:00 UTC
64,2026-01-03 15:00:00,1,3,15,16,2013,19.035912,39.574188,Copernicus,Copernicus,2026-01-03 12:00:00 UTC
65,2026-01-03 16:00:00,1,3,16,17,2013,19.041826,39.573875,Copernicus,Copernicus,2026-01-03 13:00:00 UTC
66,2026-01-03 17:00:00,1,3,17,18,2013,19.045303,39.573494,Copernicus,Copernicus,2026-01-03 14:00:00 UTC
67,2026-01-03 18:00:00,1,3,18,19,2013,19.048685,39.573029,Copernicus,Copernicus,2026-01-03 15:00:00 UTC
68,2026-01-03 19:00:00,1,3,19,20,2013,19.053234,39.572491,Copernicus,Copernicus,2026-01-03 16:00:00 UTC
69,2026-01-03 20:00:00,1,3,20,21,2013,19.058226,39.571922,Copernicus,Copernicus,2026-01-03 17:00:00 UTC
70,2026-01-03 21:00:00,1,3,21,22,2013,19.063147,39.571346,Copernicus,Copernicus,2026-01-03 18:00:00 UTC
71,2026-01-03 22:00:00,1,3,22,23,2013,19.067823,39.570793,Copernicus,Copernicus,2026-01-03 19:00:00 UTC
72,2026-01-03 23:00:00,1,3,23,24,2013,19.071857,39.570282,Copernicus,Copernicus,2026-01-03 20:00:00 UTC
73,2026-01-04 00:00:00,1,4,0,1,2013,19.075300,39.569809,Copernicus,Copernicus,2026-01-03 21:00:00 UTC
74,2026-01-04 01:00:00,1,4,1,2,2013,19.078266,39.569382,Copernicus,Copernicus,2026-01-03 22:00:00 UTC
75,2026-01-04 02:00:00,1,4,2,3,2013,19.081749,39.568951,Copernicus,Copernicus,2026-01-03 23:00:00 UTC
76,2026-01-04 03:00:00,1,4,3,4,2013,19.088114,39.571854,Copernicus,Copernicus,2026-01-04 00:00:00 UTC
77,2026-01-04 04:00:00,1,4,4,5,2013,19.094271,39.571423,Copernicus,Copernicus,2026-01-04 01:00:00 UTC
78,2026-01-04 05:00:00,1,4,5,6,2013,19.102028,39.570873,Copernicus,Copernicus,2026-01-04 02:00:00 UTC
79,2026-01-04 06:00:00,1,4,6,7,2013,19.111334,39.570251,Copernicus,Copernicus,2026-01-04 03:00:00 UTC
80,2026-01-04 07:00:00,1,4,7,8,2013,19.121742,39.569565,Copernicus,Copernicus,2026-01-04 04:00:00 UTC
81,2026-01-04 08:00:00,1,4,8,9,2013,19.133429,39.568825,Copernicus,Copernicus,2026-01-04 05:00:00 UTC
82,2026-01-04 09:00:00,1,4,9,10,2013,19.147684,39.568081,Copernicus,Copernicus,2026-01-04 06:00:00 UTC
83,2026-01-04 10:00:00,1,4,10,11,2013,19.165163,39.567341,Copernicus,Copernicus,2026-01-04 07:00:00 UTC
84,2026-01-04 11:00:00,1,4,11,12,2013,19.184578,39.566631,Copernicus,Copernicus,2026-01-04 08:00:00 UTC
85,2026-01-04 12:00:00,1,4,12,13,2013,19.204092,39.565975,Copernicus,Copernicus,2026-01-04 09:00:00 UTC
86,2026-01-04 13:00:00,1,4,13,14,2013,19.222158,39.565376,Copernicus,Copernicus,2026-01-04 10:00:00 UTC
87,2026-01-04 14:00:00,1,4,14,15,2013,19.237652,39.564831,Copernicus,Copernicus,2026-01-04 11:00:00 UTC
88,2026-01-04 15:00:00,1,4,15,16,2013,19.250010,39.564323,Copernicus,Copernicus,2026-01-04 12:00:00 UTC
89,2026-01-04 16:00:00,1,4,16,17,2013,19.258930,39.563805,Copernicus,Copernicus,2026-01-04 13:00:00 UTC
90,2026-01-04 17:00:00,1,4,17,18,2013,19.265131,39.563259,Copernicus,Copernicus,2026-01-04 14:00:00 UTC
91,2026-01-04 18:00:00,1,4,18,19,2013,19.270226,39.562687,Copernicus,Copernicus,2026-01-04 15:00:00 UTC
92,2026-01-04 19:00:00,1,4,19,20,2013,19.275686,39.562080,Copernicus,Copernicus,2026-01-04 16:00:00 UTC
93,2026-01-04 20:00:00,1,4,20,21,2013,19.281111,39.561462,Copernicus,Copernicus,2026-01-04 17:00:00 UTC
94,2026-01-04 21:00:00,1,4,21,22,2013,19.286161,39.560848,Copernicus,Copernicus,2026-01-04 18:00:00 UTC
95,2026-01-04 22:00:00,1,4,22,23,2013,19.290279,39.560265,Copernicus,Copernicus,2026-01-04 19:00:00 UTC
96,2026-01-04 23:00:00,1,4,23,24,2013,19.292965,39.559742,Copernicus,Copernicus,2026-01-04 20:00:00 UTC
97,2026-01-05 00:00:00,1,5,0,1,2013,19.294218,39.559284,Copernicus,Copernicus,2026-01-04 21:00:00 UTC
98,2026-01-05 01:00:00,1,5,1,2,2013,19.293987,39.558899,Copernicus,Copernicus,2026-01-04 22:00:00 UTC
99,2026-01-05 02:00:00,1,5,2,3,2013,19.292812,39.558567,Copernicus,Copernicus,2026-01-04 23:00:00 UTC
100,2026-01-05 03:00:00,1,5,3,4,2013,19.292313,39.560474,Copernicus,Copernicus,2026-01-05 00:00:00 UTC
101,2026-01-05 04:00:00,1,5,4,5,2013,19.291254,39.560211,Copernicus,Copernicus,2026-01-05 01:00:00 UTC
102,2026-01-05 05:00:00,1,5,5,6,2013,19.290924,39.559891,Copernicus,Copernicus,2026-01-05 02:00:00 UTC
103,2026-01-05 06:00:00,1,5,6,7,2013,19.291409,39.559521,Copernicus,Copernicus,2026-01-05 03:00:00 UTC
104,2026-01-05 07:00:00,1,5,7,8,2013,19.292900,39.559090,Copernicus,Copernicus,2026-01-05 04:00:00 UTC
105,2026-01-05 08:00:00,1,5,8,9,2013,19.295937,39.558605,Copernicus,Copernicus,2026-01-05 05:00:00 UTC
106,2026-01-05 09:00:00,1,5,9,10,2013,19.303568,39.558086,Copernicus,Copernicus,2026-01-05 06:00:00 UTC
107,2026-01-05 10:00:00,1,5,10,11,2013,19.316422,39.557575,Copernicus,Copernicus,2026-01-05 07:00:00 UTC
108,2026-01-05 11:00:00,1,5,11,12,2013,19.332956,39.557102,Copernicus,Copernicus,2026-01-05 08:00:00 UTC
109,2026-01-05 12:00:00,1,5,12,13,2013,19.350513,39.556702,Copernicus,Copernicus,2026-01-05 09:00:00 UTC
110,2026-01-05 13:00:00,1,5,13,14,2013,19.366726,39.556393,Copernicus,Copernicus,2026-01-05 10:00:00 UTC
111,2026-01-05 14:00:00,1,5,14,15,2013,19.379631,39.556190,Copernicus,Copernicus,2026-01-05 11:00:00 UTC
112,2026-01-05 15:00:00,1,5,15,16,2013,19.387115,39.556076,Copernicus,Copernicus,2026-01-05 12:00:00 UTC
113,2026-01-05 16:00:00,1,5,16,17,2013,19.387619,39.556015,Copernicus,Copernicus,2026-01-05 13:00:00 UTC
114,2026-01-05 17:00:00,1,5,17,18,2013,19.383081,39.555973,Copernicus,Copernicus,2026-01-05 14:00:00 UTC
115,2026-01-05 18:00:00,1,5,18,19,2013,19.376205,39.555935,Copernicus,Copernicus,2026-01-05 15:00:00 UTC
116,2026-01-05 19:00:00,1,5,19,20,2013,19.368818,39.555889,Copernicus,Copernicus,2026-01-05 16:00:00 UTC
117,2026-01-05 20:00:00,1,5,20,21,2013,19.361004,39.555847,Copernicus,Copernicus,2026-01-05 17:00:00 UTC
118,2026-01-05 21:00:00,1,5,21,22,2013,19.352430,39.555859,Copernicus,Copernicus,2026-01-05 18:00:00 UTC
119,2026-01-05 22:00:00,1,5,22,23,2013,19.342405,39.555977,Copernicus,Copernicus,2026-01-05 19:00:00 UTC
120,2026-01-05 23:00:00,1,5,23,24,2013,19.330410,39.556274,Copernicus,Copernicus,2026-01-05 20:00:00 UTC
121,2026-01-06 00:00:00,1,6,0,1,2013,19.316605,39.556728,Copernicus,Copernicus,2026-01-05 21:00:00 UTC
122,2026-01-06 01:00:00,1,6,1,2,2013,19.301600,39.557259,Copernicus,Copernicus,2026-01-05 22:00:00 UTC
123,2026-01-06 02:00:00,1,6,2,3,2013,19.282198,39.558029,Copernicus,Copernicus,2026-01-05 23:00:00 UTC
124,2026-01-06 03:00:00,1,6,3,4,2013,19.255903,39.562824,Copernicus,Copernicus,2026-01-06 00:00:00 UTC
125,2026-01-06 04:00:00,1,6,4,5,2013,19.219919,39.564510,Copernicus,Copernicus,2026-01-06 01:00:00 UTC
126,2026-01-06 05:00:00,1,6,5,6,2013,19.176750,39.566490,Copernicus,Copernicus,2026-01-06 02:00:00 UTC
127,2026-01-06 06:00:00,1,6,6,7,2013,19.126791,39.568775,Copernicus,Copernicus,2026-01-06 03:00:00 UTC
128,2026-01-06 07:00:00,1,6,7,8,2013,19.071167,39.571293,Copernicus,Copernicus,2026-01-06 04:00:00 UTC
129,2026-01-06 08:00:00,1,6,8,9,2013,19.011902,39.573948,Copernicus,Copernicus,2026-01-06 05:00:00 UTC
130,2026-01-06 09:00:00,1,6,9,10,2013,18.952883,39.576637,Copernicus,Copernicus,2026-01-06 06:00:00 UTC
131,2026-01-06 10:00:00,1,6,10,11,2013,18.897345,39.579250,Copernicus,Copernicus,2026-01-06 07:00:00 UTC
132,2026-01-06 11:00:00,1,6,11,12,2013,18.846348,39.581676,Copernicus,Copernicus,2026-01-06 08:00:00 UTC
133,2026-01-06 12:00:00,1,6,12,13,2013,18.801517,39.583767,Copernicus,Copernicus,2026-01-06 09:00:00 UTC
134,2026-01-06 13:00:00,1,6,13,14,2013,18.761023,39.585381,Copernicus,Copernicus,2026-01-06 10:00:00 UTC
135,2026-01-06 14:00:00,1,6,14,15,2013,18.724773,39.586651,Copernicus,Copernicus,2026-01-06 11:00:00 UTC
136,2026-01-06 15:00:00,1,6,15,16,2013,18.691561,39.587223,Copernicus,Copernicus,2026-01-06 12:00:00 UTC
137,2026-01-06 16:00:00,1,6,16,17,2013,18.661510,39.587524,Copernicus,Copernicus,2026-01-06 13:00:00 UTC
138,2026-01-06 17:00:00,1,6,17,18,2013,18.635231,39.587791,Copernicus,Copernicus,2026-01-06 14:00:00 UTC
139,2026-01-06 18:00:00,1,6,18,19,2013,18.614664,39.588013,Copernicus,Copernicus,2026-01-06 15:00:00 UTC
140,2026-01-06 19:00:00,1,6,19,20,2013,18.600689,39.588001,Copernicus,Copernicus,2026-01-06 16:00:00 UTC
141,2026-01-06 20:00:00,1,6,20,21,2013,18.590723,39.587536,Copernicus,Copernicus,2026-01-06 17:00:00 UTC
142,2026-01-06 21:00:00,1,6,21,22,2013,18.581238,39.586697,Copernicus,Copernicus,2026-01-06 18:00:00 UTC
143,2026-01-06 22:00:00,1,6,22,23,2013,18.571934,39.585606,Copernicus,Copernicus,2026-01-06 19:00:00 UTC
144,2026-01-06 23:00:00,1,6,23,24,2013,18.563097,39.584370,Copernicus,Copernicus,2026-01-06 20:00:00 UTC
145,2026-01-07 00:00:00,1,7,0,1,2013,18.556129,39.583076,Copernicus,Copernicus,2026-01-06 21:00:00 UTC
146,2026-01-07 01:00:00,1,7,1,2,2013,18.551451,39.581806,Copernicus,Copernicus,2026-01-06 22:00:00 UTC
147,2026-01-07 02:00:00,1,7,2,3,2013,18.548248,39.580582,Copernicus,Copernicus,2026-01-06 23:00:00 UTC
148,2026-01-07 03:00:00,1,7,3,4,2013,18.547062,39.581963,Copernicus,Copernicus,2026-01-07 00:00:00 UTC
149,2026-01-07 04:00:00,1,7,4,5,2013,18.544947,39.580879,Copernicus,Copernicus,2026-01-07 01:00:00 UTC
150,2026-01-07 05:00:00,1,7,5,6,2013,18.542721,39.579918,Copernicus,Copernicus,2026-01-07 02:00:00 UTC
151,2026-01-07 06:00:00,1,7,6,7,2013,18.540152,39.579136,Copernicus,Copernicus,2026-01-07 03:00:00 UTC
152,2026-01-07 07:00:00,1,7,7,8,2013,18.537052,39.578529,Copernicus,Copernicus,2026-01-07 04:00:00 UTC
153,2026-01-07 08:00:00,1,7,8,9,2013,18.534241,39.578091,Copernicus,Copernicus,2026-01-07 05:00:00 UTC
154,2026-01-07 09:00:00,1,7,9,10,2013,18.535145,39.577793,Copernicus,Copernicus,2026-01-07 06:00:00 UTC
155,2026-01-07 10:00:00,1,7,10,11,2013,18.543400,39.577480,Copernicus,Copernicus,2026-01-07 07:00:00 UTC
156,2026-01-07 11:00:00,1,7,11,12,2013,18.559565,39.577003,Copernicus,Copernicus,2026-01-07 08:00:00 UTC
157,2026-01-07 12:00:00,1,7,12,13,2013,18.580168,39.576256,Copernicus,Copernicus,2026-01-07 09:00:00 UTC
158,2026-01-07 13:00:00,1,7,13,14,2013,18.602509,39.575459,Copernicus,Copernicus,2026-01-07 10:00:00 UTC
159,2026-01-07 14:00:00,1,7,14,15,2013,18.625118,39.574692,Copernicus,Copernicus,2026-01-07 11:00:00 UTC
160,2026-01-07 15:00:00,1,7,15,16,2013,18.647861,39.574688,Copernicus,Copernicus,2026-01-07 12:00:00 UTC
161,2026-01-07 16:00:00,1,7,16,17,2013,18.664951,39.574306,Copernicus,Copernicus,2026-01-07 13:00:00 UTC
162,2026-01-07 17:00:00,1,7,17,18,2013,18.677553,39.573723,Copernicus,Copernicus,2026-01-07 14:00:00 UTC
163,2026-01-07 18:00:00,1,7,18,19,2013,18.689819,39.573025,Copernicus,Copernicus,2026-01-07 15:00:00 UTC
164,2026-01-07 19:00:00,1,7,19,20,2013,18.704041,39.572182,Copernicus,Copernicus,2026-01-07 16:00:00 UTC
165,2026-01-07 20:00:00,1,7,20,21,2013,18.720234,39.571186,Copernicus,Copernicus,2026-01-07 17:00:00 UTC
166,2026-01-07 21:00:00,1,7,21,22,2013,18.738182,39.570034,Copernicus,Copernicus,2026-01-07 18:00:00 UTC
167,2026-01-07 22:00:00,1,7,22,23,2013,18.756315,39.568821,Copernicus,Copernicus,2026-01-07 19:00:00 UTC
168,2026-01-07 23:00:00,1,7,23,24,2013,18.774014,39.567585,Copernicus,Copernicus,2026-01-07 20:00:00 UTC
169,2026-01-08 00:00:00,1,8,0,1,2013,18.790520,39.566372,Copernicus,Copernicus,2026-01-07 21:00:00 UTC
170,2026-01-08 01:00:00,1,8,1,2,2013,18.805084,39.565220,Copernicus,Copernicus,2026-01-07 22:00:00 UTC
171,2026-01-08 02:00:00,1,8,2,3,2013,18.817192,39.564198,Copernicus,Copernicus,2026-01-07 23:00:00 UTC
172,2026-01-08 03:00:00,1,8,3,4,2013,18.826435,39.562939,Copernicus,Copernicus,2026-01-08 00:00:00 UTC
173,2026-01-08 04:00:00,1,8,4,5,2013,18.834137,39.562157,Copernicus,Copernicus,2026-01-08 01:00:00 UTC
174,2026-01-08 05:00:00,1,8,5,6,2013,18.841064,39.561432,Copernicus,Copernicus,2026-01-08 02:00:00 UTC
175,2026-01-08 06:00:00,1,8,6,7,2013,18.846785,39.560795,Copernicus,Copernicus,2026-01-08 03:00:00 UTC
176,2026-01-08 07:00:00,1,8,7,8,2013,18.852345,39.560181,Copernicus,Copernicus,2026-01-08 04:00:00 UTC
177,2026-01-08 08:00:00,1,8,8,9,2013,18.858107,39.559589,Copernicus,Copernicus,2026-01-08 05:00:00 UTC
178,2026-01-08 09:00:00,1,8,9,10,2013,18.866171,39.558994,Copernicus,Copernicus,2026-01-08 06:00:00 UTC
179,2026-01-08 10:00:00,1,8,10,11,2013,18.876965,39.558411,Copernicus,Copernicus,2026-01-08 07:00:00 UTC
180,2026-01-08 11:00:00,1,8,11,12,2013,18.889526,39.557865,Copernicus,Copernicus,2026-01-08 08:00:00 UTC
181,2026-01-08 12:00:00,1,8,12,13,2013,18.902462,39.557388,Copernicus,Copernicus,2026-01-08 09:00:00 UTC
182,2026-01-08 13:00:00,1,8,13,14,2013,18.914122,39.557014,Copernicus,Copernicus,2026-01-08 10:00:00 UTC
183,2026-01-08 14:00:00,1,8,14,15,2013,18.923450,39.556751,Copernicus,Copernicus,2026-01-08 11:00:00 UTC
184,2026-01-08 15:00:00,1,8,15,16,2013,18.929464,39.556602,Copernicus,Copernicus,2026-01-08 12:00:00 UTC
185,2026-01-08 16:00:00,1,8,16,17,2013,18.931999,39.556530,Copernicus,Copernicus,2026-01-08 13:00:00 UTC
186,2026-01-08 17:00:00,1,8,17,18,2013,18.931099,39.556522,Copernicus,Copernicus,2026-01-08 14:00:00 UTC
187,2026-01-08 18:00:00,1,8,18,19,2013,18.928019,39.556576,Copernicus,Copernicus,2026-01-08 15:00:00 UTC
188,2026-01-08 19:00:00,1,8,19,20,2013,18.924295,39.556656,Copernicus,Copernicus,2026-01-08 16:00:00 UTC
189,2026-01-08 20:00:00,1,8,20,21,2013,18.919798,39.556778,Copernicus,Copernicus,2026-01-08 17:00:00 UTC
190,2026-01-08 21:00:00,1,8,21,22,2013,18.915039,39.556831,Copernicus,Copernicus,2026-01-08 18:00:00 UTC
191,2026-01-08 22:00:00,1,8,22,23,2013,18.909513,39.556519,Copernicus,Copernicus,2026-01-08 19:00:00 UTC
192,2026-01-08 23:00:00,1,8,23,24,2013,18.902197,39.555805,Copernicus,Copernicus,2026-01-08 20:00:00 UTC
193,2026-01-09 00:00:00,1,9,0,1,2013,18.893303,39.554684,Copernicus,Copernicus,2026-01-08 21:00:00 UTC
194,2026-01-09 01:00:00,1,9,1,2,2013,18.881971,39.553196,Copernicus,Copernicus,2026-01-08 22:00:00 UTC
195,2026-01-09 02:00:00,1,9,2,3,2013,18.867992,39.551361,Copernicus,Copernicus,2026-01-08 23:00:00 UTC
196,2026-01-09 03:00:00,1,9,3,4,2013,18.851891,39.549641,Copernicus,Copernicus,2026-01-09 00:00:00 UTC
197,2026-01-09 04:00:00,1,9,4,5,2013,18.834085,39.547989,Copernicus,Copernicus,2026-01-09 01:00:00 UTC
198,2026-01-09 05:00:00,1,9,5,6,2013,18.814981,39.546871,Copernicus,Copernicus,2026-01-09 02:00:00 UTC
199,2026-01-09 06:00:00,1,9,6,7,2013,18.794792,39.546284,Copernicus,Copernicus,2026-01-09 03:00:00 UTC
200,2026-01-09 07:00:00,1,9,7,8,2013,18.773752,39.546196,Copernicus,Copernicus,2026-01-09 04:00:00 UTC
201,2026-01-09 08:00:00,1,9,8,9,2013,18.753153,39.546558,Copernicus,Copernicus,2026-01-09 05:00:00 UTC
202,2026-01-09 09:00:00,1,9,9,10,2013,18.735392,39.547310,Copernicus,Copernicus,2026-01-09 06:00:00 UTC
203,2026-01-09 10:00:00,1,9,10,11,2013,18.721766,39.548096,Copernicus,Copernicus,2026-01-09 07:00:00 UTC
204,2026-01-09 11:00:00,1,9,11,12,2013,18.711071,39.548832,Copernicus,Copernicus,2026-01-09 08:00:00 UTC
205,2026-01-09 12:00:00,1,9,12,13,2013,18.700918,39.549541,Copernicus,Copernicus,2026-01-09 09:00:00 UTC
206,2026-01-09 13:00:00,1,9,13,14,2013,18.689541,39.550220,Copernicus,Copernicus,2026-01-09 10:00:00 UTC
207,2026-01-09 14:00:00,1,9,14,15,2013,18.675304,39.550877,Copernicus,Copernicus,2026-01-09 11:00:00 UTC
208,2026-01-09 15:00:00,1,9,15,16,2013,18.657606,39.551487,Copernicus,Copernicus,2026-01-09 12:00:00 UTC
209,2026-01-09 16:00:00,1,9,16,17,2013,18.636351,39.552021,Copernicus,Copernicus,2026-01-09 13:00:00 UTC
210,2026-01-09 17:00:00,1,9,17,18,2013,18.611071,39.552486,Copernicus,Copernicus,2026-01-09 14:00:00 UTC
211,2026-01-09 18:00:00,1,9,18,19,2013,18.584156,39.552845,Copernicus,Copernicus,2026-01-09 15:00:00 UTC
212,2026-01-09 19:00:00,1,9,19,20,2013,18.557758,39.553089,Copernicus,Copernicus,2026-01-09 16:00:00 UTC
213,2026-01-09 20:00:00,1,9,20,21,2013,18.532373,39.553204,Copernicus,Copernicus,2026-01-09 17:00:00 UTC
214,2026-01-09 21:00:00,1,9,21,22,2013,18.508551,39.553185,Copernicus,Copernicus,2026-01-09 18:00:00 UTC
215,2026-01-09 22:00:00,1,9,22,23,2013,18.487860,39.553062,Copernicus,Copernicus,2026-01-09 19:00:00 UTC
216,2026-01-09 23:00:00,1,9,23,24,2013,18.471197,39.552940,Copernicus,Copernicus,2026-01-09 20:00:00 UTC
217,2026-01-10 00:00:00,1,10,0,1,2013,18.458921,39.552872,Copernicus,Copernicus,2026-01-09 21:00:00 UTC
218,2026-01-10 01:00:00,1,10,1,2,2013,18.448473,39.552864,Copernicus,Copernicus,2026-01-09 22:00:00 UTC
219,2026-01-10 02:00:00,1,10,2,3,2013,18.437675,39.552776,Copernicus,Copernicus,2026-01-09 23:00:00 UTC
220,2026-01-10 03:00:00,1,10,3,4,2013,18.427359,39.553196,Copernicus,Copernicus,2026-01-10 00:00:00 UTC
221,2026-01-10 04:00:00,1,10,4,5,2013,18.420750,39.552731,Copernicus,Copernicus,2026-01-10 01:00:00 UTC
222,2026-01-10 05:00:00,1,10,5,6,2013,18.423103,39.552044,Copernicus,Copernicus,2026-01-10 02:00:00 UTC
223,2026-01-10 06:00:00,1,10,6,7,2013,18.434174,39.551182,Copernicus,Copernicus,2026-01-10 03:00:00 UTC
224,2026-01-10 07:00:00,1,10,7,8,2013,18.452049,39.550209,Copernicus,Copernicus,2026-01-10 04:00:00 UTC
225,2026-01-10 08:00:00,1,10,8,9,2013,18.475887,39.549179,Copernicus,Copernicus,2026-01-10 05:00:00 UTC
226,2026-01-10 09:00:00,1,10,9,10,2013,18.507339,39.548145,Copernicus,Copernicus,2026-01-10 06:00:00 UTC
227,2026-01-10 10:00:00,1,10,10,11,2013,18.547621,39.547104,Copernicus,Copernicus,2026-01-10 07:00:00 UTC
228,2026-01-10 11:00:00,1,10,11,12,2013,18.595434,39.546108,Copernicus,Copernicus,2026-01-10 08:00:00 UTC
229,2026-01-10 12:00:00,1,10,12,13,2013,18.648190,39.545227,Copernicus,Copernicus,2026-01-10 09:00:00 UTC
230,2026-01-10 13:00:00,1,10,13,14,2013,18.703569,39.544300,Copernicus,Copernicus,2026-01-10 10:00:00 UTC
231,2026-01-10 14:00:00,1,10,14,15,2013,18.757557,39.543289,Copernicus,Copernicus,2026-01-10 11:00:00 UTC
232,2026-01-10 15:00:00,1,10,15,16,2013,18.805346,39.542271,Copernicus,Copernicus,2026-01-10 12:00:00 UTC
233,2026-01-10 16:00:00,1,10,16,17,2013,18.843197,39.541370,Copernicus,Copernicus,2026-01-10 13:00:00 UTC
234,2026-01-10 17:00:00,1,10,17,18,2013,18.868647,39.540714,Copernicus,Copernicus,2026-01-10 14:00:00 UTC
235,2026-01-10 18:00:00,1,10,18,19,2013,18.884943,39.540298,Copernicus,Copernicus,2026-01-10 15:00:00 UTC
236,2026-01-10 19:00:00,1,10,19,20,2013,18.897743,39.539753,Copernicus,Copernicus,2026-01-10 16:00:00 UTC
237,2026-01-10 20:00:00,1,10,20,21,2013,18.910496,39.539177,Copernicus,Copernicus,2026-01-10 17:00:00 UTC
238,2026-01-10 21:00:00,1,10,21,22,2013,18.923532,39.538933,Copernicus,Copernicus,2026-01-10 18:00:00 UTC
239,2026-01-10 22:00:00,1,10,22,23,2013,18.937084,39.538666,Copernicus,Copernicus,2026-01-10 19:00:00 UTC
240,2026-01-10 23:00:00,1,10,23,24,2013,18.949074,39.538395,Copernicus,Copernicus,2026-01-10 20:00:00 UTC
241,2026-01-11 00:00:00,1,11,0,1,2013,18.959785,39.538124,Copernicus,Copernicus,2026-01-10 21:00:00 UTC
242,2026-01-11 01:00:00,1,11,1,2,2013,18.968494,39.537914,Copernicus,Copernicus,2026-01-10 22:00:00 UTC
243,2026-01-11 02:00:00,1,11,2,3,2013,18.974415,39.537827,Copernicus,Copernicus,2026-01-10 23:00:00 UTC
244,2026-01-11 03:00:00,1,11,3,4,2013,18.978235,39.541046,Copernicus,Copernicus,2026-01-11 00:00:00 UTC
245,2026-01-11 04:00:00,1,11,4,5,2013,18.977623,39.541233,Copernicus,Copernicus,2026-01-11 01:00:00 UTC
246,2026-01-11 05:00:00,1,11,5,6,2013,18.975389,39.541363,Copernicus,Copernicus,2026-01-11 02:00:00 UTC
247,2026-01-11 06:00:00,1,11,6,7,2013,18.972296,39.541435,Copernicus,Copernicus,2026-01-11 03:00:00 UTC
248,2026-01-11 07:00:00,1,11,7,8,2013,18.969416,39.541412,Copernicus,Copernicus,2026-01-11 04:00:00 UTC
249,2026-01-11 08:00:00,1,11,8,9,2013,18.967428,39.541283,Copernicus,Copernicus,2026-01-11 05:00:00 UTC
250,2026-01-11 09:00:00,1,11,9,10,2013,18.967438,39.541050,Copernicus,Copernicus,2026-01-11 06:00:00 UTC
251,2026-01-11 10:00:00,1,11,10,11,2013,18.969999,39.540722,Copernicus,Copernicus,2026-01-11 07:00:00 UTC
252,2026-01-11 11:00:00,1,11,11,12,2013,18.973948,39.540318,Copernicus,Copernicus,2026-01-11 08:00:00 UTC
253,2026-01-11 12:00:00,1,11,12,13,2013,18.977085,39.539879,Copernicus,Copernicus,2026-01-11 09:00:00 UTC
254,2026-01-11 13:00:00,1,11,13,14,2013,18.977190,39.539444,Copernicus,Copernicus,2026-01-11 10:00:00 UTC
255,2026-01-11 14:00:00,1,11,14,15,2013,18.972700,39.539036,Copernicus,Copernicus,2026-01-11 11:00:00 UTC
256,2026-01-11 15:00:00,1,11,15,16,2013,18.965191,39.538586,Copernicus,Copernicus,2026-01-11 12:00:00 UTC
257,2026-01-11 16:00:00,1,11,16,17,2013,18.954405,39.538002,Copernicus,Copernicus,2026-01-11 13:00:00 UTC
258,2026-01-11 17:00:00,1,11,17,18,2013,18.939075,39.537300,Copernicus,Copernicus,2026-01-11 14:00:00 UTC
259,2026-01-11 18:00:00,1,11,18,19,2013,18.919697,39.536495,Copernicus,Copernicus,2026-01-11 15:00:00 UTC
260,2026-01-11 19:00:00,1,11,19,20,2013,18.897051,39.535580,Copernicus,Copernicus,2026-01-11 16:00:00 UTC
261,2026-01-11 20:00:00,1,11,20,21,2013,18.871202,39.534515,Copernicus,Copernicus,2026-01-11 17:00:00 UTC
262,2026-01-11 21:00:00,1,11,21,22,2013,18.842813,39.533260,Copernicus,Copernicus,2026-01-11 18:00:00 UTC
263,2026-01-11 22:00:00,1,11,22,23,2013,18.813715,39.531822,Copernicus,Copernicus,2026-01-11 19:00:00 UTC
264,2026-01-11 23:00:00,1,11,23,24,2013,18.785009,39.530193,Copernicus,Copernicus,2026-01-11 20:00:00 UTC
265,2026-01-12 00:00:00,1,12,0,1,2013,18.757565,39.528419,Copernicus,Copernicus,2026-01-11 21:00:00 UTC
266,2026-01-12 01:00:00,1,12,1,2,2013,18.732023,39.526554,Copernicus,Copernicus,2026-01-11 22:00:00 UTC
267,2026-01-12 02:00:00,1,12,2,3,2013,18.709032,39.524601,Copernicus,Copernicus,2026-01-11 23:00:00 UTC
268,2026-01-12 03:00:00,1,12,3,4,2013,18.688034,39.520535,Copernicus,Copernicus,2026-01-12 00:00:00 UTC
269,2026-01-12 04:00:00,1,12,4,5,2013,18.670626,39.518818,Copernicus,Copernicus,2026-01-12 01:00:00 UTC
270,2026-01-12 05:00:00,1,12,5,6,2013,18.655413,39.517483,Copernicus,Copernicus,2026-01-12 02:00:00 UTC
271,2026-01-12 06:00:00,1,12,6,7,2013,18.642006,39.516468,Copernicus,Copernicus,2026-01-12 03:00:00 UTC
272,2026-01-12 07:00:00,1,12,7,8,2013,18.629925,39.515766,Copernicus,Copernicus,2026-01-12 04:00:00 UTC
273,2026-01-12 08:00:00,1,12,8,9,2013,18.619356,39.515396,Copernicus,Copernicus,2026-01-12 05:00:00 UTC
274,2026-01-12 09:00:00,1,12,9,10,2013,18.611498,39.515278,Copernicus,Copernicus,2026-01-12 06:00:00 UTC
275,2026-01-12 10:00:00,1,12,10,11,2013,18.606434,39.515087,Copernicus,Copernicus,2026-01-12 07:00:00 UTC
276,2026-01-12 11:00:00,1,12,11,12,2013,18.603422,39.514748,Copernicus,Copernicus,2026-01-12 08:00:00 UTC
277,2026-01-12 12:00:00,1,12,12,13,2013,18.601398,39.514267,Copernicus,Copernicus,2026-01-12 09:00:00 UTC
278,2026-01-12 13:00:00,1,12,13,14,2013,18.599348,39.513657,Copernicus,Copernicus,2026-01-12 10:00:00 UTC
279,2026-01-12 14:00:00,1,12,14,15,2013,18.596420,39.512920,Copernicus,Copernicus,2026-01-12 11:00:00 UTC
280,2026-01-12 15:00:00,1,12,15,16,2013,18.591824,39.512096,Copernicus,Copernicus,2026-01-12 12:00:00 UTC
281,2026-01-12 16:00:00,1,12,16,17,2013,18.584398,39.511326,Copernicus,Copernicus,2026-01-12 13:00:00 UTC
282,2026-01-12 17:00:00,1,12,17,18,2013,18.573915,39.510643,Copernicus,Copernicus,2026-01-12 14:00:00 UTC
283,2026-01-12 18:00:00,1,12,18,19,2013,18.561460,39.510056,Copernicus,Copernicus,2026-01-12 15:00:00 UTC
284,2026-01-12 19:00:00,1,12,19,20,2013,18.548037,39.509548,Copernicus,Copernicus,2026-01-12 16:00:00 UTC
285,2026-01-12 20:00:00,1,12,20,21,2013,18.533495,39.509121,Copernicus,Copernicus,2026-01-12 17:00:00 UTC
286,2026-01-12 21:00:00,1,12,21,22,2013,18.517971,39.508747,Copernicus,Copernicus,2026-01-12 18:00:00 UTC
287,2026-01-12 22:00:00,1,12,22,23,2013,18.502876,39.508389,Copernicus,Copernicus,2026-01-12 19:00:00 UTC
288,2026-01-12 23:00:00,1,12,23,24,2013,18.488657,39.508053,Copernicus,Copernicus,2026-01-12 20:00:00 UTC
289,2026-01-13 00:00:00,1,13,0,1,2013,18.475588,39.507740,Copernicus,Copernicus,2026-01-12 21:00:00 UTC
290,2026-01-13 01:00:00,1,13,1,2,2013,18.463955,39.507462,Copernicus,Copernicus,2026-01-12 22:00:00 UTC
291,2026-01-13 02:00:00,1,13,2,3,2013,18.454029,39.507240,Copernicus,Copernicus,2026-01-12 23:00:00 UTC
292,2026-01-13 03:00:00,1,13,3,4,2013,18.445518,39.506580,Copernicus,Copernicus,2026-01-13 00:00:00 UTC
293,2026-01-13 04:00:00,1,13,4,5,2013,18.438334,39.506420,Copernicus,Copernicus,2026-01-13 01:00:00 UTC
294,2026-01-13 05:00:00,1,13,5,6,2013,18.432039,39.506264,Copernicus,Copernicus,2026-01-13 02:00:00 UTC
295,2026-01-13 06:00:00,1,13,6,7,2013,18.426311,39.506107,Copernicus,Copernicus,2026-01-13 03:00:00 UTC
296,2026-01-13 07:00:00,1,13,7,8,2013,18.420832,39.505951,Copernicus,Copernicus,2026-01-13 04:00:00 UTC
297,2026-01-13 08:00:00,1,13,8,9,2013,18.416193,39.505768,Copernicus,Copernicus,2026-01-13 05:00:00 UTC
298,2026-01-13 09:00:00,1,13,9,10,2013,18.414320,39.505558,Copernicus,Copernicus,2026-01-13 06:00:00 UTC
299,2026-01-13 10:00:00,1,13,10,11,2013,18.416561,39.505363,Copernicus,Copernicus,2026-01-13 07:00:00 UTC
300,2026-01-13 11:00:00,1,13,11,12,2013,18.422638,39.505203,Copernicus,Copernicus,2026-01-13 08:00:00 UTC
301,2026-01-13 12:00:00,1,13,12,13,2013,18.432030,39.505085,Copernicus,Copernicus,2026-01-13 09:00:00 UTC
302,2026-01-13 13:00:00,1,13,13,14,2013,18.443165,39.505009,Copernicus,Copernicus,2026-01-13 10:00:00 UTC
303,2026-01-13 14:00:00,1,13,14,15,2013,18.455009,39.504978,Copernicus,Copernicus,2026-01-13 11:00:00 UTC
304,2026-01-13 15:00:00,1,13,15,16,2013,18.466312,39.504978,Copernicus,Copernicus,2026-01-13 12:00:00 UTC
305,2026-01-13 16:00:00,1,13,16,17,2013,18.475164,39.504917,Copernicus,Copernicus,2026-01-13 13:00:00 UTC
306,2026-01-13 17:00:00,1,13,17,18,2013,18.480932,39.504772,Copernicus,Copernicus,2026-01-13 14:00:00 UTC
307,2026-01-13 18:00:00,1,13,18,19,2013,18.485279,39.504547,Copernicus,Copernicus,2026-01-13 15:00:00 UTC
308,2026-01-13 19:00:00,1,13,19,20,2013,18.489336,39.504242,Copernicus,Copernicus,2026-01-13 16:00:00 UTC
309,2026-01-13 20:00:00,1,13,20,21,2013,18.493029,39.503857,Copernicus,Copernicus,2026-01-13 17:00:00 UTC
310,2026-01-13 21:00:00,1,13,21,22,2013,18.496141,39.503418,Copernicus,Copernicus,2026-01-13 18:00:00 UTC
311,2026-01-13 22:00:00,1,13,22,23,2013,18.499012,39.503048,Copernicus,Copernicus,2026-01-13 19:00:00 UTC
312,2026-01-13 23:00:00,1,13,23,24,2013,18.502054,39.502773,Copernicus,Copernicus,2026-01-13 20:00:00 UTC
313,2026-01-14 00:00:00,1,14,0,1,2013,18.505033,39.502598,Copernicus,Copernicus,2026-01-13 21:00:00 UTC
314,2026-01-14 01:00:00,1,14,1,2,2013,18.508265,39.502529,Copernicus,Copernicus,2026-01-13 22:00:00 UTC
315,2026-01-14 02:00:00,1,14,2,3,2013,18.512016,39.502560,Copernicus,Copernicus,2026-01-13 23:00:00 UTC
316,2026-01-14 03:00:00,1,14,3,4,2013,18.517839,39.505383,Copernicus,Copernicus,2026-01-14 00:00:00 UTC
317,2026-01-14 04:00:00,1,14,4,5,2013,18.523159,39.505672,Copernicus,Copernicus,2026-01-14 01:00:00 UTC
318,2026-01-14 05:00:00,1,14,5,6,2013,18.528904,39.505932,Copernicus,Copernicus,2026-01-14 02:00:00 UTC
319,2026-01-14 06:00:00,1,14,6,7,2013,18.533869,39.506203,Copernicus,Copernicus,2026-01-14 03:00:00 UTC
320,2026-01-14 07:00:00,1,14,7,8,2013,18.537825,39.506493,Copernicus,Copernicus,2026-01-14 04:00:00 UTC
321,2026-01-14 08:00:00,1,14,8,9,2013,18.540237,39.506809,Copernicus,Copernicus,2026-01-14 05:00:00 UTC
322,2026-01-14 09:00:00,1,14,9,10,2013,18.542860,39.507145,Copernicus,Copernicus,2026-01-14 06:00:00 UTC
323,2026-01-14 10:00:00,1,14,10,11,2013,18.547331,39.507473,Copernicus,Copernicus,2026-01-14 07:00:00 UTC
324,2026-01-14 11:00:00,1,14,11,12,2013,18.553297,39.507786,Copernicus,Copernicus,2026-01-14 08:00:00 UTC
325,2026-01-14 12:00:00,1,14,12,13,2013,18.559795,39.508087,Copernicus,Copernicus,2026-01-14 09:00:00 UTC
326,2026-01-14 13:00:00,1,14,13,14,2013,18.565119,39.508377,Copernicus,Copernicus,2026-01-14 10:00:00 UTC
327,2026-01-14 14:00:00,1,14,14,15,2013,18.568371,39.508652,Copernicus,Copernicus,2026-01-14 11:00:00 UTC
328,2026-01-14 15:00:00,1,14,15,16,2013,18.567608,39.508907,Copernicus,Copernicus,2026-01-14 12:00:00 UTC
329,2026-01-14 16:00:00,1,14,16,17,2013,18.559090,39.509094,Copernicus,Copernicus,2026-01-14 13:00:00 UTC
330,2026-01-14 17:00:00,1,14,17,18,2013,18.540279,39.509094,Copernicus,Copernicus,2026-01-14 14:00:00 UTC
331,2026-01-14 18:00:00,1,14,18,19,2013,18.512890,39.508808,Copernicus,Copernicus,2026-01-14 15:00:00 UTC
332,2026-01-14 19:00:00,1,14,19,20,2013,18.478693,39.508072,Copernicus,Copernicus,2026-01-14 16:00:00 UTC
333,2026-01-14 20:00:00,1,14,20,21,2013,18.437576,39.506733,Copernicus,Copernicus,2026-01-14 17:00:00 UTC
334,2026-01-14 21:00:00,1,14,21,22,2013,18.389996,39.504669,Copernicus,Copernicus,2026-01-14 18:00:00 UTC
335,2026-01-14 22:00:00,1,14,22,23,2013,18.337893,39.501846,Copernicus,Copernicus,2026-01-14 19:00:00 UTC
336,2026-01-14 23:00:00,1,14,23,24,2013,18.283772,39.498428,Copernicus,Copernicus,2026-01-14 20:00:00 UTC
337,2026-01-15 00:00:00,1,15,0,1,2013,18.229933,39.494671,Copernicus,Copernicus,2026-01-14 21:00:00 UTC
338,2026-01-15 01:00:00,1,15,1,2,2013,18.178051,39.490738,Copernicus,Copernicus,2026-01-14 22:00:00 UTC
339,2026-01-15 02:00:00,1,15,2,3,2013,18.129608,39.486778,Copernicus,Copernicus,2026-01-14 23:00:00 UTC
340,2026-01-15 03:00:00,1,15,3,4,2013,18.085930,39.483738,Copernicus,Copernicus,2026-01-15 00:00:00 UTC
341,2026-01-15 04:00:00,1,15,4,5,2013,18.046627,39.480011,Copernicus,Copernicus,2026-01-15 01:00:00 UTC
342,2026-01-15 05:00:00,1,15,5,6,2013,18.012104,39.476463,Copernicus,Copernicus,2026-01-15 02:00:00 UTC
343,2026-01-15 06:00:00,1,15,6,7,2013,17.981995,39.473106,Copernicus,Copernicus,2026-01-15 03:00:00 UTC
344,2026-01-15 07:00:00,1,15,7,8,2013,17.955826,39.469940,Copernicus,Copernicus,2026-01-15 04:00:00 UTC
345,2026-01-15 08:00:00,1,15,8,9,2013,17.933687,39.466953,Copernicus,Copernicus,2026-01-15 05:00:00 UTC
346,2026-01-15 09:00:00,1,15,9,10,2013,17.917068,39.464127,Copernicus,Copernicus,2026-01-15 06:00:00 UTC
347,2026-01-15 10:00:00,1,15,10,11,2013,17.906946,39.461445,Copernicus,Copernicus,2026-01-15 07:00:00 UTC
348,2026-01-15 11:00:00,1,15,11,12,2013,17.903042,39.458900,Copernicus,Copernicus,2026-01-15 08:00:00 UTC
349,2026-01-15 12:00:00,1,15,12,13,2013,17.904148,39.456512,Copernicus,Copernicus,2026-01-15 09:00:00 UTC
350,2026-01-15 13:00:00,1,15,13,14,2013,17.908661,39.454300,Copernicus,Copernicus,2026-01-15 10:00:00 UTC
351,2026-01-15 14:00:00,1,15,14,15,2013,17.915480,39.452297,Copernicus,Copernicus,2026-01-15 11:00:00 UTC
352,2026-01-15 15:00:00,1,15,15,16,2013,17.919693,39.450539,Copernicus,Copernicus,2026-01-15 12:00:00 UTC
353,2026-01-15 16:00:00,1,15,16,17,2013,17.918682,39.449017,Copernicus,Copernicus,2026-01-15 13:00:00 UTC
354,2026-01-15 17:00:00,1,15,17,18,2013,17.912064,39.447742,Copernicus,Copernicus,2026-01-15 14:00:00 UTC
355,2026-01-15 18:00:00,1,15,18,19,2013,17.902258,39.446709,Copernicus,Copernicus,2026-01-15 15:00:00 UTC
356,2026-01-15 19:00:00,1,15,19,20,2013,17.891417,39.445911,Copernicus,Copernicus,2026-01-15 16:00:00 UTC
357,2026-01-15 20:00:00,1,15,20,21,2013,17.879860,39.445316,Copernicus,Copernicus,2026-01-15 17:00:00 UTC
358,2026-01-15 21:00:00,1,15,21,22,2013,17.868734,39.444897,Copernicus,Copernicus,2026-01-15 18:00:00 UTC
359,2026-01-15 22:00:00,1,15,22,23,2013,17.859228,39.444569,Copernicus,Copernicus,2026-01-15 19:00:00 UTC
360,2026-01-15 23:00:00,1,15,23,24,2013,17.851295,39.444294,Copernicus,Copernicus,2026-01-15 20:00:00 UTC
361,2026-01-16 00:00:00,1,16,0,1,2013,17.844545,39.444050,Copernicus,Copernicus,2026-01-15 21:00:00 UTC
362,2026-01-16 01:00:00,1,16,1,2,2013,17.838697,39.443832,Copernicus,Copernicus,2026-01-15 22:00:00 UTC
363,2026-01-16 02:00:00,1,16,2,3,2013,17.833525,39.443638,Copernicus,Copernicus,2026-01-15 23:00:00 UTC
364,2026-01-16 03:00:00,1,16,3,4,2013,17.829275,39.443947,Copernicus,Copernicus,2026-01-16 00:00:00 UTC
365,2026-01-16 04:00:00,1,16,4,5,2013,17.825830,39.443771,Copernicus,Copernicus,2026-01-16 01:00:00 UTC
366,2026-01-16 05:00:00,1,16,5,6,2013,17.823315,39.443581,Copernicus,Copernicus,2026-01-16 02:00:00 UTC
367,2026-01-16 06:00:00,1,16,6,7,2013,17.821383,39.443386,Copernicus,Copernicus,2026-01-16 03:00:00 UTC
368,2026-01-16 07:00:00,1,16,7,8,2013,17.819542,39.443188,Copernicus,Copernicus,2026-01-16 04:00:00 UTC
369,2026-01-16 08:00:00,1,16,8,9,2013,17.818302,39.442970,Copernicus,Copernicus,2026-01-16 05:00:00 UTC
370,2026-01-16 09:00:00,1,16,9,10,2013,17.819883,39.442707,Copernicus,Copernicus,2026-01-16 06:00:00 UTC
371,2026-01-16 10:00:00,1,16,10,11,2013,17.825695,39.442356,Copernicus,Copernicus,2026-01-16 07:00:00 UTC
372,2026-01-16 11:00:00,1,16,11,12,2013,17.835220,39.441879,Copernicus,Copernicus,2026-01-16 08:00:00 UTC
373,2026-01-16 12:00:00,1,16,12,13,2013,17.846064,39.441151,Copernicus,Copernicus,2026-01-16 09:00:00 UTC
374,2026-01-16 13:00:00,1,16,13,14,2013,17.857000,39.440266,Copernicus,Copernicus,2026-01-16 10:00:00 UTC
375,2026-01-16 14:00:00,1,16,14,15,2013,17.866383,39.439285,Copernicus,Copernicus,2026-01-16 11:00:00 UTC
376,2026-01-16 15:00:00,1,16,15,16,2013,17.873665,39.438187,Copernicus,Copernicus,2026-01-16 12:00:00 UTC
377,2026-01-16 16:00:00,1,16,16,17,2013,17.877745,39.437309,Copernicus,Copernicus,2026-01-16 13:00:00 UTC
378,2026-01-16 17:00:00,1,16,17,18,2013,17.873655,39.436222,Copernicus,Copernicus,2026-01-16 14:00:00 UTC
379,2026-01-16 18:00:00,1,16,18,19,2013,17.866251,39.435017,Copernicus,Copernicus,2026-01-16 15:00:00 UTC
380,2026-01-16 19:00:00,1,16,19,20,2013,17.858454,39.433872,Copernicus,Copernicus,2026-01-16 16:00:00 UTC
381,2026-01-16 20:00:00,1,16,20,21,2013,17.850462,39.432842,Copernicus,Copernicus,2026-01-16 17:00:00 UTC
382,2026-01-16 21:00:00,1,16,21,22,2013,17.842402,39.431957,Copernicus,Copernicus,2026-01-16 18:00:00 UTC
383,2026-01-16 22:00:00,1,16,22,23,2013,17.834682,39.431240,Copernicus,Copernicus,2026-01-16 19:00:00 UTC
384,2026-01-16 23:00:00,1,16,23,24,2013,17.827549,39.430702,Copernicus,Copernicus,2026-01-16 20:00:00 UTC
385,2026-01-17 00:00:00,1,17,0,1,2013,17.821878,39.430347,Copernicus,Copernicus,2026-01-16 21:00:00 UTC
386,2026-01-17 01:00:00,1,17,1,2,2013,17.818535,39.430168,Copernicus,Copernicus,2026-01-16 22:00:00 UTC
387,2026-01-17 02:00:00,1,17,2,3,2013,17.817410,39.430145,Copernicus,Copernicus,2026-01-16 23:00:00 UTC
388,2026-01-17 03:00:00,1,17,3,4,2013,17.818205,39.429825,Copernicus,Copernicus,2026-01-17 00:00:00 UTC
389,2026-01-17 04:00:00,1,17,4,5,2013,17.821383,39.430042,Copernicus,Copernicus,2026-01-17 01:00:00 UTC
390,2026-01-17 05:00:00,1,17,5,6,2013,17.826389,39.430367,Copernicus,Copernicus,2026-01-17 02:00:00 UTC
391,2026-01-17 06:00:00,1,17,6,7,2013,17.832491,39.430763,Copernicus,Copernicus,2026-01-17 03:00:00 UTC
392,2026-01-17 07:00:00,1,17,7,8,2013,17.838762,39.431179,Copernicus,Copernicus,2026-01-17 04:00:00 UTC
393,2026-01-17 08:00:00,1,17,8,9,2013,17.845036,39.431591,Copernicus,Copernicus,2026-01-17 05:00:00 UTC
394,2026-01-17 09:00:00,1,17,9,10,2013,17.852594,39.432007,Copernicus,Copernicus,2026-01-17 06:00:00 UTC
395,2026-01-17 10:00:00,1,17,10,11,2013,17.863140,39.432472,Copernicus,Copernicus,2026-01-17 07:00:00 UTC
396,2026-01-17 11:00:00,1,17,11,12,2013,17.876556,39.432987,Copernicus,Copernicus,2026-01-17 08:00:00 UTC
397,2026-01-17 12:00:00,1,17,12,13,2013,17.891817,39.433556,Copernicus,Copernicus,2026-01-17 09:00:00 UTC
398,2026-01-17 13:00:00,1,17,13,14,2013,17.907576,39.434189,Copernicus,Copernicus,2026-01-17 10:00:00 UTC
399,2026-01-17 14:00:00,1,17,14,15,2013,17.921553,39.434921,Copernicus,Copernicus,2026-01-17 11:00:00 UTC
400,2026-01-17 15:00:00,1,17,15,16,2013,17.933205,39.435753,Copernicus,Copernicus,2026-01-17 12:00:00 UTC
401,2026-01-17 16:00:00,1,17,16,17,2013,17.939680,39.436661,Copernicus,Copernicus,2026-01-17 13:00:00 UTC
402,2026-01-17 17:00:00,1,17,17,18,2013,17.943470,39.437649,Copernicus,Copernicus,2026-01-17 14:00:00 UTC
403,2026-01-17 18:00:00,1,17,18,19,2013,17.947292,39.438702,Copernicus,Copernicus,2026-01-17 15:00:00 UTC
404,2026-01-17 19:00:00,1,17,19,20,2013,17.952610,39.439796,Copernicus,Copernicus,2026-01-17 16:00:00 UTC
405,2026-01-17 20:00:00,1,17,20,21,2013,17.959419,39.440914,Copernicus,Copernicus,2026-01-17 17:00:00 UTC
406,2026-01-17 21:00:00,1,17,21,22,2013,17.967226,39.442024,Copernicus,Copernicus,2026-01-17 18:00:00 UTC
407,2026-01-17 22:00:00,1,17,22,23,2013,17.975040,39.443111,Copernicus,Copernicus,2026-01-17 19:00:00 UTC
408,2026-01-17 23:00:00,1,17,23,24,2013,17.981888,39.444168,Copernicus,Copernicus,2026-01-17 20:00:00 UTC
409,2026-01-18 00:00:00,1,18,0,1,2013,17.988665,39.445202,Copernicus,Copernicus,2026-01-17 21:00:00 UTC
410,2026-01-18 01:00:00,1,18,1,2,2013,17.996229,39.446217,Copernicus,Copernicus,2026-01-17 22:00:00 UTC
411,2026-01-18 02:00:00,1,18,2,3,2013,18.005384,39.447220,Copernicus,Copernicus,2026-01-17 23:00:00 UTC
412,2026-01-18 03:00:00,1,18,3,4,2013,18.017855,39.451488,Copernicus,Copernicus,2026-01-18 00:00:00 UTC
413,2026-01-18 04:00:00,1,18,4,5,2013,18.031036,39.452637,Copernicus,Copernicus,2026-01-18 01:00:00 UTC
414,2026-01-18 05:00:00,1,18,5,6,2013,18.045717,39.453911,Copernicus,Copernicus,2026-01-18 02:00:00 UTC
415,2026-01-18 06:00:00,1,18,6,7,2013,18.060772,39.455086,Copernicus,Copernicus,2026-01-18 03:00:00 UTC
416,2026-01-18 07:00:00,1,18,7,8,2013,18.074516,39.456154,Copernicus,Copernicus,2026-01-18 04:00:00 UTC
417,2026-01-18 08:00:00,1,18,8,9,2013,18.086979,39.457123,Copernicus,Copernicus,2026-01-18 05:00:00 UTC
418,2026-01-18 09:00:00,1,18,9,10,2013,18.101315,39.458076,Copernicus,Copernicus,2026-01-18 06:00:00 UTC
419,2026-01-18 10:00:00,1,18,10,11,2013,18.120922,39.459095,Copernicus,Copernicus,2026-01-18 07:00:00 UTC
420,2026-01-18 11:00:00,1,18,11,12,2013,18.145102,39.459908,Copernicus,Copernicus,2026-01-18 08:00:00 UTC
421,2026-01-18 12:00:00,1,18,12,13,2013,18.169039,39.460232,Copernicus,Copernicus,2026-01-18 09:00:00 UTC
422,2026-01-18 13:00:00,1,18,13,14,2013,18.190563,39.460365,Copernicus,Copernicus,2026-01-18 10:00:00 UTC
423,2026-01-18 14:00:00,1,18,14,15,2013,18.209129,39.460438,Copernicus,Copernicus,2026-01-18 11:00:00 UTC
424,2026-01-18 15:00:00,1,18,15,16,2013,18.224281,39.461689,Copernicus,Copernicus,2026-01-18 12:00:00 UTC
425,2026-01-18 16:00:00,1,18,16,17,2013,18.222097,39.462009,Copernicus,Copernicus,2026-01-18 13:00:00 UTC
426,2026-01-18 17:00:00,1,18,17,18,2013,18.206203,39.462055,Copernicus,Copernicus,2026-01-18 14:00:00 UTC
427,2026-01-18 18:00:00,1,18,18,19,2013,18.180740,39.462105,Copernicus,Copernicus,2026-01-18 15:00:00 UTC
428,2026-01-18 19:00:00,1,18,19,20,2013,18.146078,39.460575,Copernicus,Copernicus,2026-01-18 16:00:00 UTC
429,2026-01-18 20:00:00,1,18,20,21,2013,18.110741,39.458042,Copernicus,Copernicus,2026-01-18 17:00:00 UTC
430,2026-01-18 21:00:00,1,18,21,22,2013,18.080433,39.457504,Copernicus,Copernicus,2026-01-18 18:00:00 UTC
431,2026-01-18 22:00:00,1,18,22,23,2013,18.049692,39.457054,Copernicus,Copernicus,2026-01-18 19:00:00 UTC
432,2026-01-18 23:00:00,1,18,23,24,2013,18.019497,39.456493,Copernicus,Copernicus,2026-01-18 20:00:00 UTC
433,2026-01-19 00:00:00,1,19,0,1,2013,17.990814,39.455883,Copernicus,Copernicus,2026-01-18 21:00:00 UTC
434,2026-01-19 01:00:00,1,19,1,2,2013,17.964384,39.455292,Copernicus,Copernicus,2026-01-18 22:00:00 UTC
435,2026-01-19 02:00:00,1,19,2,3,2013,17.941000,39.454788,Copernicus,Copernicus,2026-01-18 23:00:00 UTC
436,2026-01-19 03:00:00,1,19,3,4,2013,17.922049,39.456894,Copernicus,Copernicus,2026-01-19 00:00:00 UTC
437,2026-01-19 04:00:00,1,19,4,5,2013,17.905354,39.456791,Copernicus,Copernicus,2026-01-19 01:00:00 UTC
438,2026-01-19 05:00:00,1,19,5,6,2013,17.891546,39.456837,Copernicus,Copernicus,2026-01-19 02:00:00 UTC
439,2026-01-19 06:00:00,1,19,6,7,2013,17.880030,39.457058,Copernicus,Copernicus,2026-01-19 03:00:00 UTC
440,2026-01-19 07:00:00,1,19,7,8,2013,17.870079,39.457428,Copernicus,Copernicus,2026-01-19 04:00:00 UTC
441,2026-01-19 08:00:00,1,19,8,9,2013,17.862076,39.457909,Copernicus,Copernicus,2026-01-19 05:00:00 UTC
442,2026-01-19 09:00:00,1,19,9,10,2013,17.859343,39.458466,Copernicus,Copernicus,2026-01-19 06:00:00 UTC
443,2026-01-19 10:00:00,1,19,10,11,2013,17.864508,39.459145,Copernicus,Copernicus,2026-01-19 07:00:00 UTC
444,2026-01-19 11:00:00,1,19,11,12,2013,17.877920,39.460087,Copernicus,Copernicus,2026-01-19 08:00:00 UTC
445,2026-01-19 12:00:00,1,19,12,13,2013,17.892076,39.460518,Copernicus,Copernicus,2026-01-19 09:00:00 UTC
446,2026-01-19 13:00:00,1,19,13,14,2013,17.904360,39.460735,Copernicus,Copernicus,2026-01-19 10:00:00 UTC
447,2026-01-19 14:00:00,1,19,14,15,2013,17.914877,39.460880,Copernicus,Copernicus,2026-01-19 11:00:00 UTC
448,2026-01-19 15:00:00,1,19,15,16,2013,17.926117,39.462860,Copernicus,Copernicus,2026-01-19 12:00:00 UTC
449,2026-01-19 16:00:00,1,19,16,17,2013,17.923916,39.463799,Copernicus,Copernicus,2026-01-19 13:00:00 UTC
450,2026-01-19 17:00:00,1,19,17,18,2013,17.913095,39.464325,Copernicus,Copernicus,2026-01-19 14:00:00 UTC
451,2026-01-19 18:00:00,1,19,18,19,2013,17.891958,39.461826,Copernicus,Copernicus,2026-01-19 15:00:00 UTC
452,2026-01-19 19:00:00,1,19,19,20,2013,17.880960,39.462074,Copernicus,Copernicus,2026-01-19 16:00:00 UTC
453,2026-01-19 20:00:00,1,19,20,21,2013,17.869547,39.462669,Copernicus,Copernicus,2026-01-19 17:00:00 UTC
454,2026-01-19 21:00:00,1,19,21,22,2013,17.857206,39.463341,Copernicus,Copernicus,2026-01-19 18:00:00 UTC
455,2026-01-19 22:00:00,1,19,22,23,2013,17.845600,39.464020,Copernicus,Copernicus,2026-01-19 19:00:00 UTC
456,2026-01-19 23:00:00,1,19,23,24,2013,17.835039,39.464687,Copernicus,Copernicus,2026-01-19 20:00:00 UTC
457,2026-01-20 00:00:00,1,20,0,1,2013,17.825497,39.465328,Copernicus,Copernicus,2026-01-19 21:00:00 UTC
458,2026-01-20 01:00:00,1,20,1,2,2013,17.816851,39.465939,Copernicus,Copernicus,2026-01-19 22:00:00 UTC
459,2026-01-20 02:00:00,1,20,2,3,2013,17.810127,39.466515,Copernicus,Copernicus,2026-01-19 23:00:00 UTC
460,2026-01-20 03:00:00,1,20,3,4,2013,17.807098,39.469521,Copernicus,Copernicus,2026-01-20 00:00:00 UTC
461,2026-01-20 04:00:00,1,20,4,5,2013,17.806032,39.470055,Copernicus,Copernicus,2026-01-20 01:00:00 UTC
462,2026-01-20 05:00:00,1,20,5,6,2013,17.808025,39.470470,Copernicus,Copernicus,2026-01-20 02:00:00 UTC
463,2026-01-20 06:00:00,1,20,6,7,2013,17.812946,39.470791,Copernicus,Copernicus,2026-01-20 03:00:00 UTC
464,2026-01-20 07:00:00,1,20,7,8,2013,17.820566,39.470997,Copernicus,Copernicus,2026-01-20 04:00:00 UTC
465,2026-01-20 08:00:00,1,20,8,9,2013,17.831570,39.471100,Copernicus,Copernicus,2026-01-20 05:00:00 UTC
466,2026-01-20 09:00:00,1,20,9,10,2013,17.848648,39.471111,Copernicus,Copernicus,2026-01-20 06:00:00 UTC
467,2026-01-20 10:00:00,1,20,10,11,2013,17.872904,39.471020,Copernicus,Copernicus,2026-01-20 07:00:00 UTC
468,2026-01-20 11:00:00,1,20,11,12,2013,17.901205,39.470730,Copernicus,Copernicus,2026-01-20 08:00:00 UTC
469,2026-01-20 12:00:00,1,20,12,13,2013,17.929848,39.470280,Copernicus,Copernicus,2026-01-20 09:00:00 UTC
470,2026-01-20 13:00:00,1,20,13,14,2013,17.958349,39.469852,Copernicus,Copernicus,2026-01-20 10:00:00 UTC
471,2026-01-20 14:00:00,1,20,14,15,2013,17.986771,39.469818,Copernicus,Copernicus,2026-01-20 11:00:00 UTC
472,2026-01-20 15:00:00,1,20,15,16,2013,18.012510,39.470486,Copernicus,Copernicus,2026-01-20 12:00:00 UTC
473,2026-01-20 16:00:00,1,20,16,17,2013,18.031799,39.470402,Copernicus,Copernicus,2026-01-20 13:00:00 UTC
474,2026-01-20 17:00:00,1,20,17,18,2013,18.048054,39.470215,Copernicus,Copernicus,2026-01-20 14:00:00 UTC
475,2026-01-20 18:00:00,1,20,18,19,2013,18.063566,39.469921,Copernicus,Copernicus,2026-01-20 15:00:00 UTC
476,2026-01-20 19:00:00,1,20,19,20,2013,18.080610,39.469505,Copernicus,Copernicus,2026-01-20 16:00:00 UTC
477,2026-01-20 20:00:00,1,20,20,21,2013,18.098721,39.468952,Copernicus,Copernicus,2026-01-20 17:00:00 UTC
478,2026-01-20 21:00:00,1,20,21,22,2013,18.116688,39.468285,Copernicus,Copernicus,2026-01-20 18:00:00 UTC
479,2026-01-20 22:00:00,1,20,22,23,2013,18.134869,39.467491,Copernicus,Copernicus,2026-01-20 19:00:00 UTC
480,2026-01-20 23:00:00,1,20,23,24,2013,18.151878,39.466652,Copernicus,Copernicus,2026-01-20 20:00:00 UTC
481,2026-01-21 00:00:00,1,21,0,1,2013,18.167284,39.465813,Copernicus,Copernicus,2026-01-20 21:00:00 UTC
482,2026-01-21 01:00:00,1,21,1,2,2013,18.180275,39.465042,Copernicus,Copernicus,2026-01-20 22:00:00 UTC
483,2026-01-21 02:00:00,1,21,2,3,2013,18.191547,39.464317,Copernicus,Copernicus,2026-01-20 23:00:00 UTC
484,2026-01-21 03:00:00,1,21,3,4,2013,18.202953,39.465851,Copernicus,Copernicus,2026-01-21 00:00:00 UTC
485,2026-01-21 04:00:00,1,21,4,5,2013,18.213139,39.465282,Copernicus,Copernicus,2026-01-21 01:00:00 UTC
486,2026-01-21 05:00:00,1,21,5,6,2013,18.224213,39.464626,Copernicus,Copernicus,2026-01-21 02:00:00 UTC
487,2026-01-21 06:00:00,1,21,6,7,2013,18.236586,39.463882,Copernicus,Copernicus,2026-01-21 03:00:00 UTC
488,2026-01-21 07:00:00,1,21,7,8,2013,18.250071,39.463055,Copernicus,Copernicus,2026-01-21 04:00:00 UTC
489,2026-01-21 08:00:00,1,21,8,9,2013,18.265640,39.462124,Copernicus,Copernicus,2026-01-21 05:00:00 UTC
490,2026-01-21 09:00:00,1,21,9,10,2013,18.283770,39.461140,Copernicus,Copernicus,2026-01-21 06:00:00 UTC
491,2026-01-21 10:00:00,1,21,10,11,2013,18.304428,39.460136,Copernicus,Copernicus,2026-01-21 07:00:00 UTC
492,2026-01-21 11:00:00,1,21,11,12,2013,18.325974,39.459183,Copernicus,Copernicus,2026-01-21 08:00:00 UTC
493,2026-01-21 12:00:00,1,21,12,13,2013,18.346613,39.458324,Copernicus,Copernicus,2026-01-21 09:00:00 UTC
494,2026-01-21 13:00:00,1,21,13,14,2013,18.365528,39.457561,Copernicus,Copernicus,2026-01-21 10:00:00 UTC
495,2026-01-21 14:00:00,1,21,14,15,2013,18.381756,39.456902,Copernicus,Copernicus,2026-01-21 11:00:00 UTC
496,2026-01-21 15:00:00,1,21,15,16,2013,18.395014,39.456310,Copernicus,Copernicus,2026-01-21 12:00:00 UTC
497,2026-01-21 16:00:00,1,21,16,17,2013,18.404785,39.455769,Copernicus,Copernicus,2026-01-21 13:00:00 UTC
498,2026-01-21 17:00:00,1,21,17,18,2013,18.411776,39.455223,Copernicus,Copernicus,2026-01-21 14:00:00 UTC
499,2026-01-21 18:00:00,1,21,18,19,2013,18.417692,39.454639,Copernicus,Copernicus,2026-01-21 15:00:00 UTC
500,2026-01-21 19:00:00,1,21,19,20,2013,18.424057,39.454002,Copernicus,Copernicus,2026-01-21 16:00:00 UTC
501,2026-01-21 20:00:00,1,21,20,21,2013,18.430470,39.453346,Copernicus,Copernicus,2026-01-21 17:00:00 UTC
502,2026-01-21 21:00:00,1,21,21,22,2013,18.436371,39.452698,Copernicus,Copernicus,2026-01-21 18:00:00 UTC
503,2026-01-21 22:00:00,1,21,22,23,2013,18.440861,39.452118,Copernicus,Copernicus,2026-01-21 19:00:00 UTC
504,2026-01-21 23:00:00,1,21,23,24,2013,18.443300,39.451649,Copernicus,Copernicus,2026-01-21 20:00:00 UTC
505,2026-01-22 00:00:00,1,22,0,1,2013,18.442881,39.451340,Copernicus,Copernicus,2026-01-21 21:00:00 UTC
506,2026-01-22 01:00:00,1,22,1,2,2013,18.439468,39.451210,Copernicus,Copernicus,2026-01-21 22:00:00 UTC
507,2026-01-22 02:00:00,1,22,2,3,2013,18.433565,39.451241,Copernicus,Copernicus,2026-01-21 23:00:00 UTC
508,2026-01-22 03:00:00,1,22,3,4,2013,18.426905,39.453339,Copernicus,Copernicus,2026-01-22 00:00:00 UTC
509,2026-01-22 04:00:00,1,22,4,5,2013,18.418798,39.453640,Copernicus,Copernicus,2026-01-22 01:00:00 UTC
510,2026-01-22 05:00:00,1,22,5,6,2013,18.410492,39.453945,Copernicus,Copernicus,2026-01-22 02:00:00 UTC
511,2026-01-22 06:00:00,1,22,6,7,2013,18.402887,39.454231,Copernicus,Copernicus,2026-01-22 03:00:00 UTC
512,2026-01-22 07:00:00,1,22,7,8,2013,18.396143,39.454475,Copernicus,Copernicus,2026-01-22 04:00:00 UTC
513,2026-01-22 08:00:00,1,22,8,9,2013,18.390961,39.454681,Copernicus,Copernicus,2026-01-22 05:00:00 UTC
514,2026-01-22 09:00:00,1,22,9,10,2013,18.387833,39.454868,Copernicus,Copernicus,2026-01-22 06:00:00 UTC
515,2026-01-22 10:00:00,1,22,10,11,2013,18.385748,39.454990,Copernicus,Copernicus,2026-01-22 07:00:00 UTC
516,2026-01-22 11:00:00,1,22,11,12,2013,18.383730,39.455025,Copernicus,Copernicus,2026-01-22 08:00:00 UTC
517,2026-01-22 12:00:00,1,22,12,13,2013,18.379591,39.455006,Copernicus,Copernicus,2026-01-22 09:00:00 UTC
518,2026-01-22 13:00:00,1,22,13,14,2013,18.370941,39.454933,Copernicus,Copernicus,2026-01-22 10:00:00 UTC
519,2026-01-22 14:00:00,1,22,14,15,2013,18.355139,39.454811,Copernicus,Copernicus,2026-01-22 11:00:00 UTC
520,2026-01-22 15:00:00,1,22,15,16,2013,18.332018,39.454605,Copernicus,Copernicus,2026-01-22 12:00:00 UTC
521,2026-01-22 16:00:00,1,22,16,17,2013,18.302883,39.454269,Copernicus,Copernicus,2026-01-22 13:00:00 UTC
522,2026-01-22 17:00:00,1,22,17,18,2013,18.267420,39.453831,Copernicus,Copernicus,2026-01-22 14:00:00 UTC
523,2026-01-22 18:00:00,1,22,18,19,2013,18.226961,39.453312,Copernicus,Copernicus,2026-01-22 15:00:00 UTC
524,2026-01-22 19:00:00,1,22,19,20,2013,18.183733,39.452709,Copernicus,Copernicus,2026-01-22 16:00:00 UTC
525,2026-01-22 20:00:00,1,22,20,21,2013,18.138906,39.452011,Copernicus,Copernicus,2026-01-22 17:00:00 UTC
526,2026-01-22 21:00:00,1,22,21,22,2013,18.093094,39.451172,Copernicus,Copernicus,2026-01-22 18:00:00 UTC
527,2026-01-22 22:00:00,1,22,22,23,2013,18.045721,39.450104,Copernicus,Copernicus,2026-01-22 19:00:00 UTC
528,2026-01-22 23:00:00,1,22,23,24,2013,17.996256,39.448784,Copernicus,Copernicus,2026-01-22 20:00:00 UTC
529,2026-01-23 00:00:00,1,23,0,1,2013,17.944571,39.447220,Copernicus,Copernicus,2026-01-22 21:00:00 UTC
530,2026-01-23 01:00:00,1,23,1,2,2013,17.890656,39.445415,Copernicus,Copernicus,2026-01-22 22:00:00 UTC
531,2026-01-23 02:00:00,1,23,2,3,2013,17.834723,39.443367,Copernicus,Copernicus,2026-01-22 23:00:00 UTC
532,2026-01-23 03:00:00,1,23,3,4,2013,17.778208,39.442093,Copernicus,Copernicus,2026-01-23 00:00:00 UTC
533,2026-01-23 04:00:00,1,23,4,5,2013,17.722517,39.440281,Copernicus,Copernicus,2026-01-23 01:00:00 UTC
534,2026-01-23 05:00:00,1,23,5,6,2013,17.669163,39.438923,Copernicus,Copernicus,2026-01-23 02:00:00 UTC
535,2026-01-23 06:00:00,1,23,6,7,2013,17.618086,39.437988,Copernicus,Copernicus,2026-01-23 03:00:00 UTC
536,2026-01-23 07:00:00,1,23,7,8,2013,17.569395,39.437477,Copernicus,Copernicus,2026-01-23 04:00:00 UTC
537,2026-01-23 08:00:00,1,23,8,9,2013,17.524017,39.437408,Copernicus,Copernicus,2026-01-23 05:00:00 UTC
538,2026-01-23 09:00:00,1,23,9,10,2013,17.484158,39.437748,Copernicus,Copernicus,2026-01-23 06:00:00 UTC
539,2026-01-23 10:00:00,1,23,10,11,2013,17.450317,39.438187,Copernicus,Copernicus,2026-01-23 07:00:00 UTC
540,2026-01-23 11:00:00,1,23,11,12,2013,17.421419,39.438648,Copernicus,Copernicus,2026-01-23 08:00:00 UTC
541,2026-01-23 12:00:00,1,23,12,13,2013,17.395716,39.439125,Copernicus,Copernicus,2026-01-23 09:00:00 UTC
542,2026-01-23 13:00:00,1,23,13,14,2013,17.371485,39.439617,Copernicus,Copernicus,2026-01-23 10:00:00 UTC
543,2026-01-23 14:00:00,1,23,14,15,2013,17.346861,39.440113,Copernicus,Copernicus,2026-01-23 11:00:00 UTC
544,2026-01-23 15:00:00,1,23,15,16,2013,17.317570,39.440563,Copernicus,Copernicus,2026-01-23 12:00:00 UTC
545,2026-01-23 16:00:00,1,23,16,17,2013,17.281540,39.440838,Copernicus,Copernicus,2026-01-23 13:00:00 UTC
546,2026-01-23 17:00:00,1,23,17,18,2013,17.238775,39.440868,Copernicus,Copernicus,2026-01-23 14:00:00 UTC
547,2026-01-23 18:00:00,1,23,18,19,2013,17.192949,39.440647,Copernicus,Copernicus,2026-01-23 15:00:00 UTC
548,2026-01-23 19:00:00,1,23,19,20,2013,17.147274,39.440189,Copernicus,Copernicus,2026-01-23 16:00:00 UTC
549,2026-01-23 20:00:00,1,23,20,21,2013,17.102600,39.439522,Copernicus,Copernicus,2026-01-23 17:00:00 UTC
550,2026-01-23 21:00:00,1,23,21,22,2013,17.059460,39.438671,Copernicus,Copernicus,2026-01-23 18:00:00 UTC
551,2026-01-23 22:00:00,1,23,22,23,2013,17.017969,39.437634,Copernicus,Copernicus,2026-01-23 19:00:00 UTC
552,2026-01-23 23:00:00,1,23,23,24,2013,16.978569,39.436440,Copernicus,Copernicus,2026-01-23 20:00:00 UTC
553,2026-01-24 00:00:00,1,24,0,1,2013,16.941603,39.435024,Copernicus,Copernicus,2026-01-23 21:00:00 UTC
554,2026-01-24 01:00:00,1,24,1,2,2013,16.907646,39.433353,Copernicus,Copernicus,2026-01-23 22:00:00 UTC
555,2026-01-24 02:00:00,1,24,2,3,2013,16.877666,39.431492,Copernicus,Copernicus,2026-01-23 23:00:00 UTC
556,2026-01-24 03:00:00,1,24,3,4,2013,16.854004,39.431988,Copernicus,Copernicus,2026-01-24 00:00:00 UTC
557,2026-01-24 04:00:00,1,24,4,5,2013,16.835848,39.430103,Copernicus,Copernicus,2026-01-24 01:00:00 UTC
558,2026-01-24 05:00:00,1,24,5,6,2013,16.823978,39.428219,Copernicus,Copernicus,2026-01-24 02:00:00 UTC
559,2026-01-24 06:00:00,1,24,6,7,2013,16.815060,39.426392,Copernicus,Copernicus,2026-01-24 03:00:00 UTC
560,2026-01-24 07:00:00,1,24,7,8,2013,16.806890,39.424633,Copernicus,Copernicus,2026-01-24 04:00:00 UTC
561,2026-01-24 08:00:00,1,24,8,9,2013,16.799829,39.422955,Copernicus,Copernicus,2026-01-24 05:00:00 UTC
562,2026-01-24 09:00:00,1,24,9,10,2013,16.795343,39.421333,Copernicus,Copernicus,2026-01-24 06:00:00 UTC
563,2026-01-24 10:00:00,1,24,10,11,2013,16.793802,39.419678,Copernicus,Copernicus,2026-01-24 07:00:00 UTC
564,2026-01-24 11:00:00,1,24,11,12,2013,16.797789,39.417988,Copernicus,Copernicus,2026-01-24 08:00:00 UTC
565,2026-01-24 12:00:00,1,24,12,13,2013,16.809814,39.416298,Copernicus,Copernicus,2026-01-24 09:00:00 UTC
566,2026-01-24 13:00:00,1,24,13,14,2013,16.828386,39.414593,Copernicus,Copernicus,2026-01-24 10:00:00 UTC
567,2026-01-24 14:00:00,1,24,14,15,2013,16.852158,39.412853,Copernicus,Copernicus,2026-01-24 11:00:00 UTC
568,2026-01-24 15:00:00,1,24,15,16,2013,16.880156,39.411144,Copernicus,Copernicus,2026-01-24 12:00:00 UTC
569,2026-01-24 16:00:00,1,24,16,17,2013,16.912529,39.409760,Copernicus,Copernicus,2026-01-24 13:00:00 UTC
570,2026-01-24 17:00:00,1,24,17,18,2013,16.948715,39.408760,Copernicus,Copernicus,2026-01-24 14:00:00 UTC
571,2026-01-24 18:00:00,1,24,18,19,2013,16.988735,39.408123,Copernicus,Copernicus,2026-01-24 15:00:00 UTC
572,2026-01-24 19:00:00,1,24,19,20,2013,17.032890,39.407825,Copernicus,Copernicus,2026-01-24 16:00:00 UTC
573,2026-01-24 20:00:00,1,24,20,21,2013,17.079229,39.407845,Copernicus,Copernicus,2026-01-24 17:00:00 UTC
574,2026-01-24 21:00:00,1,24,21,22,2013,17.126608,39.408096,Copernicus,Copernicus,2026-01-24 18:00:00 UTC
575,2026-01-24 22:00:00,1,24,22,23,2013,17.174034,39.408390,Copernicus,Copernicus,2026-01-24 19:00:00 UTC
576,2026-01-24 23:00:00,1,24,23,24,2013,17.221333,39.408676,Copernicus,Copernicus,2026-01-24 20:00:00 UTC
577,2026-01-25 00:00:00,1,25,0,1,2013,17.268438,39.408958,Copernicus,Copernicus,2026-01-24 21:00:00 UTC
578,2026-01-25 01:00:00,1,25,1,2,2013,17.315781,39.409290,Copernicus,Copernicus,2026-01-24 22:00:00 UTC
579,2026-01-25 02:00:00,1,25,2,3,2013,17.363806,39.409733,Copernicus,Copernicus,2026-01-24 23:00:00 UTC
580,2026-01-25 03:00:00,1,25,3,4,2013,17.411732,39.413845,Copernicus,Copernicus,2026-01-25 00:00:00 UTC
581,2026-01-25 04:00:00,1,25,4,5,2013,17.458332,39.414158,Copernicus,Copernicus,2026-01-25 01:00:00 UTC
582,2026-01-25 05:00:00,1,25,5,6,2013,17.504377,39.414757,Copernicus,Copernicus,2026-01-25 02:00:00 UTC
583,2026-01-25 06:00:00,1,25,6,7,2013,17.548637,39.415359,Copernicus,Copernicus,2026-01-25 03:00:00 UTC
584,2026-01-25 07:00:00,1,25,7,8,2013,17.590992,39.416065,Copernicus,Copernicus,2026-01-25 04:00:00 UTC
585,2026-01-25 08:00:00,1,25,8,9,2013,17.632177,39.416779,Copernicus,Copernicus,2026-01-25 05:00:00 UTC
586,2026-01-25 09:00:00,1,25,9,10,2013,17.674932,39.417446,Copernicus,Copernicus,2026-01-25 06:00:00 UTC
587,2026-01-25 10:00:00,1,25,10,11,2013,17.720932,39.418072,Copernicus,Copernicus,2026-01-25 07:00:00 UTC
588,2026-01-25 11:00:00,1,25,11,12,2013,17.768179,39.418461,Copernicus,Copernicus,2026-01-25 08:00:00 UTC
589,2026-01-25 12:00:00,1,25,12,13,2013,17.814333,39.418667,Copernicus,Copernicus,2026-01-25 09:00:00 UTC
590,2026-01-25 13:00:00,1,25,13,14,2013,17.860247,39.418919,Copernicus,Copernicus,2026-01-25 10:00:00 UTC
591,2026-01-25 14:00:00,1,25,14,15,2013,17.905748,39.419197,Copernicus,Copernicus,2026-01-25 11:00:00 UTC
592,2026-01-25 15:00:00,1,25,15,16,2013,17.949192,39.419502,Copernicus,Copernicus,2026-01-25 12:00:00 UTC
593,2026-01-25 16:00:00,1,25,16,17,2013,17.989868,39.421120,Copernicus,Copernicus,2026-01-25 13:00:00 UTC
594,2026-01-25 17:00:00,1,25,17,18,2013,18.017496,39.421535,Copernicus,Copernicus,2026-01-25 14:00:00 UTC
595,2026-01-25 18:00:00,1,25,18,19,2013,18.039022,39.421932,Copernicus,Copernicus,2026-01-25 15:00:00 UTC
596,2026-01-25 19:00:00,1,25,19,20,2013,18.057419,39.422318,Copernicus,Copernicus,2026-01-25 16:00:00 UTC
597,2026-01-25 20:00:00,1,25,20,21,2013,18.073500,39.422672,Copernicus,Copernicus,2026-01-25 17:00:00 UTC
598,2026-01-25 21:00:00,1,25,21,22,2013,18.087450,39.423000,Copernicus,Copernicus,2026-01-25 18:00:00 UTC
599,2026-01-25 22:00:00,1,25,22,23,2013,18.099333,39.423298,Copernicus,Copernicus,2026-01-25 19:00:00 UTC
600,2026-01-25 23:00:00,1,25,23,24,2013,18.109430,39.423561,Copernicus,Copernicus,2026-01-25 20:00:00 UTC
601,2026-01-26 00:00:00,1,26,0,1,2013,18.118464,39.423805,Copernicus,Copernicus,2026-01-25 21:00:00 UTC
602,2026-01-26 01:00:00,1,26,1,2,2013,18.126837,39.424026,Copernicus,Copernicus,2026-01-25 22:00:00 UTC
603,2026-01-26 02:00:00,1,26,2,3,2013,18.134554,39.424217,Copernicus,Copernicus,2026-01-25 23:00:00 UTC
604,2026-01-26 03:00:00,1,26,3,4,2013,18.140327,39.423569,Copernicus,Copernicus,2026-01-26 00:00:00 UTC
605,2026-01-26 04:00:00,1,26,4,5,2013,18.147427,39.422855,Copernicus,Copernicus,2026-01-26 01:00:00 UTC
606,2026-01-26 05:00:00,1,26,5,6,2013,18.156452,39.422947,Copernicus,Copernicus,2026-01-26 02:00:00 UTC
607,2026-01-26 06:00:00,1,26,6,7,2013,18.164158,39.423042,Copernicus,Copernicus,2026-01-26 03:00:00 UTC
608,2026-01-26 07:00:00,1,26,7,8,2013,18.170351,39.423115,Copernicus,Copernicus,2026-01-26 04:00:00 UTC
609,2026-01-26 08:00:00,1,26,8,9,2013,18.177197,39.423153,Copernicus,Copernicus,2026-01-26 05:00:00 UTC
610,2026-01-26 09:00:00,1,26,9,10,2013,18.187969,39.423149,Copernicus,Copernicus,2026-01-26 06:00:00 UTC
611,2026-01-26 10:00:00,1,26,10,11,2013,18.204479,39.423138,Copernicus,Copernicus,2026-01-26 07:00:00 UTC
612,2026-01-26 11:00:00,1,26,11,12,2013,18.227301,39.423107,Copernicus,Copernicus,2026-01-26 08:00:00 UTC
613,2026-01-26 12:00:00,1,26,12,13,2013,18.252800,39.422729,Copernicus,Copernicus,2026-01-26 09:00:00 UTC
614,2026-01-26 13:00:00,1,26,13,14,2013,18.277893,39.422276,Copernicus,Copernicus,2026-01-26 10:00:00 UTC
615,2026-01-26 14:00:00,1,26,14,15,2013,18.301092,39.421825,Copernicus,Copernicus,2026-01-26 11:00:00 UTC
616,2026-01-26 15:00:00,1,26,15,16,2013,18.322264,39.421368,Copernicus,Copernicus,2026-01-26 12:00:00 UTC
617,2026-01-26 16:00:00,1,26,16,17,2013,18.343981,39.420868,Copernicus,Copernicus,2026-01-26 13:00:00 UTC
618,2026-01-26 17:00:00,1,26,17,18,2013,18.361969,39.420876,Copernicus,Copernicus,2026-01-26 14:00:00 UTC
619,2026-01-26 18:00:00,1,26,18,19,2013,18.366478,39.422352,Copernicus,Copernicus,2026-01-26 15:00:00 UTC
620,2026-01-26 19:00:00,1,26,19,20,2013,18.358294,39.422405,Copernicus,Copernicus,2026-01-26 16:00:00 UTC
621,2026-01-26 20:00:00,1,26,20,21,2013,18.347082,39.421867,Copernicus,Copernicus,2026-01-26 17:00:00 UTC
622,2026-01-26 21:00:00,1,26,21,22,2013,18.340153,39.421642,Copernicus,Copernicus,2026-01-26 18:00:00 UTC
623,2026-01-26 22:00:00,1,26,22,23,2013,18.333014,39.421700,Copernicus,Copernicus,2026-01-26 19:00:00 UTC
624,2026-01-26 23:00:00,1,26,23,24,2013,18.324043,39.421803,Copernicus,Copernicus,2026-01-26 20:00:00 UTC
625,2026-01-27 00:00:00,1,27,0,1,2013,18.312796,39.421566,Copernicus,Copernicus,2026-01-26 21:00:00 UTC
626,2026-01-27 01:00:00,1,27,1,2,2013,18.301817,39.420666,Copernicus,Copernicus,2026-01-26 22:00:00 UTC
627,2026-01-27 02:00:00,1,27,2,3,2013,18.294069,39.420620,Copernicus,Copernicus,2026-01-26 23:00:00 UTC
628,2026-01-27 03:00:00,1,27,3,4,2013,18.284725,39.419273,Copernicus,Copernicus,2026-01-27 00:00:00 UTC
629,2026-01-27 04:00:00,1,27,4,5,2013,18.274788,39.419384,Copernicus,Copernicus,2026-01-27 01:00:00 UTC
630,2026-01-27 05:00:00,1,27,5,6,2013,18.263941,39.419537,Copernicus,Copernicus,2026-01-27 02:00:00 UTC
631,2026-01-27 06:00:00,1,27,6,7,2013,18.252445,39.419716,Copernicus,Copernicus,2026-01-27 03:00:00 UTC
632,2026-01-27 07:00:00,1,27,7,8,2013,18.240726,39.419891,Copernicus,Copernicus,2026-01-27 04:00:00 UTC
633,2026-01-27 08:00:00,1,27,8,9,2013,18.230295,39.420055,Copernicus,Copernicus,2026-01-27 05:00:00 UTC
634,2026-01-27 09:00:00,1,27,9,10,2013,18.222710,39.420208,Copernicus,Copernicus,2026-01-27 06:00:00 UTC
635,2026-01-27 10:00:00,1,27,10,11,2013,18.218843,39.420338,Copernicus,Copernicus,2026-01-27 07:00:00 UTC
636,2026-01-27 11:00:00,1,27,11,12,2013,18.218010,39.420441,Copernicus,Copernicus,2026-01-27 08:00:00 UTC
637,2026-01-27 12:00:00,1,27,12,13,2013,18.219139,39.420521,Copernicus,Copernicus,2026-01-27 09:00:00 UTC
638,2026-01-27 13:00:00,1,27,13,14,2013,18.221531,39.420563,Copernicus,Copernicus,2026-01-27 10:00:00 UTC
639,2026-01-27 14:00:00,1,27,14,15,2013,18.223627,39.420578,Copernicus,Copernicus,2026-01-27 11:00:00 UTC
640,2026-01-27 15:00:00,1,27,15,16,2013,18.224188,39.420467,Copernicus,Copernicus,2026-01-27 12:00:00 UTC
641,2026-01-27 16:00:00,1,27,16,17,2013,18.221783,39.419811,Copernicus,Copernicus,2026-01-27 13:00:00 UTC
642,2026-01-27 17:00:00,1,27,17,18,2013,18.216208,39.418476,Copernicus,Copernicus,2026-01-27 14:00:00 UTC
643,2026-01-27 18:00:00,1,27,18,19,2013,18.208460,39.416466,Copernicus,Copernicus,2026-01-27 15:00:00 UTC
644,2026-01-27 19:00:00,1,27,19,20,2013,18.199080,39.413799,Copernicus,Copernicus,2026-01-27 16:00:00 UTC
645,2026-01-27 20:00:00,1,27,20,21,2013,18.188402,39.410461,Copernicus,Copernicus,2026-01-27 17:00:00 UTC
646,2026-01-27 21:00:00,1,27,21,22,2013,18.176567,39.406597,Copernicus,Copernicus,2026-01-27 18:00:00 UTC
647,2026-01-27 22:00:00,1,27,22,23,2013,18.163794,39.402790,Copernicus,Copernicus,2026-01-27 19:00:00 UTC
648,2026-01-27 23:00:00,1,27,23,24,2013,18.150467,39.399193,Copernicus,Copernicus,2026-01-27 20:00:00 UTC
649,2026-01-28 00:00:00,1,28,0,1,2013,18.136925,39.395817,Copernicus,Copernicus,2026-01-27 21:00:00 UTC
650,2026-01-28 01:00:00,1,28,1,2,2013,18.122860,39.392670,Copernicus,Copernicus,2026-01-27 22:00:00 UTC
651,2026-01-28 02:00:00,1,28,2,3,2013,18.108547,39.389759,Copernicus,Copernicus,2026-01-27 23:00:00 UTC
652,2026-01-28 03:00:00,1,28,3,4,2013,18.093849,39.387215,Copernicus,Copernicus,2026-01-28 00:00:00 UTC
653,2026-01-28 04:00:00,1,28,4,5,2013,18.078913,39.384930,Copernicus,Copernicus,2026-01-28 01:00:00 UTC
654,2026-01-28 05:00:00,1,28,5,6,2013,18.064150,39.383053,Copernicus,Copernicus,2026-01-28 02:00:00 UTC
655,2026-01-28 06:00:00,1,28,6,7,2013,18.049463,39.381580,Copernicus,Copernicus,2026-01-28 03:00:00 UTC
656,2026-01-28 07:00:00,1,28,7,8,2013,18.035147,39.380508,Copernicus,Copernicus,2026-01-28 04:00:00 UTC
657,2026-01-28 08:00:00,1,28,8,9,2013,18.022003,39.379833,Copernicus,Copernicus,2026-01-28 05:00:00 UTC
658,2026-01-28 09:00:00,1,28,9,10,2013,18.011686,39.379505,Copernicus,Copernicus,2026-01-28 06:00:00 UTC
659,2026-01-28 10:00:00,1,28,10,11,2013,18.005289,39.379288,Copernicus,Copernicus,2026-01-28 07:00:00 UTC
660,2026-01-28 11:00:00,1,28,11,12,2013,18.003149,39.379116,Copernicus,Copernicus,2026-01-28 08:00:00 UTC
661,2026-01-28 12:00:00,1,28,12,13,2013,18.004757,39.378990,Copernicus,Copernicus,2026-01-28 09:00:00 UTC
662,2026-01-28 13:00:00,1,28,13,14,2013,18.009150,39.378929,Copernicus,Copernicus,2026-01-28 10:00:00 UTC
663,2026-01-28 14:00:00,1,28,14,15,2013,18.015322,39.378925,Copernicus,Copernicus,2026-01-28 11:00:00 UTC
664,2026-01-28 15:00:00,1,28,15,16,2013,18.021442,39.379005,Copernicus,Copernicus,2026-01-28 12:00:00 UTC
665,2026-01-28 16:00:00,1,28,16,17,2013,18.022972,39.379066,Copernicus,Copernicus,2026-01-28 13:00:00 UTC
666,2026-01-28 17:00:00,1,28,17,18,2013,18.018541,39.379105,Copernicus,Copernicus,2026-01-28 14:00:00 UTC
667,2026-01-28 18:00:00,1,28,18,19,2013,18.010382,39.379135,Copernicus,Copernicus,2026-01-28 15:00:00 UTC
668,2026-01-28 19:00:00,1,28,19,20,2013,18.001648,39.379158,Copernicus,Copernicus,2026-01-28 16:00:00 UTC
669,2026-01-28 20:00:00,1,28,20,21,2013,17.991949,39.379177,Copernicus,Copernicus,2026-01-28 17:00:00 UTC
670,2026-01-28 21:00:00,1,28,21,22,2013,17.981308,39.379196,Copernicus,Copernicus,2026-01-28 18:00:00 UTC
671,2026-01-28 22:00:00,1,28,22,23,2013,17.970692,39.379215,Copernicus,Copernicus,2026-01-28 19:00:00 UTC
672,2026-01-28 23:00:00,1,28,23,24,2013,17.960306,39.379234,Copernicus,Copernicus,2026-01-28 20:00:00 UTC
673,2026-01-29 00:00:00,1,29,0,1,2013,17.950155,39.379257,Copernicus,Copernicus,2026-01-28 21:00:00 UTC
674,2026-01-29 01:00:00,1,29,1,2,2013,17.940138,39.379280,Copernicus,Copernicus,2026-01-28 22:00:00 UTC
675,2026-01-29 02:00:00,1,29,2,3,2013,17.930103,39.379299,Copernicus,Copernicus,2026-01-28 23:00:00 UTC
676,2026-01-29 03:00:00,1,29,3,4,2013,17.920429,39.380066,Copernicus,Copernicus,2026-01-29 00:00:00 UTC
677,2026-01-29 04:00:00,1,29,4,5,2013,17.909885,39.380081,Copernicus,Copernicus,2026-01-29 01:00:00 UTC
678,2026-01-29 05:00:00,1,29,5,6,2013,17.898291,39.380074,Copernicus,Copernicus,2026-01-29 02:00:00 UTC
679,2026-01-29 06:00:00,1,29,6,7,2013,17.885220,39.380051,Copernicus,Copernicus,2026-01-29 03:00:00 UTC
680,2026-01-29 07:00:00,1,29,7,8,2013,17.870323,39.380009,Copernicus,Copernicus,2026-01-29 04:00:00 UTC
681,2026-01-29 08:00:00,1,29,8,9,2013,17.854311,39.379951,Copernicus,Copernicus,2026-01-29 05:00:00 UTC
682,2026-01-29 09:00:00,1,29,9,10,2013,17.839121,39.379868,Copernicus,Copernicus,2026-01-29 06:00:00 UTC
683,2026-01-29 10:00:00,1,29,10,11,2013,17.825808,39.379730,Copernicus,Copernicus,2026-01-29 07:00:00 UTC
684,2026-01-29 11:00:00,1,29,11,12,2013,17.813805,39.379543,Copernicus,Copernicus,2026-01-29 08:00:00 UTC
685,2026-01-29 12:00:00,1,29,12,13,2013,17.801834,39.379303,Copernicus,Copernicus,2026-01-29 09:00:00 UTC
686,2026-01-29 13:00:00,1,29,13,14,2013,17.788780,39.379009,Copernicus,Copernicus,2026-01-29 10:00:00 UTC
687,2026-01-29 14:00:00,1,29,14,15,2013,17.773785,39.378757,Copernicus,Copernicus,2026-01-29 11:00:00 UTC
688,2026-01-29 15:00:00,1,29,15,16,2013,17.755896,39.378445,Copernicus,Copernicus,2026-01-29 12:00:00 UTC
689,2026-01-29 16:00:00,1,29,16,17,2013,17.734591,39.378082,Copernicus,Copernicus,2026-01-29 13:00:00 UTC
690,2026-01-29 17:00:00,1,29,17,18,2013,17.710024,39.377659,Copernicus,Copernicus,2026-01-29 14:00:00 UTC
691,2026-01-29 18:00:00,1,29,18,19,2013,17.683096,39.377155,Copernicus,Copernicus,2026-01-29 15:00:00 UTC
692,2026-01-29 19:00:00,1,29,19,20,2013,17.655071,39.376541,Copernicus,Copernicus,2026-01-29 16:00:00 UTC
693,2026-01-29 20:00:00,1,29,20,21,2013,17.626049,39.375809,Copernicus,Copernicus,2026-01-29 17:00:00 UTC
694,2026-01-29 21:00:00,1,29,21,22,2013,17.596167,39.374928,Copernicus,Copernicus,2026-01-29 18:00:00 UTC
695,2026-01-29 22:00:00,1,29,22,23,2013,17.565748,39.373848,Copernicus,Copernicus,2026-01-29 19:00:00 UTC
696,2026-01-29 23:00:00,1,29,23,24,2013,17.534834,39.372540,Copernicus,Copernicus,2026-01-29 20:00:00 UTC
697,2026-01-30 00:00:00,1,30,0,1,2013,17.503822,39.370991,Copernicus,Copernicus,2026-01-29 21:00:00 UTC
698,2026-01-30 01:00:00,1,30,1,2,2013,17.473186,39.369190,Copernicus,Copernicus,2026-01-29 22:00:00 UTC
699,2026-01-30 02:00:00,1,30,2,3,2013,17.443600,39.367138,Copernicus,Copernicus,2026-01-29 23:00:00 UTC
700,2026-01-30 03:00:00,1,30,3,4,2013,17.416025,39.365307,Copernicus,Copernicus,2026-01-30 00:00:00 UTC
701,2026-01-30 04:00:00,1,30,4,5,2013,17.390642,39.362713,Copernicus,Copernicus,2026-01-30 01:00:00 UTC
702,2026-01-30 05:00:00,1,30,5,6,2013,17.367847,39.359859,Copernicus,Copernicus,2026-01-30 02:00:00 UTC
703,2026-01-30 06:00:00,1,30,6,7,2013,17.347477,39.356728,Copernicus,Copernicus,2026-01-30 03:00:00 UTC
704,2026-01-30 07:00:00,1,30,7,8,2013,17.331535,39.354015,Copernicus,Copernicus,2026-01-30 04:00:00 UTC
705,2026-01-30 08:00:00,1,30,8,9,2013,17.320887,39.351967,Copernicus,Copernicus,2026-01-30 05:00:00 UTC
706,2026-01-30 09:00:00,1,30,9,10,2013,17.313189,39.349487,Copernicus,Copernicus,2026-01-30 06:00:00 UTC
707,2026-01-30 10:00:00,1,30,10,11,2013,17.309307,39.346786,Copernicus,Copernicus,2026-01-30 07:00:00 UTC
708,2026-01-30 11:00:00,1,30,11,12,2013,17.309404,39.344112,Copernicus,Copernicus,2026-01-30 08:00:00 UTC
709,2026-01-30 12:00:00,1,30,12,13,2013,17.312592,39.341412,Copernicus,Copernicus,2026-01-30 09:00:00 UTC
710,2026-01-30 13:00:00,1,30,13,14,2013,17.316666,39.338593,Copernicus,Copernicus,2026-01-30 10:00:00 UTC
711,2026-01-30 14:00:00,1,30,14,15,2013,17.320738,39.335857,Copernicus,Copernicus,2026-01-30 11:00:00 UTC
712,2026-01-30 15:00:00,1,30,15,16,2013,17.324492,39.333286,Copernicus,Copernicus,2026-01-30 12:00:00 UTC
713,2026-01-30 16:00:00,1,30,16,17,2013,17.327581,39.330898,Copernicus,Copernicus,2026-01-30 13:00:00 UTC
714,2026-01-30 17:00:00,1,30,17,18,2013,17.329712,39.328484,Copernicus,Copernicus,2026-01-30 14:00:00 UTC
715,2026-01-30 18:00:00,1,30,18,19,2013,17.330332,39.325054,Copernicus,Copernicus,2026-01-30 15:00:00 UTC
716,2026-01-30 19:00:00,1,30,19,20,2013,17.328533,39.319931,Copernicus,Copernicus,2026-01-30 16:00:00 UTC
717,2026-01-30 20:00:00,1,30,20,21,2013,17.325655,39.313831,Copernicus,Copernicus,2026-01-30 17:00:00 UTC
718,2026-01-30 21:00:00,1,30,21,22,2013,17.322691,39.307236,Copernicus,Copernicus,2026-01-30 18:00:00 UTC
719,2026-01-30 22:00:00,1,30,22,23,2013,17.331324,39.305614,Copernicus,Copernicus,2026-01-30 19:00:00 UTC
720,2026-01-30 23:00:00,1,30,23,24,2013,17.345736,39.305801,Copernicus,Copernicus,2026-01-30 20:00:00 UTC
721,2026-01-31 00:00:00,1,31,0,1,2013,17.345526,39.301022,Copernicus,Copernicus,2026-01-30 21:00:00 UTC
722,2026-01-31 01:00:00,1,31,1,2,2013,17.221884,39.260513,Copernicus,Copernicus,2026-01-30 22:00:00 UTC
723,2026-01-31 02:00:00,1,31,2,3,2013,17.224049,39.263065,Copernicus,Copernicus,2026-01-30 23:00:00 UTC
724,2026-01-31 03:00:00,1,31,3,4,2013,17.265615,39.276970,Copernicus,Copernicus,2026-01-31 00:00:00 UTC
725,2026-01-31 04:00:00,1,31,4,5,2013,17.265472,39.276070,Copernicus,Copernicus,2026-01-31 01:00:00 UTC
726,2026-01-31 05:00:00,1,31,5,6,2013,17.268433,39.275406,Copernicus,Copernicus,2026-01-31 02:00:00 UTC
727,2026-01-31 06:00:00,1,31,6,7,2013,17.276514,39.275112,Copernicus,Copernicus,2026-01-31 03:00:00 UTC
728,2026-01-31 07:00:00,1,31,7,8,2013,17.288372,39.275105,Copernicus,Copernicus,2026-01-31 04:00:00 UTC
729,2026-01-31 08:00:00,1,31,8,9,2013,17.302923,39.275223,Copernicus,Copernicus,2026-01-31 05:00:00 UTC
730,2026-01-31 09:00:00,1,31,9,10,2013,17.319416,39.275337,Copernicus,Copernicus,2026-01-31 06:00:00 UTC
731,2026-01-31 10:00:00,1,31,10,11,2013,17.336676,39.275719,Copernicus,Copernicus,2026-01-31 07:00:00 UTC
732,2026-01-31 11:00:00,1,31,11,12,2013,17.353273,39.276199,Copernicus,Copernicus,2026-01-31 08:00:00 UTC
733,2026-01-31 12:00:00,1,31,12,13,2013,17.369322,39.276768,Copernicus,Copernicus,2026-01-31 09:00:00 UTC
734,2026-01-31 13:00:00,1,31,13,14,2013,17.384199,39.277325,Copernicus,Copernicus,2026-01-31 10:00:00 UTC
735,2026-01-31 14:00:00,1,31,14,15,2013,17.399847,39.277950,Copernicus,Copernicus,2026-01-31 11:00:00 UTC
736,2026-01-31 15:00:00,1,31,15,16,2013,17.417133,39.278599,Copernicus,Copernicus,2026-01-31 12:00:00 UTC
737,2026-01-31 16:00:00,1,31,16,17,2013,17.435167,39.279137,Copernicus,Copernicus,2026-01-31 13:00:00 UTC
738,2026-01-31 17:00:00,1,31,17,18,2013,17.452223,39.279007,Copernicus,Copernicus,2026-01-31 14:00:00 UTC
739,2026-01-31 18:00:00,1,31,18,19,2013,17.464132,39.275684,Copernicus,Copernicus,2026-01-31 15:00:00 UTC
740,2026-01-31 19:00:00,1,31,19,20,2013,17.466894,39.267967,Copernicus,Copernicus,2026-01-31 16:00:00 UTC
741,2026-01-31 20:00:00,1,31,20,21,2013,17.456070,39.255352,Copernicus,Copernicus,2026-01-31 17:00:00 UTC
742,2026-01-31 21:00:00,1,31,21,22,2013,17.436378,39.241611,Copernicus,Copernicus,2026-01-31 18:00:00 UTC
743,2026-01-31 22:00:00,1,31,22,23,2013,17.411867,39.227951,Copernicus,Copernicus,2026-01-31 19:00:00 UTC
744,2026-01-31 23:00:00,1,31,23,24,2013,17.389931,39.216213,Copernicus,Copernicus,2026-01-31 20:00:00 UTC
745,2026-02-01 00:00:00,2,1,0,1,2011,17.368990,39.204998,Copernicus,Copernicus,2026-01-31 21:00:00 UTC
746,2026-02-01 01:00:00,2,1,1,2,2011,17.344727,39.191719,Copernicus,Copernicus,2026-01-31 22:00:00 UTC
747,2026-02-01 02:00:00,2,1,2,3,2011,17.315622,39.175205,Copernicus,Copernicus,2026-01-31 23:00:00 UTC
748,2026-02-01 03:00:00,2,1,3,4,2011,17.282457,39.155235,Copernicus,Copernicus,2026-02-01 00:00:00 UTC
749,2026-02-01 04:00:00,2,1,4,5,2011,17.246386,39.132179,Copernicus,Copernicus,2026-02-01 01:00:00 UTC
750,2026-02-01 05:00:00,2,1,5,6,2011,17.211411,39.108299,Copernicus,Copernicus,2026-02-01 02:00:00 UTC
751,2026-02-01 06:00:00,2,1,6,7,2011,17.177797,39.083050,Copernicus,Copernicus,2026-02-01 03:00:00 UTC
752,2026-02-01 07:00:00,2,1,7,8,2011,17.146400,39.056557,Copernicus,Copernicus,2026-02-01 04:00:00 UTC
753,2026-02-01 08:00:00,2,1,8,9,2011,17.118132,39.029781,Copernicus,Copernicus,2026-02-01 05:00:00 UTC
754,2026-02-01 09:00:00,2,1,9,10,2011,17.091869,39.002983,Copernicus,Copernicus,2026-02-01 06:00:00 UTC
755,2026-02-01 10:00:00,2,1,10,11,2011,17.070133,38.979443,Copernicus,Copernicus,2026-02-01 07:00:00 UTC
756,2026-02-01 11:00:00,2,1,11,12,2011,17.053493,38.960476,Copernicus,Copernicus,2026-02-01 08:00:00 UTC
757,2026-02-01 12:00:00,2,1,12,13,2011,17.041229,38.945553,Copernicus,Copernicus,2026-02-01 09:00:00 UTC
758,2026-02-01 13:00:00,2,1,13,14,2011,17.032963,38.934780,Copernicus,Copernicus,2026-02-01 10:00:00 UTC
759,2026-02-01 14:00:00,2,1,14,15,2011,17.028217,38.928127,Copernicus,Copernicus,2026-02-01 11:00:00 UTC
760,2026-02-01 15:00:00,2,1,15,16,2011,17.026424,38.925423,Copernicus,Copernicus,2026-02-01 12:00:00 UTC
761,2026-02-01 16:00:00,2,1,16,17,2011,17.027027,38.926376,Copernicus,Copernicus,2026-02-01 13:00:00 UTC
762,2026-02-01 17:00:00,2,1,17,18,2011,17.029697,38.930847,Copernicus,Copernicus,2026-02-01 14:00:00 UTC
763,2026-02-01 18:00:00,2,1,18,19,2011,17.034410,38.938942,Copernicus,Copernicus,2026-02-01 15:00:00 UTC
764,2026-02-01 19:00:00,2,1,19,20,2011,17.040956,38.950405,Copernicus,Copernicus,2026-02-01 16:00:00 UTC
765,2026-02-01 20:00:00,2,1,20,21,2011,17.048248,38.963600,Copernicus,Copernicus,2026-02-01 17:00:00 UTC
766,2026-02-01 21:00:00,2,1,21,22,2011,17.055681,38.977306,Copernicus,Copernicus,2026-02-01 18:00:00 UTC
767,2026-02-01 22:00:00,2,1,22,23,2011,17.063459,38.990608,Copernicus,Copernicus,2026-02-01 19:00:00 UTC
768,2026-02-01 23:00:00,2,1,23,24,2011,17.069824,39.001972,Copernicus,Copernicus,2026-02-01 20:00:00 UTC
769,2026-02-02 00:00:00,2,2,0,1,2011,17.075695,39.011410,Copernicus,Copernicus,2026-02-01 21:00:00 UTC
770,2026-02-02 01:00:00,2,2,1,2,2011,17.081739,39.019157,Copernicus,Copernicus,2026-02-01 22:00:00 UTC
771,2026-02-02 02:00:00,2,2,2,3,2011,17.088085,39.025379,Copernicus,Copernicus,2026-02-01 23:00:00 UTC
772,2026-02-02 03:00:00,2,2,3,4,2011,17.094145,39.029770,Copernicus,Copernicus,2026-02-02 00:00:00 UTC
773,2026-02-02 04:00:00,2,2,4,5,2011,17.099184,39.030952,Copernicus,Copernicus,2026-02-02 01:00:00 UTC
774,2026-02-02 05:00:00,2,2,5,6,2011,17.103249,39.028198,Copernicus,Copernicus,2026-02-02 02:00:00 UTC
775,2026-02-02 06:00:00,2,2,6,7,2011,17.106709,39.022331,Copernicus,Copernicus,2026-02-02 03:00:00 UTC
776,2026-02-02 07:00:00,2,2,7,8,2011,17.110279,39.014603,Copernicus,Copernicus,2026-02-02 04:00:00 UTC
777,2026-02-02 08:00:00,2,2,8,9,2011,17.114502,39.004993,Copernicus,Copernicus,2026-02-02 05:00:00 UTC
778,2026-02-02 09:00:00,2,2,9,10,2011,17.120150,38.993050,Copernicus,Copernicus,2026-02-02 06:00:00 UTC
779,2026-02-02 10:00:00,2,2,10,11,2011,17.127668,38.978592,Copernicus,Copernicus,2026-02-02 07:00:00 UTC
780,2026-02-02 11:00:00,2,2,11,12,2011,17.137384,38.962677,Copernicus,Copernicus,2026-02-02 08:00:00 UTC
781,2026-02-02 12:00:00,2,2,12,13,2011,17.149216,38.946796,Copernicus,Copernicus,2026-02-02 09:00:00 UTC
782,2026-02-02 13:00:00,2,2,13,14,2011,17.162872,38.932514,Copernicus,Copernicus,2026-02-02 10:00:00 UTC
783,2026-02-02 14:00:00,2,2,14,15,2011,17.177580,38.920578,Copernicus,Copernicus,2026-02-02 11:00:00 UTC
784,2026-02-02 15:00:00,2,2,15,16,2011,17.192057,38.910969,Copernicus,Copernicus,2026-02-02 12:00:00 UTC
785,2026-02-02 16:00:00,2,2,16,17,2011,17.205784,38.903923,Copernicus,Copernicus,2026-02-02 13:00:00 UTC
786,2026-02-02 17:00:00,2,2,17,18,2011,17.218782,38.899807,Copernicus,Copernicus,2026-02-02 14:00:00 UTC
787,2026-02-02 18:00:00,2,2,18,19,2011,17.231951,38.899258,Copernicus,Copernicus,2026-02-02 15:00:00 UTC
788,2026-02-02 19:00:00,2,2,19,20,2011,17.246822,38.903038,Copernicus,Copernicus,2026-02-02 16:00:00 UTC
789,2026-02-02 20:00:00,2,2,20,21,2011,17.264725,38.912148,Copernicus,Copernicus,2026-02-02 17:00:00 UTC
790,2026-02-02 21:00:00,2,2,21,22,2011,17.287775,38.928406,Copernicus,Copernicus,2026-02-02 18:00:00 UTC
791,2026-02-02 22:00:00,2,2,22,23,2011,17.316582,38.952793,Copernicus,Copernicus,2026-02-02 19:00:00 UTC
792,2026-02-02 23:00:00,2,2,23,24,2011,17.345751,38.980507,Copernicus,Copernicus,2026-02-02 20:00:00 UTC
793,2026-02-03 00:00:00,2,3,0,1,2011,17.369310,39.004642,Copernicus,Copernicus,2026-02-02 21:00:00 UTC
794,2026-02-03 01:00:00,2,3,1,2,2011,17.391562,39.027969,Copernicus,Copernicus,2026-02-02 22:00:00 UTC
795,2026-02-03 02:00:00,2,3,2,3,2011,17.414658,39.054092,Copernicus,Copernicus,2026-02-02 23:00:00 UTC
796,2026-02-03 03:00:00,2,3,3,4,2011,17.436399,39.081474,Copernicus,Copernicus,2026-02-03 00:00:00 UTC
797,2026-02-03 04:00:00,2,3,4,5,2011,17.459967,39.110325,Copernicus,Copernicus,2026-02-03 01:00:00 UTC
798,2026-02-03 05:00:00,2,3,5,6,2011,17.484770,39.136620,Copernicus,Copernicus,2026-02-03 02:00:00 UTC
799,2026-02-03 06:00:00,2,3,6,7,2011,17.507320,39.156956,Copernicus,Copernicus,2026-02-03 03:00:00 UTC
800,2026-02-03 07:00:00,2,3,7,8,2011,17.527800,39.172333,Copernicus,Copernicus,2026-02-03 04:00:00 UTC
801,2026-02-03 08:00:00,2,3,8,9,2011,17.547283,39.184361,Copernicus,Copernicus,2026-02-03 05:00:00 UTC
802,2026-02-03 09:00:00,2,3,9,10,2011,17.566475,39.194500,Copernicus,Copernicus,2026-02-03 06:00:00 UTC
803,2026-02-03 10:00:00,2,3,10,11,2011,17.585108,39.202946,Copernicus,Copernicus,2026-02-03 07:00:00 UTC
804,2026-02-03 11:00:00,2,3,11,12,2011,17.604181,39.209709,Copernicus,Copernicus,2026-02-03 08:00:00 UTC
805,2026-02-03 12:00:00,2,3,12,13,2011,17.623856,39.214817,Copernicus,Copernicus,2026-02-03 09:00:00 UTC
806,2026-02-03 13:00:00,2,3,13,14,2011,17.643757,39.219440,Copernicus,Copernicus,2026-02-03 10:00:00 UTC
807,2026-02-03 14:00:00,2,3,14,15,2011,17.665863,39.224743,Copernicus,Copernicus,2026-02-03 11:00:00 UTC
808,2026-02-03 15:00:00,2,3,15,16,2011,17.685255,39.228924,Copernicus,Copernicus,2026-02-03 12:00:00 UTC
809,2026-02-03 16:00:00,2,3,16,17,2011,17.700781,39.231705,Copernicus,Copernicus,2026-02-03 13:00:00 UTC
810,2026-02-03 17:00:00,2,3,17,18,2011,17.712435,39.233006,Copernicus,Copernicus,2026-02-03 14:00:00 UTC
811,2026-02-03 18:00:00,2,3,18,19,2011,17.721838,39.233345,Copernicus,Copernicus,2026-02-03 15:00:00 UTC
812,2026-02-03 19:00:00,2,3,19,20,2011,17.731192,39.233425,Copernicus,Copernicus,2026-02-03 16:00:00 UTC
813,2026-02-03 20:00:00,2,3,20,21,2011,17.741018,39.233665,Copernicus,Copernicus,2026-02-03 17:00:00 UTC
814,2026-02-03 21:00:00,2,3,21,22,2011,17.750526,39.234108,Copernicus,Copernicus,2026-02-03 18:00:00 UTC
815,2026-02-03 22:00:00,2,3,22,23,2011,17.758524,39.234615,Copernicus,Copernicus,2026-02-03 19:00:00 UTC
816,2026-02-03 23:00:00,2,3,23,24,2011,17.766047,39.235661,Copernicus,Copernicus,2026-02-03 20:00:00 UTC
817,2026-02-04 00:00:00,2,4,0,1,2011,17.728905,39.223057,Copernicus,Copernicus,2026-02-03 21:00:00 UTC
818,2026-02-04 01:00:00,2,4,1,2,2011,17.697927,39.216198,Copernicus,Copernicus,2026-02-03 22:00:00 UTC
819,2026-02-04 02:00:00,2,4,2,3,2011,17.699286,39.220432,Copernicus,Copernicus,2026-02-03 23:00:00 UTC
820,2026-02-04 03:00:00,2,4,3,4,2011,17.724806,39.236774,Copernicus,Copernicus,2026-02-04 00:00:00 UTC
821,2026-02-04 04:00:00,2,4,4,5,2011,17.727528,39.240177,Copernicus,Copernicus,2026-02-04 01:00:00 UTC
822,2026-02-04 05:00:00,2,4,5,6,2011,17.734219,39.244511,Copernicus,Copernicus,2026-02-04 02:00:00 UTC
823,2026-02-04 06:00:00,2,4,6,7,2011,17.731304,39.245556,Copernicus,Copernicus,2026-02-04 03:00:00 UTC
824,2026-02-04 07:00:00,2,4,7,8,2011,17.726456,39.246128,Copernicus,Copernicus,2026-02-04 04:00:00 UTC
825,2026-02-04 08:00:00,2,4,8,9,2011,17.721891,39.246399,Copernicus,Copernicus,2026-02-04 05:00:00 UTC
826,2026-02-04 09:00:00,2,4,9,10,2011,17.721514,39.246582,Copernicus,Copernicus,2026-02-04 06:00:00 UTC
827,2026-02-04 10:00:00,2,4,10,11,2011,17.726910,39.246536,Copernicus,Copernicus,2026-02-04 07:00:00 UTC
828,2026-02-04 11:00:00,2,4,11,12,2011,17.736065,39.246094,Copernicus,Copernicus,2026-02-04 08:00:00 UTC
829,2026-02-04 12:00:00,2,4,12,13,2011,17.746590,39.245323,Copernicus,Copernicus,2026-02-04 09:00:00 UTC
830,2026-02-04 13:00:00,2,4,13,14,2011,17.756767,39.244278,Copernicus,Copernicus,2026-02-04 10:00:00 UTC
831,2026-02-04 14:00:00,2,4,14,15,2011,17.764942,39.242985,Copernicus,Copernicus,2026-02-04 11:00:00 UTC
832,2026-02-04 15:00:00,2,4,15,16,2011,17.765236,39.239529,Copernicus,Copernicus,2026-02-04 12:00:00 UTC
833,2026-02-04 16:00:00,2,4,16,17,2011,17.760653,39.234798,Copernicus,Copernicus,2026-02-04 13:00:00 UTC
834,2026-02-04 17:00:00,2,4,17,18,2011,17.754892,39.230011,Copernicus,Copernicus,2026-02-04 14:00:00 UTC
835,2026-02-04 18:00:00,2,4,18,19,2011,17.754158,39.226307,Copernicus,Copernicus,2026-02-04 15:00:00 UTC
836,2026-02-04 19:00:00,2,4,19,20,2011,17.756145,39.223995,Copernicus,Copernicus,2026-02-04 16:00:00 UTC
837,2026-02-04 20:00:00,2,4,20,21,2011,17.747828,39.221901,Copernicus,Copernicus,2026-02-04 17:00:00 UTC
838,2026-02-04 21:00:00,2,4,21,22,2011,17.755583,39.224968,Copernicus,Copernicus,2026-02-04 18:00:00 UTC
839,2026-02-04 22:00:00,2,4,22,23,2011,17.758820,39.225742,Copernicus,Copernicus,2026-02-04 19:00:00 UTC
840,2026-02-04 23:00:00,2,4,23,24,2011,17.774439,39.230408,Copernicus,Copernicus,2026-02-04 20:00:00 UTC
841,2026-02-05 00:00:00,2,5,0,1,2011,17.777636,39.231091,Copernicus,Copernicus,2026-02-04 21:00:00 UTC
842,2026-02-05 01:00:00,2,5,1,2,2011,17.778248,39.231293,Copernicus,Copernicus,2026-02-04 22:00:00 UTC
843,2026-02-05 02:00:00,2,5,2,3,2011,17.777761,39.231510,Copernicus,Copernicus,2026-02-04 23:00:00 UTC
844,2026-02-05 03:00:00,2,5,3,4,2011,17.777472,39.234371,Copernicus,Copernicus,2026-02-05 00:00:00 UTC
845,2026-02-05 04:00:00,2,5,4,5,2011,17.775396,39.234840,Copernicus,Copernicus,2026-02-05 01:00:00 UTC
846,2026-02-05 05:00:00,2,5,5,6,2011,17.773447,39.235546,Copernicus,Copernicus,2026-02-05 02:00:00 UTC
847,2026-02-05 06:00:00,2,5,6,7,2011,17.771967,39.236549,Copernicus,Copernicus,2026-02-05 03:00:00 UTC
848,2026-02-05 07:00:00,2,5,7,8,2011,17.771471,39.237919,Copernicus,Copernicus,2026-02-05 04:00:00 UTC
849,2026-02-05 08:00:00,2,5,8,9,2011,17.774025,39.239616,Copernicus,Copernicus,2026-02-05 05:00:00 UTC
850,2026-02-05 09:00:00,2,5,9,10,2011,17.782564,39.241520,Copernicus,Copernicus,2026-02-05 06:00:00 UTC
851,2026-02-05 10:00:00,2,5,10,11,2011,17.797874,39.243568,Copernicus,Copernicus,2026-02-05 07:00:00 UTC
852,2026-02-05 11:00:00,2,5,11,12,2011,17.815958,39.245636,Copernicus,Copernicus,2026-02-05 08:00:00 UTC
853,2026-02-05 12:00:00,2,5,12,13,2011,17.834019,39.247654,Copernicus,Copernicus,2026-02-05 09:00:00 UTC
854,2026-02-05 13:00:00,2,5,13,14,2011,17.849983,39.249538,Copernicus,Copernicus,2026-02-05 10:00:00 UTC
855,2026-02-05 14:00:00,2,5,14,15,2011,17.862249,39.251240,Copernicus,Copernicus,2026-02-05 11:00:00 UTC
856,2026-02-05 15:00:00,2,5,15,16,2011,17.870914,39.252880,Copernicus,Copernicus,2026-02-05 12:00:00 UTC
857,2026-02-05 16:00:00,2,5,16,17,2011,17.876051,39.254456,Copernicus,Copernicus,2026-02-05 13:00:00 UTC
858,2026-02-05 17:00:00,2,5,17,18,2011,17.877888,39.256035,Copernicus,Copernicus,2026-02-05 14:00:00 UTC
859,2026-02-05 18:00:00,2,5,18,19,2011,17.877310,39.257603,Copernicus,Copernicus,2026-02-05 15:00:00 UTC
860,2026-02-05 19:00:00,2,5,19,20,2011,17.876383,39.259243,Copernicus,Copernicus,2026-02-05 16:00:00 UTC
861,2026-02-05 20:00:00,2,5,20,21,2011,17.875523,39.260994,Copernicus,Copernicus,2026-02-05 17:00:00 UTC
862,2026-02-05 21:00:00,2,5,21,22,2011,17.874479,39.262817,Copernicus,Copernicus,2026-02-05 18:00:00 UTC
863,2026-02-05 22:00:00,2,5,22,23,2011,17.872854,39.264671,Copernicus,Copernicus,2026-02-05 19:00:00 UTC
864,2026-02-05 23:00:00,2,5,23,24,2011,17.870106,39.266460,Copernicus,Copernicus,2026-02-05 20:00:00 UTC
865,2026-02-06 00:00:00,2,6,0,1,2011,17.865887,39.268127,Copernicus,Copernicus,2026-02-05 21:00:00 UTC
866,2026-02-06 01:00:00,2,6,1,2,2011,17.860060,39.269657,Copernicus,Copernicus,2026-02-05 22:00:00 UTC
867,2026-02-06 02:00:00,2,6,2,3,2011,17.852581,39.271034,Copernicus,Copernicus,2026-02-05 23:00:00 UTC
868,2026-02-06 03:00:00,2,6,3,4,2011,17.844276,39.273792,Copernicus,Copernicus,2026-02-06 00:00:00 UTC
869,2026-02-06 04:00:00,2,6,4,5,2011,17.834476,39.274868,Copernicus,Copernicus,2026-02-06 01:00:00 UTC
870,2026-02-06 05:00:00,2,6,5,6,2011,17.824150,39.275749,Copernicus,Copernicus,2026-02-06 02:00:00 UTC
871,2026-02-06 06:00:00,2,6,6,7,2011,17.813591,39.276512,Copernicus,Copernicus,2026-02-06 03:00:00 UTC
872,2026-02-06 07:00:00,2,6,7,8,2011,17.802872,39.277168,Copernicus,Copernicus,2026-02-06 04:00:00 UTC
873,2026-02-06 08:00:00,2,6,8,9,2011,17.793541,39.277798,Copernicus,Copernicus,2026-02-06 05:00:00 UTC
874,2026-02-06 09:00:00,2,6,9,10,2011,17.787045,39.278370,Copernicus,Copernicus,2026-02-06 06:00:00 UTC
875,2026-02-06 10:00:00,2,6,10,11,2011,17.782984,39.278687,Copernicus,Copernicus,2026-02-06 07:00:00 UTC
876,2026-02-06 11:00:00,2,6,11,12,2011,17.780302,39.278645,Copernicus,Copernicus,2026-02-06 08:00:00 UTC
877,2026-02-06 12:00:00,2,6,12,13,2011,17.777775,39.278198,Copernicus,Copernicus,2026-02-06 09:00:00 UTC
878,2026-02-06 13:00:00,2,6,13,14,2011,17.774220,39.277328,Copernicus,Copernicus,2026-02-06 10:00:00 UTC
879,2026-02-06 14:00:00,2,6,14,15,2011,17.768953,39.276085,Copernicus,Copernicus,2026-02-06 11:00:00 UTC
880,2026-02-06 15:00:00,2,6,15,16,2011,17.761408,39.274559,Copernicus,Copernicus,2026-02-06 12:00:00 UTC
881,2026-02-06 16:00:00,2,6,16,17,2011,17.751087,39.272945,Copernicus,Copernicus,2026-02-06 13:00:00 UTC
882,2026-02-06 17:00:00,2,6,17,18,2011,17.737957,39.271313,Copernicus,Copernicus,2026-02-06 14:00:00 UTC
883,2026-02-06 18:00:00,2,6,18,19,2011,17.723082,39.269684,Copernicus,Copernicus,2026-02-06 15:00:00 UTC
884,2026-02-06 19:00:00,2,6,19,20,2011,17.708231,39.268093,Copernicus,Copernicus,2026-02-06 16:00:00 UTC
885,2026-02-06 20:00:00,2,6,20,21,2011,17.693729,39.266556,Copernicus,Copernicus,2026-02-06 17:00:00 UTC
886,2026-02-06 21:00:00,2,6,21,22,2011,17.679640,39.265102,Copernicus,Copernicus,2026-02-06 18:00:00 UTC
887,2026-02-06 22:00:00,2,6,22,23,2011,17.666311,39.263882,Copernicus,Copernicus,2026-02-06 19:00:00 UTC
888,2026-02-06 23:00:00,2,6,23,24,2011,17.653404,39.262856,Copernicus,Copernicus,2026-02-06 20:00:00 UTC
889,2026-02-07 00:00:00,2,7,0,1,2011,17.640554,39.261963,Copernicus,Copernicus,2026-02-06 21:00:00 UTC
890,2026-02-07 01:00:00,2,7,1,2,2011,17.627485,39.261135,Copernicus,Copernicus,2026-02-06 22:00:00 UTC
891,2026-02-07 02:00:00,2,7,2,3,2011,17.614441,39.260395,Copernicus,Copernicus,2026-02-06 23:00:00 UTC
892,2026-02-07 03:00:00,2,7,3,4,2011,17.602318,39.261341,Copernicus,Copernicus,2026-02-07 00:00:00 UTC
893,2026-02-07 04:00:00,2,7,4,5,2011,17.589756,39.260513,Copernicus,Copernicus,2026-02-07 01:00:00 UTC
894,2026-02-07 05:00:00,2,7,5,6,2011,17.577435,39.259460,Copernicus,Copernicus,2026-02-07 02:00:00 UTC
895,2026-02-07 06:00:00,2,7,6,7,2011,17.565435,39.258247,Copernicus,Copernicus,2026-02-07 03:00:00 UTC
896,2026-02-07 07:00:00,2,7,7,8,2011,17.553776,39.256893,Copernicus,Copernicus,2026-02-07 04:00:00 UTC
897,2026-02-07 08:00:00,2,7,8,9,2011,17.543526,39.255424,Copernicus,Copernicus,2026-02-07 05:00:00 UTC
898,2026-02-07 09:00:00,2,7,9,10,2011,17.536398,39.253891,Copernicus,Copernicus,2026-02-07 06:00:00 UTC
899,2026-02-07 10:00:00,2,7,10,11,2011,17.533218,39.252335,Copernicus,Copernicus,2026-02-07 07:00:00 UTC
900,2026-02-07 11:00:00,2,7,11,12,2011,17.535616,39.251419,Copernicus,Copernicus,2026-02-07 08:00:00 UTC
901,2026-02-07 12:00:00,2,7,12,13,2011,17.541206,39.250927,Copernicus,Copernicus,2026-02-07 09:00:00 UTC
902,2026-02-07 13:00:00,2,7,13,14,2011,17.547667,39.250362,Copernicus,Copernicus,2026-02-07 10:00:00 UTC
903,2026-02-07 14:00:00,2,7,14,15,2011,17.554064,39.249603,Copernicus,Copernicus,2026-02-07 11:00:00 UTC
904,2026-02-07 15:00:00,2,7,15,16,2011,17.558685,39.248669,Copernicus,Copernicus,2026-02-07 12:00:00 UTC
905,2026-02-07 16:00:00,2,7,16,17,2011,17.559336,39.247196,Copernicus,Copernicus,2026-02-07 13:00:00 UTC
906,2026-02-07 17:00:00,2,7,17,18,2011,17.554451,39.244736,Copernicus,Copernicus,2026-02-07 14:00:00 UTC
907,2026-02-07 18:00:00,2,7,18,19,2011,17.511909,39.231739,Copernicus,Copernicus,2026-02-07 15:00:00 UTC
908,2026-02-07 19:00:00,2,7,19,20,2011,17.492430,39.228092,Copernicus,Copernicus,2026-02-07 16:00:00 UTC
909,2026-02-07 20:00:00,2,7,20,21,2011,17.476681,39.225697,Copernicus,Copernicus,2026-02-07 17:00:00 UTC
910,2026-02-07 21:00:00,2,7,21,22,2011,17.461859,39.223625,Copernicus,Copernicus,2026-02-07 18:00:00 UTC
911,2026-02-07 22:00:00,2,7,22,23,2011,17.448252,39.221874,Copernicus,Copernicus,2026-02-07 19:00:00 UTC
912,2026-02-07 23:00:00,2,7,23,24,2011,17.435101,39.220177,Copernicus,Copernicus,2026-02-07 20:00:00 UTC
913,2026-02-08 00:00:00,2,8,0,1,2011,17.422220,39.218487,Copernicus,Copernicus,2026-02-07 21:00:00 UTC
914,2026-02-08 01:00:00,2,8,1,2,2011,17.409573,39.216789,Copernicus,Copernicus,2026-02-07 22:00:00 UTC
915,2026-02-08 02:00:00,2,8,2,3,2011,17.397072,39.215069,Copernicus,Copernicus,2026-02-07 23:00:00 UTC
916,2026-02-08 03:00:00,2,8,3,4,2011,17.385569,39.215305,Copernicus,Copernicus,2026-02-08 00:00:00 UTC
917,2026-02-08 04:00:00,2,8,4,5,2011,17.373549,39.213558,Copernicus,Copernicus,2026-02-08 01:00:00 UTC
918,2026-02-08 05:00:00,2,8,5,6,2011,17.361946,39.211803,Copernicus,Copernicus,2026-02-08 02:00:00 UTC
919,2026-02-08 06:00:00,2,8,6,7,2011,17.350653,39.210033,Copernicus,Copernicus,2026-02-08 03:00:00 UTC
920,2026-02-08 07:00:00,2,8,7,8,2011,17.339750,39.208286,Copernicus,Copernicus,2026-02-08 04:00:00 UTC
921,2026-02-08 08:00:00,2,8,8,9,2011,17.330778,39.206551,Copernicus,Copernicus,2026-02-08 05:00:00 UTC
922,2026-02-08 09:00:00,2,8,9,10,2011,17.325766,39.204823,Copernicus,Copernicus,2026-02-08 06:00:00 UTC
923,2026-02-08 10:00:00,2,8,10,11,2011,17.324568,39.203053,Copernicus,Copernicus,2026-02-08 07:00:00 UTC
924,2026-02-08 11:00:00,2,8,11,12,2011,17.325022,39.201202,Copernicus,Copernicus,2026-02-08 08:00:00 UTC
925,2026-02-08 12:00:00,2,8,12,13,2011,17.325899,39.199345,Copernicus,Copernicus,2026-02-08 09:00:00 UTC
926,2026-02-08 13:00:00,2,8,13,14,2011,17.326511,39.197430,Copernicus,Copernicus,2026-02-08 10:00:00 UTC
927,2026-02-08 14:00:00,2,8,14,15,2011,17.326197,39.195389,Copernicus,Copernicus,2026-02-08 11:00:00 UTC
928,2026-02-08 15:00:00,2,8,15,16,2011,17.324753,39.193230,Copernicus,Copernicus,2026-02-08 12:00:00 UTC
929,2026-02-08 16:00:00,2,8,16,17,2011,17.322378,39.191032,Copernicus,Copernicus,2026-02-08 13:00:00 UTC
930,2026-02-08 17:00:00,2,8,17,18,2011,17.317484,39.188370,Copernicus,Copernicus,2026-02-08 14:00:00 UTC
931,2026-02-08 18:00:00,2,8,18,19,2011,17.302717,39.182938,Copernicus,Copernicus,2026-02-08 15:00:00 UTC
932,2026-02-08 19:00:00,2,8,19,20,2011,17.289942,39.179470,Copernicus,Copernicus,2026-02-08 16:00:00 UTC
933,2026-02-08 20:00:00,2,8,20,21,2011,17.277309,39.176121,Copernicus,Copernicus,2026-02-08 17:00:00 UTC
934,2026-02-08 21:00:00,2,8,21,22,2011,17.264721,39.172733,Copernicus,Copernicus,2026-02-08 18:00:00 UTC
935,2026-02-08 22:00:00,2,8,22,23,2011,17.252214,39.169315,Copernicus,Copernicus,2026-02-08 19:00:00 UTC
936,2026-02-08 23:00:00,2,8,23,24,2011,17.239737,39.165844,Copernicus,Copernicus,2026-02-08 20:00:00 UTC
937,2026-02-09 00:00:00,2,9,0,1,2011,17.227474,39.162388,Copernicus,Copernicus,2026-02-08 21:00:00 UTC
938,2026-02-09 01:00:00,2,9,1,2,2011,17.215744,39.158901,Copernicus,Copernicus,2026-02-08 22:00:00 UTC
939,2026-02-09 02:00:00,2,9,2,3,2011,17.204836,39.155418,Copernicus,Copernicus,2026-02-08 23:00:00 UTC
940,2026-02-09 03:00:00,2,9,3,4,2011,17.194508,39.151588,Copernicus,Copernicus,2026-02-09 00:00:00 UTC
941,2026-02-09 04:00:00,2,9,4,5,2011,17.185061,39.148106,Copernicus,Copernicus,2026-02-09 01:00:00 UTC
942,2026-02-09 05:00:00,2,9,5,6,2011,17.176365,39.144669,Copernicus,Copernicus,2026-02-09 02:00:00 UTC
943,2026-02-09 06:00:00,2,9,6,7,2011,17.168457,39.141277,Copernicus,Copernicus,2026-02-09 03:00:00 UTC
944,2026-02-09 07:00:00,2,9,7,8,2011,17.162985,39.138496,Copernicus,Copernicus,2026-02-09 04:00:00 UTC
945,2026-02-09 08:00:00,2,9,8,9,2011,17.160215,39.136021,Copernicus,Copernicus,2026-02-09 05:00:00 UTC
946,2026-02-09 09:00:00,2,9,9,10,2011,17.162148,39.133598,Copernicus,Copernicus,2026-02-09 06:00:00 UTC
947,2026-02-09 10:00:00,2,9,10,11,2011,17.167532,39.131428,Copernicus,Copernicus,2026-02-09 07:00:00 UTC
948,2026-02-09 11:00:00,2,9,11,12,2011,17.174500,39.129509,Copernicus,Copernicus,2026-02-09 08:00:00 UTC
949,2026-02-09 12:00:00,2,9,12,13,2011,17.182243,39.127800,Copernicus,Copernicus,2026-02-09 09:00:00 UTC
950,2026-02-09 13:00:00,2,9,13,14,2011,17.190067,39.126286,Copernicus,Copernicus,2026-02-09 10:00:00 UTC
951,2026-02-09 14:00:00,2,9,14,15,2011,17.196970,39.124756,Copernicus,Copernicus,2026-02-09 11:00:00 UTC
952,2026-02-09 15:00:00,2,9,15,16,2011,17.202061,39.122871,Copernicus,Copernicus,2026-02-09 12:00:00 UTC
953,2026-02-09 16:00:00,2,9,16,17,2011,17.205513,39.120441,Copernicus,Copernicus,2026-02-09 13:00:00 UTC
954,2026-02-09 17:00:00,2,9,17,18,2011,17.207918,39.117661,Copernicus,Copernicus,2026-02-09 14:00:00 UTC
955,2026-02-09 18:00:00,2,9,18,19,2011,17.210007,39.114635,Copernicus,Copernicus,2026-02-09 15:00:00 UTC
956,2026-02-09 19:00:00,2,9,19,20,2011,17.212305,39.111294,Copernicus,Copernicus,2026-02-09 16:00:00 UTC
957,2026-02-09 20:00:00,2,9,20,21,2011,17.214993,39.107845,Copernicus,Copernicus,2026-02-09 17:00:00 UTC
958,2026-02-09 21:00:00,2,9,21,22,2011,17.217258,39.103703,Copernicus,Copernicus,2026-02-09 18:00:00 UTC
959,2026-02-09 22:00:00,2,9,22,23,2011,17.218288,39.098553,Copernicus,Copernicus,2026-02-09 19:00:00 UTC
960,2026-02-09 23:00:00,2,9,23,24,2011,17.217899,39.093037,Copernicus,Copernicus,2026-02-09 20:00:00 UTC
961,2026-02-10 00:00:00,2,10,0,1,2011,17.222475,39.091320,Copernicus,Copernicus,2026-02-09 21:00:00 UTC
962,2026-02-10 01:00:00,2,10,1,2,2011,17.229013,39.091057,Copernicus,Copernicus,2026-02-09 22:00:00 UTC
963,2026-02-10 02:00:00,2,10,2,3,2011,17.228174,39.088081,Copernicus,Copernicus,2026-02-09 23:00:00 UTC
964,2026-02-10 03:00:00,2,10,3,4,2011,17.180410,39.070683,Copernicus,Copernicus,2026-02-10 00:00:00 UTC
965,2026-02-10 04:00:00,2,10,4,5,2011,17.162462,39.064266,Copernicus,Copernicus,2026-02-10 01:00:00 UTC
966,2026-02-10 05:00:00,2,10,5,6,2011,17.162649,39.063713,Copernicus,Copernicus,2026-02-10 02:00:00 UTC
967,2026-02-10 06:00:00,2,10,6,7,2011,17.193726,39.072620,Copernicus,Copernicus,2026-02-10 03:00:00 UTC
968,2026-02-10 07:00:00,2,10,7,8,2011,17.204912,39.074368,Copernicus,Copernicus,2026-02-10 04:00:00 UTC
969,2026-02-10 08:00:00,2,10,8,9,2011,17.208921,39.073479,Copernicus,Copernicus,2026-02-10 05:00:00 UTC
970,2026-02-10 09:00:00,2,10,9,10,2011,17.214830,39.072414,Copernicus,Copernicus,2026-02-10 06:00:00 UTC
971,2026-02-10 10:00:00,2,10,10,11,2011,17.219557,39.070061,Copernicus,Copernicus,2026-02-10 07:00:00 UTC
972,2026-02-10 11:00:00,2,10,11,12,2011,17.224653,39.068211,Copernicus,Copernicus,2026-02-10 08:00:00 UTC
973,2026-02-10 12:00:00,2,10,12,13,2011,17.232353,39.067593,Copernicus,Copernicus,2026-02-10 09:00:00 UTC
974,2026-02-10 13:00:00,2,10,13,14,2011,17.241686,39.067650,Copernicus,Copernicus,2026-02-10 10:00:00 UTC
975,2026-02-10 14:00:00,2,10,14,15,2011,17.251575,39.067944,Copernicus,Copernicus,2026-02-10 11:00:00 UTC
976,2026-02-10 15:00:00,2,10,15,16,2011,17.261433,39.068272,Copernicus,Copernicus,2026-02-10 12:00:00 UTC
977,2026-02-10 16:00:00,2,10,16,17,2011,17.271378,39.068981,Copernicus,Copernicus,2026-02-10 13:00:00 UTC
978,2026-02-10 17:00:00,2,10,17,18,2011,17.282362,39.070438,Copernicus,Copernicus,2026-02-10 14:00:00 UTC
979,2026-02-10 18:00:00,2,10,18,19,2011,17.256369,39.061707,Copernicus,Copernicus,2026-02-10 15:00:00 UTC
980,2026-02-10 19:00:00,2,10,19,20,2011,17.306353,39.079678,Copernicus,Copernicus,2026-02-10 16:00:00 UTC
981,2026-02-10 20:00:00,2,10,20,21,2011,17.303759,39.080452,Copernicus,Copernicus,2026-02-10 17:00:00 UTC
982,2026-02-10 21:00:00,2,10,21,22,2011,17.300148,39.081001,Copernicus,Copernicus,2026-02-10 18:00:00 UTC
983,2026-02-10 22:00:00,2,10,22,23,2011,17.298830,39.082100,Copernicus,Copernicus,2026-02-10 19:00:00 UTC
984,2026-02-10 23:00:00,2,10,23,24,2011,17.297962,39.083248,Copernicus,Copernicus,2026-02-10 20:00:00 UTC
985,2026-02-11 00:00:00,2,11,0,1,2011,17.297716,39.084408,Copernicus,Copernicus,2026-02-10 21:00:00 UTC
986,2026-02-11 01:00:00,2,11,1,2,2011,17.298061,39.085567,Copernicus,Copernicus,2026-02-10 22:00:00 UTC
987,2026-02-11 02:00:00,2,11,2,3,2011,17.298441,39.086674,Copernicus,Copernicus,2026-02-10 23:00:00 UTC
988,2026-02-11 03:00:00,2,11,3,4,2011,17.299936,39.089550,Copernicus,Copernicus,2026-02-11 00:00:00 UTC
989,2026-02-11 04:00:00,2,11,4,5,2011,17.300669,39.090683,Copernicus,Copernicus,2026-02-11 01:00:00 UTC
990,2026-02-11 05:00:00,2,11,5,6,2011,17.301111,39.091805,Copernicus,Copernicus,2026-02-11 02:00:00 UTC
991,2026-02-11 06:00:00,2,11,6,7,2011,17.301056,39.092918,Copernicus,Copernicus,2026-02-11 03:00:00 UTC
992,2026-02-11 07:00:00,2,11,7,8,2011,17.300415,39.094025,Copernicus,Copernicus,2026-02-11 04:00:00 UTC
993,2026-02-11 08:00:00,2,11,8,9,2011,17.301405,39.095127,Copernicus,Copernicus,2026-02-11 05:00:00 UTC
994,2026-02-11 09:00:00,2,11,9,10,2011,17.307655,39.096195,Copernicus,Copernicus,2026-02-11 06:00:00 UTC
995,2026-02-11 10:00:00,2,11,10,11,2011,17.316721,39.097103,Copernicus,Copernicus,2026-02-11 07:00:00 UTC
996,2026-02-11 11:00:00,2,11,11,12,2011,17.326517,39.097969,Copernicus,Copernicus,2026-02-11 08:00:00 UTC
997,2026-02-11 12:00:00,2,11,12,13,2011,17.336340,39.098808,Copernicus,Copernicus,2026-02-11 09:00:00 UTC
998,2026-02-11 13:00:00,2,11,13,14,2011,17.345604,39.099667,Copernicus,Copernicus,2026-02-11 10:00:00 UTC
999,2026-02-11 14:00:00,2,11,14,15,2011,17.354424,39.100849,Copernicus,Copernicus,2026-02-11 11:00:00 UTC
1000,2026-02-11 15:00:00,2,11,15,16,2011,17.363724,39.103275,Copernicus,Copernicus,2026-02-11 12:00:00 UTC
1001,2026-02-11 16:00:00,2,11,16,17,2011,17.368526,39.106087,Copernicus,Copernicus,2026-02-11 13:00:00 UTC
1002,2026-02-11 17:00:00,2,11,17,18,2011,17.369041,39.108192,Copernicus,Copernicus,2026-02-11 14:00:00 UTC
1003,2026-02-11 18:00:00,2,11,18,19,2011,17.368374,39.110088,Copernicus,Copernicus,2026-02-11 15:00:00 UTC
1004,2026-02-11 19:00:00,2,11,19,20,2011,17.367516,39.111794,Copernicus,Copernicus,2026-02-11 16:00:00 UTC
1005,2026-02-11 20:00:00,2,11,20,21,2011,17.365610,39.113262,Copernicus,Copernicus,2026-02-11 17:00:00 UTC
1006,2026-02-11 21:00:00,2,11,21,22,2011,17.362144,39.114494,Copernicus,Copernicus,2026-02-11 18:00:00 UTC
1007,2026-02-11 22:00:00,2,11,22,23,2011,17.357658,39.115471,Copernicus,Copernicus,2026-02-11 19:00:00 UTC
1008,2026-02-11 23:00:00,2,11,23,24,2011,17.352772,39.116356,Copernicus,Copernicus,2026-02-11 20:00:00 UTC
1009,2026-02-12 00:00:00,2,12,0,1,2011,17.347849,39.117271,Copernicus,Copernicus,2026-02-11 21:00:00 UTC
1010,2026-02-12 01:00:00,2,12,1,2,2011,17.342968,39.118206,Copernicus,Copernicus,2026-02-11 22:00:00 UTC
1011,2026-02-12 02:00:00,2,12,2,3,2011,17.338247,39.119141,Copernicus,Copernicus,2026-02-11 23:00:00 UTC
1012,2026-02-12 03:00:00,2,12,3,4,2011,17.334042,39.120384,Copernicus,Copernicus,2026-02-12 00:00:00 UTC
1013,2026-02-12 04:00:00,2,12,4,5,2011,17.330246,39.121288,Copernicus,Copernicus,2026-02-12 01:00:00 UTC
1014,2026-02-12 05:00:00,2,12,5,6,2011,17.327049,39.122211,Copernicus,Copernicus,2026-02-12 02:00:00 UTC
1015,2026-02-12 06:00:00,2,12,6,7,2011,17.324102,39.123112,Copernicus,Copernicus,2026-02-12 03:00:00 UTC
1016,2026-02-12 07:00:00,2,12,7,8,2011,17.321409,39.124020,Copernicus,Copernicus,2026-02-12 04:00:00 UTC
1017,2026-02-12 08:00:00,2,12,8,9,2011,17.320715,39.124966,Copernicus,Copernicus,2026-02-12 05:00:00 UTC
1018,2026-02-12 09:00:00,2,12,9,10,2011,17.323982,39.125935,Copernicus,Copernicus,2026-02-12 06:00:00 UTC
1019,2026-02-12 10:00:00,2,12,10,11,2011,17.330782,39.126804,Copernicus,Copernicus,2026-02-12 07:00:00 UTC
1020,2026-02-12 11:00:00,2,12,11,12,2011,17.339119,39.127647,Copernicus,Copernicus,2026-02-12 08:00:00 UTC
1021,2026-02-12 12:00:00,2,12,12,13,2011,17.348057,39.128510,Copernicus,Copernicus,2026-02-12 09:00:00 UTC
1022,2026-02-12 13:00:00,2,12,13,14,2011,17.356953,39.129406,Copernicus,Copernicus,2026-02-12 10:00:00 UTC
1023,2026-02-12 14:00:00,2,12,14,15,2011,17.365427,39.130325,Copernicus,Copernicus,2026-02-12 11:00:00 UTC
1024,2026-02-12 15:00:00,2,12,15,16,2011,17.373047,39.131237,Copernicus,Copernicus,2026-02-12 12:00:00 UTC
1025,2026-02-12 16:00:00,2,12,16,17,2011,17.379551,39.132122,Copernicus,Copernicus,2026-02-12 13:00:00 UTC
1026,2026-02-12 17:00:00,2,12,17,18,2011,17.385042,39.133041,Copernicus,Copernicus,2026-02-12 14:00:00 UTC
1027,2026-02-12 18:00:00,2,12,18,19,2011,17.390049,39.133942,Copernicus,Copernicus,2026-02-12 15:00:00 UTC
1028,2026-02-12 19:00:00,2,12,19,20,2011,17.394699,39.134609,Copernicus,Copernicus,2026-02-12 16:00:00 UTC
1029,2026-02-12 20:00:00,2,12,20,21,2011,17.399422,39.135223,Copernicus,Copernicus,2026-02-12 17:00:00 UTC
1030,2026-02-12 21:00:00,2,12,21,22,2011,17.403530,39.135578,Copernicus,Copernicus,2026-02-12 18:00:00 UTC
1031,2026-02-12 22:00:00,2,12,22,23,2011,17.406628,39.135571,Copernicus,Copernicus,2026-02-12 19:00:00 UTC
1032,2026-02-12 23:00:00,2,12,23,24,2011,17.408468,39.135323,Copernicus,Copernicus,2026-02-12 20:00:00 UTC
1033,2026-02-13 00:00:00,2,13,0,1,2011,17.409414,39.135101,Copernicus,Copernicus,2026-02-12 21:00:00 UTC
1034,2026-02-13 01:00:00,2,13,1,2,2011,17.409447,39.134869,Copernicus,Copernicus,2026-02-12 22:00:00 UTC
1035,2026-02-13 02:00:00,2,13,2,3,2011,17.408642,39.134636,Copernicus,Copernicus,2026-02-12 23:00:00 UTC
1036,2026-02-13 03:00:00,2,13,3,4,2011,17.407448,39.134457,Copernicus,Copernicus,2026-02-13 00:00:00 UTC
1037,2026-02-13 04:00:00,2,13,4,5,2011,17.407648,39.134529,Copernicus,Copernicus,2026-02-13 01:00:00 UTC
1038,2026-02-13 05:00:00,2,13,5,6,2011,17.407492,39.134113,Copernicus,Copernicus,2026-02-13 02:00:00 UTC
1039,2026-02-13 06:00:00,2,13,6,7,2011,17.404186,39.132610,Copernicus,Copernicus,2026-02-13 03:00:00 UTC
1040,2026-02-13 07:00:00,2,13,7,8,2011,17.399786,39.130760,Copernicus,Copernicus,2026-02-13 04:00:00 UTC
1041,2026-02-13 08:00:00,2,13,8,9,2011,17.397377,39.129356,Copernicus,Copernicus,2026-02-13 05:00:00 UTC
1042,2026-02-13 09:00:00,2,13,9,10,2011,17.395002,39.127502,Copernicus,Copernicus,2026-02-13 06:00:00 UTC
1043,2026-02-13 10:00:00,2,13,10,11,2011,17.394423,39.125652,Copernicus,Copernicus,2026-02-13 07:00:00 UTC
1044,2026-02-13 11:00:00,2,13,11,12,2011,17.393950,39.123360,Copernicus,Copernicus,2026-02-13 08:00:00 UTC
1045,2026-02-13 12:00:00,2,13,12,13,2011,17.391384,39.120171,Copernicus,Copernicus,2026-02-13 09:00:00 UTC
1046,2026-02-13 13:00:00,2,13,13,14,2011,17.377760,39.113251,Copernicus,Copernicus,2026-02-13 10:00:00 UTC
1047,2026-02-13 14:00:00,2,13,14,15,2011,17.342068,39.096050,Copernicus,Copernicus,2026-02-13 11:00:00 UTC
1048,2026-02-13 15:00:00,2,13,15,16,2011,17.270926,39.050228,Copernicus,Copernicus,2026-02-13 12:00:00 UTC
1049,2026-02-13 16:00:00,2,13,16,17,2011,17.222338,39.003452,Copernicus,Copernicus,2026-02-13 13:00:00 UTC
1050,2026-02-13 17:00:00,2,13,17,18,2011,17.213673,38.984074,Copernicus,Copernicus,2026-02-13 14:00:00 UTC
1051,2026-02-13 18:00:00,2,13,18,19,2011,17.215527,38.980053,Copernicus,Copernicus,2026-02-13 15:00:00 UTC
1052,2026-02-13 19:00:00,2,13,19,20,2011,17.218737,38.978264,Copernicus,Copernicus,2026-02-13 16:00:00 UTC
1053,2026-02-13 20:00:00,2,13,20,21,2011,17.220026,38.973991,Copernicus,Copernicus,2026-02-13 17:00:00 UTC
1054,2026-02-13 21:00:00,2,13,21,22,2011,17.217709,38.967285,Copernicus,Copernicus,2026-02-13 18:00:00 UTC
1055,2026-02-13 22:00:00,2,13,22,23,2011,17.213673,38.959717,Copernicus,Copernicus,2026-02-13 19:00:00 UTC
1056,2026-02-13 23:00:00,2,13,23,24,2011,17.210115,38.952175,Copernicus,Copernicus,2026-02-13 20:00:00 UTC
1057,2026-02-14 00:00:00,2,14,0,1,2011,17.207500,38.944263,Copernicus,Copernicus,2026-02-13 21:00:00 UTC
1058,2026-02-14 01:00:00,2,14,1,2,2011,17.206135,38.935886,Copernicus,Copernicus,2026-02-13 22:00:00 UTC
1059,2026-02-14 02:00:00,2,14,2,3,2011,17.206066,38.927368,Copernicus,Copernicus,2026-02-13 23:00:00 UTC
1060,2026-02-14 03:00:00,2,14,3,4,2011,17.205692,38.919888,Copernicus,Copernicus,2026-02-14 00:00:00 UTC
1061,2026-02-14 04:00:00,2,14,4,5,2011,17.204264,38.912937,Copernicus,Copernicus,2026-02-14 01:00:00 UTC
1062,2026-02-14 05:00:00,2,14,5,6,2011,17.202070,38.905674,Copernicus,Copernicus,2026-02-14 02:00:00 UTC
1063,2026-02-14 06:00:00,2,14,6,7,2011,17.200687,38.897579,Copernicus,Copernicus,2026-02-14 03:00:00 UTC
1064,2026-02-14 07:00:00,2,14,7,8,2011,17.199749,38.886745,Copernicus,Copernicus,2026-02-14 04:00:00 UTC
1065,2026-02-14 08:00:00,2,14,8,9,2011,17.198711,38.873840,Copernicus,Copernicus,2026-02-14 05:00:00 UTC
1066,2026-02-14 09:00:00,2,14,9,10,2011,17.198877,38.860447,Copernicus,Copernicus,2026-02-14 06:00:00 UTC
1067,2026-02-14 10:00:00,2,14,10,11,2011,17.201481,38.847511,Copernicus,Copernicus,2026-02-14 07:00:00 UTC
1068,2026-02-14 11:00:00,2,14,11,12,2011,17.207335,38.835949,Copernicus,Copernicus,2026-02-14 08:00:00 UTC
1069,2026-02-14 12:00:00,2,14,12,13,2011,17.216734,38.827061,Copernicus,Copernicus,2026-02-14 09:00:00 UTC
1070,2026-02-14 13:00:00,2,14,13,14,2011,17.229086,38.821331,Copernicus,Copernicus,2026-02-14 10:00:00 UTC
1071,2026-02-14 14:00:00,2,14,14,15,2011,17.243944,38.818401,Copernicus,Copernicus,2026-02-14 11:00:00 UTC
1072,2026-02-14 15:00:00,2,14,15,16,2011,17.261061,38.818150,Copernicus,Copernicus,2026-02-14 12:00:00 UTC
1073,2026-02-14 16:00:00,2,14,16,17,2011,17.278217,38.820656,Copernicus,Copernicus,2026-02-14 13:00:00 UTC
1074,2026-02-14 17:00:00,2,14,17,18,2011,17.294231,38.825539,Copernicus,Copernicus,2026-02-14 14:00:00 UTC
1075,2026-02-14 18:00:00,2,14,18,19,2011,17.309202,38.832077,Copernicus,Copernicus,2026-02-14 15:00:00 UTC
1076,2026-02-14 19:00:00,2,14,19,20,2011,17.324162,38.839897,Copernicus,Copernicus,2026-02-14 16:00:00 UTC
1077,2026-02-14 20:00:00,2,14,20,21,2011,17.339178,38.848701,Copernicus,Copernicus,2026-02-14 17:00:00 UTC
1078,2026-02-14 21:00:00,2,14,21,22,2011,17.353773,38.858051,Copernicus,Copernicus,2026-02-14 18:00:00 UTC
1079,2026-02-14 22:00:00,2,14,22,23,2011,17.367207,38.867249,Copernicus,Copernicus,2026-02-14 19:00:00 UTC
1080,2026-02-14 23:00:00,2,14,23,24,2011,17.378950,38.875404,Copernicus,Copernicus,2026-02-14 20:00:00 UTC
1081,2026-02-15 00:00:00,2,15,0,1,2011,17.388672,38.881874,Copernicus,Copernicus,2026-02-14 21:00:00 UTC
1082,2026-02-15 01:00:00,2,15,1,2,2011,17.395994,38.886211,Copernicus,Copernicus,2026-02-14 22:00:00 UTC
1083,2026-02-15 02:00:00,2,15,2,3,2011,17.400625,38.888271,Copernicus,Copernicus,2026-02-14 23:00:00 UTC
1084,2026-02-15 03:00:00,2,15,3,4,2011,17.402411,38.887943,Copernicus,Copernicus,2026-02-15 00:00:00 UTC
1085,2026-02-15 04:00:00,2,15,4,5,2011,17.401592,38.885303,Copernicus,Copernicus,2026-02-15 01:00:00 UTC
1086,2026-02-15 05:00:00,2,15,5,6,2011,17.398518,38.880497,Copernicus,Copernicus,2026-02-15 02:00:00 UTC
1087,2026-02-15 06:00:00,2,15,6,7,2011,17.393978,38.874104,Copernicus,Copernicus,2026-02-15 03:00:00 UTC
1088,2026-02-15 07:00:00,2,15,7,8,2011,17.388880,38.866875,Copernicus,Copernicus,2026-02-15 04:00:00 UTC
1089,2026-02-15 08:00:00,2,15,8,9,2011,17.384783,38.859489,Copernicus,Copernicus,2026-02-15 05:00:00 UTC
1090,2026-02-15 09:00:00,2,15,9,10,2011,17.382820,38.852455,Copernicus,Copernicus,2026-02-15 06:00:00 UTC
1091,2026-02-15 10:00:00,2,15,10,11,2011,17.382952,38.845936,Copernicus,Copernicus,2026-02-15 07:00:00 UTC
1092,2026-02-15 11:00:00,2,15,11,12,2011,17.384892,38.840172,Copernicus,Copernicus,2026-02-15 08:00:00 UTC
1093,2026-02-15 12:00:00,2,15,12,13,2011,17.388054,38.835186,Copernicus,Copernicus,2026-02-15 09:00:00 UTC
1094,2026-02-15 13:00:00,2,15,13,14,2011,17.391848,38.831078,Copernicus,Copernicus,2026-02-15 10:00:00 UTC
1095,2026-02-15 14:00:00,2,15,14,15,2011,17.397285,38.828430,Copernicus,Copernicus,2026-02-15 11:00:00 UTC
1096,2026-02-15 15:00:00,2,15,15,16,2011,17.406059,38.827885,Copernicus,Copernicus,2026-02-15 12:00:00 UTC
1097,2026-02-15 16:00:00,2,15,16,17,2011,17.413351,38.827900,Copernicus,Copernicus,2026-02-15 13:00:00 UTC
1098,2026-02-15 17:00:00,2,15,17,18,2011,17.418550,38.828461,Copernicus,Copernicus,2026-02-15 14:00:00 UTC
1099,2026-02-15 18:00:00,2,15,18,19,2011,17.422258,38.829929,Copernicus,Copernicus,2026-02-15 15:00:00 UTC
1100,2026-02-15 19:00:00,2,15,19,20,2011,17.425915,38.832733,Copernicus,Copernicus,2026-02-15 16:00:00 UTC
1101,2026-02-15 20:00:00,2,15,20,21,2011,17.430046,38.837322,Copernicus,Copernicus,2026-02-15 17:00:00 UTC
1102,2026-02-15 21:00:00,2,15,21,22,2011,17.435011,38.843998,Copernicus,Copernicus,2026-02-15 18:00:00 UTC
1103,2026-02-15 22:00:00,2,15,22,23,2011,17.440882,38.852444,Copernicus,Copernicus,2026-02-15 19:00:00 UTC
1104,2026-02-15 23:00:00,2,15,23,24,2011,17.447636,38.862080,Copernicus,Copernicus,2026-02-15 20:00:00 UTC
1105,2026-02-16 00:00:00,2,16,0,1,2011,17.454803,38.872066,Copernicus,Copernicus,2026-02-15 21:00:00 UTC
1106,2026-02-16 01:00:00,2,16,1,2,2011,17.461836,38.881531,Copernicus,Copernicus,2026-02-15 22:00:00 UTC
1107,2026-02-16 02:00:00,2,16,2,3,2011,17.468250,38.889759,Copernicus,Copernicus,2026-02-15 23:00:00 UTC
1108,2026-02-16 03:00:00,2,16,3,4,2011,17.473652,38.896240,Copernicus,Copernicus,2026-02-16 00:00:00 UTC
1109,2026-02-16 04:00:00,2,16,4,5,2011,17.477818,38.900612,Copernicus,Copernicus,2026-02-16 01:00:00 UTC
1110,2026-02-16 05:00:00,2,16,5,6,2011,17.480661,38.902645,Copernicus,Copernicus,2026-02-16 02:00:00 UTC
1111,2026-02-16 06:00:00,2,16,6,7,2011,17.482121,38.902012,Copernicus,Copernicus,2026-02-16 03:00:00 UTC
1112,2026-02-16 07:00:00,2,16,7,8,2011,17.482271,38.898571,Copernicus,Copernicus,2026-02-16 04:00:00 UTC
1113,2026-02-16 08:00:00,2,16,8,9,2011,17.482006,38.892509,Copernicus,Copernicus,2026-02-16 05:00:00 UTC
1114,2026-02-16 09:00:00,2,16,9,10,2011,17.482281,38.884167,Copernicus,Copernicus,2026-02-16 06:00:00 UTC
1115,2026-02-16 10:00:00,2,16,10,11,2011,17.483139,38.873837,Copernicus,Copernicus,2026-02-16 07:00:00 UTC
1116,2026-02-16 11:00:00,2,16,11,12,2011,17.484697,38.862289,Copernicus,Copernicus,2026-02-16 08:00:00 UTC
1117,2026-02-16 12:00:00,2,16,12,13,2011,17.486088,38.849674,Copernicus,Copernicus,2026-02-16 09:00:00 UTC
1118,2026-02-16 13:00:00,2,16,13,14,2011,17.485750,38.835697,Copernicus,Copernicus,2026-02-16 10:00:00 UTC
1119,2026-02-16 14:00:00,2,16,14,15,2011,17.482868,38.820366,Copernicus,Copernicus,2026-02-16 11:00:00 UTC
1120,2026-02-16 15:00:00,2,16,15,16,2011,17.477011,38.803684,Copernicus,Copernicus,2026-02-16 12:00:00 UTC
1121,2026-02-16 16:00:00,2,16,16,17,2011,17.468761,38.786297,Copernicus,Copernicus,2026-02-16 13:00:00 UTC
1122,2026-02-16 17:00:00,2,16,17,18,2011,17.458944,38.769150,Copernicus,Copernicus,2026-02-16 14:00:00 UTC
1123,2026-02-16 18:00:00,2,16,18,19,2011,17.448921,38.753437,Copernicus,Copernicus,2026-02-16 15:00:00 UTC
1124,2026-02-16 19:00:00,2,16,19,20,2011,17.439781,38.739857,Copernicus,Copernicus,2026-02-16 16:00:00 UTC
1125,2026-02-16 20:00:00,2,16,20,21,2011,17.432878,38.729698,Copernicus,Copernicus,2026-02-16 17:00:00 UTC
1126,2026-02-16 21:00:00,2,16,21,22,2011,17.429213,38.723827,Copernicus,Copernicus,2026-02-16 18:00:00 UTC
1127,2026-02-16 22:00:00,2,16,22,23,2011,17.428728,38.722012,Copernicus,Copernicus,2026-02-16 19:00:00 UTC
1128,2026-02-16 23:00:00,2,16,23,24,2011,17.430752,38.723526,Copernicus,Copernicus,2026-02-16 20:00:00 UTC
1129,2026-02-17 00:00:00,2,17,0,1,2011,17.434319,38.727348,Copernicus,Copernicus,2026-02-16 21:00:00 UTC
1130,2026-02-17 01:00:00,2,17,1,2,2011,17.438673,38.732506,Copernicus,Copernicus,2026-02-16 22:00:00 UTC
1131,2026-02-17 02:00:00,2,17,2,3,2011,17.442984,38.737965,Copernicus,Copernicus,2026-02-16 23:00:00 UTC
1132,2026-02-17 03:00:00,2,17,3,4,2011,17.446218,38.742447,Copernicus,Copernicus,2026-02-17 00:00:00 UTC
1133,2026-02-17 04:00:00,2,17,4,5,2011,17.447527,38.744816,Copernicus,Copernicus,2026-02-17 01:00:00 UTC
1134,2026-02-17 05:00:00,2,17,5,6,2011,17.446764,38.744709,Copernicus,Copernicus,2026-02-17 02:00:00 UTC
1135,2026-02-17 06:00:00,2,17,6,7,2011,17.443907,38.742065,Copernicus,Copernicus,2026-02-17 03:00:00 UTC
1136,2026-02-17 07:00:00,2,17,7,8,2011,17.439631,38.737709,Copernicus,Copernicus,2026-02-17 04:00:00 UTC
1137,2026-02-17 08:00:00,2,17,8,9,2011,17.435213,38.732746,Copernicus,Copernicus,2026-02-17 05:00:00 UTC
1138,2026-02-17 09:00:00,2,17,9,10,2011,17.432127,38.728466,Copernicus,Copernicus,2026-02-17 06:00:00 UTC
1139,2026-02-17 10:00:00,2,17,10,11,2011,17.431269,38.725670,Copernicus,Copernicus,2026-02-17 07:00:00 UTC
1140,2026-02-17 11:00:00,2,17,11,12,2011,17.432589,38.724247,Copernicus,Copernicus,2026-02-17 08:00:00 UTC
1141,2026-02-17 12:00:00,2,17,12,13,2011,17.435968,38.724228,Copernicus,Copernicus,2026-02-17 09:00:00 UTC
1142,2026-02-17 13:00:00,2,17,13,14,2011,17.440796,38.725285,Copernicus,Copernicus,2026-02-17 10:00:00 UTC
1143,2026-02-17 14:00:00,2,17,14,15,2011,17.446201,38.727016,Copernicus,Copernicus,2026-02-17 11:00:00 UTC
1144,2026-02-17 15:00:00,2,17,15,16,2011,17.451313,38.728981,Copernicus,Copernicus,2026-02-17 12:00:00 UTC
1145,2026-02-17 16:00:00,2,17,16,17,2011,17.455778,38.731434,Copernicus,Copernicus,2026-02-17 13:00:00 UTC
1146,2026-02-17 17:00:00,2,17,17,18,2011,17.460550,38.735062,Copernicus,Copernicus,2026-02-17 14:00:00 UTC
1147,2026-02-17 18:00:00,2,17,18,19,2011,17.464390,38.739178,Copernicus,Copernicus,2026-02-17 15:00:00 UTC
1148,2026-02-17 19:00:00,2,17,19,20,2011,17.468914,38.744934,Copernicus,Copernicus,2026-02-17 16:00:00 UTC
1149,2026-02-17 20:00:00,2,17,20,21,2011,17.475883,38.754398,Copernicus,Copernicus,2026-02-17 17:00:00 UTC
1150,2026-02-17 21:00:00,2,17,21,22,2011,17.487354,38.770180,Copernicus,Copernicus,2026-02-17 18:00:00 UTC
1151,2026-02-17 22:00:00,2,17,22,23,2011,17.505508,38.794819,Copernicus,Copernicus,2026-02-17 19:00:00 UTC
1152,2026-02-17 23:00:00,2,17,23,24,2011,17.530994,38.829048,Copernicus,Copernicus,2026-02-17 20:00:00 UTC
1153,2026-02-18 00:00:00,2,18,0,1,2011,17.561859,38.870911,Copernicus,Copernicus,2026-02-17 21:00:00 UTC
1154,2026-02-18 01:00:00,2,18,1,2,2011,17.594269,38.914658,Copernicus,Copernicus,2026-02-17 22:00:00 UTC
1155,2026-02-18 02:00:00,2,18,2,3,2011,17.624563,38.954174,Copernicus,Copernicus,2026-02-17 23:00:00 UTC
1156,2026-02-18 03:00:00,2,18,3,4,2011,17.650072,38.986095,Copernicus,Copernicus,2026-02-18 00:00:00 UTC
1157,2026-02-18 04:00:00,2,18,4,5,2011,17.669863,39.010044,Copernicus,Copernicus,2026-02-18 01:00:00 UTC
1158,2026-02-18 05:00:00,2,18,5,6,2011,17.685343,39.027805,Copernicus,Copernicus,2026-02-18 02:00:00 UTC
1159,2026-02-18 06:00:00,2,18,6,7,2011,17.697598,39.041061,Copernicus,Copernicus,2026-02-18 03:00:00 UTC
1160,2026-02-18 07:00:00,2,18,7,8,2011,17.706465,39.050072,Copernicus,Copernicus,2026-02-18 04:00:00 UTC
1161,2026-02-18 08:00:00,2,18,8,9,2011,17.712994,39.055130,Copernicus,Copernicus,2026-02-18 05:00:00 UTC
1162,2026-02-18 09:00:00,2,18,9,10,2011,17.718462,39.056789,Copernicus,Copernicus,2026-02-18 06:00:00 UTC
1163,2026-02-18 10:00:00,2,18,10,11,2011,17.710550,39.040112,Copernicus,Copernicus,2026-02-18 07:00:00 UTC
1164,2026-02-18 11:00:00,2,18,11,12,2011,17.698566,39.016853,Copernicus,Copernicus,2026-02-18 08:00:00 UTC
1165,2026-02-18 12:00:00,2,18,12,13,2011,17.695625,39.006458,Copernicus,Copernicus,2026-02-18 09:00:00 UTC
1166,2026-02-18 13:00:00,2,18,13,14,2011,17.676987,38.977722,Copernicus,Copernicus,2026-02-18 10:00:00 UTC
1167,2026-02-18 14:00:00,2,18,14,15,2011,17.648268,38.938721,Copernicus,Copernicus,2026-02-18 11:00:00 UTC
1168,2026-02-18 15:00:00,2,18,15,16,2011,17.630548,38.912163,Copernicus,Copernicus,2026-02-18 12:00:00 UTC
1169,2026-02-18 16:00:00,2,18,16,17,2011,17.630354,38.905392,Copernicus,Copernicus,2026-02-18 13:00:00 UTC
1170,2026-02-18 17:00:00,2,18,17,18,2011,17.649958,38.922337,Copernicus,Copernicus,2026-02-18 14:00:00 UTC
1171,2026-02-18 18:00:00,2,18,18,19,2011,17.669174,38.941147,Copernicus,Copernicus,2026-02-18 15:00:00 UTC
1172,2026-02-18 19:00:00,2,18,19,20,2011,17.677671,38.947525,Copernicus,Copernicus,2026-02-18 16:00:00 UTC
1173,2026-02-18 20:00:00,2,18,20,21,2011,17.666288,38.936897,Copernicus,Copernicus,2026-02-18 17:00:00 UTC
1174,2026-02-18 21:00:00,2,18,21,22,2011,17.649818,38.923264,Copernicus,Copernicus,2026-02-18 18:00:00 UTC
1175,2026-02-18 22:00:00,2,18,22,23,2011,17.656927,38.927795,Copernicus,Copernicus,2026-02-18 19:00:00 UTC
1176,2026-02-18 23:00:00,2,18,23,24,2011,17.655685,38.932934,Copernicus,Copernicus,2026-02-18 20:00:00 UTC
1177,2026-02-19 00:00:00,2,19,0,1,2011,17.651566,38.938786,Copernicus,Copernicus,2026-02-18 21:00:00 UTC
1178,2026-02-19 01:00:00,2,19,1,2,2011,17.644951,38.942917,Copernicus,Copernicus,2026-02-18 22:00:00 UTC
1179,2026-02-19 02:00:00,2,19,2,3,2011,17.560717,38.922417,Copernicus,Copernicus,2026-02-18 23:00:00 UTC
1180,2026-02-19 03:00:00,2,19,3,4,2011,17.414202,38.893314,Copernicus,Copernicus,2026-02-19 00:00:00 UTC
1181,2026-02-19 04:00:00,2,19,4,5,2011,17.412958,38.905895,Copernicus,Copernicus,2026-02-19 01:00:00 UTC
1182,2026-02-19 05:00:00,2,19,5,6,2011,17.416241,38.918087,Copernicus,Copernicus,2026-02-19 02:00:00 UTC
1183,2026-02-19 06:00:00,2,19,6,7,2011,17.445980,38.937317,Copernicus,Copernicus,2026-02-19 03:00:00 UTC
1184,2026-02-19 07:00:00,2,19,7,8,2011,17.518673,38.968922,Copernicus,Copernicus,2026-02-19 04:00:00 UTC
1185,2026-02-19 08:00:00,2,19,8,9,2011,17.523354,38.977211,Copernicus,Copernicus,2026-02-19 05:00:00 UTC
1186,2026-02-19 09:00:00,2,19,9,10,2011,17.533567,38.985527,Copernicus,Copernicus,2026-02-19 06:00:00 UTC
1187,2026-02-19 10:00:00,2,19,10,11,2011,17.548304,38.993366,Copernicus,Copernicus,2026-02-19 07:00:00 UTC
1188,2026-02-19 11:00:00,2,19,11,12,2011,17.564636,39.000515,Copernicus,Copernicus,2026-02-19 08:00:00 UTC
1189,2026-02-19 12:00:00,2,19,12,13,2011,17.630896,39.022903,Copernicus,Copernicus,2026-02-19 09:00:00 UTC
1190,2026-02-19 13:00:00,2,19,13,14,2011,17.675541,39.036175,Copernicus,Copernicus,2026-02-19 10:00:00 UTC
1191,2026-02-19 14:00:00,2,19,14,15,2011,17.686247,39.038101,Copernicus,Copernicus,2026-02-19 11:00:00 UTC
1192,2026-02-19 15:00:00,2,19,15,16,2011,17.696959,39.040356,Copernicus,Copernicus,2026-02-19 12:00:00 UTC
1193,2026-02-19 16:00:00,2,19,16,17,2011,17.705280,39.042511,Copernicus,Copernicus,2026-02-19 13:00:00 UTC
1194,2026-02-19 17:00:00,2,19,17,18,2011,17.711063,39.044838,Copernicus,Copernicus,2026-02-19 14:00:00 UTC
1195,2026-02-19 18:00:00,2,19,18,19,2011,17.714739,39.047302,Copernicus,Copernicus,2026-02-19 15:00:00 UTC
1196,2026-02-19 19:00:00,2,19,19,20,2011,17.718050,39.049927,Copernicus,Copernicus,2026-02-19 16:00:00 UTC
1197,2026-02-19 20:00:00,2,19,20,21,2011,17.708971,39.049973,Copernicus,Copernicus,2026-02-19 17:00:00 UTC
1198,2026-02-19 21:00:00,2,19,21,22,2011,17.702524,39.052299,Copernicus,Copernicus,2026-02-19 18:00:00 UTC
1199,2026-02-19 22:00:00,2,19,22,23,2011,17.696016,39.054562,Copernicus,Copernicus,2026-02-19 19:00:00 UTC
1200,2026-02-19 23:00:00,2,19,23,24,2011,17.689671,39.056797,Copernicus,Copernicus,2026-02-19 20:00:00 UTC
1201,2026-02-20 00:00:00,2,20,0,1,2011,17.683531,39.058907,Copernicus,Copernicus,2026-02-19 21:00:00 UTC
1202,2026-02-20 01:00:00,2,20,1,2,2011,17.676643,39.060436,Copernicus,Copernicus,2026-02-19 22:00:00 UTC
1203,2026-02-20 02:00:00,2,20,2,3,2011,17.669260,39.061550,Copernicus,Copernicus,2026-02-19 23:00:00 UTC
1204,2026-02-20 03:00:00,2,20,3,4,2011,17.662256,39.064026,Copernicus,Copernicus,2026-02-20 00:00:00 UTC
1205,2026-02-20 04:00:00,2,20,4,5,2011,17.654652,39.064693,Copernicus,Copernicus,2026-02-20 01:00:00 UTC
1206,2026-02-20 05:00:00,2,20,5,6,2011,17.647367,39.065357,Copernicus,Copernicus,2026-02-20 02:00:00 UTC
1207,2026-02-20 06:00:00,2,20,6,7,2011,17.640352,39.066074,Copernicus,Copernicus,2026-02-20 03:00:00 UTC
1208,2026-02-20 07:00:00,2,20,7,8,2011,17.634262,39.067062,Copernicus,Copernicus,2026-02-20 04:00:00 UTC
1209,2026-02-20 08:00:00,2,20,8,9,2011,17.631750,39.068146,Copernicus,Copernicus,2026-02-20 05:00:00 UTC
1210,2026-02-20 09:00:00,2,20,9,10,2011,17.635538,39.069275,Copernicus,Copernicus,2026-02-20 06:00:00 UTC
1211,2026-02-20 10:00:00,2,20,10,11,2011,17.644081,39.070221,Copernicus,Copernicus,2026-02-20 07:00:00 UTC
1212,2026-02-20 11:00:00,2,20,11,12,2011,17.654484,39.070965,Copernicus,Copernicus,2026-02-20 08:00:00 UTC
1213,2026-02-20 12:00:00,2,20,12,13,2011,17.665878,39.071491,Copernicus,Copernicus,2026-02-20 09:00:00 UTC
1214,2026-02-20 13:00:00,2,20,13,14,2011,17.677092,39.071720,Copernicus,Copernicus,2026-02-20 10:00:00 UTC
1215,2026-02-20 14:00:00,2,20,14,15,2011,17.687124,39.071712,Copernicus,Copernicus,2026-02-20 11:00:00 UTC
1216,2026-02-20 15:00:00,2,20,15,16,2011,17.695414,39.071602,Copernicus,Copernicus,2026-02-20 12:00:00 UTC
1217,2026-02-20 16:00:00,2,20,16,17,2011,17.701241,39.071426,Copernicus,Copernicus,2026-02-20 13:00:00 UTC
1218,2026-02-20 17:00:00,2,20,17,18,2011,17.703506,39.070965,Copernicus,Copernicus,2026-02-20 14:00:00 UTC
1219,2026-02-20 18:00:00,2,20,18,19,2011,17.703217,39.070045,Copernicus,Copernicus,2026-02-20 15:00:00 UTC
1220,2026-02-20 19:00:00,2,20,19,20,2011,17.697807,39.067463,Copernicus,Copernicus,2026-02-20 16:00:00 UTC
1221,2026-02-20 20:00:00,2,20,20,21,2011,17.687788,39.066933,Copernicus,Copernicus,2026-02-20 17:00:00 UTC
1222,2026-02-20 21:00:00,2,20,21,22,2011,17.676989,39.066700,Copernicus,Copernicus,2026-02-20 18:00:00 UTC
1223,2026-02-20 22:00:00,2,20,22,23,2011,17.665550,39.066330,Copernicus,Copernicus,2026-02-20 19:00:00 UTC
1224,2026-02-20 23:00:00,2,20,23,24,2011,17.654064,39.065922,Copernicus,Copernicus,2026-02-20 20:00:00 UTC
1225,2026-02-21 00:00:00,2,21,0,1,2011,17.642328,39.065342,Copernicus,Copernicus,2026-02-20 21:00:00 UTC
1226,2026-02-21 01:00:00,2,21,1,2,2011,17.630289,39.064510,Copernicus,Copernicus,2026-02-20 22:00:00 UTC
1227,2026-02-21 02:00:00,2,21,2,3,2011,17.618053,39.063461,Copernicus,Copernicus,2026-02-20 23:00:00 UTC
1228,2026-02-21 03:00:00,2,21,3,4,2011,17.607813,39.066685,Copernicus,Copernicus,2026-02-21 00:00:00 UTC
1229,2026-02-21 04:00:00,2,21,4,5,2011,17.596031,39.065441,Copernicus,Copernicus,2026-02-21 01:00:00 UTC
1230,2026-02-21 05:00:00,2,21,5,6,2011,17.584784,39.064148,Copernicus,Copernicus,2026-02-21 02:00:00 UTC
1231,2026-02-21 06:00:00,2,21,6,7,2011,17.574104,39.062981,Copernicus,Copernicus,2026-02-21 03:00:00 UTC
1232,2026-02-21 07:00:00,2,21,7,8,2011,17.564405,39.062130,Copernicus,Copernicus,2026-02-21 04:00:00 UTC
1233,2026-02-21 08:00:00,2,21,8,9,2011,17.559000,39.061672,Copernicus,Copernicus,2026-02-21 05:00:00 UTC
1234,2026-02-21 09:00:00,2,21,9,10,2011,17.560421,39.061428,Copernicus,Copernicus,2026-02-21 06:00:00 UTC
1235,2026-02-21 10:00:00,2,21,10,11,2011,17.566833,39.061192,Copernicus,Copernicus,2026-02-21 07:00:00 UTC
1236,2026-02-21 11:00:00,2,21,11,12,2011,17.575874,39.061226,Copernicus,Copernicus,2026-02-21 08:00:00 UTC
1237,2026-02-21 12:00:00,2,21,12,13,2011,17.586039,39.061192,Copernicus,Copernicus,2026-02-21 09:00:00 UTC
1238,2026-02-21 13:00:00,2,21,13,14,2011,17.596092,39.060871,Copernicus,Copernicus,2026-02-21 10:00:00 UTC
1239,2026-02-21 14:00:00,2,21,14,15,2011,17.604681,39.060055,Copernicus,Copernicus,2026-02-21 11:00:00 UTC
1240,2026-02-21 15:00:00,2,21,15,16,2011,17.611282,39.058964,Copernicus,Copernicus,2026-02-21 12:00:00 UTC
1241,2026-02-21 16:00:00,2,21,16,17,2011,17.615063,39.057755,Copernicus,Copernicus,2026-02-21 13:00:00 UTC
1242,2026-02-21 17:00:00,2,21,17,18,2011,17.616545,39.056934,Copernicus,Copernicus,2026-02-21 14:00:00 UTC
1243,2026-02-21 18:00:00,2,21,18,19,2011,17.614058,39.055275,Copernicus,Copernicus,2026-02-21 15:00:00 UTC
1244,2026-02-21 19:00:00,2,21,19,20,2011,17.607836,39.049503,Copernicus,Copernicus,2026-02-21 16:00:00 UTC
1245,2026-02-21 20:00:00,2,21,20,21,2011,17.598471,39.037708,Copernicus,Copernicus,2026-02-21 17:00:00 UTC
1246,2026-02-21 21:00:00,2,21,21,22,2011,17.586712,39.020374,Copernicus,Copernicus,2026-02-21 18:00:00 UTC
1247,2026-02-21 22:00:00,2,21,22,23,2011,17.575068,39.000259,Copernicus,Copernicus,2026-02-21 19:00:00 UTC
1248,2026-02-21 23:00:00,2,21,23,24,2011,17.563545,38.980625,Copernicus,Copernicus,2026-02-21 20:00:00 UTC
1249,2026-02-22 00:00:00,2,22,0,1,2011,17.551294,38.961777,Copernicus,Copernicus,2026-02-21 21:00:00 UTC
1250,2026-02-22 01:00:00,2,22,1,2,2011,17.537580,38.942726,Copernicus,Copernicus,2026-02-21 22:00:00 UTC
1251,2026-02-22 02:00:00,2,22,2,3,2011,17.523527,38.924431,Copernicus,Copernicus,2026-02-21 23:00:00 UTC
1252,2026-02-22 03:00:00,2,22,3,4,2011,17.509258,38.906887,Copernicus,Copernicus,2026-02-22 00:00:00 UTC
1253,2026-02-22 04:00:00,2,22,4,5,2011,17.494856,38.889889,Copernicus,Copernicus,2026-02-22 01:00:00 UTC
1254,2026-02-22 05:00:00,2,22,5,6,2011,17.479523,38.872906,Copernicus,Copernicus,2026-02-22 02:00:00 UTC
1255,2026-02-22 06:00:00,2,22,6,7,2011,17.462395,38.855480,Copernicus,Copernicus,2026-02-22 03:00:00 UTC
1256,2026-02-22 07:00:00,2,22,7,8,2011,17.443432,38.837502,Copernicus,Copernicus,2026-02-22 04:00:00 UTC
1257,2026-02-22 08:00:00,2,22,8,9,2011,17.424589,38.819550,Copernicus,Copernicus,2026-02-22 05:00:00 UTC
1258,2026-02-22 09:00:00,2,22,9,10,2011,17.409184,38.803558,Copernicus,Copernicus,2026-02-22 06:00:00 UTC
1259,2026-02-22 10:00:00,2,22,10,11,2011,17.397188,38.789013,Copernicus,Copernicus,2026-02-22 07:00:00 UTC
1260,2026-02-22 11:00:00,2,22,11,12,2011,17.385775,38.772854,Copernicus,Copernicus,2026-02-22 08:00:00 UTC
1261,2026-02-22 12:00:00,2,22,12,13,2011,17.377071,38.757629,Copernicus,Copernicus,2026-02-22 09:00:00 UTC
1262,2026-02-22 13:00:00,2,22,13,14,2011,17.371012,38.744194,Copernicus,Copernicus,2026-02-22 10:00:00 UTC
1263,2026-02-22 14:00:00,2,22,14,15,2011,17.366440,38.732143,Copernicus,Copernicus,2026-02-22 11:00:00 UTC
1264,2026-02-22 15:00:00,2,22,15,16,2011,17.363586,38.721233,Copernicus,Copernicus,2026-02-22 12:00:00 UTC
1265,2026-02-22 16:00:00,2,22,16,17,2011,17.362501,38.711216,Copernicus,Copernicus,2026-02-22 13:00:00 UTC
1266,2026-02-22 17:00:00,2,22,17,18,2011,17.362492,38.701946,Copernicus,Copernicus,2026-02-22 14:00:00 UTC
1267,2026-02-22 18:00:00,2,22,18,19,2011,17.363512,38.693867,Copernicus,Copernicus,2026-02-22 15:00:00 UTC
1268,2026-02-22 19:00:00,2,22,19,20,2011,17.367493,38.688869,Copernicus,Copernicus,2026-02-22 16:00:00 UTC
1269,2026-02-22 20:00:00,2,22,20,21,2011,17.372692,38.685089,Copernicus,Copernicus,2026-02-22 17:00:00 UTC
1270,2026-02-22 21:00:00,2,22,21,22,2011,17.375698,38.678753,Copernicus,Copernicus,2026-02-22 18:00:00 UTC
1271,2026-02-22 22:00:00,2,22,22,23,2011,17.370552,38.662415,Copernicus,Copernicus,2026-02-22 19:00:00 UTC
1272,2026-02-22 23:00:00,2,22,23,24,2011,17.357933,38.636337,Copernicus,Copernicus,2026-02-22 20:00:00 UTC
1273,2026-02-23 00:00:00,2,23,0,1,2011,17.340559,38.605789,Copernicus,Copernicus,2026-02-22 21:00:00 UTC
1274,2026-02-23 01:00:00,2,23,1,2,2011,17.316908,38.571507,Copernicus,Copernicus,2026-02-22 22:00:00 UTC
1275,2026-02-23 02:00:00,2,23,2,3,2011,17.298206,38.543907,Copernicus,Copernicus,2026-02-22 23:00:00 UTC
1276,2026-02-23 03:00:00,2,23,3,4,2011,17.283669,38.521538,Copernicus,Copernicus,2026-02-23 00:00:00 UTC
1277,2026-02-23 04:00:00,2,23,4,5,2011,17.272696,38.503418,Copernicus,Copernicus,2026-02-23 01:00:00 UTC
1278,2026-02-23 05:00:00,2,23,5,6,2011,17.263926,38.487686,Copernicus,Copernicus,2026-02-23 02:00:00 UTC
1279,2026-02-23 06:00:00,2,23,6,7,2011,17.253368,38.471630,Copernicus,Copernicus,2026-02-23 03:00:00 UTC
1280,2026-02-23 07:00:00,2,23,7,8,2011,17.249729,38.463615,Copernicus,Copernicus,2026-02-23 04:00:00 UTC
1281,2026-02-23 08:00:00,2,23,8,9,2011,17.249506,38.458351,Copernicus,Copernicus,2026-02-23 05:00:00 UTC
1282,2026-02-23 09:00:00,2,23,9,10,2011,17.249258,38.452690,Copernicus,Copernicus,2026-02-23 06:00:00 UTC
1283,2026-02-23 10:00:00,2,23,10,11,2011,17.252176,38.448895,Copernicus,Copernicus,2026-02-23 07:00:00 UTC
1284,2026-02-23 11:00:00,2,23,11,12,2011,17.260395,38.447628,Copernicus,Copernicus,2026-02-23 08:00:00 UTC
1285,2026-02-23 12:00:00,2,23,12,13,2011,17.274649,38.448906,Copernicus,Copernicus,2026-02-23 09:00:00 UTC
1286,2026-02-23 13:00:00,2,23,13,14,2011,17.292255,38.452293,Copernicus,Copernicus,2026-02-23 10:00:00 UTC
1287,2026-02-23 14:00:00,2,23,14,15,2011,17.310284,38.457226,Copernicus,Copernicus,2026-02-23 11:00:00 UTC
1288,2026-02-23 15:00:00,2,23,15,16,2011,17.327168,38.463097,Copernicus,Copernicus,2026-02-23 12:00:00 UTC
1289,2026-02-23 16:00:00,2,23,16,17,2011,17.342457,38.469780,Copernicus,Copernicus,2026-02-23 13:00:00 UTC
1290,2026-02-23 17:00:00,2,23,17,18,2011,17.356012,38.477791,Copernicus,Copernicus,2026-02-23 14:00:00 UTC
1291,2026-02-23 18:00:00,2,23,18,19,2011,17.367914,38.487122,Copernicus,Copernicus,2026-02-23 15:00:00 UTC
1292,2026-02-23 19:00:00,2,23,19,20,2011,17.378904,38.497414,Copernicus,Copernicus,2026-02-23 16:00:00 UTC
1293,2026-02-23 20:00:00,2,23,20,21,2011,17.389538,38.508636,Copernicus,Copernicus,2026-02-23 17:00:00 UTC
1294,2026-02-23 21:00:00,2,23,21,22,2011,17.400208,38.521370,Copernicus,Copernicus,2026-02-23 18:00:00 UTC
1295,2026-02-23 22:00:00,2,23,22,23,2011,17.411129,38.535671,Copernicus,Copernicus,2026-02-23 19:00:00 UTC
1296,2026-02-23 23:00:00,2,23,23,24,2011,17.422277,38.550716,Copernicus,Copernicus,2026-02-23 20:00:00 UTC
1297,2026-02-24 00:00:00,2,24,0,1,2011,17.433348,38.565765,Copernicus,Copernicus,2026-02-23 21:00:00 UTC
1298,2026-02-24 01:00:00,2,24,1,2,2011,17.444038,38.580318,Copernicus,Copernicus,2026-02-23 22:00:00 UTC
1299,2026-02-24 02:00:00,2,24,2,3,2011,17.454168,38.593933,Copernicus,Copernicus,2026-02-23 23:00:00 UTC
1300,2026-02-24 03:00:00,2,24,3,4,2011,17.463282,38.606182,Copernicus,Copernicus,2026-02-24 00:00:00 UTC
1301,2026-02-24 04:00:00,2,24,4,5,2011,17.470819,38.616539,Copernicus,Copernicus,2026-02-24 01:00:00 UTC
1302,2026-02-24 05:00:00,2,24,5,6,2011,17.476669,38.624649,Copernicus,Copernicus,2026-02-24 02:00:00 UTC
1303,2026-02-24 06:00:00,2,24,6,7,2011,17.480713,38.630527,Copernicus,Copernicus,2026-02-24 03:00:00 UTC
1304,2026-02-24 07:00:00,2,24,7,8,2011,17.483381,38.634331,Copernicus,Copernicus,2026-02-24 04:00:00 UTC
1305,2026-02-24 08:00:00,2,24,8,9,2011,17.486343,38.636433,Copernicus,Copernicus,2026-02-24 05:00:00 UTC
1306,2026-02-24 09:00:00,2,24,9,10,2011,17.489553,38.636616,Copernicus,Copernicus,2026-02-24 06:00:00 UTC
1307,2026-02-24 10:00:00,2,24,10,11,2011,17.492386,38.634575,Copernicus,Copernicus,2026-02-24 07:00:00 UTC
1308,2026-02-24 11:00:00,2,24,11,12,2011,17.494242,38.630325,Copernicus,Copernicus,2026-02-24 08:00:00 UTC
1309,2026-02-24 12:00:00,2,24,12,13,2011,17.494678,38.623627,Copernicus,Copernicus,2026-02-24 09:00:00 UTC
1310,2026-02-24 13:00:00,2,24,13,14,2011,17.493687,38.615425,Copernicus,Copernicus,2026-02-24 10:00:00 UTC
1311,2026-02-24 14:00:00,2,24,14,15,2011,17.491055,38.606350,Copernicus,Copernicus,2026-02-24 11:00:00 UTC
1312,2026-02-24 15:00:00,2,24,15,16,2011,17.486839,38.596798,Copernicus,Copernicus,2026-02-24 12:00:00 UTC
1313,2026-02-24 16:00:00,2,24,16,17,2011,17.479893,38.586849,Copernicus,Copernicus,2026-02-24 13:00:00 UTC
1314,2026-02-24 17:00:00,2,24,17,18,2011,17.471233,38.577072,Copernicus,Copernicus,2026-02-24 14:00:00 UTC
1315,2026-02-24 18:00:00,2,24,18,19,2011,17.462694,38.568092,Copernicus,Copernicus,2026-02-24 15:00:00 UTC
1316,2026-02-24 19:00:00,2,24,19,20,2011,17.455793,38.560425,Copernicus,Copernicus,2026-02-24 16:00:00 UTC
1317,2026-02-24 20:00:00,2,24,20,21,2011,17.451115,38.554451,Copernicus,Copernicus,2026-02-24 17:00:00 UTC
1318,2026-02-24 21:00:00,2,24,21,22,2011,17.448763,38.550415,Copernicus,Copernicus,2026-02-24 18:00:00 UTC
1319,2026-02-24 22:00:00,2,24,22,23,2011,17.448524,38.548241,Copernicus,Copernicus,2026-02-24 19:00:00 UTC
1320,2026-02-24 23:00:00,2,24,23,24,2011,17.449682,38.547325,Copernicus,Copernicus,2026-02-24 20:00:00 UTC
1321,2026-02-25 00:00:00,2,25,0,1,2011,17.451372,38.546787,Copernicus,Copernicus,2026-02-24 21:00:00 UTC
1322,2026-02-25 01:00:00,2,25,1,2,2011,17.452230,38.545994,Copernicus,Copernicus,2026-02-24 22:00:00 UTC
1323,2026-02-25 02:00:00,2,25,2,3,2011,17.451818,38.544884,Copernicus,Copernicus,2026-02-24 23:00:00 UTC
1324,2026-02-25 03:00:00,2,25,3,4,2011,17.450373,38.543732,Copernicus,Copernicus,2026-02-25 00:00:00 UTC
1325,2026-02-25 04:00:00,2,25,4,5,2011,17.447447,38.542538,Copernicus,Copernicus,2026-02-25 01:00:00 UTC
1326,2026-02-25 05:00:00,2,25,5,6,2011,17.422808,38.533569,Copernicus,Copernicus,2026-02-25 02:00:00 UTC
1327,2026-02-25 06:00:00,2,25,6,7,2011,17.392572,38.523533,Copernicus,Copernicus,2026-02-25 03:00:00 UTC
1328,2026-02-25 07:00:00,2,25,7,8,2011,17.366978,38.516182,Copernicus,Copernicus,2026-02-25 04:00:00 UTC
1329,2026-02-25 08:00:00,2,25,8,9,2011,17.342190,38.509304,Copernicus,Copernicus,2026-02-25 05:00:00 UTC
1330,2026-02-25 09:00:00,2,25,9,10,2011,17.322336,38.503258,Copernicus,Copernicus,2026-02-25 06:00:00 UTC
1331,2026-02-25 10:00:00,2,25,10,11,2011,17.322285,38.503670,Copernicus,Copernicus,2026-02-25 07:00:00 UTC
1332,2026-02-25 11:00:00,2,25,11,12,2011,17.330250,38.506432,Copernicus,Copernicus,2026-02-25 08:00:00 UTC
1333,2026-02-25 12:00:00,2,25,12,13,2011,17.340792,38.509895,Copernicus,Copernicus,2026-02-25 09:00:00 UTC
1334,2026-02-25 13:00:00,2,25,13,14,2011,17.351740,38.513515,Copernicus,Copernicus,2026-02-25 10:00:00 UTC
1335,2026-02-25 14:00:00,2,25,14,15,2011,17.358496,38.515678,Copernicus,Copernicus,2026-02-25 11:00:00 UTC
1336,2026-02-25 15:00:00,2,25,15,16,2011,17.361917,38.517075,Copernicus,Copernicus,2026-02-25 12:00:00 UTC
1337,2026-02-25 16:00:00,2,25,16,17,2011,17.368057,38.521023,Copernicus,Copernicus,2026-02-25 13:00:00 UTC
1338,2026-02-25 17:00:00,2,25,17,18,2011,17.383780,38.530502,Copernicus,Copernicus,2026-02-25 14:00:00 UTC
1339,2026-02-25 18:00:00,2,25,18,19,2011,17.404381,38.543583,Copernicus,Copernicus,2026-02-25 15:00:00 UTC
1340,2026-02-25 19:00:00,2,25,19,20,2011,17.424467,38.557507,Copernicus,Copernicus,2026-02-25 16:00:00 UTC
1341,2026-02-25 20:00:00,2,25,20,21,2011,17.458048,38.579868,Copernicus,Copernicus,2026-02-25 17:00:00 UTC
1342,2026-02-25 21:00:00,2,25,21,22,2011,17.497183,38.607903,Copernicus,Copernicus,2026-02-25 18:00:00 UTC
1343,2026-02-25 22:00:00,2,25,22,23,2011,17.537256,38.639454,Copernicus,Copernicus,2026-02-25 19:00:00 UTC
1344,2026-02-25 23:00:00,2,25,23,24,2011,17.573771,38.671654,Copernicus,Copernicus,2026-02-25 20:00:00 UTC
1345,2026-02-26 00:00:00,2,26,0,1,2011,17.603806,38.701611,Copernicus,Copernicus,2026-02-25 21:00:00 UTC
1346,2026-02-26 01:00:00,2,26,1,2,2011,17.626694,38.727482,Copernicus,Copernicus,2026-02-25 22:00:00 UTC
1347,2026-02-26 02:00:00,2,26,2,3,2011,17.642216,38.748516,Copernicus,Copernicus,2026-02-25 23:00:00 UTC
1348,2026-02-26 03:00:00,2,26,3,4,2011,17.650190,38.764256,Copernicus,Copernicus,2026-02-26 00:00:00 UTC
1349,2026-02-26 04:00:00,2,26,4,5,2011,17.652002,38.774979,Copernicus,Copernicus,2026-02-26 01:00:00 UTC
1350,2026-02-26 05:00:00,2,26,5,6,2011,17.650217,38.781719,Copernicus,Copernicus,2026-02-26 02:00:00 UTC
1351,2026-02-26 06:00:00,2,26,6,7,2011,17.647699,38.786568,Copernicus,Copernicus,2026-02-26 03:00:00 UTC
1352,2026-02-26 07:00:00,2,26,7,8,2011,17.645151,38.790718,Copernicus,Copernicus,2026-02-26 04:00:00 UTC
1353,2026-02-26 08:00:00,2,26,8,9,2011,17.643059,38.794655,Copernicus,Copernicus,2026-02-26 05:00:00 UTC
1354,2026-02-26 09:00:00,2,26,9,10,2011,17.642044,38.797577,Copernicus,Copernicus,2026-02-26 06:00:00 UTC
1355,2026-02-26 10:00:00,2,26,10,11,2011,17.643564,38.800045,Copernicus,Copernicus,2026-02-26 07:00:00 UTC
1356,2026-02-26 11:00:00,2,26,11,12,2011,17.650419,38.804192,Copernicus,Copernicus,2026-02-26 08:00:00 UTC
1357,2026-02-26 12:00:00,2,26,12,13,2011,17.658571,38.808380,Copernicus,Copernicus,2026-02-26 09:00:00 UTC
1358,2026-02-26 13:00:00,2,26,13,14,2011,17.668577,38.814175,Copernicus,Copernicus,2026-02-26 10:00:00 UTC
1359,2026-02-26 14:00:00,2,26,14,15,2011,17.681688,38.823402,Copernicus,Copernicus,2026-02-26 11:00:00 UTC
1360,2026-02-26 15:00:00,2,26,15,16,2011,17.700375,38.838985,Copernicus,Copernicus,2026-02-26 12:00:00 UTC
1361,2026-02-26 16:00:00,2,26,16,17,2011,17.727085,38.862362,Copernicus,Copernicus,2026-02-26 13:00:00 UTC
1362,2026-02-26 17:00:00,2,26,17,18,2011,17.758837,38.890728,Copernicus,Copernicus,2026-02-26 14:00:00 UTC
1363,2026-02-26 18:00:00,2,26,18,19,2011,17.791536,38.920124,Copernicus,Copernicus,2026-02-26 15:00:00 UTC
1364,2026-02-26 19:00:00,2,26,19,20,2011,17.821077,38.947124,Copernicus,Copernicus,2026-02-26 16:00:00 UTC
1365,2026-02-26 20:00:00,2,26,20,21,2011,17.845495,38.969357,Copernicus,Copernicus,2026-02-26 17:00:00 UTC
1366,2026-02-26 21:00:00,2,26,21,22,2011,17.863819,38.985680,Copernicus,Copernicus,2026-02-26 18:00:00 UTC
1367,2026-02-26 22:00:00,2,26,22,23,2011,17.875313,38.997047,Copernicus,Copernicus,2026-02-26 19:00:00 UTC
1368,2026-02-26 23:00:00,2,26,23,24,2011,17.882935,39.003845,Copernicus,Copernicus,2026-02-26 20:00:00 UTC
1369,2026-02-27 00:00:00,2,27,0,1,2011,17.886919,39.007065,Copernicus,Copernicus,2026-02-26 21:00:00 UTC
1370,2026-02-27 01:00:00,2,27,1,2,2011,17.885988,39.006817,Copernicus,Copernicus,2026-02-26 22:00:00 UTC
1371,2026-02-27 02:00:00,2,27,2,3,2011,17.880367,39.003132,Copernicus,Copernicus,2026-02-26 23:00:00 UTC
1372,2026-02-27 03:00:00,2,27,3,4,2011,17.871477,38.997227,Copernicus,Copernicus,2026-02-27 00:00:00 UTC
1373,2026-02-27 04:00:00,2,27,4,5,2011,17.860682,38.990341,Copernicus,Copernicus,2026-02-27 01:00:00 UTC
1374,2026-02-27 05:00:00,2,27,5,6,2011,17.847677,38.981697,Copernicus,Copernicus,2026-02-27 02:00:00 UTC
1375,2026-02-27 06:00:00,2,27,6,7,2011,17.828955,38.968815,Copernicus,Copernicus,2026-02-27 03:00:00 UTC
1376,2026-02-27 07:00:00,2,27,7,8,2011,17.800154,38.951069,Copernicus,Copernicus,2026-02-27 04:00:00 UTC
1377,2026-02-27 08:00:00,2,27,8,9,2011,17.758467,38.927303,Copernicus,Copernicus,2026-02-27 05:00:00 UTC
1378,2026-02-27 09:00:00,2,27,9,10,2011,17.704704,38.897964,Copernicus,Copernicus,2026-02-27 06:00:00 UTC
1379,2026-02-27 10:00:00,2,27,10,11,2011,17.645054,38.865738,Copernicus,Copernicus,2026-02-27 07:00:00 UTC
1380,2026-02-27 11:00:00,2,27,11,12,2011,17.583704,38.832466,Copernicus,Copernicus,2026-02-27 08:00:00 UTC
1381,2026-02-27 12:00:00,2,27,12,13,2011,17.524235,38.799847,Copernicus,Copernicus,2026-02-27 09:00:00 UTC
1382,2026-02-27 13:00:00,2,27,13,14,2011,17.468794,38.769272,Copernicus,Copernicus,2026-02-27 10:00:00 UTC
1383,2026-02-27 14:00:00,2,27,14,15,2011,17.419634,38.742180,Copernicus,Copernicus,2026-02-27 11:00:00 UTC
1384,2026-02-27 15:00:00,2,27,15,16,2011,17.382534,38.721596,Copernicus,Copernicus,2026-02-27 12:00:00 UTC
1385,2026-02-27 16:00:00,2,27,16,17,2011,17.357716,38.708191,Copernicus,Copernicus,2026-02-27 13:00:00 UTC
1386,2026-02-27 17:00:00,2,27,17,18,2011,17.343296,38.701511,Copernicus,Copernicus,2026-02-27 14:00:00 UTC
1387,2026-02-27 18:00:00,2,27,18,19,2011,17.336040,38.700138,Copernicus,Copernicus,2026-02-27 15:00:00 UTC
1388,2026-02-27 19:00:00,2,27,19,20,2011,17.341887,38.705322,Copernicus,Copernicus,2026-02-27 16:00:00 UTC
1389,2026-02-27 20:00:00,2,27,20,21,2011,17.359119,38.715530,Copernicus,Copernicus,2026-02-27 17:00:00 UTC
1390,2026-02-27 21:00:00,2,27,21,22,2011,17.386576,38.730007,Copernicus,Copernicus,2026-02-27 18:00:00 UTC
1391,2026-02-27 22:00:00,2,27,22,23,2011,17.421793,38.747501,Copernicus,Copernicus,2026-02-27 19:00:00 UTC
1392,2026-02-27 23:00:00,2,27,23,24,2011,17.459976,38.766209,Copernicus,Copernicus,2026-02-27 20:00:00 UTC
1393,2026-02-28 00:00:00,2,28,0,1,2011,17.495926,38.784328,Copernicus,Copernicus,2026-02-27 21:00:00 UTC
1394,2026-02-28 01:00:00,2,28,1,2,2011,17.524754,38.799610,Copernicus,Copernicus,2026-02-27 22:00:00 UTC
1395,2026-02-28 02:00:00,2,28,2,3,2011,17.539997,38.809319,Copernicus,Copernicus,2026-02-27 23:00:00 UTC
1396,2026-02-28 03:00:00,2,28,3,4,2011,17.525389,38.807709,Copernicus,Copernicus,2026-02-28 00:00:00 UTC
1397,2026-02-28 04:00:00,2,28,4,5,2011,17.445107,38.783817,Copernicus,Copernicus,2026-02-28 01:00:00 UTC
1398,2026-02-28 05:00:00,2,28,5,6,2011,17.012064,38.648827,Copernicus,Copernicus,2026-02-28 02:00:00 UTC
1399,2026-02-28 06:00:00,2,28,6,7,2011,16.827906,38.597828,Copernicus,Copernicus,2026-02-28 03:00:00 UTC
1400,2026-02-28 07:00:00,2,28,7,8,2011,16.811165,38.600212,Copernicus,Copernicus,2026-02-28 04:00:00 UTC
1401,2026-02-28 08:00:00,2,28,8,9,2011,16.799253,38.602245,Copernicus,Copernicus,2026-02-28 05:00:00 UTC
1402,2026-02-28 09:00:00,2,28,9,10,2011,16.798418,38.604351,Copernicus,Copernicus,2026-02-28 06:00:00 UTC
1403,2026-02-28 10:00:00,2,28,10,11,2011,16.825697,38.612415,Copernicus,Copernicus,2026-02-28 07:00:00 UTC
1404,2026-02-28 11:00:00,2,28,11,12,2011,16.849636,38.618214,Copernicus,Copernicus,2026-02-28 08:00:00 UTC
1405,2026-02-28 12:00:00,2,28,12,13,2011,16.865133,38.620617,Copernicus,Copernicus,2026-02-28 09:00:00 UTC
1406,2026-02-28 13:00:00,2,28,13,14,2011,16.874744,38.620724,Copernicus,Copernicus,2026-02-28 10:00:00 UTC
1407,2026-02-28 14:00:00,2,28,14,15,2011,16.879633,38.619183,Copernicus,Copernicus,2026-02-28 11:00:00 UTC
1408,2026-02-28 15:00:00,2,28,15,16,2011,16.881046,38.616695,Copernicus,Copernicus,2026-02-28 12:00:00 UTC
1409,2026-02-28 16:00:00,2,28,16,17,2011,16.880079,38.613972,Copernicus,Copernicus,2026-02-28 13:00:00 UTC
1410,2026-02-28 17:00:00,2,28,17,18,2011,16.877529,38.611446,Copernicus,Copernicus,2026-02-28 14:00:00 UTC
1411,2026-02-28 18:00:00,2,28,18,19,2011,16.874214,38.609295,Copernicus,Copernicus,2026-02-28 15:00:00 UTC
1412,2026-02-28 19:00:00,2,28,19,20,2011,16.871346,38.607594,Copernicus,Copernicus,2026-02-28 16:00:00 UTC
1413,2026-02-28 20:00:00,2,28,20,21,2011,16.852793,38.601192,Copernicus,Copernicus,2026-02-28 17:00:00 UTC
1414,2026-02-28 21:00:00,2,28,21,22,2011,16.802975,38.588402,Copernicus,Copernicus,2026-02-28 18:00:00 UTC
1415,2026-02-28 22:00:00,2,28,22,23,2011,16.787933,38.587719,Copernicus,Copernicus,2026-02-28 19:00:00 UTC
1416,2026-02-28 23:00:00,2,28,23,24,2011,16.778088,38.588562,Copernicus,Copernicus,2026-02-28 20:00:00 UTC
1417,2026-03-01 00:00:00,3,1,0,1,2013,16.802067,38.599747,Copernicus,Copernicus,2026-02-28 21:00:00 UTC
1418,2026-03-01 01:00:00,3,1,1,2,2013,16.812689,38.606274,Copernicus,Copernicus,2026-02-28 22:00:00 UTC
1419,2026-03-01 02:00:00,3,1,2,3,2013,16.805323,38.607059,Copernicus,Copernicus,2026-02-28 23:00:00 UTC
1420,2026-03-01 03:00:00,3,1,3,4,2013,16.801029,38.611412,Copernicus,Copernicus,2026-03-01 00:00:00 UTC
1421,2026-03-01 04:00:00,3,1,4,5,2013,16.799284,38.613480,Copernicus,Copernicus,2026-03-01 01:00:00 UTC
1422,2026-03-01 05:00:00,3,1,5,6,2013,16.803349,38.617100,Copernicus,Copernicus,2026-03-01 02:00:00 UTC
1423,2026-03-01 06:00:00,3,1,6,7,2013,16.817167,38.623405,Copernicus,Copernicus,2026-03-01 03:00:00 UTC
1424,2026-03-01 07:00:00,3,1,7,8,2013,16.835880,38.630566,Copernicus,Copernicus,2026-03-01 04:00:00 UTC
1425,2026-03-01 08:00:00,3,1,8,9,2013,16.836491,38.630192,Copernicus,Copernicus,2026-03-01 05:00:00 UTC
1426,2026-03-01 09:00:00,3,1,9,10,2013,16.830759,38.625427,Copernicus,Copernicus,2026-03-01 06:00:00 UTC
1427,2026-03-01 10:00:00,3,1,10,11,2013,16.820456,38.616077,Copernicus,Copernicus,2026-03-01 07:00:00 UTC
1428,2026-03-01 11:00:00,3,1,11,12,2013,16.806004,38.603107,Copernicus,Copernicus,2026-03-01 08:00:00 UTC
1429,2026-03-01 12:00:00,3,1,12,13,2013,16.790508,38.589165,Copernicus,Copernicus,2026-03-01 09:00:00 UTC
1430,2026-03-01 13:00:00,3,1,13,14,2013,16.775173,38.574646,Copernicus,Copernicus,2026-03-01 10:00:00 UTC
1431,2026-03-01 14:00:00,3,1,14,15,2013,16.759596,38.558308,Copernicus,Copernicus,2026-03-01 11:00:00 UTC
1432,2026-03-01 15:00:00,3,1,15,16,2013,16.742302,38.539562,Copernicus,Copernicus,2026-03-01 12:00:00 UTC
1433,2026-03-01 16:00:00,3,1,16,17,2013,16.722931,38.518475,Copernicus,Copernicus,2026-03-01 13:00:00 UTC
1434,2026-03-01 17:00:00,3,1,17,18,2013,16.701836,38.495331,Copernicus,Copernicus,2026-03-01 14:00:00 UTC
1435,2026-03-01 18:00:00,3,1,18,19,2013,16.679848,38.471390,Copernicus,Copernicus,2026-03-01 15:00:00 UTC
1436,2026-03-01 19:00:00,3,1,19,20,2013,16.662018,38.449440,Copernicus,Copernicus,2026-03-01 16:00:00 UTC
1437,2026-03-01 20:00:00,3,1,20,21,2013,16.648321,38.428993,Copernicus,Copernicus,2026-03-01 17:00:00 UTC
1438,2026-03-01 21:00:00,3,1,21,22,2013,16.638035,38.411385,Copernicus,Copernicus,2026-03-01 18:00:00 UTC
1439,2026-03-01 22:00:00,3,1,22,23,2013,16.623888,38.395962,Copernicus,Copernicus,2026-03-01 19:00:00 UTC
1440,2026-03-01 23:00:00,3,1,23,24,2013,16.608004,38.384010,Copernicus,Copernicus,2026-03-01 20:00:00 UTC
1441,2026-03-02 00:00:00,3,2,0,1,2013,16.594625,38.374283,Copernicus,Copernicus,2026-03-01 21:00:00 UTC
1442,2026-03-02 01:00:00,3,2,1,2,2013,16.583942,38.365036,Copernicus,Copernicus,2026-03-01 22:00:00 UTC
1443,2026-03-02 02:00:00,3,2,2,3,2013,16.560518,38.351357,Copernicus,Copernicus,2026-03-01 23:00:00 UTC
1444,2026-03-02 03:00:00,3,2,3,4,2013,16.519014,38.332817,Copernicus,Copernicus,2026-03-02 00:00:00 UTC
1445,2026-03-02 04:00:00,3,2,4,5,2013,16.510719,38.328300,Copernicus,Copernicus,2026-03-02 01:00:00 UTC
1446,2026-03-02 05:00:00,3,2,5,6,2013,16.512606,38.327515,Copernicus,Copernicus,2026-03-02 02:00:00 UTC
1447,2026-03-02 06:00:00,3,2,6,7,2013,16.510853,38.324982,Copernicus,Copernicus,2026-03-02 03:00:00 UTC
1448,2026-03-02 07:00:00,3,2,7,8,2013,16.506233,38.320625,Copernicus,Copernicus,2026-03-02 04:00:00 UTC
1449,2026-03-02 08:00:00,3,2,8,9,2013,16.504364,38.315659,Copernicus,Copernicus,2026-03-02 05:00:00 UTC
1450,2026-03-02 09:00:00,3,2,9,10,2013,16.506584,38.310402,Copernicus,Copernicus,2026-03-02 06:00:00 UTC
1451,2026-03-02 10:00:00,3,2,10,11,2013,16.507362,38.302631,Copernicus,Copernicus,2026-03-02 07:00:00 UTC
1452,2026-03-02 11:00:00,3,2,11,12,2013,16.506395,38.292385,Copernicus,Copernicus,2026-03-02 08:00:00 UTC
1453,2026-03-02 12:00:00,3,2,12,13,2013,16.504305,38.281082,Copernicus,Copernicus,2026-03-02 09:00:00 UTC
1454,2026-03-02 13:00:00,3,2,13,14,2013,16.503326,38.270412,Copernicus,Copernicus,2026-03-02 10:00:00 UTC
1455,2026-03-02 14:00:00,3,2,14,15,2013,16.505363,38.261097,Copernicus,Copernicus,2026-03-02 11:00:00 UTC
1456,2026-03-02 15:00:00,3,2,15,16,2013,16.511532,38.253712,Copernicus,Copernicus,2026-03-02 12:00:00 UTC
1457,2026-03-02 16:00:00,3,2,16,17,2013,16.522779,38.249660,Copernicus,Copernicus,2026-03-02 13:00:00 UTC
1458,2026-03-02 17:00:00,3,2,17,18,2013,16.539762,38.249886,Copernicus,Copernicus,2026-03-02 14:00:00 UTC
1459,2026-03-02 18:00:00,3,2,18,19,2013,16.563225,38.254593,Copernicus,Copernicus,2026-03-02 15:00:00 UTC
1460,2026-03-02 19:00:00,3,2,19,20,2013,16.594204,38.263870,Copernicus,Copernicus,2026-03-02 16:00:00 UTC
1461,2026-03-02 20:00:00,3,2,20,21,2013,16.632940,38.277477,Copernicus,Copernicus,2026-03-02 17:00:00 UTC
1462,2026-03-02 21:00:00,3,2,21,22,2013,16.679111,38.294846,Copernicus,Copernicus,2026-03-02 18:00:00 UTC
1463,2026-03-02 22:00:00,3,2,22,23,2013,16.730984,38.314983,Copernicus,Copernicus,2026-03-02 19:00:00 UTC
1464,2026-03-02 23:00:00,3,2,23,24,2013,16.785425,38.336430,Copernicus,Copernicus,2026-03-02 20:00:00 UTC
1465,2026-03-03 00:00:00,3,3,0,1,2013,16.837963,38.357090,Copernicus,Copernicus,2026-03-02 21:00:00 UTC
1466,2026-03-03 01:00:00,3,3,1,2,2013,16.886189,38.375957,Copernicus,Copernicus,2026-03-02 22:00:00 UTC
1467,2026-03-03 02:00:00,3,3,2,3,2013,16.929983,38.393082,Copernicus,Copernicus,2026-03-02 23:00:00 UTC
1468,2026-03-03 03:00:00,3,3,3,4,2013,16.968914,38.408352,Copernicus,Copernicus,2026-03-03 00:00:00 UTC
1469,2026-03-03 04:00:00,3,3,4,5,2013,17.003098,38.421745,Copernicus,Copernicus,2026-03-03 01:00:00 UTC
1470,2026-03-03 05:00:00,3,3,5,6,2013,17.034494,38.433819,Copernicus,Copernicus,2026-03-03 02:00:00 UTC
1471,2026-03-03 06:00:00,3,3,6,7,2013,17.049702,38.438011,Copernicus,Copernicus,2026-03-03 03:00:00 UTC
1472,2026-03-03 07:00:00,3,3,7,8,2013,17.017748,38.424187,Copernicus,Copernicus,2026-03-03 04:00:00 UTC
1473,2026-03-03 08:00:00,3,3,8,9,2013,16.974779,38.407543,Copernicus,Copernicus,2026-03-03 05:00:00 UTC
1474,2026-03-03 09:00:00,3,3,9,10,2013,16.932337,38.390743,Copernicus,Copernicus,2026-03-03 06:00:00 UTC
1475,2026-03-03 10:00:00,3,3,10,11,2013,16.905031,38.378460,Copernicus,Copernicus,2026-03-03 07:00:00 UTC
1476,2026-03-03 11:00:00,3,3,11,12,2013,16.891071,38.370457,Copernicus,Copernicus,2026-03-03 08:00:00 UTC
1477,2026-03-03 12:00:00,3,3,12,13,2013,16.885748,38.365585,Copernicus,Copernicus,2026-03-03 09:00:00 UTC
1478,2026-03-03 13:00:00,3,3,13,14,2013,16.885942,38.363071,Copernicus,Copernicus,2026-03-03 10:00:00 UTC
1479,2026-03-03 14:00:00,3,3,14,15,2013,16.889296,38.362148,Copernicus,Copernicus,2026-03-03 11:00:00 UTC
1480,2026-03-03 15:00:00,3,3,15,16,2013,16.893774,38.362110,Copernicus,Copernicus,2026-03-03 12:00:00 UTC
1481,2026-03-03 16:00:00,3,3,16,17,2013,16.899183,38.363132,Copernicus,Copernicus,2026-03-03 13:00:00 UTC
1482,2026-03-03 17:00:00,3,3,17,18,2013,16.906546,38.365780,Copernicus,Copernicus,2026-03-03 14:00:00 UTC
1483,2026-03-03 18:00:00,3,3,18,19,2013,16.916859,38.370411,Copernicus,Copernicus,2026-03-03 15:00:00 UTC
1484,2026-03-03 19:00:00,3,3,19,20,2013,16.931486,38.377155,Copernicus,Copernicus,2026-03-03 16:00:00 UTC
1485,2026-03-03 20:00:00,3,3,20,21,2013,16.951820,38.386497,Copernicus,Copernicus,2026-03-03 17:00:00 UTC
1486,2026-03-03 21:00:00,3,3,21,22,2013,16.978727,38.398651,Copernicus,Copernicus,2026-03-03 18:00:00 UTC
1487,2026-03-03 22:00:00,3,3,22,23,2013,17.010864,38.412945,Copernicus,Copernicus,2026-03-03 19:00:00 UTC
1488,2026-03-03 23:00:00,3,3,23,24,2013,17.045025,38.427944,Copernicus,Copernicus,2026-03-03 20:00:00 UTC
1489,2026-03-04 00:00:00,3,4,0,1,2013,17.076775,38.441578,Copernicus,Copernicus,2026-03-03 21:00:00 UTC
1490,2026-03-04 01:00:00,3,4,1,2,2013,17.102427,38.452389,Copernicus,Copernicus,2026-03-03 22:00:00 UTC
1491,2026-03-04 02:00:00,3,4,2,3,2013,17.117653,38.458908,Copernicus,Copernicus,2026-03-03 23:00:00 UTC
1492,2026-03-04 03:00:00,3,4,3,4,2013,17.077278,38.445629,Copernicus,Copernicus,2026-03-04 00:00:00 UTC
1493,2026-03-04 04:00:00,3,4,4,5,2013,16.840443,38.373539,Copernicus,Copernicus,2026-03-04 01:00:00 UTC
1494,2026-03-04 05:00:00,3,4,5,6,2013,16.780525,38.360638,Copernicus,Copernicus,2026-03-04 02:00:00 UTC
1495,2026-03-04 06:00:00,3,4,6,7,2013,16.773041,38.363659,Copernicus,Copernicus,2026-03-04 03:00:00 UTC
1496,2026-03-04 07:00:00,3,4,7,8,2013,16.768513,38.366657,Copernicus,Copernicus,2026-03-04 04:00:00 UTC
1497,2026-03-04 08:00:00,3,4,8,9,2013,16.770561,38.369144,Copernicus,Copernicus,2026-03-04 05:00:00 UTC
1498,2026-03-04 09:00:00,3,4,9,10,2013,16.778204,38.370686,Copernicus,Copernicus,2026-03-04 06:00:00 UTC
1499,2026-03-04 10:00:00,3,4,10,11,2013,16.786592,38.371502,Copernicus,Copernicus,2026-03-04 07:00:00 UTC
1500,2026-03-04 11:00:00,3,4,11,12,2013,16.796942,38.372284,Copernicus,Copernicus,2026-03-04 08:00:00 UTC
1501,2026-03-04 12:00:00,3,4,12,13,2013,16.808729,38.373104,Copernicus,Copernicus,2026-03-04 09:00:00 UTC
1502,2026-03-04 13:00:00,3,4,13,14,2013,16.821003,38.373928,Copernicus,Copernicus,2026-03-04 10:00:00 UTC
1503,2026-03-04 14:00:00,3,4,14,15,2013,16.832619,38.374619,Copernicus,Copernicus,2026-03-04 11:00:00 UTC
1504,2026-03-04 15:00:00,3,4,15,16,2013,16.843363,38.375099,Copernicus,Copernicus,2026-03-04 12:00:00 UTC
1505,2026-03-04 16:00:00,3,4,16,17,2013,16.853283,38.375431,Copernicus,Copernicus,2026-03-04 13:00:00 UTC
1506,2026-03-04 17:00:00,3,4,17,18,2013,16.862150,38.375725,Copernicus,Copernicus,2026-03-04 14:00:00 UTC
1507,2026-03-04 18:00:00,3,4,18,19,2013,16.869949,38.376312,Copernicus,Copernicus,2026-03-04 15:00:00 UTC
1508,2026-03-04 19:00:00,3,4,19,20,2013,16.877468,38.377609,Copernicus,Copernicus,2026-03-04 16:00:00 UTC
1509,2026-03-04 20:00:00,3,4,20,21,2013,16.877939,38.377407,Copernicus,Copernicus,2026-03-04 17:00:00 UTC
1510,2026-03-04 21:00:00,3,4,21,22,2013,16.816488,38.361614,Copernicus,Copernicus,2026-03-04 18:00:00 UTC
1511,2026-03-04 22:00:00,3,4,22,23,2013,16.799849,38.362286,Copernicus,Copernicus,2026-03-04 19:00:00 UTC
1512,2026-03-04 23:00:00,3,4,23,24,2013,16.784317,38.363663,Copernicus,Copernicus,2026-03-04 20:00:00 UTC
1513,2026-03-05 00:00:00,3,5,0,1,2013,16.773779,38.366943,Copernicus,Copernicus,2026-03-04 21:00:00 UTC
1514,2026-03-05 01:00:00,3,5,1,2,2013,16.810688,38.385349,Copernicus,Copernicus,2026-03-04 22:00:00 UTC
1515,2026-03-05 02:00:00,3,5,2,3,2013,16.837841,38.400234,Copernicus,Copernicus,2026-03-04 23:00:00 UTC
1516,2026-03-05 03:00:00,3,5,3,4,2013,16.891500,38.425873,Copernicus,Copernicus,2026-03-05 00:00:00 UTC
1517,2026-03-05 04:00:00,3,5,4,5,2013,16.886690,38.429668,Copernicus,Copernicus,2026-03-05 01:00:00 UTC
1518,2026-03-05 05:00:00,3,5,5,6,2013,16.876547,38.431587,Copernicus,Copernicus,2026-03-05 02:00:00 UTC
1519,2026-03-05 06:00:00,3,5,6,7,2013,16.866323,38.433186,Copernicus,Copernicus,2026-03-05 03:00:00 UTC
1520,2026-03-05 07:00:00,3,5,7,8,2013,16.856625,38.434349,Copernicus,Copernicus,2026-03-05 04:00:00 UTC
1521,2026-03-05 08:00:00,3,5,8,9,2013,16.851345,38.435001,Copernicus,Copernicus,2026-03-05 05:00:00 UTC
1522,2026-03-05 09:00:00,3,5,9,10,2013,16.849134,38.433899,Copernicus,Copernicus,2026-03-05 06:00:00 UTC
1523,2026-03-05 10:00:00,3,5,10,11,2013,16.851709,38.432358,Copernicus,Copernicus,2026-03-05 07:00:00 UTC
1524,2026-03-05 11:00:00,3,5,11,12,2013,16.856091,38.430721,Copernicus,Copernicus,2026-03-05 08:00:00 UTC
1525,2026-03-05 12:00:00,3,5,12,13,2013,16.860437,38.428558,Copernicus,Copernicus,2026-03-05 09:00:00 UTC
1526,2026-03-05 13:00:00,3,5,13,14,2013,16.863924,38.425816,Copernicus,Copernicus,2026-03-05 10:00:00 UTC
1527,2026-03-05 14:00:00,3,5,14,15,2013,16.865492,38.422325,Copernicus,Copernicus,2026-03-05 11:00:00 UTC
1528,2026-03-05 15:00:00,3,5,15,16,2013,16.864780,38.418232,Copernicus,Copernicus,2026-03-05 12:00:00 UTC
1529,2026-03-05 16:00:00,3,5,16,17,2013,16.861624,38.413750,Copernicus,Copernicus,2026-03-05 13:00:00 UTC
1530,2026-03-05 17:00:00,3,5,17,18,2013,16.856522,38.409206,Copernicus,Copernicus,2026-03-05 14:00:00 UTC
1531,2026-03-05 18:00:00,3,5,18,19,2013,16.850357,38.404926,Copernicus,Copernicus,2026-03-05 15:00:00 UTC
1532,2026-03-05 19:00:00,3,5,19,20,2013,16.844694,38.401196,Copernicus,Copernicus,2026-03-05 16:00:00 UTC
1533,2026-03-05 20:00:00,3,5,20,21,2013,16.841095,38.398495,Copernicus,Copernicus,2026-03-05 17:00:00 UTC
1534,2026-03-05 21:00:00,3,5,21,22,2013,16.839350,38.396824,Copernicus,Copernicus,2026-03-05 18:00:00 UTC
1535,2026-03-05 22:00:00,3,5,22,23,2013,16.839146,38.396130,Copernicus,Copernicus,2026-03-05 19:00:00 UTC
1536,2026-03-05 23:00:00,3,5,23,24,2013,16.840668,38.396511,Copernicus,Copernicus,2026-03-05 20:00:00 UTC
1537,2026-03-06 00:00:00,3,6,0,1,2013,16.845837,38.398418,Copernicus,Copernicus,2026-03-05 21:00:00 UTC
1538,2026-03-06 01:00:00,3,6,1,2,2013,16.854176,38.401577,Copernicus,Copernicus,2026-03-05 22:00:00 UTC
1539,2026-03-06 02:00:00,3,6,2,3,2013,16.861483,38.404575,Copernicus,Copernicus,2026-03-05 23:00:00 UTC
1540,2026-03-06 03:00:00,3,6,3,4,2013,16.718615,38.364628,Copernicus,Copernicus,2026-03-06 00:00:00 UTC
1541,2026-03-06 04:00:00,3,6,4,5,2013,16.690992,38.359741,Copernicus,Copernicus,2026-03-06 01:00:00 UTC
1542,2026-03-06 05:00:00,3,6,5,6,2013,16.679811,38.359329,Copernicus,Copernicus,2026-03-06 02:00:00 UTC
1543,2026-03-06 06:00:00,3,6,6,7,2013,16.672630,38.359909,Copernicus,Copernicus,2026-03-06 03:00:00 UTC
1544,2026-03-06 07:00:00,3,6,7,8,2013,16.670418,38.361656,Copernicus,Copernicus,2026-03-06 04:00:00 UTC
1545,2026-03-06 08:00:00,3,6,8,9,2013,16.673254,38.363705,Copernicus,Copernicus,2026-03-06 05:00:00 UTC
1546,2026-03-06 09:00:00,3,6,9,10,2013,16.678646,38.365097,Copernicus,Copernicus,2026-03-06 06:00:00 UTC
1547,2026-03-06 10:00:00,3,6,10,11,2013,16.692368,38.367149,Copernicus,Copernicus,2026-03-06 07:00:00 UTC
1548,2026-03-06 11:00:00,3,6,11,12,2013,16.706463,38.368145,Copernicus,Copernicus,2026-03-06 08:00:00 UTC
1549,2026-03-06 12:00:00,3,6,12,13,2013,16.715340,38.367168,Copernicus,Copernicus,2026-03-06 09:00:00 UTC
1550,2026-03-06 13:00:00,3,6,13,14,2013,16.725641,38.366558,Copernicus,Copernicus,2026-03-06 10:00:00 UTC
1551,2026-03-06 14:00:00,3,6,14,15,2013,16.734486,38.365578,Copernicus,Copernicus,2026-03-06 11:00:00 UTC
1552,2026-03-06 15:00:00,3,6,15,16,2013,16.739021,38.363270,Copernicus,Copernicus,2026-03-06 12:00:00 UTC
1553,2026-03-06 16:00:00,3,6,16,17,2013,16.739443,38.359776,Copernicus,Copernicus,2026-03-06 13:00:00 UTC
1554,2026-03-06 17:00:00,3,6,17,18,2013,16.736858,38.355396,Copernicus,Copernicus,2026-03-06 14:00:00 UTC
1555,2026-03-06 18:00:00,3,6,18,19,2013,16.733309,38.350567,Copernicus,Copernicus,2026-03-06 15:00:00 UTC
1556,2026-03-06 19:00:00,3,6,19,20,2013,16.730587,38.345692,Copernicus,Copernicus,2026-03-06 16:00:00 UTC
1557,2026-03-06 20:00:00,3,6,20,21,2013,16.729515,38.341099,Copernicus,Copernicus,2026-03-06 17:00:00 UTC
1558,2026-03-06 21:00:00,3,6,21,22,2013,16.730148,38.338223,Copernicus,Copernicus,2026-03-06 18:00:00 UTC
1559,2026-03-06 22:00:00,3,6,22,23,2013,16.694454,38.327423,Copernicus,Copernicus,2026-03-06 19:00:00 UTC
1560,2026-03-06 23:00:00,3,6,23,24,2013,16.681494,38.326809,Copernicus,Copernicus,2026-03-06 20:00:00 UTC
1561,2026-03-07 00:00:00,3,7,0,1,2013,16.672695,38.327667,Copernicus,Copernicus,2026-03-06 21:00:00 UTC
1562,2026-03-07 01:00:00,3,7,1,2,2013,16.663685,38.328526,Copernicus,Copernicus,2026-03-06 22:00:00 UTC
1563,2026-03-07 02:00:00,3,7,2,3,2013,16.654415,38.329327,Copernicus,Copernicus,2026-03-06 23:00:00 UTC
1564,2026-03-07 03:00:00,3,7,3,4,2013,16.760283,38.368546,Copernicus,Copernicus,2026-03-07 00:00:00 UTC
1565,2026-03-07 04:00:00,3,7,4,5,2013,16.763290,38.372223,Copernicus,Copernicus,2026-03-07 01:00:00 UTC
1566,2026-03-07 05:00:00,3,7,5,6,2013,16.749546,38.370354,Copernicus,Copernicus,2026-03-07 02:00:00 UTC
1567,2026-03-07 06:00:00,3,7,6,7,2013,16.736736,38.368488,Copernicus,Copernicus,2026-03-07 03:00:00 UTC
1568,2026-03-07 07:00:00,3,7,7,8,2013,16.725346,38.366627,Copernicus,Copernicus,2026-03-07 04:00:00 UTC
1569,2026-03-07 08:00:00,3,7,8,9,2013,16.717636,38.364765,Copernicus,Copernicus,2026-03-07 05:00:00 UTC
1570,2026-03-07 09:00:00,3,7,9,10,2013,16.714050,38.362804,Copernicus,Copernicus,2026-03-07 06:00:00 UTC
1571,2026-03-07 10:00:00,3,7,10,11,2013,16.714556,38.360596,Copernicus,Copernicus,2026-03-07 07:00:00 UTC
1572,2026-03-07 11:00:00,3,7,11,12,2013,16.715843,38.357666,Copernicus,Copernicus,2026-03-07 08:00:00 UTC
1573,2026-03-07 12:00:00,3,7,12,13,2013,16.718952,38.354557,Copernicus,Copernicus,2026-03-07 09:00:00 UTC
1574,2026-03-07 13:00:00,3,7,13,14,2013,16.725843,38.352196,Copernicus,Copernicus,2026-03-07 10:00:00 UTC
1575,2026-03-07 14:00:00,3,7,14,15,2013,16.751778,38.356323,Copernicus,Copernicus,2026-03-07 11:00:00 UTC
1576,2026-03-07 15:00:00,3,7,15,16,2013,16.780895,38.362278,Copernicus,Copernicus,2026-03-07 12:00:00 UTC
1577,2026-03-07 16:00:00,3,7,16,17,2013,16.812426,38.369980,Copernicus,Copernicus,2026-03-07 13:00:00 UTC
1578,2026-03-07 17:00:00,3,7,17,18,2013,16.839190,38.377018,Copernicus,Copernicus,2026-03-07 14:00:00 UTC
1579,2026-03-07 18:00:00,3,7,18,19,2013,16.813784,38.368977,Copernicus,Copernicus,2026-03-07 15:00:00 UTC
1580,2026-03-07 19:00:00,3,7,19,20,2013,16.813831,38.373055,Copernicus,Copernicus,2026-03-07 16:00:00 UTC
1581,2026-03-07 20:00:00,3,7,20,21,2013,16.842028,38.385674,Copernicus,Copernicus,2026-03-07 17:00:00 UTC
1582,2026-03-07 21:00:00,3,7,21,22,2013,16.861315,38.395256,Copernicus,Copernicus,2026-03-07 18:00:00 UTC
1583,2026-03-07 22:00:00,3,7,22,23,2013,16.855042,38.397034,Copernicus,Copernicus,2026-03-07 19:00:00 UTC
1584,2026-03-07 23:00:00,3,7,23,24,2013,16.845764,38.398281,Copernicus,Copernicus,2026-03-07 20:00:00 UTC
1585,2026-03-08 00:00:00,3,8,0,1,2013,16.835733,38.399563,Copernicus,Copernicus,2026-03-07 21:00:00 UTC
1586,2026-03-08 01:00:00,3,8,1,2,2013,16.824404,38.400570,Copernicus,Copernicus,2026-03-07 22:00:00 UTC
1587,2026-03-08 02:00:00,3,8,2,3,2013,16.811716,38.401184,Copernicus,Copernicus,2026-03-07 23:00:00 UTC
1588,2026-03-08 03:00:00,3,8,3,4,2013,16.799667,38.404160,Copernicus,Copernicus,2026-03-08 00:00:00 UTC
1589,2026-03-08 04:00:00,3,8,4,5,2013,16.787504,38.404743,Copernicus,Copernicus,2026-03-08 01:00:00 UTC
1590,2026-03-08 05:00:00,3,8,5,6,2013,16.776289,38.405277,Copernicus,Copernicus,2026-03-08 02:00:00 UTC
1591,2026-03-08 06:00:00,3,8,6,7,2013,16.765821,38.405811,Copernicus,Copernicus,2026-03-08 03:00:00 UTC
1592,2026-03-08 07:00:00,3,8,7,8,2013,16.756842,38.406364,Copernicus,Copernicus,2026-03-08 04:00:00 UTC
1593,2026-03-08 08:00:00,3,8,8,9,2013,16.753374,38.406963,Copernicus,Copernicus,2026-03-08 05:00:00 UTC
1594,2026-03-08 09:00:00,3,8,9,10,2013,16.757383,38.407608,Copernicus,Copernicus,2026-03-08 06:00:00 UTC
1595,2026-03-08 10:00:00,3,8,10,11,2013,16.766445,38.408119,Copernicus,Copernicus,2026-03-08 07:00:00 UTC
1596,2026-03-08 11:00:00,3,8,11,12,2013,16.777639,38.408577,Copernicus,Copernicus,2026-03-08 08:00:00 UTC
1597,2026-03-08 12:00:00,3,8,12,13,2013,16.789997,38.409027,Copernicus,Copernicus,2026-03-08 09:00:00 UTC
1598,2026-03-08 13:00:00,3,8,13,14,2013,16.802340,38.409412,Copernicus,Copernicus,2026-03-08 10:00:00 UTC
1599,2026-03-08 14:00:00,3,8,14,15,2013,16.813463,38.409687,Copernicus,Copernicus,2026-03-08 11:00:00 UTC
1600,2026-03-08 15:00:00,3,8,15,16,2013,16.822847,38.409981,Copernicus,Copernicus,2026-03-08 12:00:00 UTC
1601,2026-03-08 16:00:00,3,8,16,17,2013,16.829285,38.410164,Copernicus,Copernicus,2026-03-08 13:00:00 UTC
1602,2026-03-08 17:00:00,3,8,17,18,2013,16.831818,38.410046,Copernicus,Copernicus,2026-03-08 14:00:00 UTC
1603,2026-03-08 18:00:00,3,8,18,19,2013,16.826183,38.407890,Copernicus,Copernicus,2026-03-08 15:00:00 UTC
1604,2026-03-08 19:00:00,3,8,19,20,2013,16.819654,38.405430,Copernicus,Copernicus,2026-03-08 16:00:00 UTC
1605,2026-03-08 20:00:00,3,8,20,21,2013,16.816042,38.405617,Copernicus,Copernicus,2026-03-08 17:00:00 UTC
1606,2026-03-08 21:00:00,3,8,21,22,2013,16.804955,38.404976,Copernicus,Copernicus,2026-03-08 18:00:00 UTC
1607,2026-03-08 22:00:00,3,8,22,23,2013,16.792484,38.403767,Copernicus,Copernicus,2026-03-08 19:00:00 UTC
1608,2026-03-08 23:00:00,3,8,23,24,2013,16.790237,38.405746,Copernicus,Copernicus,2026-03-08 20:00:00 UTC
1609,2026-03-09 00:00:00,3,9,0,1,2013,16.780750,38.405411,Copernicus,Copernicus,2026-03-08 21:00:00 UTC
1610,2026-03-09 01:00:00,3,9,1,2,2013,16.770054,38.404709,Copernicus,Copernicus,2026-03-08 22:00:00 UTC
1611,2026-03-09 02:00:00,3,9,2,3,2013,16.759171,38.403999,Copernicus,Copernicus,2026-03-08 23:00:00 UTC
1612,2026-03-09 03:00:00,3,9,3,4,2013,16.748482,38.404213,Copernicus,Copernicus,2026-03-09 00:00:00 UTC
1613,2026-03-09 04:00:00,3,9,4,5,2013,16.737396,38.403503,Copernicus,Copernicus,2026-03-09 01:00:00 UTC
1614,2026-03-09 05:00:00,3,9,5,6,2013,16.726311,38.402737,Copernicus,Copernicus,2026-03-09 02:00:00 UTC
1615,2026-03-09 06:00:00,3,9,6,7,2013,16.715168,38.401897,Copernicus,Copernicus,2026-03-09 03:00:00 UTC
1616,2026-03-09 07:00:00,3,9,7,8,2013,16.704668,38.400932,Copernicus,Copernicus,2026-03-09 04:00:00 UTC
1617,2026-03-09 08:00:00,3,9,8,9,2013,16.698109,38.399841,Copernicus,Copernicus,2026-03-09 05:00:00 UTC
1618,2026-03-09 09:00:00,3,9,9,10,2013,16.697336,38.398640,Copernicus,Copernicus,2026-03-09 06:00:00 UTC
1619,2026-03-09 10:00:00,3,9,10,11,2013,16.702286,38.397213,Copernicus,Copernicus,2026-03-09 07:00:00 UTC
1620,2026-03-09 11:00:00,3,9,11,12,2013,16.710096,38.395592,Copernicus,Copernicus,2026-03-09 08:00:00 UTC
1621,2026-03-09 12:00:00,3,9,12,13,2013,16.719679,38.393780,Copernicus,Copernicus,2026-03-09 09:00:00 UTC
1622,2026-03-09 13:00:00,3,9,13,14,2013,16.729300,38.391724,Copernicus,Copernicus,2026-03-09 10:00:00 UTC
1623,2026-03-09 14:00:00,3,9,14,15,2013,16.737783,38.389400,Copernicus,Copernicus,2026-03-09 11:00:00 UTC
1624,2026-03-09 15:00:00,3,9,15,16,2013,16.744192,38.386909,Copernicus,Copernicus,2026-03-09 12:00:00 UTC
1625,2026-03-09 16:00:00,3,9,16,17,2013,16.748989,38.384624,Copernicus,Copernicus,2026-03-09 13:00:00 UTC
1626,2026-03-09 17:00:00,3,9,17,18,2013,16.748831,38.381641,Copernicus,Copernicus,2026-03-09 14:00:00 UTC
1627,2026-03-09 18:00:00,3,9,18,19,2013,16.742401,38.376968,Copernicus,Copernicus,2026-03-09 15:00:00 UTC
1628,2026-03-09 19:00:00,3,9,19,20,2013,16.735252,38.371830,Copernicus,Copernicus,2026-03-09 16:00:00 UTC
1629,2026-03-09 20:00:00,3,9,20,21,2013,16.728495,38.366417,Copernicus,Copernicus,2026-03-09 17:00:00 UTC
1630,2026-03-09 21:00:00,3,9,21,22,2013,16.717419,38.360901,Copernicus,Copernicus,2026-03-09 18:00:00 UTC
1631,2026-03-09 22:00:00,3,9,22,23,2013,16.702677,38.358250,Copernicus,Copernicus,2026-03-09 19:00:00 UTC
1632,2026-03-09 23:00:00,3,9,23,24,2013,16.694386,38.357101,Copernicus,Copernicus,2026-03-09 20:00:00 UTC
1633,2026-03-10 00:00:00,3,10,0,1,2013,16.685455,38.355724,Copernicus,Copernicus,2026-03-09 21:00:00 UTC
1634,2026-03-10 01:00:00,3,10,1,2,2013,16.682140,38.356201,Copernicus,Copernicus,2026-03-09 22:00:00 UTC
1635,2026-03-10 02:00:00,3,10,2,3,2013,16.675938,38.355797,Copernicus,Copernicus,2026-03-09 23:00:00 UTC
1636,2026-03-10 03:00:00,3,10,3,4,2013,16.667017,38.355232,Copernicus,Copernicus,2026-03-10 00:00:00 UTC
1637,2026-03-10 04:00:00,3,10,4,5,2013,16.657837,38.353931,Copernicus,Copernicus,2026-03-10 01:00:00 UTC
1638,2026-03-10 05:00:00,3,10,5,6,2013,16.649075,38.352589,Copernicus,Copernicus,2026-03-10 02:00:00 UTC
1639,2026-03-10 06:00:00,3,10,6,7,2013,16.640715,38.351383,Copernicus,Copernicus,2026-03-10 03:00:00 UTC
1640,2026-03-10 07:00:00,3,10,7,8,2013,16.633818,38.350357,Copernicus,Copernicus,2026-03-10 04:00:00 UTC
1641,2026-03-10 08:00:00,3,10,8,9,2013,16.632439,38.349415,Copernicus,Copernicus,2026-03-10 05:00:00 UTC
1642,2026-03-10 09:00:00,3,10,9,10,2013,16.638041,38.348534,Copernicus,Copernicus,2026-03-10 06:00:00 UTC
1643,2026-03-10 10:00:00,3,10,10,11,2013,16.647751,38.347813,Copernicus,Copernicus,2026-03-10 07:00:00 UTC
1644,2026-03-10 11:00:00,3,10,11,12,2013,16.659727,38.347168,Copernicus,Copernicus,2026-03-10 08:00:00 UTC
1645,2026-03-10 12:00:00,3,10,12,13,2013,16.673273,38.346611,Copernicus,Copernicus,2026-03-10 09:00:00 UTC
1646,2026-03-10 13:00:00,3,10,13,14,2013,16.687384,38.346169,Copernicus,Copernicus,2026-03-10 10:00:00 UTC
1647,2026-03-10 14:00:00,3,10,14,15,2013,16.700621,38.345741,Copernicus,Copernicus,2026-03-10 11:00:00 UTC
1648,2026-03-10 15:00:00,3,10,15,16,2013,16.712475,38.345497,Copernicus,Copernicus,2026-03-10 12:00:00 UTC
1649,2026-03-10 16:00:00,3,10,16,17,2013,16.713047,38.342342,Copernicus,Copernicus,2026-03-10 13:00:00 UTC
1650,2026-03-10 17:00:00,3,10,17,18,2013,16.709244,38.338123,Copernicus,Copernicus,2026-03-10 14:00:00 UTC
1651,2026-03-10 18:00:00,3,10,18,19,2013,16.703548,38.333492,Copernicus,Copernicus,2026-03-10 15:00:00 UTC
1652,2026-03-10 19:00:00,3,10,19,20,2013,16.697386,38.328648,Copernicus,Copernicus,2026-03-10 16:00:00 UTC
1653,2026-03-10 20:00:00,3,10,20,21,2013,16.691742,38.323841,Copernicus,Copernicus,2026-03-10 17:00:00 UTC
1654,2026-03-10 21:00:00,3,10,21,22,2013,16.686670,38.319248,Copernicus,Copernicus,2026-03-10 18:00:00 UTC
1655,2026-03-10 22:00:00,3,10,22,23,2013,16.662540,38.310696,Copernicus,Copernicus,2026-03-10 19:00:00 UTC
1656,2026-03-10 23:00:00,3,10,23,24,2013,16.635479,38.305538,Copernicus,Copernicus,2026-03-10 20:00:00 UTC
1657,2026-03-11 00:00:00,3,11,0,1,2013,16.616455,38.303288,Copernicus,Copernicus,2026-03-10 21:00:00 UTC
1658,2026-03-11 01:00:00,3,11,1,2,2013,16.633781,38.312275,Copernicus,Copernicus,2026-03-10 22:00:00 UTC
1659,2026-03-11 02:00:00,3,11,2,3,2013,16.635227,38.315708,Copernicus,Copernicus,2026-03-10 23:00:00 UTC
1660,2026-03-11 03:00:00,3,11,3,4,2013,16.654963,38.325809,Copernicus,Copernicus,2026-03-11 00:00:00 UTC
1661,2026-03-11 04:00:00,3,11,4,5,2013,16.656200,38.328777,Copernicus,Copernicus,2026-03-11 01:00:00 UTC
1662,2026-03-11 05:00:00,3,11,5,6,2013,16.651484,38.329708,Copernicus,Copernicus,2026-03-11 02:00:00 UTC
1663,2026-03-11 06:00:00,3,11,6,7,2013,16.646849,38.330582,Copernicus,Copernicus,2026-03-11 03:00:00 UTC
1664,2026-03-11 07:00:00,3,11,7,8,2013,16.643246,38.331387,Copernicus,Copernicus,2026-03-11 04:00:00 UTC
1665,2026-03-11 08:00:00,3,11,8,9,2013,16.644787,38.332111,Copernicus,Copernicus,2026-03-11 05:00:00 UTC
1666,2026-03-11 09:00:00,3,11,9,10,2013,16.654291,38.333138,Copernicus,Copernicus,2026-03-11 06:00:00 UTC
1667,2026-03-11 10:00:00,3,11,10,11,2013,16.669336,38.334663,Copernicus,Copernicus,2026-03-11 07:00:00 UTC
1668,2026-03-11 11:00:00,3,11,11,12,2013,16.685835,38.335999,Copernicus,Copernicus,2026-03-11 08:00:00 UTC
1669,2026-03-11 12:00:00,3,11,12,13,2013,16.702902,38.337132,Copernicus,Copernicus,2026-03-11 09:00:00 UTC
1670,2026-03-11 13:00:00,3,11,13,14,2013,16.719622,38.338112,Copernicus,Copernicus,2026-03-11 10:00:00 UTC
1671,2026-03-11 14:00:00,3,11,14,15,2013,16.734875,38.338905,Copernicus,Copernicus,2026-03-11 11:00:00 UTC
1672,2026-03-11 15:00:00,3,11,15,16,2013,16.748234,38.339687,Copernicus,Copernicus,2026-03-11 12:00:00 UTC
1673,2026-03-11 16:00:00,3,11,16,17,2013,16.755556,38.339390,Copernicus,Copernicus,2026-03-11 13:00:00 UTC
1674,2026-03-11 17:00:00,3,11,17,18,2013,16.755085,38.337345,Copernicus,Copernicus,2026-03-11 14:00:00 UTC
1675,2026-03-11 18:00:00,3,11,18,19,2013,16.751801,38.334751,Copernicus,Copernicus,2026-03-11 15:00:00 UTC
1676,2026-03-11 19:00:00,3,11,19,20,2013,16.746695,38.331413,Copernicus,Copernicus,2026-03-11 16:00:00 UTC
1677,2026-03-11 20:00:00,3,11,20,21,2013,16.741636,38.327839,Copernicus,Copernicus,2026-03-11 17:00:00 UTC
1678,2026-03-11 21:00:00,3,11,21,22,2013,16.737043,38.324127,Copernicus,Copernicus,2026-03-11 18:00:00 UTC
1679,2026-03-11 22:00:00,3,11,22,23,2013,16.734911,38.321495,Copernicus,Copernicus,2026-03-11 19:00:00 UTC
1680,2026-03-11 23:00:00,3,11,23,24,2013,16.719898,38.315594,Copernicus,Copernicus,2026-03-11 20:00:00 UTC
1681,2026-03-12 00:00:00,3,12,0,1,2013,16.673742,38.304626,Copernicus,Copernicus,2026-03-11 21:00:00 UTC
1682,2026-03-12 01:00:00,3,12,1,2,2013,16.683558,38.312294,Copernicus,Copernicus,2026-03-11 22:00:00 UTC
1683,2026-03-12 02:00:00,3,12,2,3,2013,16.691982,38.318493,Copernicus,Copernicus,2026-03-11 23:00:00 UTC
1684,2026-03-12 03:00:00,3,12,3,4,2013,16.685837,38.319977,Copernicus,Copernicus,2026-03-12 00:00:00 UTC
1685,2026-03-12 04:00:00,3,12,4,5,2013,16.676775,38.320168,Copernicus,Copernicus,2026-03-12 01:00:00 UTC
1686,2026-03-12 05:00:00,3,12,5,6,2013,16.668251,38.320484,Copernicus,Copernicus,2026-03-12 02:00:00 UTC
1687,2026-03-12 06:00:00,3,12,6,7,2013,16.660141,38.320942,Copernicus,Copernicus,2026-03-12 03:00:00 UTC
1688,2026-03-12 07:00:00,3,12,7,8,2013,16.653540,38.321541,Copernicus,Copernicus,2026-03-12 04:00:00 UTC
1689,2026-03-12 08:00:00,3,12,8,9,2013,16.652676,38.322296,Copernicus,Copernicus,2026-03-12 05:00:00 UTC
1690,2026-03-12 09:00:00,3,12,9,10,2013,16.659380,38.323215,Copernicus,Copernicus,2026-03-12 06:00:00 UTC
1691,2026-03-12 10:00:00,3,12,10,11,2013,16.671120,38.324299,Copernicus,Copernicus,2026-03-12 07:00:00 UTC
1692,2026-03-12 11:00:00,3,12,11,12,2013,16.685812,38.325645,Copernicus,Copernicus,2026-03-12 08:00:00 UTC
1693,2026-03-12 12:00:00,3,12,12,13,2013,16.702215,38.327179,Copernicus,Copernicus,2026-03-12 09:00:00 UTC
1694,2026-03-12 13:00:00,3,12,13,14,2013,16.718840,38.328785,Copernicus,Copernicus,2026-03-12 10:00:00 UTC
1695,2026-03-12 14:00:00,3,12,14,15,2013,16.734940,38.330570,Copernicus,Copernicus,2026-03-12 11:00:00 UTC
1696,2026-03-12 15:00:00,3,12,15,16,2013,16.749514,38.332539,Copernicus,Copernicus,2026-03-12 12:00:00 UTC
1697,2026-03-12 16:00:00,3,12,16,17,2013,16.753664,38.331947,Copernicus,Copernicus,2026-03-12 13:00:00 UTC
1698,2026-03-12 17:00:00,3,12,17,18,2013,16.753922,38.330540,Copernicus,Copernicus,2026-03-12 14:00:00 UTC
1699,2026-03-12 18:00:00,3,12,18,19,2013,16.751307,38.328411,Copernicus,Copernicus,2026-03-12 15:00:00 UTC
1700,2026-03-12 19:00:00,3,12,19,20,2013,16.747303,38.325588,Copernicus,Copernicus,2026-03-12 16:00:00 UTC
1701,2026-03-12 20:00:00,3,12,20,21,2013,16.742933,38.322075,Copernicus,Copernicus,2026-03-12 17:00:00 UTC
1702,2026-03-12 21:00:00,3,12,21,22,2013,16.738710,38.318073,Copernicus,Copernicus,2026-03-12 18:00:00 UTC
1703,2026-03-12 22:00:00,3,12,22,23,2013,16.735273,38.313732,Copernicus,Copernicus,2026-03-12 19:00:00 UTC
1704,2026-03-12 23:00:00,3,12,23,24,2013,16.731157,38.307899,Copernicus,Copernicus,2026-03-12 20:00:00 UTC
1705,2026-03-13 00:00:00,3,13,0,1,2013,16.711555,38.298256,Copernicus,Copernicus,2026-03-12 21:00:00 UTC
1706,2026-03-13 01:00:00,3,13,1,2,2013,16.681339,38.291508,Copernicus,Copernicus,2026-03-12 22:00:00 UTC
1707,2026-03-13 02:00:00,3,13,2,3,2013,16.662783,38.289780,Copernicus,Copernicus,2026-03-12 23:00:00 UTC
1708,2026-03-13 03:00:00,3,13,3,4,2013,16.646549,38.289520,Copernicus,Copernicus,2026-03-13 00:00:00 UTC
1709,2026-03-13 04:00:00,3,13,4,5,2013,16.648743,38.294376,Copernicus,Copernicus,2026-03-13 01:00:00 UTC
1710,2026-03-13 05:00:00,3,13,5,6,2013,16.658657,38.300900,Copernicus,Copernicus,2026-03-13 02:00:00 UTC
1711,2026-03-13 06:00:00,3,13,6,7,2013,16.651934,38.301899,Copernicus,Copernicus,2026-03-13 03:00:00 UTC
1712,2026-03-13 07:00:00,3,13,7,8,2013,16.648766,38.303486,Copernicus,Copernicus,2026-03-13 04:00:00 UTC
1713,2026-03-13 08:00:00,3,13,8,9,2013,16.651876,38.305134,Copernicus,Copernicus,2026-03-13 05:00:00 UTC
1714,2026-03-13 09:00:00,3,13,9,10,2013,16.660919,38.306179,Copernicus,Copernicus,2026-03-13 06:00:00 UTC
1715,2026-03-13 10:00:00,3,13,10,11,2013,16.675783,38.307785,Copernicus,Copernicus,2026-03-13 07:00:00 UTC
1716,2026-03-13 11:00:00,3,13,11,12,2013,16.699217,38.311577,Copernicus,Copernicus,2026-03-13 08:00:00 UTC
1717,2026-03-13 12:00:00,3,13,12,13,2013,16.723469,38.315235,Copernicus,Copernicus,2026-03-13 09:00:00 UTC
1718,2026-03-13 13:00:00,3,13,13,14,2013,16.744524,38.317646,Copernicus,Copernicus,2026-03-13 10:00:00 UTC
1719,2026-03-13 14:00:00,3,13,14,15,2013,16.756149,38.317074,Copernicus,Copernicus,2026-03-13 11:00:00 UTC
1720,2026-03-13 15:00:00,3,13,15,16,2013,16.761282,38.314526,Copernicus,Copernicus,2026-03-13 12:00:00 UTC
1721,2026-03-13 16:00:00,3,13,16,17,2013,16.761156,38.310287,Copernicus,Copernicus,2026-03-13 13:00:00 UTC
1722,2026-03-13 17:00:00,3,13,17,18,2013,16.756693,38.304558,Copernicus,Copernicus,2026-03-13 14:00:00 UTC
1723,2026-03-13 18:00:00,3,13,18,19,2013,16.750046,38.298161,Copernicus,Copernicus,2026-03-13 15:00:00 UTC
1724,2026-03-13 19:00:00,3,13,19,20,2013,16.744263,38.292122,Copernicus,Copernicus,2026-03-13 16:00:00 UTC
1725,2026-03-13 20:00:00,3,13,20,21,2013,16.739782,38.286541,Copernicus,Copernicus,2026-03-13 17:00:00 UTC
1726,2026-03-13 21:00:00,3,13,21,22,2013,16.736427,38.281372,Copernicus,Copernicus,2026-03-13 18:00:00 UTC
1727,2026-03-13 22:00:00,3,13,22,23,2013,16.734055,38.276566,Copernicus,Copernicus,2026-03-13 19:00:00 UTC
1728,2026-03-13 23:00:00,3,13,23,24,2013,16.731300,38.270649,Copernicus,Copernicus,2026-03-13 20:00:00 UTC
1729,2026-03-14 00:00:00,3,14,0,1,2013,16.726048,38.263897,Copernicus,Copernicus,2026-03-13 21:00:00 UTC
1730,2026-03-14 01:00:00,3,14,1,2,2013,16.714859,38.256920,Copernicus,Copernicus,2026-03-13 22:00:00 UTC
1731,2026-03-14 02:00:00,3,14,2,3,2013,16.667686,38.242157,Copernicus,Copernicus,2026-03-13 23:00:00 UTC
1732,2026-03-14 03:00:00,3,14,3,4,2013,16.648388,38.239643,Copernicus,Copernicus,2026-03-14 00:00:00 UTC
1733,2026-03-14 04:00:00,3,14,4,5,2013,16.633835,38.238117,Copernicus,Copernicus,2026-03-14 01:00:00 UTC
1734,2026-03-14 05:00:00,3,14,5,6,2013,16.620262,38.237202,Copernicus,Copernicus,2026-03-14 02:00:00 UTC
1735,2026-03-14 06:00:00,3,14,6,7,2013,16.607725,38.236912,Copernicus,Copernicus,2026-03-14 03:00:00 UTC
1736,2026-03-14 07:00:00,3,14,7,8,2013,16.597122,38.237167,Copernicus,Copernicus,2026-03-14 04:00:00 UTC
1737,2026-03-14 08:00:00,3,14,8,9,2013,16.590784,38.237648,Copernicus,Copernicus,2026-03-14 05:00:00 UTC
1738,2026-03-14 09:00:00,3,14,9,10,2013,16.589888,38.238461,Copernicus,Copernicus,2026-03-14 06:00:00 UTC
1739,2026-03-14 10:00:00,3,14,10,11,2013,16.593891,38.239609,Copernicus,Copernicus,2026-03-14 07:00:00 UTC
1740,2026-03-14 11:00:00,3,14,11,12,2013,16.602545,38.241463,Copernicus,Copernicus,2026-03-14 08:00:00 UTC
1741,2026-03-14 12:00:00,3,14,12,13,2013,16.610508,38.242676,Copernicus,Copernicus,2026-03-14 09:00:00 UTC
1742,2026-03-14 13:00:00,3,14,13,14,2013,16.620514,38.244392,Copernicus,Copernicus,2026-03-14 10:00:00 UTC
1743,2026-03-14 14:00:00,3,14,14,15,2013,16.635437,38.247841,Copernicus,Copernicus,2026-03-14 11:00:00 UTC
1744,2026-03-14 15:00:00,3,14,15,16,2013,16.653326,38.252701,Copernicus,Copernicus,2026-03-14 12:00:00 UTC
1745,2026-03-14 16:00:00,3,14,16,17,2013,16.669622,38.257618,Copernicus,Copernicus,2026-03-14 13:00:00 UTC
1746,2026-03-14 17:00:00,3,14,17,18,2013,16.674229,38.259510,Copernicus,Copernicus,2026-03-14 14:00:00 UTC
1747,2026-03-14 18:00:00,3,14,18,19,2013,16.683023,38.263416,Copernicus,Copernicus,2026-03-14 15:00:00 UTC
1748,2026-03-14 19:00:00,3,14,19,20,2013,16.697264,38.269287,Copernicus,Copernicus,2026-03-14 16:00:00 UTC
1749,2026-03-14 20:00:00,3,14,20,21,2013,16.694727,38.269840,Copernicus,Copernicus,2026-03-14 17:00:00 UTC
1750,2026-03-14 21:00:00,3,14,21,22,2013,16.684971,38.268005,Copernicus,Copernicus,2026-03-14 18:00:00 UTC
1751,2026-03-14 22:00:00,3,14,22,23,2013,16.674471,38.265690,Copernicus,Copernicus,2026-03-14 19:00:00 UTC
1752,2026-03-14 23:00:00,3,14,23,24,2013,16.663683,38.262974,Copernicus,Copernicus,2026-03-14 20:00:00 UTC
1753,2026-03-15 00:00:00,3,15,0,1,2013,16.652239,38.259762,Copernicus,Copernicus,2026-03-14 21:00:00 UTC
1754,2026-03-15 01:00:00,3,15,1,2,2013,16.639286,38.255783,Copernicus,Copernicus,2026-03-14 22:00:00 UTC
1755,2026-03-15 02:00:00,3,15,2,3,2013,16.624521,38.250893,Copernicus,Copernicus,2026-03-14 23:00:00 UTC
1756,2026-03-15 03:00:00,3,15,3,4,2013,16.617609,38.249477,Copernicus,Copernicus,2026-03-15 00:00:00 UTC
1757,2026-03-15 04:00:00,3,15,4,5,2013,16.603386,38.244446,Copernicus,Copernicus,2026-03-15 01:00:00 UTC
1758,2026-03-15 05:00:00,3,15,5,6,2013,16.587355,38.238720,Copernicus,Copernicus,2026-03-15 02:00:00 UTC
1759,2026-03-15 06:00:00,3,15,6,7,2013,16.574259,38.233692,Copernicus,Copernicus,2026-03-15 03:00:00 UTC
1760,2026-03-15 07:00:00,3,15,7,8,2013,16.566906,38.230152,Copernicus,Copernicus,2026-03-15 04:00:00 UTC
1761,2026-03-15 08:00:00,3,15,8,9,2013,16.564219,38.227757,Copernicus,Copernicus,2026-03-15 05:00:00 UTC
1762,2026-03-15 09:00:00,3,15,9,10,2013,16.561562,38.224953,Copernicus,Copernicus,2026-03-15 06:00:00 UTC
1763,2026-03-15 10:00:00,3,15,10,11,2013,16.561867,38.222519,Copernicus,Copernicus,2026-03-15 07:00:00 UTC
1764,2026-03-15 11:00:00,3,15,11,12,2013,16.567907,38.221592,Copernicus,Copernicus,2026-03-15 08:00:00 UTC
1765,2026-03-15 12:00:00,3,15,12,13,2013,16.575100,38.220272,Copernicus,Copernicus,2026-03-15 09:00:00 UTC
1766,2026-03-15 13:00:00,3,15,13,14,2013,16.583738,38.218494,Copernicus,Copernicus,2026-03-15 10:00:00 UTC
1767,2026-03-15 14:00:00,3,15,14,15,2013,16.589838,38.214241,Copernicus,Copernicus,2026-03-15 11:00:00 UTC
1768,2026-03-15 15:00:00,3,15,15,16,2013,16.585873,38.200558,Copernicus,Copernicus,2026-03-15 12:00:00 UTC
1769,2026-03-15 16:00:00,3,15,16,17,2013,16.577738,38.180710,Copernicus,Copernicus,2026-03-15 13:00:00 UTC
1770,2026-03-15 17:00:00,3,15,17,18,2013,16.569118,38.159458,Copernicus,Copernicus,2026-03-15 14:00:00 UTC
1771,2026-03-15 18:00:00,3,15,18,19,2013,16.561310,38.140499,Copernicus,Copernicus,2026-03-15 15:00:00 UTC
1772,2026-03-15 19:00:00,3,15,19,20,2013,16.555353,38.126041,Copernicus,Copernicus,2026-03-15 16:00:00 UTC
1773,2026-03-15 20:00:00,3,15,20,21,2013,16.549862,38.112465,Copernicus,Copernicus,2026-03-15 17:00:00 UTC
1774,2026-03-15 21:00:00,3,15,21,22,2013,16.545385,38.099632,Copernicus,Copernicus,2026-03-15 18:00:00 UTC
1775,2026-03-15 22:00:00,3,15,22,23,2013,16.542080,38.088028,Copernicus,Copernicus,2026-03-15 19:00:00 UTC
1776,2026-03-15 23:00:00,3,15,23,24,2013,16.539097,38.076550,Copernicus,Copernicus,2026-03-15 20:00:00 UTC
1777,2026-03-16 00:00:00,3,16,0,1,2013,16.536600,38.065830,Copernicus,Copernicus,2026-03-15 21:00:00 UTC
1778,2026-03-16 01:00:00,3,16,1,2,2013,16.534925,38.056942,Copernicus,Copernicus,2026-03-15 22:00:00 UTC
1779,2026-03-16 02:00:00,3,16,2,3,2013,16.535179,38.049831,Copernicus,Copernicus,2026-03-15 23:00:00 UTC
1780,2026-03-16 03:00:00,3,16,3,4,2013,16.537489,38.042858,Copernicus,Copernicus,2026-03-16 00:00:00 UTC
1781,2026-03-16 04:00:00,3,16,4,5,2013,16.541983,38.035740,Copernicus,Copernicus,2026-03-16 01:00:00 UTC
1782,2026-03-16 05:00:00,3,16,5,6,2013,16.549080,38.029896,Copernicus,Copernicus,2026-03-16 02:00:00 UTC
1783,2026-03-16 06:00:00,3,16,6,7,2013,16.558382,38.026939,Copernicus,Copernicus,2026-03-16 03:00:00 UTC
1784,2026-03-16 07:00:00,3,16,7,8,2013,16.569218,38.026237,Copernicus,Copernicus,2026-03-16 04:00:00 UTC
1785,2026-03-16 08:00:00,3,16,8,9,2013,16.581814,38.026844,Copernicus,Copernicus,2026-03-16 05:00:00 UTC
1786,2026-03-16 09:00:00,3,16,9,10,2013,16.596167,38.028309,Copernicus,Copernicus,2026-03-16 06:00:00 UTC
1787,2026-03-16 10:00:00,3,16,10,11,2013,16.610907,38.028702,Copernicus,Copernicus,2026-03-16 07:00:00 UTC
1788,2026-03-16 11:00:00,3,16,11,12,2013,16.626947,38.029579,Copernicus,Copernicus,2026-03-16 08:00:00 UTC
1789,2026-03-16 12:00:00,3,16,12,13,2013,16.642996,38.030903,Copernicus,Copernicus,2026-03-16 09:00:00 UTC
1790,2026-03-16 13:00:00,3,16,13,14,2013,16.658804,38.032528,Copernicus,Copernicus,2026-03-16 10:00:00 UTC
1791,2026-03-16 14:00:00,3,16,14,15,2013,16.673782,38.034233,Copernicus,Copernicus,2026-03-16 11:00:00 UTC
1792,2026-03-16 15:00:00,3,16,15,16,2013,16.686960,38.035835,Copernicus,Copernicus,2026-03-16 12:00:00 UTC
1793,2026-03-16 16:00:00,3,16,16,17,2013,16.697935,38.037575,Copernicus,Copernicus,2026-03-16 13:00:00 UTC
1794,2026-03-16 17:00:00,3,16,17,18,2013,16.706757,38.039391,Copernicus,Copernicus,2026-03-16 14:00:00 UTC
1795,2026-03-16 18:00:00,3,16,18,19,2013,16.713404,38.041157,Copernicus,Copernicus,2026-03-16 15:00:00 UTC
1796,2026-03-16 19:00:00,3,16,19,20,2013,16.718294,38.042702,Copernicus,Copernicus,2026-03-16 16:00:00 UTC
1797,2026-03-16 20:00:00,3,16,20,21,2013,16.721968,38.043488,Copernicus,Copernicus,2026-03-16 17:00:00 UTC
1798,2026-03-16 21:00:00,3,16,21,22,2013,16.724344,38.043373,Copernicus,Copernicus,2026-03-16 18:00:00 UTC
1799,2026-03-16 22:00:00,3,16,22,23,2013,16.725229,38.042339,Copernicus,Copernicus,2026-03-16 19:00:00 UTC
1800,2026-03-16 23:00:00,3,16,23,24,2013,16.724339,38.040123,Copernicus,Copernicus,2026-03-16 20:00:00 UTC
1801,2026-03-17 00:00:00,3,17,0,1,2013,16.721594,38.036621,Copernicus,Copernicus,2026-03-16 21:00:00 UTC
1802,2026-03-17 01:00:00,3,17,1,2,2013,16.717201,38.031891,Copernicus,Copernicus,2026-03-16 22:00:00 UTC
1803,2026-03-17 02:00:00,3,17,2,3,2013,16.711685,38.026039,Copernicus,Copernicus,2026-03-16 23:00:00 UTC
1804,2026-03-17 03:00:00,3,17,3,4,2013,16.706318,38.019604,Copernicus,Copernicus,2026-03-17 00:00:00 UTC
1805,2026-03-17 04:00:00,3,17,4,5,2013,16.701494,38.012981,Copernicus,Copernicus,2026-03-17 01:00:00 UTC
1806,2026-03-17 05:00:00,3,17,5,6,2013,16.697239,38.006653,Copernicus,Copernicus,2026-03-17 02:00:00 UTC
1807,2026-03-17 06:00:00,3,17,6,7,2013,16.694069,38.001263,Copernicus,Copernicus,2026-03-17 03:00:00 UTC
1808,2026-03-17 07:00:00,3,17,7,8,2013,16.691294,37.996601,Copernicus,Copernicus,2026-03-17 04:00:00 UTC
1809,2026-03-17 08:00:00,3,17,8,9,2013,16.689703,37.992947,Copernicus,Copernicus,2026-03-17 05:00:00 UTC
1810,2026-03-17 09:00:00,3,17,9,10,2013,16.690844,37.990799,Copernicus,Copernicus,2026-03-17 06:00:00 UTC
1811,2026-03-17 10:00:00,3,17,10,11,2013,16.696283,37.990520,Copernicus,Copernicus,2026-03-17 07:00:00 UTC
1812,2026-03-17 11:00:00,3,17,11,12,2013,16.705288,37.991699,Copernicus,Copernicus,2026-03-17 08:00:00 UTC
1813,2026-03-17 12:00:00,3,17,12,13,2013,16.716591,37.993805,Copernicus,Copernicus,2026-03-17 09:00:00 UTC
1814,2026-03-17 13:00:00,3,17,13,14,2013,16.729176,37.996540,Copernicus,Copernicus,2026-03-17 10:00:00 UTC
1815,2026-03-17 14:00:00,3,17,14,15,2013,16.741907,37.999546,Copernicus,Copernicus,2026-03-17 11:00:00 UTC
1816,2026-03-17 15:00:00,3,17,15,16,2013,16.753714,38.002586,Copernicus,Copernicus,2026-03-17 12:00:00 UTC
1817,2026-03-17 16:00:00,3,17,16,17,2013,16.763786,38.005589,Copernicus,Copernicus,2026-03-17 13:00:00 UTC
1818,2026-03-17 17:00:00,3,17,17,18,2013,16.771711,38.008568,Copernicus,Copernicus,2026-03-17 14:00:00 UTC
1819,2026-03-17 18:00:00,3,17,18,19,2013,16.777542,38.011616,Copernicus,Copernicus,2026-03-17 15:00:00 UTC
1820,2026-03-17 19:00:00,3,17,19,20,2013,16.782200,38.014732,Copernicus,Copernicus,2026-03-17 16:00:00 UTC
1821,2026-03-17 20:00:00,3,17,20,21,2013,16.786816,38.018120,Copernicus,Copernicus,2026-03-17 17:00:00 UTC
1822,2026-03-17 21:00:00,3,17,21,22,2013,16.791677,38.021915,Copernicus,Copernicus,2026-03-17 18:00:00 UTC
1823,2026-03-17 22:00:00,3,17,22,23,2013,16.796814,38.026203,Copernicus,Copernicus,2026-03-17 19:00:00 UTC
1824,2026-03-17 23:00:00,3,17,23,24,2013,16.802073,38.030876,Copernicus,Copernicus,2026-03-17 20:00:00 UTC
1825,2026-03-18 00:00:00,3,18,0,1,2013,16.807261,38.035698,Copernicus,Copernicus,2026-03-17 21:00:00 UTC
1826,2026-03-18 01:00:00,3,18,1,2,2013,16.812227,38.040417,Copernicus,Copernicus,2026-03-17 22:00:00 UTC
1827,2026-03-18 02:00:00,3,18,2,3,2013,16.816713,38.044670,Copernicus,Copernicus,2026-03-17 23:00:00 UTC
1828,2026-03-18 03:00:00,3,18,3,4,2013,16.820763,38.048172,Copernicus,Copernicus,2026-03-18 00:00:00 UTC
1829,2026-03-18 04:00:00,3,18,4,5,2013,16.824499,38.050461,Copernicus,Copernicus,2026-03-18 01:00:00 UTC
1830,2026-03-18 05:00:00,3,18,5,6,2013,16.827766,38.051170,Copernicus,Copernicus,2026-03-18 02:00:00 UTC
1831,2026-03-18 06:00:00,3,18,6,7,2013,16.829365,38.049484,Copernicus,Copernicus,2026-03-18 03:00:00 UTC
1832,2026-03-18 07:00:00,3,18,7,8,2013,16.827852,38.044483,Copernicus,Copernicus,2026-03-18 04:00:00 UTC
1833,2026-03-18 08:00:00,3,18,8,9,2013,16.823393,38.036388,Copernicus,Copernicus,2026-03-18 05:00:00 UTC
1834,2026-03-18 09:00:00,3,18,9,10,2013,16.817234,38.026535,Copernicus,Copernicus,2026-03-18 06:00:00 UTC
1835,2026-03-18 10:00:00,3,18,10,11,2013,16.811316,38.016617,Copernicus,Copernicus,2026-03-18 07:00:00 UTC
1836,2026-03-18 11:00:00,3,18,11,12,2013,16.805529,38.006584,Copernicus,Copernicus,2026-03-18 08:00:00 UTC
1837,2026-03-18 12:00:00,3,18,12,13,2013,16.800076,37.996994,Copernicus,Copernicus,2026-03-18 09:00:00 UTC
1838,2026-03-18 13:00:00,3,18,13,14,2013,16.795193,37.988266,Copernicus,Copernicus,2026-03-18 10:00:00 UTC
1839,2026-03-18 14:00:00,3,18,14,15,2013,16.790525,37.980080,Copernicus,Copernicus,2026-03-18 11:00:00 UTC
1840,2026-03-18 15:00:00,3,18,15,16,2013,16.786373,37.972263,Copernicus,Copernicus,2026-03-18 12:00:00 UTC
1841,2026-03-18 16:00:00,3,18,16,17,2013,16.783684,37.964775,Copernicus,Copernicus,2026-03-18 13:00:00 UTC
1842,2026-03-18 17:00:00,3,18,17,18,2013,16.782721,37.957851,Copernicus,Copernicus,2026-03-18 14:00:00 UTC
1843,2026-03-18 18:00:00,3,18,18,19,2013,16.784220,37.951832,Copernicus,Copernicus,2026-03-18 15:00:00 UTC
1844,2026-03-18 19:00:00,3,18,19,20,2013,16.788708,37.946327,Copernicus,Copernicus,2026-03-18 16:00:00 UTC
1845,2026-03-18 20:00:00,3,18,20,21,2013,16.795053,37.942833,Copernicus,Copernicus,2026-03-18 17:00:00 UTC
1846,2026-03-18 21:00:00,3,18,21,22,2013,16.802055,37.943073,Copernicus,Copernicus,2026-03-18 18:00:00 UTC
1847,2026-03-18 22:00:00,3,18,22,23,2013,16.809280,37.945179,Copernicus,Copernicus,2026-03-18 19:00:00 UTC
1848,2026-03-18 23:00:00,3,18,23,24,2013,16.816044,37.947872,Copernicus,Copernicus,2026-03-18 20:00:00 UTC
1849,2026-03-19 00:00:00,3,19,0,1,2013,16.822817,37.950939,Copernicus,Copernicus,2026-03-18 21:00:00 UTC
1850,2026-03-19 01:00:00,3,19,1,2,2013,16.830046,37.954792,Copernicus,Copernicus,2026-03-18 22:00:00 UTC
1851,2026-03-19 02:00:00,3,19,2,3,2013,16.837978,37.960442,Copernicus,Copernicus,2026-03-18 23:00:00 UTC
1852,2026-03-19 03:00:00,3,19,3,4,2013,16.847128,37.969070,Copernicus,Copernicus,2026-03-19 00:00:00 UTC
1853,2026-03-19 04:00:00,3,19,4,5,2013,16.857922,37.981277,Copernicus,Copernicus,2026-03-19 01:00:00 UTC
1854,2026-03-19 05:00:00,3,19,5,6,2013,16.869867,37.994534,Copernicus,Copernicus,2026-03-19 02:00:00 UTC
1855,2026-03-19 06:00:00,3,19,6,7,2013,16.881752,38.006641,Copernicus,Copernicus,2026-03-19 03:00:00 UTC
1856,2026-03-19 07:00:00,3,19,7,8,2013,16.891859,38.014172,Copernicus,Copernicus,2026-03-19 04:00:00 UTC
1857,2026-03-19 08:00:00,3,19,8,9,2013,16.895624,38.009995,Copernicus,Copernicus,2026-03-19 05:00:00 UTC
1858,2026-03-19 09:00:00,3,19,9,10,2013,16.890205,37.990589,Copernicus,Copernicus,2026-03-19 06:00:00 UTC
1859,2026-03-19 10:00:00,3,19,10,11,2013,16.878723,37.960987,Copernicus,Copernicus,2026-03-19 07:00:00 UTC
1860,2026-03-19 11:00:00,3,19,11,12,2013,16.869593,37.931919,Copernicus,Copernicus,2026-03-19 08:00:00 UTC
1861,2026-03-19 12:00:00,3,19,12,13,2013,16.865747,37.906521,Copernicus,Copernicus,2026-03-19 09:00:00 UTC
1862,2026-03-19 13:00:00,3,19,13,14,2013,16.866455,37.885090,Copernicus,Copernicus,2026-03-19 10:00:00 UTC
1863,2026-03-19 14:00:00,3,19,14,15,2013,16.869507,37.864235,Copernicus,Copernicus,2026-03-19 11:00:00 UTC
1864,2026-03-19 15:00:00,3,19,15,16,2013,16.873337,37.842148,Copernicus,Copernicus,2026-03-19 12:00:00 UTC
1865,2026-03-19 16:00:00,3,19,16,17,2013,16.878864,37.823078,Copernicus,Copernicus,2026-03-19 13:00:00 UTC
1866,2026-03-19 17:00:00,3,19,17,18,2013,16.885866,37.808163,Copernicus,Copernicus,2026-03-19 14:00:00 UTC
1867,2026-03-19 18:00:00,3,19,18,19,2013,16.892689,37.797459,Copernicus,Copernicus,2026-03-19 15:00:00 UTC
1868,2026-03-19 19:00:00,3,19,19,20,2013,16.897434,37.789875,Copernicus,Copernicus,2026-03-19 16:00:00 UTC
1869,2026-03-19 20:00:00,3,19,20,21,2013,16.898188,37.783081,Copernicus,Copernicus,2026-03-19 17:00:00 UTC
1870,2026-03-19 21:00:00,3,19,21,22,2013,16.893248,37.775795,Copernicus,Copernicus,2026-03-19 18:00:00 UTC
1871,2026-03-19 22:00:00,3,19,22,23,2013,16.878429,37.767292,Copernicus,Copernicus,2026-03-19 19:00:00 UTC
1872,2026-03-19 23:00:00,3,19,23,24,2013,16.844086,37.756649,Copernicus,Copernicus,2026-03-19 20:00:00 UTC
1873,2026-03-20 00:00:00,3,20,0,1,2013,16.817541,37.754429,Copernicus,Copernicus,2026-03-19 21:00:00 UTC
1874,2026-03-20 01:00:00,3,20,1,2,2013,16.809048,37.757656,Copernicus,Copernicus,2026-03-19 22:00:00 UTC
1875,2026-03-20 02:00:00,3,20,2,3,2013,16.802034,37.760983,Copernicus,Copernicus,2026-03-19 23:00:00 UTC
1876,2026-03-20 03:00:00,3,20,3,4,2013,16.808170,37.777405,Copernicus,Copernicus,2026-03-20 00:00:00 UTC
1877,2026-03-20 04:00:00,3,20,4,5,2013,16.802813,37.779716,Copernicus,Copernicus,2026-03-20 01:00:00 UTC
1878,2026-03-20 05:00:00,3,20,5,6,2013,16.797533,37.781715,Copernicus,Copernicus,2026-03-20 02:00:00 UTC
1879,2026-03-20 06:00:00,3,20,6,7,2013,16.792803,37.783615,Copernicus,Copernicus,2026-03-20 03:00:00 UTC
1880,2026-03-20 07:00:00,3,20,7,8,2013,16.790567,37.785500,Copernicus,Copernicus,2026-03-20 04:00:00 UTC
1881,2026-03-20 08:00:00,3,20,8,9,2013,16.794455,37.787640,Copernicus,Copernicus,2026-03-20 05:00:00 UTC
1882,2026-03-20 09:00:00,3,20,9,10,2013,16.801573,37.790035,Copernicus,Copernicus,2026-03-20 06:00:00 UTC
1883,2026-03-20 10:00:00,3,20,10,11,2013,16.811209,37.792805,Copernicus,Copernicus,2026-03-20 07:00:00 UTC
1884,2026-03-20 11:00:00,3,20,11,12,2013,16.822426,37.796101,Copernicus,Copernicus,2026-03-20 08:00:00 UTC
1885,2026-03-20 12:00:00,3,20,12,13,2013,16.833212,37.798946,Copernicus,Copernicus,2026-03-20 09:00:00 UTC
1886,2026-03-20 13:00:00,3,20,13,14,2013,16.843479,37.801598,Copernicus,Copernicus,2026-03-20 10:00:00 UTC
1887,2026-03-20 14:00:00,3,20,14,15,2013,16.852472,37.803928,Copernicus,Copernicus,2026-03-20 11:00:00 UTC
1888,2026-03-20 15:00:00,3,20,15,16,2013,16.859785,37.805843,Copernicus,Copernicus,2026-03-20 12:00:00 UTC
1889,2026-03-20 16:00:00,3,20,16,17,2013,16.865437,37.807350,Copernicus,Copernicus,2026-03-20 13:00:00 UTC
1890,2026-03-20 17:00:00,3,20,17,18,2013,16.869421,37.808472,Copernicus,Copernicus,2026-03-20 14:00:00 UTC
1891,2026-03-20 18:00:00,3,20,18,19,2013,16.871996,37.809349,Copernicus,Copernicus,2026-03-20 15:00:00 UTC
1892,2026-03-20 19:00:00,3,20,19,20,2013,16.873899,37.810093,Copernicus,Copernicus,2026-03-20 16:00:00 UTC
1893,2026-03-20 20:00:00,3,20,20,21,2013,16.875811,37.810772,Copernicus,Copernicus,2026-03-20 17:00:00 UTC
1894,2026-03-20 21:00:00,3,20,21,22,2013,16.877846,37.811287,Copernicus,Copernicus,2026-03-20 18:00:00 UTC
1895,2026-03-20 22:00:00,3,20,22,23,2013,16.880045,37.811672,Copernicus,Copernicus,2026-03-20 19:00:00 UTC
1896,2026-03-20 23:00:00,3,20,23,24,2013,16.882376,37.811874,Copernicus,Copernicus,2026-03-20 20:00:00 UTC
1897,2026-03-21 00:00:00,3,21,0,1,2013,16.884789,37.811787,Copernicus,Copernicus,2026-03-20 21:00:00 UTC
1898,2026-03-21 01:00:00,3,21,1,2,2013,16.887196,37.811211,Copernicus,Copernicus,2026-03-20 22:00:00 UTC
1899,2026-03-21 02:00:00,3,21,2,3,2013,16.889246,37.809166,Copernicus,Copernicus,2026-03-20 23:00:00 UTC
1900,2026-03-21 03:00:00,3,21,3,4,2013,16.887789,37.801823,Copernicus,Copernicus,2026-03-21 00:00:00 UTC
1901,2026-03-21 04:00:00,3,21,4,5,2013,16.879820,37.789028,Copernicus,Copernicus,2026-03-21 01:00:00 UTC
1902,2026-03-21 05:00:00,3,21,5,6,2013,16.870991,37.776039,Copernicus,Copernicus,2026-03-21 02:00:00 UTC
1903,2026-03-21 06:00:00,3,21,6,7,2013,16.859356,37.760132,Copernicus,Copernicus,2026-03-21 03:00:00 UTC
1904,2026-03-21 07:00:00,3,21,7,8,2013,16.842316,37.740067,Copernicus,Copernicus,2026-03-21 04:00:00 UTC
1905,2026-03-21 08:00:00,3,21,8,9,2013,16.820692,37.716946,Copernicus,Copernicus,2026-03-21 05:00:00 UTC
1906,2026-03-21 09:00:00,3,21,9,10,2013,16.802498,37.696487,Copernicus,Copernicus,2026-03-21 06:00:00 UTC
1907,2026-03-21 10:00:00,3,21,10,11,2013,16.794718,37.680584,Copernicus,Copernicus,2026-03-21 07:00:00 UTC
1908,2026-03-21 11:00:00,3,21,11,12,2013,16.795509,37.667465,Copernicus,Copernicus,2026-03-21 08:00:00 UTC
1909,2026-03-21 12:00:00,3,21,12,13,2013,16.801216,37.654381,Copernicus,Copernicus,2026-03-21 09:00:00 UTC
1910,2026-03-21 13:00:00,3,21,13,14,2013,16.811518,37.642239,Copernicus,Copernicus,2026-03-21 10:00:00 UTC
1911,2026-03-21 14:00:00,3,21,14,15,2013,16.825733,37.633053,Copernicus,Copernicus,2026-03-21 11:00:00 UTC
1912,2026-03-21 15:00:00,3,21,15,16,2013,16.842529,37.627213,Copernicus,Copernicus,2026-03-21 12:00:00 UTC
1913,2026-03-21 16:00:00,3,21,16,17,2013,16.860502,37.623093,Copernicus,Copernicus,2026-03-21 13:00:00 UTC
1914,2026-03-21 17:00:00,3,21,17,18,2013,16.879515,37.621559,Copernicus,Copernicus,2026-03-21 14:00:00 UTC
1915,2026-03-21 18:00:00,3,21,18,19,2013,16.899107,37.623451,Copernicus,Copernicus,2026-03-21 15:00:00 UTC
1916,2026-03-21 19:00:00,3,21,19,20,2013,16.919437,37.629211,Copernicus,Copernicus,2026-03-21 16:00:00 UTC
1917,2026-03-21 20:00:00,3,21,20,21,2013,16.940109,37.637630,Copernicus,Copernicus,2026-03-21 17:00:00 UTC
1918,2026-03-21 21:00:00,3,21,21,22,2013,16.961239,37.647903,Copernicus,Copernicus,2026-03-21 18:00:00 UTC
1919,2026-03-21 22:00:00,3,21,22,23,2013,16.982590,37.658928,Copernicus,Copernicus,2026-03-21 19:00:00 UTC
1920,2026-03-21 23:00:00,3,21,23,24,2013,17.002855,37.669086,Copernicus,Copernicus,2026-03-21 20:00:00 UTC
1921,2026-03-22 00:00:00,3,22,0,1,2013,17.020235,37.677044,Copernicus,Copernicus,2026-03-21 21:00:00 UTC
1922,2026-03-22 01:00:00,3,22,1,2,2013,17.033028,37.681095,Copernicus,Copernicus,2026-03-21 22:00:00 UTC
1923,2026-03-22 02:00:00,3,22,2,3,2013,17.040171,37.679928,Copernicus,Copernicus,2026-03-21 23:00:00 UTC
1924,2026-03-22 03:00:00,3,22,3,4,2013,17.041281,37.671761,Copernicus,Copernicus,2026-03-22 00:00:00 UTC
1925,2026-03-22 04:00:00,3,22,4,5,2013,17.040958,37.663460,Copernicus,Copernicus,2026-03-22 01:00:00 UTC
1926,2026-03-22 05:00:00,3,22,5,6,2013,17.044748,37.663548,Copernicus,Copernicus,2026-03-22 02:00:00 UTC
1927,2026-03-22 06:00:00,3,22,6,7,2013,17.049364,37.666981,Copernicus,Copernicus,2026-03-22 03:00:00 UTC
1928,2026-03-22 07:00:00,3,22,7,8,2013,17.055073,37.673706,Copernicus,Copernicus,2026-03-22 04:00:00 UTC
1929,2026-03-22 08:00:00,3,22,8,9,2013,17.064817,37.686157,Copernicus,Copernicus,2026-03-22 05:00:00 UTC
1930,2026-03-22 09:00:00,3,22,9,10,2013,17.079475,37.704212,Copernicus,Copernicus,2026-03-22 06:00:00 UTC
1931,2026-03-22 10:00:00,3,22,10,11,2013,17.098703,37.726654,Copernicus,Copernicus,2026-03-22 07:00:00 UTC
1932,2026-03-22 11:00:00,3,22,11,12,2013,17.120195,37.752129,Copernicus,Copernicus,2026-03-22 08:00:00 UTC
1933,2026-03-22 12:00:00,3,22,12,13,2013,17.141851,37.778206,Copernicus,Copernicus,2026-03-22 09:00:00 UTC
1934,2026-03-22 13:00:00,3,22,13,14,2013,17.162542,37.803356,Copernicus,Copernicus,2026-03-22 10:00:00 UTC
1935,2026-03-22 14:00:00,3,22,14,15,2013,17.181387,37.826427,Copernicus,Copernicus,2026-03-22 11:00:00 UTC
1936,2026-03-22 15:00:00,3,22,15,16,2013,17.197794,37.846657,Copernicus,Copernicus,2026-03-22 12:00:00 UTC
1937,2026-03-22 16:00:00,3,22,16,17,2013,17.211313,37.863743,Copernicus,Copernicus,2026-03-22 13:00:00 UTC
1938,2026-03-22 17:00:00,3,22,17,18,2013,17.221830,37.878651,Copernicus,Copernicus,2026-03-22 14:00:00 UTC
1939,2026-03-22 18:00:00,3,22,18,19,2013,17.230263,37.893188,Copernicus,Copernicus,2026-03-22 15:00:00 UTC
1940,2026-03-22 19:00:00,3,22,19,20,2013,17.238012,37.907692,Copernicus,Copernicus,2026-03-22 16:00:00 UTC
1941,2026-03-22 20:00:00,3,22,20,21,2013,17.245636,37.921741,Copernicus,Copernicus,2026-03-22 17:00:00 UTC
1942,2026-03-22 21:00:00,3,22,21,22,2013,17.252865,37.934887,Copernicus,Copernicus,2026-03-22 18:00:00 UTC
1943,2026-03-22 22:00:00,3,22,22,23,2013,17.259041,37.946575,Copernicus,Copernicus,2026-03-22 19:00:00 UTC
1944,2026-03-22 23:00:00,3,22,23,24,2013,17.263350,37.956089,Copernicus,Copernicus,2026-03-22 20:00:00 UTC
1945,2026-03-23 00:00:00,3,23,0,1,2013,17.265923,37.963028,Copernicus,Copernicus,2026-03-22 21:00:00 UTC
1946,2026-03-23 01:00:00,3,23,1,2,2013,17.267220,37.967979,Copernicus,Copernicus,2026-03-22 22:00:00 UTC
1947,2026-03-23 02:00:00,3,23,2,3,2013,17.267359,37.971729,Copernicus,Copernicus,2026-03-22 23:00:00 UTC
1948,2026-03-23 03:00:00,3,23,3,4,2013,17.267120,37.974400,Copernicus,Copernicus,2026-03-23 00:00:00 UTC
1949,2026-03-23 04:00:00,3,23,4,5,2013,17.269804,37.975826,Copernicus,Copernicus,2026-03-23 01:00:00 UTC
1950,2026-03-23 05:00:00,3,23,5,6,2013,17.276512,37.981419,Copernicus,Copernicus,2026-03-23 02:00:00 UTC
1951,2026-03-23 06:00:00,3,23,6,7,2013,17.283665,37.988159,Copernicus,Copernicus,2026-03-23 03:00:00 UTC
1952,2026-03-23 07:00:00,3,23,7,8,2013,17.289652,37.994263,Copernicus,Copernicus,2026-03-23 04:00:00 UTC
1953,2026-03-23 08:00:00,3,23,8,9,2013,17.293421,37.997112,Copernicus,Copernicus,2026-03-23 05:00:00 UTC
1954,2026-03-23 09:00:00,3,23,9,10,2013,17.293884,37.994896,Copernicus,Copernicus,2026-03-23 06:00:00 UTC
1955,2026-03-23 10:00:00,3,23,10,11,2013,17.289997,37.987949,Copernicus,Copernicus,2026-03-23 07:00:00 UTC
1956,2026-03-23 11:00:00,3,23,11,12,2013,17.282440,37.977684,Copernicus,Copernicus,2026-03-23 08:00:00 UTC
1957,2026-03-23 12:00:00,3,23,12,13,2013,17.271458,37.963787,Copernicus,Copernicus,2026-03-23 09:00:00 UTC
1958,2026-03-23 13:00:00,3,23,13,14,2013,17.252916,37.941814,Copernicus,Copernicus,2026-03-23 10:00:00 UTC
1959,2026-03-23 14:00:00,3,23,14,15,2013,17.228302,37.915028,Copernicus,Copernicus,2026-03-23 11:00:00 UTC
1960,2026-03-23 15:00:00,3,23,15,16,2013,17.194706,37.880146,Copernicus,Copernicus,2026-03-23 12:00:00 UTC
1961,2026-03-23 16:00:00,3,23,16,17,2013,17.158419,37.842495,Copernicus,Copernicus,2026-03-23 13:00:00 UTC
1962,2026-03-23 17:00:00,3,23,17,18,2013,17.126282,37.809216,Copernicus,Copernicus,2026-03-23 14:00:00 UTC
1963,2026-03-23 18:00:00,3,23,18,19,2013,17.102079,37.784481,Copernicus,Copernicus,2026-03-23 15:00:00 UTC
1964,2026-03-23 19:00:00,3,23,19,20,2013,17.087326,37.769691,Copernicus,Copernicus,2026-03-23 16:00:00 UTC
1965,2026-03-23 20:00:00,3,23,20,21,2013,17.081974,37.764530,Copernicus,Copernicus,2026-03-23 17:00:00 UTC
1966,2026-03-23 21:00:00,3,23,21,22,2013,17.084320,37.767227,Copernicus,Copernicus,2026-03-23 18:00:00 UTC
1967,2026-03-23 22:00:00,3,23,22,23,2013,17.092644,37.776230,Copernicus,Copernicus,2026-03-23 19:00:00 UTC
1968,2026-03-23 23:00:00,3,23,23,24,2013,17.105114,37.789963,Copernicus,Copernicus,2026-03-23 20:00:00 UTC
1969,2026-03-24 00:00:00,3,24,0,1,2013,17.120251,37.807194,Copernicus,Copernicus,2026-03-23 21:00:00 UTC
1970,2026-03-24 01:00:00,3,24,1,2,2013,17.137703,37.827568,Copernicus,Copernicus,2026-03-23 22:00:00 UTC
1971,2026-03-24 02:00:00,3,24,2,3,2013,17.157417,37.851097,Copernicus,Copernicus,2026-03-23 23:00:00 UTC
1972,2026-03-24 03:00:00,3,24,3,4,2013,17.179667,37.877930,Copernicus,Copernicus,2026-03-24 00:00:00 UTC
1973,2026-03-24 04:00:00,3,24,4,5,2013,17.202299,37.905453,Copernicus,Copernicus,2026-03-24 01:00:00 UTC
1974,2026-03-24 05:00:00,3,24,5,6,2013,17.223757,37.932091,Copernicus,Copernicus,2026-03-24 02:00:00 UTC
1975,2026-03-24 06:00:00,3,24,6,7,2013,17.241810,37.955276,Copernicus,Copernicus,2026-03-24 03:00:00 UTC
1976,2026-03-24 07:00:00,3,24,7,8,2013,17.254087,37.971695,Copernicus,Copernicus,2026-03-24 04:00:00 UTC
1977,2026-03-24 08:00:00,3,24,8,9,2013,17.259308,37.978531,Copernicus,Copernicus,2026-03-24 05:00:00 UTC
1978,2026-03-24 09:00:00,3,24,9,10,2013,17.258699,37.975956,Copernicus,Copernicus,2026-03-24 06:00:00 UTC
1979,2026-03-24 10:00:00,3,24,10,11,2013,17.252819,37.964283,Copernicus,Copernicus,2026-03-24 07:00:00 UTC
1980,2026-03-24 11:00:00,3,24,11,12,2013,17.242273,37.944824,Copernicus,Copernicus,2026-03-24 08:00:00 UTC
1981,2026-03-24 12:00:00,3,24,12,13,2013,17.228401,37.920193,Copernicus,Copernicus,2026-03-24 09:00:00 UTC
1982,2026-03-24 13:00:00,3,24,13,14,2013,17.213238,37.893814,Copernicus,Copernicus,2026-03-24 10:00:00 UTC
1983,2026-03-24 14:00:00,3,24,14,15,2013,17.199026,37.869083,Copernicus,Copernicus,2026-03-24 11:00:00 UTC
1984,2026-03-24 15:00:00,3,24,15,16,2013,17.187754,37.848820,Copernicus,Copernicus,2026-03-24 12:00:00 UTC
1985,2026-03-24 16:00:00,3,24,16,17,2013,17.179935,37.834969,Copernicus,Copernicus,2026-03-24 13:00:00 UTC
1986,2026-03-24 17:00:00,3,24,17,18,2013,17.176674,37.828682,Copernicus,Copernicus,2026-03-24 14:00:00 UTC
1987,2026-03-24 18:00:00,3,24,18,19,2013,17.178272,37.830078,Copernicus,Copernicus,2026-03-24 15:00:00 UTC
1988,2026-03-24 19:00:00,3,24,19,20,2013,17.184671,37.838467,Copernicus,Copernicus,2026-03-24 16:00:00 UTC
1989,2026-03-24 20:00:00,3,24,20,21,2013,17.196316,37.854080,Copernicus,Copernicus,2026-03-24 17:00:00 UTC
1990,2026-03-24 21:00:00,3,24,21,22,2013,17.213591,37.877560,Copernicus,Copernicus,2026-03-24 18:00:00 UTC
1991,2026-03-24 22:00:00,3,24,22,23,2013,17.236605,37.908920,Copernicus,Copernicus,2026-03-24 19:00:00 UTC
1992,2026-03-24 23:00:00,3,24,23,24,2013,17.264965,37.947346,Copernicus,Copernicus,2026-03-24 20:00:00 UTC
1993,2026-03-25 00:00:00,3,25,0,1,2013,17.297663,37.991173,Copernicus,Copernicus,2026-03-24 21:00:00 UTC
1994,2026-03-25 01:00:00,3,25,1,2,2013,17.332615,38.037540,Copernicus,Copernicus,2026-03-24 22:00:00 UTC
1995,2026-03-25 02:00:00,3,25,2,3,2013,17.367069,38.082962,Copernicus,Copernicus,2026-03-24 23:00:00 UTC
1996,2026-03-25 03:00:00,3,25,3,4,2013,17.398375,38.124138,Copernicus,Copernicus,2026-03-25 00:00:00 UTC
1997,2026-03-25 04:00:00,3,25,4,5,2013,17.424099,38.158005,Copernicus,Copernicus,2026-03-25 01:00:00 UTC
1998,2026-03-25 05:00:00,3,25,5,6,2013,17.442738,38.182693,Copernicus,Copernicus,2026-03-25 02:00:00 UTC
1999,2026-03-25 06:00:00,3,25,6,7,2013,17.453091,38.196644,Copernicus,Copernicus,2026-03-25 03:00:00 UTC
2000,2026-03-25 07:00:00,3,25,7,8,2013,17.454718,38.198971,Copernicus,Copernicus,2026-03-25 04:00:00 UTC
2001,2026-03-25 08:00:00,3,25,8,9,2013,17.447145,38.188496,Copernicus,Copernicus,2026-03-25 05:00:00 UTC
2002,2026-03-25 09:00:00,3,25,9,10,2013,17.431225,38.166229,Copernicus,Copernicus,2026-03-25 06:00:00 UTC
2003,2026-03-25 10:00:00,3,25,10,11,2013,17.408833,38.134575,Copernicus,Copernicus,2026-03-25 07:00:00 UTC
2004,2026-03-25 11:00:00,3,25,11,12,2013,17.382900,38.096775,Copernicus,Copernicus,2026-03-25 08:00:00 UTC
2005,2026-03-25 12:00:00,3,25,12,13,2013,17.356609,38.056934,Copernicus,Copernicus,2026-03-25 09:00:00 UTC
2006,2026-03-25 13:00:00,3,25,13,14,2013,17.332689,38.019245,Copernicus,Copernicus,2026-03-25 10:00:00 UTC
2007,2026-03-25 14:00:00,3,25,14,15,2013,17.312834,37.986885,Copernicus,Copernicus,2026-03-25 11:00:00 UTC
2008,2026-03-25 15:00:00,3,25,15,16,2013,17.297901,37.961964,Copernicus,Copernicus,2026-03-25 12:00:00 UTC
2009,2026-03-25 16:00:00,3,25,16,17,2013,17.288553,37.946114,Copernicus,Copernicus,2026-03-25 13:00:00 UTC
2010,2026-03-25 17:00:00,3,25,17,18,2013,17.285999,37.941063,Copernicus,Copernicus,2026-03-25 14:00:00 UTC
2011,2026-03-25 18:00:00,3,25,18,19,2013,17.292759,37.949432,Copernicus,Copernicus,2026-03-25 15:00:00 UTC
2012,2026-03-25 19:00:00,3,25,19,20,2013,17.309074,37.970856,Copernicus,Copernicus,2026-03-25 16:00:00 UTC
2013,2026-03-25 20:00:00,3,25,20,21,2013,17.334051,38.003685,Copernicus,Copernicus,2026-03-25 17:00:00 UTC
2014,2026-03-25 21:00:00,3,25,21,22,2013,17.366356,38.046383,Copernicus,Copernicus,2026-03-25 18:00:00 UTC
2015,2026-03-25 22:00:00,3,25,22,23,2013,17.404730,38.097832,Copernicus,Copernicus,2026-03-25 19:00:00 UTC
2016,2026-03-25 23:00:00,3,25,23,24,2013,17.446394,38.154270,Copernicus,Copernicus,2026-03-25 20:00:00 UTC
2017,2026-03-26 00:00:00,3,26,0,1,2013,17.488375,38.211700,Copernicus,Copernicus,2026-03-25 21:00:00 UTC
2018,2026-03-26 01:00:00,3,26,1,2,2013,17.528362,38.266766,Copernicus,Copernicus,2026-03-25 22:00:00 UTC
2019,2026-03-26 02:00:00,3,26,2,3,2013,17.564806,38.317139,Copernicus,Copernicus,2026-03-25 23:00:00 UTC
2020,2026-03-26 03:00:00,3,26,3,4,2013,17.596760,38.361610,Copernicus,Copernicus,2026-03-26 00:00:00 UTC
2021,2026-03-26 04:00:00,3,26,4,5,2013,17.623316,38.398918,Copernicus,Copernicus,2026-03-26 01:00:00 UTC
2022,2026-03-26 05:00:00,3,26,5,6,2013,17.643702,38.427845,Copernicus,Copernicus,2026-03-26 02:00:00 UTC
2023,2026-03-26 06:00:00,3,26,6,7,2013,17.657793,38.448009,Copernicus,Copernicus,2026-03-26 03:00:00 UTC
2024,2026-03-26 07:00:00,3,26,7,8,2013,17.666088,38.459332,Copernicus,Copernicus,2026-03-26 04:00:00 UTC
2025,2026-03-26 08:00:00,3,26,8,9,2013,17.669727,38.461956,Copernicus,Copernicus,2026-03-26 05:00:00 UTC
2026,2026-03-26 09:00:00,3,26,9,10,2013,17.670847,38.457546,Copernicus,Copernicus,2026-03-26 06:00:00 UTC
2027,2026-03-26 10:00:00,3,26,10,11,2013,17.671368,38.448227,Copernicus,Copernicus,2026-03-26 07:00:00 UTC
2028,2026-03-26 11:00:00,3,26,11,12,2013,17.667269,38.430149,Copernicus,Copernicus,2026-03-26 08:00:00 UTC
2029,2026-03-26 12:00:00,3,26,12,13,2013,17.658594,38.404202,Copernicus,Copernicus,2026-03-26 09:00:00 UTC
2030,2026-03-26 13:00:00,3,26,13,14,2013,17.645760,38.373066,Copernicus,Copernicus,2026-03-26 10:00:00 UTC
2031,2026-03-26 14:00:00,3,26,14,15,2013,17.631058,38.340736,Copernicus,Copernicus,2026-03-26 11:00:00 UTC
2032,2026-03-26 15:00:00,3,26,15,16,2013,17.617989,38.312336,Copernicus,Copernicus,2026-03-26 12:00:00 UTC
2033,2026-03-26 16:00:00,3,26,16,17,2013,17.610493,38.293652,Copernicus,Copernicus,2026-03-26 13:00:00 UTC
2034,2026-03-26 17:00:00,3,26,17,18,2013,17.611891,38.290131,Copernicus,Copernicus,2026-03-26 14:00:00 UTC
2035,2026-03-26 18:00:00,3,26,18,19,2013,17.624006,38.305107,Copernicus,Copernicus,2026-03-26 15:00:00 UTC
2036,2026-03-26 19:00:00,3,26,19,20,2013,17.646873,38.338024,Copernicus,Copernicus,2026-03-26 16:00:00 UTC
2037,2026-03-26 20:00:00,3,26,20,21,2013,17.679373,38.385822,Copernicus,Copernicus,2026-03-26 17:00:00 UTC
2038,2026-03-26 21:00:00,3,26,21,22,2013,17.717836,38.442562,Copernicus,Copernicus,2026-03-26 18:00:00 UTC
2039,2026-03-26 22:00:00,3,26,22,23,2013,17.757650,38.500942,Copernicus,Copernicus,2026-03-26 19:00:00 UTC
2040,2026-03-26 23:00:00,3,26,23,24,2013,17.794687,38.554611,Copernicus,Copernicus,2026-03-26 20:00:00 UTC
2041,2026-03-27 00:00:00,3,27,0,1,2013,17.826319,38.599548,Copernicus,Copernicus,2026-03-26 21:00:00 UTC
2042,2026-03-27 01:00:00,3,27,1,2,2013,17.851299,38.633915,Copernicus,Copernicus,2026-03-26 22:00:00 UTC
2043,2026-03-27 02:00:00,3,27,2,3,2013,17.869137,38.657341,Copernicus,Copernicus,2026-03-26 23:00:00 UTC
2044,2026-03-27 03:00:00,3,27,3,4,2013,17.879896,38.670628,Copernicus,Copernicus,2026-03-27 00:00:00 UTC
2045,2026-03-27 04:00:00,3,27,4,5,2013,17.884005,38.674374,Copernicus,Copernicus,2026-03-27 01:00:00 UTC
2046,2026-03-27 05:00:00,3,27,5,6,2013,17.881535,38.668377,Copernicus,Copernicus,2026-03-27 02:00:00 UTC
2047,2026-03-27 06:00:00,3,27,6,7,2013,17.872021,38.651890,Copernicus,Copernicus,2026-03-27 03:00:00 UTC
2048,2026-03-27 07:00:00,3,27,7,8,2013,17.855635,38.625095,Copernicus,Copernicus,2026-03-27 04:00:00 UTC
2049,2026-03-27 08:00:00,3,27,8,9,2013,17.833456,38.588917,Copernicus,Copernicus,2026-03-27 05:00:00 UTC
2050,2026-03-27 09:00:00,3,27,9,10,2013,17.806793,38.544975,Copernicus,Copernicus,2026-03-27 06:00:00 UTC
2051,2026-03-27 10:00:00,3,27,10,11,2013,17.777617,38.496140,Copernicus,Copernicus,2026-03-27 07:00:00 UTC
2052,2026-03-27 11:00:00,3,27,11,12,2013,17.749298,38.447132,Copernicus,Copernicus,2026-03-27 08:00:00 UTC
2053,2026-03-27 12:00:00,3,27,12,13,2013,17.724745,38.401958,Copernicus,Copernicus,2026-03-27 09:00:00 UTC
2054,2026-03-27 13:00:00,3,27,13,14,2013,17.707083,38.365700,Copernicus,Copernicus,2026-03-27 10:00:00 UTC
2055,2026-03-27 14:00:00,3,27,14,15,2013,17.699812,38.343464,Copernicus,Copernicus,2026-03-27 11:00:00 UTC
2056,2026-03-27 15:00:00,3,27,15,16,2013,17.704460,38.337864,Copernicus,Copernicus,2026-03-27 12:00:00 UTC
2057,2026-03-27 16:00:00,3,27,16,17,2013,17.720316,38.349377,Copernicus,Copernicus,2026-03-27 13:00:00 UTC
2058,2026-03-27 17:00:00,3,27,17,18,2013,17.744986,38.376213,Copernicus,Copernicus,2026-03-27 14:00:00 UTC
2059,2026-03-27 18:00:00,3,27,18,19,2013,17.775013,38.414097,Copernicus,Copernicus,2026-03-27 15:00:00 UTC
2060,2026-03-27 19:00:00,3,27,19,20,2013,17.806971,38.457592,Copernicus,Copernicus,2026-03-27 16:00:00 UTC
2061,2026-03-27 20:00:00,3,27,20,21,2013,17.837919,38.501526,Copernicus,Copernicus,2026-03-27 17:00:00 UTC
2062,2026-03-27 21:00:00,3,27,21,22,2013,17.865162,38.542122,Copernicus,Copernicus,2026-03-27 18:00:00 UTC
2063,2026-03-27 22:00:00,3,27,22,23,2013,17.886908,38.576366,Copernicus,Copernicus,2026-03-27 19:00:00 UTC
2064,2026-03-27 23:00:00,3,27,23,24,2013,17.902189,38.602055,Copernicus,Copernicus,2026-03-27 20:00:00 UTC
2065,2026-03-28 00:00:00,3,28,0,1,2013,17.910812,38.618141,Copernicus,Copernicus,2026-03-27 21:00:00 UTC
2066,2026-03-28 01:00:00,3,28,1,2,2013,17.912992,38.624523,Copernicus,Copernicus,2026-03-27 22:00:00 UTC
2067,2026-03-28 02:00:00,3,28,2,3,2013,17.909252,38.621815,Copernicus,Copernicus,2026-03-27 23:00:00 UTC
2068,2026-03-28 03:00:00,3,28,3,4,2013,17.900198,38.610870,Copernicus,Copernicus,2026-03-28 00:00:00 UTC
2069,2026-03-28 04:00:00,3,28,4,5,2013,17.886431,38.592724,Copernicus,Copernicus,2026-03-28 01:00:00 UTC
2070,2026-03-28 05:00:00,3,28,5,6,2013,17.868250,38.568233,Copernicus,Copernicus,2026-03-28 02:00:00 UTC
2071,2026-03-28 06:00:00,3,28,6,7,2013,17.846344,38.538460,Copernicus,Copernicus,2026-03-28 03:00:00 UTC
2072,2026-03-28 07:00:00,3,28,7,8,2013,17.822298,38.504009,Copernicus,Copernicus,2026-03-28 04:00:00 UTC
2073,2026-03-28 08:00:00,3,28,8,9,2013,17.798107,38.465073,Copernicus,Copernicus,2026-03-28 05:00:00 UTC
2074,2026-03-28 09:00:00,3,28,9,10,2013,17.774576,38.421379,Copernicus,Copernicus,2026-03-28 06:00:00 UTC
2075,2026-03-28 10:00:00,3,28,10,11,2013,17.751272,38.371792,Copernicus,Copernicus,2026-03-28 07:00:00 UTC
2076,2026-03-28 11:00:00,3,28,11,12,2013,17.727722,38.316113,Copernicus,Copernicus,2026-03-28 08:00:00 UTC
2077,2026-03-28 12:00:00,3,28,12,13,2013,17.702358,38.256435,Copernicus,Copernicus,2026-03-28 09:00:00 UTC
2078,2026-03-28 13:00:00,3,28,13,14,2013,17.676573,38.197933,Copernicus,Copernicus,2026-03-28 10:00:00 UTC
2079,2026-03-28 14:00:00,3,28,14,15,2013,17.652357,38.146004,Copernicus,Copernicus,2026-03-28 11:00:00 UTC
2080,2026-03-28 15:00:00,3,28,15,16,2013,17.633787,38.106560,Copernicus,Copernicus,2026-03-28 12:00:00 UTC
2081,2026-03-28 16:00:00,3,28,16,17,2013,17.630375,38.089165,Copernicus,Copernicus,2026-03-28 13:00:00 UTC
2082,2026-03-28 17:00:00,3,28,17,18,2013,17.648993,38.103874,Copernicus,Copernicus,2026-03-28 14:00:00 UTC
2083,2026-03-28 18:00:00,3,28,18,19,2013,17.688313,38.154083,Copernicus,Copernicus,2026-03-28 15:00:00 UTC
2084,2026-03-28 19:00:00,3,28,19,20,2013,17.741276,38.232830,Copernicus,Copernicus,2026-03-28 16:00:00 UTC
2085,2026-03-28 20:00:00,3,28,20,21,2013,17.798527,38.326099,Copernicus,Copernicus,2026-03-28 17:00:00 UTC
2086,2026-03-28 21:00:00,3,28,21,22,2013,17.851255,38.418171,Copernicus,Copernicus,2026-03-28 18:00:00 UTC
2087,2026-03-28 22:00:00,3,28,22,23,2013,17.894402,38.496998,Copernicus,Copernicus,2026-03-28 19:00:00 UTC
2088,2026-03-28 23:00:00,3,28,23,24,2013,17.926649,38.558186,Copernicus,Copernicus,2026-03-28 20:00:00 UTC
2089,2026-03-29 00:00:00,3,29,0,1,2013,17.948975,38.601585,Copernicus,Copernicus,2026-03-28 21:00:00 UTC
2090,2026-03-29 01:00:00,3,29,1,2,2013,17.963039,38.629353,Copernicus,Copernicus,2026-03-28 22:00:00 UTC
2091,2026-03-29 02:00:00,3,29,2,3,2013,17.970625,38.644127,Copernicus,Copernicus,2026-03-28 23:00:00 UTC
2092,2026-03-29 03:00:00,3,29,3,4,2013,17.973270,38.648586,Copernicus,Copernicus,2026-03-29 00:00:00 UTC
2093,2026-03-29 04:00:00,3,29,4,5,2013,17.972301,38.644379,Copernicus,Copernicus,2026-03-29 01:00:00 UTC
2094,2026-03-29 05:00:00,3,29,5,6,2013,17.967892,38.632122,Copernicus,Copernicus,2026-03-29 02:00:00 UTC
2095,2026-03-29 06:00:00,3,29,6,7,2013,17.959900,38.612080,Copernicus,Copernicus,2026-03-29 03:00:00 UTC
2096,2026-03-29 07:00:00,3,29,7,8,2013,17.948696,38.584457,Copernicus,Copernicus,2026-03-29 04:00:00 UTC
2097,2026-03-29 08:00:00,3,29,8,9,2013,17.935270,38.549484,Copernicus,Copernicus,2026-03-29 05:00:00 UTC
2098,2026-03-29 09:00:00,3,29,9,10,2013,17.920713,38.507862,Copernicus,Copernicus,2026-03-29 06:00:00 UTC
2099,2026-03-29 10:00:00,3,29,10,11,2013,17.905701,38.460224,Copernicus,Copernicus,2026-03-29 07:00:00 UTC
2100,2026-03-29 11:00:00,3,29,11,12,2013,17.890295,38.408104,Copernicus,Copernicus,2026-03-29 08:00:00 UTC
2101,2026-03-29 12:00:00,3,29,12,13,2013,17.875256,38.355553,Copernicus,Copernicus,2026-03-29 09:00:00 UTC
2102,2026-03-29 13:00:00,3,29,13,14,2013,17.862061,38.307354,Copernicus,Copernicus,2026-03-29 10:00:00 UTC
2103,2026-03-29 14:00:00,3,29,14,15,2013,17.853806,38.270935,Copernicus,Copernicus,2026-03-29 11:00:00 UTC
2104,2026-03-29 15:00:00,3,29,15,16,2013,17.853924,38.253361,Copernicus,Copernicus,2026-03-29 12:00:00 UTC
2105,2026-03-29 16:00:00,3,29,16,17,2013,17.865505,38.263687,Copernicus,Copernicus,2026-03-29 13:00:00 UTC
2106,2026-03-29 17:00:00,3,29,17,18,2013,17.889988,38.310101,Copernicus,Copernicus,2026-03-29 14:00:00 UTC
2107,2026-03-29 18:00:00,3,29,18,19,2013,17.927227,38.394939,Copernicus,Copernicus,2026-03-29 15:00:00 UTC
2108,2026-03-29 19:00:00,3,29,19,20,2013,17.975266,38.509266,Copernicus,Copernicus,2026-03-29 16:00:00 UTC
2109,2026-03-29 20:00:00,3,29,20,21,2013,18.028719,38.631866,Copernicus,Copernicus,2026-03-29 17:00:00 UTC
2110,2026-03-29 21:00:00,3,29,21,22,2013,18.078535,38.739113,Copernicus,Copernicus,2026-03-29 18:00:00 UTC
2111,2026-03-29 22:00:00,3,29,22,23,2013,18.117867,38.820862,Copernicus,Copernicus,2026-03-29 19:00:00 UTC
2112,2026-03-29 23:00:00,3,29,23,24,2013,18.148022,38.878803,Copernicus,Copernicus,2026-03-29 20:00:00 UTC
2113,2026-03-30 00:00:00,3,30,0,1,2013,18.169201,38.917393,Copernicus,Copernicus,2026-03-29 21:00:00 UTC
2114,2026-03-30 01:00:00,3,30,1,2,2013,18.182289,38.942234,Copernicus,Copernicus,2026-03-29 22:00:00 UTC
2115,2026-03-30 02:00:00,3,30,2,3,2013,18.190306,38.957840,Copernicus,Copernicus,2026-03-29 23:00:00 UTC
2116,2026-03-30 03:00:00,3,30,3,4,2013,18.195190,38.966484,Copernicus,Copernicus,2026-03-30 00:00:00 UTC
2117,2026-03-30 04:00:00,3,30,4,5,2013,18.197563,38.969757,Copernicus,Copernicus,2026-03-30 01:00:00 UTC
2118,2026-03-30 05:00:00,3,30,5,6,2013,18.197752,38.968884,Copernicus,Copernicus,2026-03-30 02:00:00 UTC
2119,2026-03-30 06:00:00,3,30,6,7,2013,18.196165,38.963783,Copernicus,Copernicus,2026-03-30 03:00:00 UTC
2120,2026-03-30 07:00:00,3,30,7,8,2013,18.193457,38.953941,Copernicus,Copernicus,2026-03-30 04:00:00 UTC
2121,2026-03-30 08:00:00,3,30,8,9,2013,18.190601,38.939392,Copernicus,Copernicus,2026-03-30 05:00:00 UTC
2122,2026-03-30 09:00:00,3,30,9,10,2013,18.188772,38.921616,Copernicus,Copernicus,2026-03-30 06:00:00 UTC
2123,2026-03-30 10:00:00,3,30,10,11,2013,18.189108,38.901543,Copernicus,Copernicus,2026-03-30 07:00:00 UTC
2124,2026-03-30 11:00:00,3,30,11,12,2013,18.190262,38.879986,Copernicus,Copernicus,2026-03-30 08:00:00 UTC
2125,2026-03-30 12:00:00,3,30,12,13,2013,18.189007,38.853729,Copernicus,Copernicus,2026-03-30 09:00:00 UTC
2126,2026-03-30 13:00:00,3,30,13,14,2013,18.184523,38.826065,Copernicus,Copernicus,2026-03-30 10:00:00 UTC
2127,2026-03-30 14:00:00,3,30,14,15,2013,18.178066,38.802082,Copernicus,Copernicus,2026-03-30 11:00:00 UTC
2128,2026-03-30 15:00:00,3,30,15,16,2013,18.173382,38.786846,Copernicus,Copernicus,2026-03-30 12:00:00 UTC
2129,2026-03-30 16:00:00,3,30,16,17,2013,18.173798,38.783985,Copernicus,Copernicus,2026-03-30 13:00:00 UTC
2130,2026-03-30 17:00:00,3,30,17,18,2013,18.179274,38.793205,Copernicus,Copernicus,2026-03-30 14:00:00 UTC
2131,2026-03-30 18:00:00,3,30,18,19,2013,18.189085,38.811718,Copernicus,Copernicus,2026-03-30 15:00:00 UTC
2132,2026-03-30 19:00:00,3,30,19,20,2013,18.201466,38.834827,Copernicus,Copernicus,2026-03-30 16:00:00 UTC
2133,2026-03-30 20:00:00,3,30,20,21,2013,18.214920,38.857609,Copernicus,Copernicus,2026-03-30 17:00:00 UTC
2134,2026-03-30 21:00:00,3,30,21,22,2013,18.227163,38.876617,Copernicus,Copernicus,2026-03-30 18:00:00 UTC
2135,2026-03-30 22:00:00,3,30,22,23,2013,18.236168,38.889820,Copernicus,Copernicus,2026-03-30 19:00:00 UTC
2136,2026-03-30 23:00:00,3,30,23,24,2013,18.241255,38.895958,Copernicus,Copernicus,2026-03-30 20:00:00 UTC
2137,2026-03-31 00:00:00,3,31,0,1,2013,18.242035,38.893715,Copernicus,Copernicus,2026-03-30 21:00:00 UTC
2138,2026-03-31 01:00:00,3,31,1,2,2013,18.237455,38.882217,Copernicus,Copernicus,2026-03-30 22:00:00 UTC
2139,2026-03-31 02:00:00,3,31,2,3,2013,18.226246,38.860378,Copernicus,Copernicus,2026-03-30 23:00:00 UTC
2140,2026-03-31 03:00:00,3,31,3,4,2013,18.206139,38.826870,Copernicus,Copernicus,2026-03-31 00:00:00 UTC
2141,2026-03-31 04:00:00,3,31,4,5,2013,18.172615,38.779839,Copernicus,Copernicus,2026-03-31 01:00:00 UTC
2142,2026-03-31 05:00:00,3,31,5,6,2013,18.109941,38.715881,Copernicus,Copernicus,2026-03-31 02:00:00 UTC
2143,2026-03-31 06:00:00,3,31,6,7,2013,18.018137,38.641819,Copernicus,Copernicus,2026-03-31 03:00:00 UTC
2144,2026-03-31 07:00:00,3,31,7,8,2013,17.913523,38.570133,Copernicus,Copernicus,2026-03-31 04:00:00 UTC
2145,2026-03-31 08:00:00,3,31,8,9,2013,17.805210,38.506031,Copernicus,Copernicus,2026-03-31 05:00:00 UTC
2146,2026-03-31 09:00:00,3,31,9,10,2013,17.706398,38.456295,Copernicus,Copernicus,2026-03-31 06:00:00 UTC
2147,2026-03-31 10:00:00,3,31,10,11,2013,17.644089,38.426334,Copernicus,Copernicus,2026-03-31 07:00:00 UTC
2148,2026-03-31 11:00:00,3,31,11,12,2013,17.612226,38.410408,Copernicus,Copernicus,2026-03-31 08:00:00 UTC
2149,2026-03-31 12:00:00,3,31,12,13,2013,17.600719,38.402874,Copernicus,Copernicus,2026-03-31 09:00:00 UTC
2150,2026-03-31 13:00:00,3,31,13,14,2013,17.602657,38.400234,Copernicus,Copernicus,2026-03-31 10:00:00 UTC
2151,2026-03-31 14:00:00,3,31,14,15,2013,17.612238,38.400658,Copernicus,Copernicus,2026-03-31 11:00:00 UTC
2152,2026-03-31 15:00:00,3,31,15,16,2013,17.625669,38.402817,Copernicus,Copernicus,2026-03-31 12:00:00 UTC
2153,2026-03-31 16:00:00,3,31,16,17,2013,17.642742,38.406979,Copernicus,Copernicus,2026-03-31 13:00:00 UTC
2154,2026-03-31 17:00:00,3,31,17,18,2013,17.660965,38.412640,Copernicus,Copernicus,2026-03-31 14:00:00 UTC
2155,2026-03-31 18:00:00,3,31,18,19,2013,17.678642,38.419155,Copernicus,Copernicus,2026-03-31 15:00:00 UTC
2156,2026-03-31 19:00:00,3,31,19,20,2013,17.695362,38.426003,Copernicus,Copernicus,2026-03-31 16:00:00 UTC
2157,2026-03-31 20:00:00,3,31,20,21,2013,17.711632,38.432487,Copernicus,Copernicus,2026-03-31 17:00:00 UTC
2158,2026-03-31 21:00:00,3,31,21,22,2013,17.727133,38.437981,Copernicus,Copernicus,2026-03-31 18:00:00 UTC
2159,2026-03-31 22:00:00,3,31,22,23,2013,17.741220,38.443054,Copernicus,Copernicus,2026-03-31 19:00:00 UTC
2160,2026-03-31 23:00:00,3,31,23,24,2013,17.752722,38.447369,Copernicus,Copernicus,2026-03-31 20:00:00 UTC
2161,2026-04-01 00:00:00,4,1,0,1,2012,17.759371,38.449997,Copernicus,Copernicus,2026-03-31 21:00:00 UTC
2162,2026-04-01 01:00:00,4,1,1,2,2012,17.760281,38.449551,Copernicus,Copernicus,2026-03-31 22:00:00 UTC
2163,2026-04-01 02:00:00,4,1,2,3,2012,17.755760,38.445023,Copernicus,Copernicus,2026-03-31 23:00:00 UTC
2164,2026-04-01 03:00:00,4,1,3,4,2012,17.745131,38.435547,Copernicus,Copernicus,2026-04-01 00:00:00 UTC
2165,2026-04-01 04:00:00,4,1,4,5,2012,17.722071,38.418583,Copernicus,Copernicus,2026-04-01 01:00:00 UTC
2166,2026-04-01 05:00:00,4,1,5,6,2012,17.669445,38.388332,Copernicus,Copernicus,2026-04-01 02:00:00 UTC
2167,2026-04-01 06:00:00,4,1,6,7,2012,17.602158,38.353546,Copernicus,Copernicus,2026-04-01 03:00:00 UTC
2168,2026-04-01 07:00:00,4,1,7,8,2012,17.551847,38.326302,Copernicus,Copernicus,2026-04-01 04:00:00 UTC
2169,2026-04-01 08:00:00,4,1,8,9,2012,17.523729,38.307270,Copernicus,Copernicus,2026-04-01 05:00:00 UTC
2170,2026-04-01 09:00:00,4,1,9,10,2012,17.504234,38.291119,Copernicus,Copernicus,2026-04-01 06:00:00 UTC
2171,2026-04-01 10:00:00,4,1,10,11,2012,17.492094,38.277451,Copernicus,Copernicus,2026-04-01 07:00:00 UTC
2172,2026-04-01 11:00:00,4,1,11,12,2012,17.485455,38.266033,Copernicus,Copernicus,2026-04-01 08:00:00 UTC
2173,2026-04-01 12:00:00,4,1,12,13,2012,17.481913,38.256149,Copernicus,Copernicus,2026-04-01 09:00:00 UTC
2174,2026-04-01 13:00:00,4,1,13,14,2012,17.480192,38.247414,Copernicus,Copernicus,2026-04-01 10:00:00 UTC
2175,2026-04-01 14:00:00,4,1,14,15,2012,17.479956,38.239864,Copernicus,Copernicus,2026-04-01 11:00:00 UTC
2176,2026-04-01 15:00:00,4,1,15,16,2012,17.480940,38.233395,Copernicus,Copernicus,2026-04-01 12:00:00 UTC
2177,2026-04-01 16:00:00,4,1,16,17,2012,17.483267,38.227863,Copernicus,Copernicus,2026-04-01 13:00:00 UTC
2178,2026-04-01 17:00:00,4,1,17,18,2012,17.486874,38.223362,Copernicus,Copernicus,2026-04-01 14:00:00 UTC
2179,2026-04-01 18:00:00,4,1,18,19,2012,17.491547,38.219906,Copernicus,Copernicus,2026-04-01 15:00:00 UTC
2180,2026-04-01 19:00:00,4,1,19,20,2012,17.497749,38.217823,Copernicus,Copernicus,2026-04-01 16:00:00 UTC
2181,2026-04-01 20:00:00,4,1,20,21,2012,17.505592,38.216969,Copernicus,Copernicus,2026-04-01 17:00:00 UTC
2182,2026-04-01 21:00:00,4,1,21,22,2012,17.514725,38.217079,Copernicus,Copernicus,2026-04-01 18:00:00 UTC
2183,2026-04-01 22:00:00,4,1,22,23,2012,17.525059,38.218163,Copernicus,Copernicus,2026-04-01 19:00:00 UTC
2184,2026-04-01 23:00:00,4,1,23,24,2012,17.536470,38.220383,Copernicus,Copernicus,2026-04-01 20:00:00 UTC
2185,2026-04-02 00:00:00,4,2,0,1,2012,17.548708,38.223862,Copernicus,Copernicus,2026-04-01 21:00:00 UTC
2186,2026-04-02 01:00:00,4,2,1,2,2012,17.561739,38.228584,Copernicus,Copernicus,2026-04-01 22:00:00 UTC
2187,2026-04-02 02:00:00,4,2,2,3,2012,17.575254,38.234402,Copernicus,Copernicus,2026-04-01 23:00:00 UTC
2188,2026-04-02 03:00:00,4,2,3,4,2012,17.588884,38.241051,Copernicus,Copernicus,2026-04-02 00:00:00 UTC
2189,2026-04-02 04:00:00,4,2,4,5,2012,17.602257,38.247856,Copernicus,Copernicus,2026-04-02 01:00:00 UTC
2190,2026-04-02 05:00:00,4,2,5,6,2012,17.615173,38.254272,Copernicus,Copernicus,2026-04-02 02:00:00 UTC
2191,2026-04-02 06:00:00,4,2,6,7,2012,17.627142,38.259785,Copernicus,Copernicus,2026-04-02 03:00:00 UTC
2192,2026-04-02 07:00:00,4,2,7,8,2012,17.638077,38.263931,Copernicus,Copernicus,2026-04-02 04:00:00 UTC
2193,2026-04-02 08:00:00,4,2,8,9,2012,17.648138,38.266258,Copernicus,Copernicus,2026-04-02 05:00:00 UTC
2194,2026-04-02 09:00:00,4,2,9,10,2012,17.657633,38.266338,Copernicus,Copernicus,2026-04-02 06:00:00 UTC
2195,2026-04-02 10:00:00,4,2,10,11,2012,17.666557,38.263809,Copernicus,Copernicus,2026-04-02 07:00:00 UTC
2196,2026-04-02 11:00:00,4,2,11,12,2012,17.674484,38.258705,Copernicus,Copernicus,2026-04-02 08:00:00 UTC
2197,2026-04-02 12:00:00,4,2,12,13,2012,17.681086,38.251263,Copernicus,Copernicus,2026-04-02 09:00:00 UTC
2198,2026-04-02 13:00:00,4,2,13,14,2012,17.685921,38.241711,Copernicus,Copernicus,2026-04-02 10:00:00 UTC
2199,2026-04-02 14:00:00,4,2,14,15,2012,17.688269,38.230064,Copernicus,Copernicus,2026-04-02 11:00:00 UTC
2200,2026-04-02 15:00:00,4,2,15,16,2012,17.686972,38.216148,Copernicus,Copernicus,2026-04-02 12:00:00 UTC
2201,2026-04-02 16:00:00,4,2,16,17,2012,17.680891,38.199924,Copernicus,Copernicus,2026-04-02 13:00:00 UTC
2202,2026-04-02 17:00:00,4,2,17,18,2012,17.668858,38.181797,Copernicus,Copernicus,2026-04-02 14:00:00 UTC
2203,2026-04-02 18:00:00,4,2,18,19,2012,17.651150,38.162643,Copernicus,Copernicus,2026-04-02 15:00:00 UTC
2204,2026-04-02 19:00:00,4,2,19,20,2012,17.632288,38.143883,Copernicus,Copernicus,2026-04-02 16:00:00 UTC
2205,2026-04-02 20:00:00,4,2,20,21,2012,17.616480,38.127434,Copernicus,Copernicus,2026-04-02 17:00:00 UTC
2206,2026-04-02 21:00:00,4,2,21,22,2012,17.605154,38.114777,Copernicus,Copernicus,2026-04-02 18:00:00 UTC
2207,2026-04-02 22:00:00,4,2,22,23,2012,17.597946,38.106232,Copernicus,Copernicus,2026-04-02 19:00:00 UTC
2208,2026-04-02 23:00:00,4,2,23,24,2012,17.593882,38.101357,Copernicus,Copernicus,2026-04-02 20:00:00 UTC
2209,2026-04-03 00:00:00,4,3,0,1,2012,17.592495,38.099895,Copernicus,Copernicus,2026-04-02 21:00:00 UTC
2210,2026-04-03 01:00:00,4,3,1,2,2012,17.593935,38.102108,Copernicus,Copernicus,2026-04-02 22:00:00 UTC
2211,2026-04-03 02:00:00,4,3,2,3,2012,17.597801,38.107697,Copernicus,Copernicus,2026-04-02 23:00:00 UTC
2212,2026-04-03 03:00:00,4,3,3,4,2012,17.603832,38.116554,Copernicus,Copernicus,2026-04-03 00:00:00 UTC
2213,2026-04-03 04:00:00,4,3,4,5,2012,17.612360,38.129524,Copernicus,Copernicus,2026-04-03 01:00:00 UTC
2214,2026-04-03 05:00:00,4,3,5,6,2012,17.623653,38.147064,Copernicus,Copernicus,2026-04-03 02:00:00 UTC
2215,2026-04-03 06:00:00,4,3,6,7,2012,17.639050,38.170528,Copernicus,Copernicus,2026-04-03 03:00:00 UTC
2216,2026-04-03 07:00:00,4,3,7,8,2012,17.661364,38.203045,Copernicus,Copernicus,2026-04-03 04:00:00 UTC
2217,2026-04-03 08:00:00,4,3,8,9,2012,17.692024,38.243530,Copernicus,Copernicus,2026-04-03 05:00:00 UTC
2218,2026-04-03 09:00:00,4,3,9,10,2012,17.727852,38.283165,Copernicus,Copernicus,2026-04-03 06:00:00 UTC
2219,2026-04-03 10:00:00,4,3,10,11,2012,17.770573,38.327362,Copernicus,Copernicus,2026-04-03 07:00:00 UTC
2220,2026-04-03 11:00:00,4,3,11,12,2012,17.823673,38.383518,Copernicus,Copernicus,2026-04-03 08:00:00 UTC
2221,2026-04-03 12:00:00,4,3,12,13,2012,17.889622,38.453209,Copernicus,Copernicus,2026-04-03 09:00:00 UTC
2222,2026-04-03 13:00:00,4,3,13,14,2012,17.961594,38.528603,Copernicus,Copernicus,2026-04-03 10:00:00 UTC
2223,2026-04-03 14:00:00,4,3,14,15,2012,18.028809,38.599079,Copernicus,Copernicus,2026-04-03 11:00:00 UTC
2224,2026-04-03 15:00:00,4,3,15,16,2012,18.082748,38.655796,Copernicus,Copernicus,2026-04-03 12:00:00 UTC
2225,2026-04-03 16:00:00,4,3,16,17,2012,18.130527,38.707806,Copernicus,Copernicus,2026-04-03 13:00:00 UTC
2226,2026-04-03 17:00:00,4,3,17,18,2012,18.186356,38.772671,Copernicus,Copernicus,2026-04-03 14:00:00 UTC
2227,2026-04-03 18:00:00,4,3,18,19,2012,18.250055,38.848770,Copernicus,Copernicus,2026-04-03 15:00:00 UTC
2228,2026-04-03 19:00:00,4,3,19,20,2012,18.310629,38.920475,Copernicus,Copernicus,2026-04-03 16:00:00 UTC
2229,2026-04-03 20:00:00,4,3,20,21,2012,18.355513,38.976578,Copernicus,Copernicus,2026-04-03 17:00:00 UTC
2230,2026-04-03 21:00:00,4,3,21,22,2012,18.383654,39.018303,Copernicus,Copernicus,2026-04-03 18:00:00 UTC
2231,2026-04-03 22:00:00,4,3,22,23,2012,18.398634,39.048420,Copernicus,Copernicus,2026-04-03 19:00:00 UTC
2232,2026-04-03 23:00:00,4,3,23,24,2012,18.406425,39.070145,Copernicus,Copernicus,2026-04-03 20:00:00 UTC
2233,2026-04-04 00:00:00,4,4,0,1,2012,18.408340,39.084541,Copernicus,Copernicus,2026-04-03 21:00:00 UTC
2234,2026-04-04 01:00:00,4,4,1,2,2012,18.405619,39.093208,Copernicus,Copernicus,2026-04-03 22:00:00 UTC
2235,2026-04-04 02:00:00,4,4,2,3,2012,18.401211,39.098000,Copernicus,Copernicus,2026-04-03 23:00:00 UTC
2236,2026-04-04 03:00:00,4,4,3,4,2012,18.396389,39.100254,Copernicus,Copernicus,2026-04-04 00:00:00 UTC
2237,2026-04-04 04:00:00,4,4,4,5,2012,18.391026,39.099640,Copernicus,Copernicus,2026-04-04 01:00:00 UTC
2238,2026-04-04 05:00:00,4,4,5,6,2012,18.384317,39.094326,Copernicus,Copernicus,2026-04-04 02:00:00 UTC
2239,2026-04-04 06:00:00,4,4,6,7,2012,18.374840,39.085011,Copernicus,Copernicus,2026-04-04 03:00:00 UTC
2240,2026-04-04 07:00:00,4,4,7,8,2012,18.363678,39.072380,Copernicus,Copernicus,2026-04-04 04:00:00 UTC
2241,2026-04-04 08:00:00,4,4,8,9,2012,18.350330,39.053440,Copernicus,Copernicus,2026-04-04 05:00:00 UTC
2242,2026-04-04 09:00:00,4,4,9,10,2012,18.331675,39.020752,Copernicus,Copernicus,2026-04-04 06:00:00 UTC
2243,2026-04-04 10:00:00,4,4,10,11,2012,18.296833,38.970264,Copernicus,Copernicus,2026-04-04 07:00:00 UTC
2244,2026-04-04 11:00:00,4,4,11,12,2012,18.239378,38.906136,Copernicus,Copernicus,2026-04-04 08:00:00 UTC
2245,2026-04-04 12:00:00,4,4,12,13,2012,18.166780,38.836590,Copernicus,Copernicus,2026-04-04 09:00:00 UTC
2246,2026-04-04 13:00:00,4,4,13,14,2012,18.090725,38.769947,Copernicus,Copernicus,2026-04-04 10:00:00 UTC
2247,2026-04-04 14:00:00,4,4,14,15,2012,18.020908,38.711189,Copernicus,Copernicus,2026-04-04 11:00:00 UTC
2248,2026-04-04 15:00:00,4,4,15,16,2012,17.961935,38.662167,Copernicus,Copernicus,2026-04-04 12:00:00 UTC
2249,2026-04-04 16:00:00,4,4,16,17,2012,17.917532,38.624035,Copernicus,Copernicus,2026-04-04 13:00:00 UTC
2250,2026-04-04 17:00:00,4,4,17,18,2012,17.888468,38.597019,Copernicus,Copernicus,2026-04-04 14:00:00 UTC
2251,2026-04-04 18:00:00,4,4,18,19,2012,17.872631,38.579895,Copernicus,Copernicus,2026-04-04 15:00:00 UTC
2252,2026-04-04 19:00:00,4,4,19,20,2012,17.866917,38.570839,Copernicus,Copernicus,2026-04-04 16:00:00 UTC
2253,2026-04-04 20:00:00,4,4,20,21,2012,17.868687,38.567799,Copernicus,Copernicus,2026-04-04 17:00:00 UTC
2254,2026-04-04 21:00:00,4,4,21,22,2012,17.874737,38.568428,Copernicus,Copernicus,2026-04-04 18:00:00 UTC
2255,2026-04-04 22:00:00,4,4,22,23,2012,17.881973,38.570263,Copernicus,Copernicus,2026-04-04 19:00:00 UTC
2256,2026-04-04 23:00:00,4,4,23,24,2012,17.888264,38.571541,Copernicus,Copernicus,2026-04-04 20:00:00 UTC
2257,2026-04-05 00:00:00,4,5,0,1,2012,17.892559,38.571396,Copernicus,Copernicus,2026-04-04 21:00:00 UTC
2258,2026-04-05 01:00:00,4,5,1,2,2012,17.894712,38.569359,Copernicus,Copernicus,2026-04-04 22:00:00 UTC
2259,2026-04-05 02:00:00,4,5,2,3,2012,17.894798,38.565006,Copernicus,Copernicus,2026-04-04 23:00:00 UTC
2260,2026-04-05 03:00:00,4,5,3,4,2012,17.891521,38.557304,Copernicus,Copernicus,2026-04-05 00:00:00 UTC
2261,2026-04-05 04:00:00,4,5,4,5,2012,17.875669,38.541710,Copernicus,Copernicus,2026-04-05 01:00:00 UTC
2262,2026-04-05 05:00:00,4,5,5,6,2012,17.826141,38.509556,Copernicus,Copernicus,2026-04-05 02:00:00 UTC
2263,2026-04-05 06:00:00,4,5,6,7,2012,17.745476,38.465893,Copernicus,Copernicus,2026-04-05 03:00:00 UTC
2264,2026-04-05 07:00:00,4,5,7,8,2012,17.648413,38.421047,Copernicus,Copernicus,2026-04-05 04:00:00 UTC
2265,2026-04-05 08:00:00,4,5,8,9,2012,17.590334,38.396320,Copernicus,Copernicus,2026-04-05 05:00:00 UTC
2266,2026-04-05 09:00:00,4,5,9,10,2012,17.576632,38.386856,Copernicus,Copernicus,2026-04-05 06:00:00 UTC
2267,2026-04-05 10:00:00,4,5,10,11,2012,17.584564,38.384872,Copernicus,Copernicus,2026-04-05 07:00:00 UTC
2268,2026-04-05 11:00:00,4,5,11,12,2012,17.595909,38.383720,Copernicus,Copernicus,2026-04-05 08:00:00 UTC
2269,2026-04-05 12:00:00,4,5,12,13,2012,17.607492,38.382038,Copernicus,Copernicus,2026-04-05 09:00:00 UTC
2270,2026-04-05 13:00:00,4,5,13,14,2012,17.618538,38.379631,Copernicus,Copernicus,2026-04-05 10:00:00 UTC
2271,2026-04-05 14:00:00,4,5,14,15,2012,17.628569,38.376564,Copernicus,Copernicus,2026-04-05 11:00:00 UTC
2272,2026-04-05 15:00:00,4,5,15,16,2012,17.637115,38.373051,Copernicus,Copernicus,2026-04-05 12:00:00 UTC
2273,2026-04-05 16:00:00,4,5,16,17,2012,17.644279,38.369190,Copernicus,Copernicus,2026-04-05 13:00:00 UTC
2274,2026-04-05 17:00:00,4,5,17,18,2012,17.650433,38.365425,Copernicus,Copernicus,2026-04-05 14:00:00 UTC
2275,2026-04-05 18:00:00,4,5,18,19,2012,17.655685,38.362206,Copernicus,Copernicus,2026-04-05 15:00:00 UTC
2276,2026-04-05 19:00:00,4,5,19,20,2012,17.660521,38.360233,Copernicus,Copernicus,2026-04-05 16:00:00 UTC
2277,2026-04-05 20:00:00,4,5,20,21,2012,17.665751,38.360020,Copernicus,Copernicus,2026-04-05 17:00:00 UTC
2278,2026-04-05 21:00:00,4,5,21,22,2012,17.671827,38.361908,Copernicus,Copernicus,2026-04-05 18:00:00 UTC
2279,2026-04-05 22:00:00,4,5,22,23,2012,17.681208,38.367107,Copernicus,Copernicus,2026-04-05 19:00:00 UTC
2280,2026-04-05 23:00:00,4,5,23,24,2012,17.695015,38.376278,Copernicus,Copernicus,2026-04-05 20:00:00 UTC
2281,2026-04-06 00:00:00,4,6,0,1,2012,17.712980,38.389069,Copernicus,Copernicus,2026-04-05 21:00:00 UTC
2282,2026-04-06 01:00:00,4,6,1,2,2012,17.734430,38.403954,Copernicus,Copernicus,2026-04-05 22:00:00 UTC
2283,2026-04-06 02:00:00,4,6,2,3,2012,17.757078,38.418526,Copernicus,Copernicus,2026-04-05 23:00:00 UTC
2284,2026-04-06 03:00:00,4,6,3,4,2012,17.770069,38.424881,Copernicus,Copernicus,2026-04-06 00:00:00 UTC
2285,2026-04-06 04:00:00,4,6,4,5,2012,17.765528,38.420757,Copernicus,Copernicus,2026-04-06 01:00:00 UTC
2286,2026-04-06 05:00:00,4,6,5,6,2012,17.751936,38.413815,Copernicus,Copernicus,2026-04-06 02:00:00 UTC
2287,2026-04-06 06:00:00,4,6,6,7,2012,17.735088,38.407883,Copernicus,Copernicus,2026-04-06 03:00:00 UTC
2288,2026-04-06 07:00:00,4,6,7,8,2012,17.698931,38.397301,Copernicus,Copernicus,2026-04-06 04:00:00 UTC
2289,2026-04-06 08:00:00,4,6,8,9,2012,17.678282,38.393188,Copernicus,Copernicus,2026-04-06 05:00:00 UTC
2290,2026-04-06 09:00:00,4,6,9,10,2012,17.685043,38.397179,Copernicus,Copernicus,2026-04-06 06:00:00 UTC
2291,2026-04-06 10:00:00,4,6,10,11,2012,17.694563,38.401020,Copernicus,Copernicus,2026-04-06 07:00:00 UTC
2292,2026-04-06 11:00:00,4,6,11,12,2012,17.705540,38.404732,Copernicus,Copernicus,2026-04-06 08:00:00 UTC
2293,2026-04-06 12:00:00,4,6,12,13,2012,17.717211,38.408360,Copernicus,Copernicus,2026-04-06 09:00:00 UTC
2294,2026-04-06 13:00:00,4,6,13,14,2012,17.728796,38.411999,Copernicus,Copernicus,2026-04-06 10:00:00 UTC
2295,2026-04-06 14:00:00,4,6,14,15,2012,17.739508,38.415722,Copernicus,Copernicus,2026-04-06 11:00:00 UTC
2296,2026-04-06 15:00:00,4,6,15,16,2012,17.748825,38.418919,Copernicus,Copernicus,2026-04-06 12:00:00 UTC
2297,2026-04-06 16:00:00,4,6,16,17,2012,17.757198,38.421806,Copernicus,Copernicus,2026-04-06 13:00:00 UTC
2298,2026-04-06 17:00:00,4,6,17,18,2012,17.764631,38.424641,Copernicus,Copernicus,2026-04-06 14:00:00 UTC
2299,2026-04-06 18:00:00,4,6,18,19,2012,17.771402,38.427620,Copernicus,Copernicus,2026-04-06 15:00:00 UTC
2300,2026-04-06 19:00:00,4,6,19,20,2012,17.779427,38.432312,Copernicus,Copernicus,2026-04-06 16:00:00 UTC
2301,2026-04-06 20:00:00,4,6,20,21,2012,17.791117,38.440536,Copernicus,Copernicus,2026-04-06 17:00:00 UTC
2302,2026-04-06 21:00:00,4,6,21,22,2012,17.806583,38.452454,Copernicus,Copernicus,2026-04-06 18:00:00 UTC
2303,2026-04-06 22:00:00,4,6,22,23,2012,17.824360,38.467087,Copernicus,Copernicus,2026-04-06 19:00:00 UTC
2304,2026-04-06 23:00:00,4,6,23,24,2012,17.842497,38.482792,Copernicus,Copernicus,2026-04-06 20:00:00 UTC
2305,2026-04-07 00:00:00,4,7,0,1,2012,17.859800,38.497269,Copernicus,Copernicus,2026-04-06 21:00:00 UTC
2306,2026-04-07 01:00:00,4,7,1,2,2012,17.873493,38.508419,Copernicus,Copernicus,2026-04-06 22:00:00 UTC
2307,2026-04-07 02:00:00,4,7,2,3,2012,17.881937,38.514957,Copernicus,Copernicus,2026-04-06 23:00:00 UTC
2308,2026-04-07 03:00:00,4,7,3,4,2012,17.881678,38.515289,Copernicus,Copernicus,2026-04-07 00:00:00 UTC
2309,2026-04-07 04:00:00,4,7,4,5,2012,17.869501,38.508934,Copernicus,Copernicus,2026-04-07 01:00:00 UTC
2310,2026-04-07 05:00:00,4,7,5,6,2012,17.843271,38.495911,Copernicus,Copernicus,2026-04-07 02:00:00 UTC
2311,2026-04-07 06:00:00,4,7,6,7,2012,17.802814,38.478447,Copernicus,Copernicus,2026-04-07 03:00:00 UTC
2312,2026-04-07 07:00:00,4,7,7,8,2012,17.750084,38.459091,Copernicus,Copernicus,2026-04-07 04:00:00 UTC
2313,2026-04-07 08:00:00,4,7,8,9,2012,17.714968,38.446465,Copernicus,Copernicus,2026-04-07 05:00:00 UTC
2314,2026-04-07 09:00:00,4,7,9,10,2012,17.708187,38.442032,Copernicus,Copernicus,2026-04-07 06:00:00 UTC
2315,2026-04-07 10:00:00,4,7,10,11,2012,17.707506,38.438587,Copernicus,Copernicus,2026-04-07 07:00:00 UTC
2316,2026-04-07 11:00:00,4,7,11,12,2012,17.709673,38.435654,Copernicus,Copernicus,2026-04-07 08:00:00 UTC
2317,2026-04-07 12:00:00,4,7,12,13,2012,17.714249,38.433319,Copernicus,Copernicus,2026-04-07 09:00:00 UTC
2318,2026-04-07 13:00:00,4,7,13,14,2012,17.720598,38.431168,Copernicus,Copernicus,2026-04-07 10:00:00 UTC
2319,2026-04-07 14:00:00,4,7,14,15,2012,17.727444,38.428856,Copernicus,Copernicus,2026-04-07 11:00:00 UTC
2320,2026-04-07 15:00:00,4,7,15,16,2012,17.734169,38.426388,Copernicus,Copernicus,2026-04-07 12:00:00 UTC
2321,2026-04-07 16:00:00,4,7,16,17,2012,17.739941,38.423340,Copernicus,Copernicus,2026-04-07 13:00:00 UTC
2322,2026-04-07 17:00:00,4,7,17,18,2012,17.744230,38.419376,Copernicus,Copernicus,2026-04-07 14:00:00 UTC
2323,2026-04-07 18:00:00,4,7,18,19,2012,17.746918,38.414421,Copernicus,Copernicus,2026-04-07 15:00:00 UTC
2324,2026-04-07 19:00:00,4,7,19,20,2012,17.748497,38.408459,Copernicus,Copernicus,2026-04-07 16:00:00 UTC
2325,2026-04-07 20:00:00,4,7,20,21,2012,17.749956,38.401497,Copernicus,Copernicus,2026-04-07 17:00:00 UTC
2326,2026-04-07 21:00:00,4,7,21,22,2012,17.751345,38.393150,Copernicus,Copernicus,2026-04-07 18:00:00 UTC
2327,2026-04-07 22:00:00,4,7,22,23,2012,17.752653,38.383823,Copernicus,Copernicus,2026-04-07 19:00:00 UTC
2328,2026-04-07 23:00:00,4,7,23,24,2012,17.754480,38.375420,Copernicus,Copernicus,2026-04-07 20:00:00 UTC
2329,2026-04-08 00:00:00,4,8,0,1,2012,17.756369,38.369164,Copernicus,Copernicus,2026-04-07 21:00:00 UTC
2330,2026-04-08 01:00:00,4,8,1,2,2012,17.758282,38.364876,Copernicus,Copernicus,2026-04-07 22:00:00 UTC
2331,2026-04-08 02:00:00,4,8,2,3,2012,17.761915,38.362858,Copernicus,Copernicus,2026-04-07 23:00:00 UTC
2332,2026-04-08 03:00:00,4,8,3,4,2012,17.769384,38.362999,Copernicus,Copernicus,2026-04-08 00:00:00 UTC
2333,2026-04-08 04:00:00,4,8,4,5,2012,17.774590,38.361641,Copernicus,Copernicus,2026-04-08 01:00:00 UTC
2334,2026-04-08 05:00:00,4,8,5,6,2012,17.776356,38.358360,Copernicus,Copernicus,2026-04-08 02:00:00 UTC
2335,2026-04-08 06:00:00,4,8,6,7,2012,17.774734,38.354118,Copernicus,Copernicus,2026-04-08 03:00:00 UTC
2336,2026-04-08 07:00:00,4,8,7,8,2012,17.771616,38.349152,Copernicus,Copernicus,2026-04-08 04:00:00 UTC
2337,2026-04-08 08:00:00,4,8,8,9,2012,17.771069,38.344017,Copernicus,Copernicus,2026-04-08 05:00:00 UTC
2338,2026-04-08 09:00:00,4,8,9,10,2012,17.773932,38.338535,Copernicus,Copernicus,2026-04-08 06:00:00 UTC
2339,2026-04-08 10:00:00,4,8,10,11,2012,17.778269,38.332127,Copernicus,Copernicus,2026-04-08 07:00:00 UTC
2340,2026-04-08 11:00:00,4,8,11,12,2012,17.783243,38.324833,Copernicus,Copernicus,2026-04-08 08:00:00 UTC
2341,2026-04-08 12:00:00,4,8,12,13,2012,17.789104,38.316441,Copernicus,Copernicus,2026-04-08 09:00:00 UTC
2342,2026-04-08 13:00:00,4,8,13,14,2012,17.795704,38.307087,Copernicus,Copernicus,2026-04-08 10:00:00 UTC
2343,2026-04-08 14:00:00,4,8,14,15,2012,17.802685,38.296249,Copernicus,Copernicus,2026-04-08 11:00:00 UTC
2344,2026-04-08 15:00:00,4,8,15,16,2012,17.809364,38.283058,Copernicus,Copernicus,2026-04-08 12:00:00 UTC
2345,2026-04-08 16:00:00,4,8,16,17,2012,17.816559,38.269760,Copernicus,Copernicus,2026-04-08 13:00:00 UTC
2346,2026-04-08 17:00:00,4,8,17,18,2012,17.828285,38.263885,Copernicus,Copernicus,2026-04-08 14:00:00 UTC
2347,2026-04-08 18:00:00,4,8,18,19,2012,17.841845,38.264034,Copernicus,Copernicus,2026-04-08 15:00:00 UTC
2348,2026-04-08 19:00:00,4,8,19,20,2012,17.850626,38.269016,Copernicus,Copernicus,2026-04-08 16:00:00 UTC
2349,2026-04-08 20:00:00,4,8,20,21,2012,17.855076,38.279461,Copernicus,Copernicus,2026-04-08 17:00:00 UTC
2350,2026-04-08 21:00:00,4,8,21,22,2012,17.860727,38.306801,Copernicus,Copernicus,2026-04-08 18:00:00 UTC
2351,2026-04-08 22:00:00,4,8,22,23,2012,17.885223,38.364861,Copernicus,Copernicus,2026-04-08 19:00:00 UTC
2352,2026-04-08 23:00:00,4,8,23,24,2012,17.943226,38.451099,Copernicus,Copernicus,2026-04-08 20:00:00 UTC
2353,2026-04-09 00:00:00,4,9,0,1,2012,18.025757,38.547791,Copernicus,Copernicus,2026-04-08 21:00:00 UTC
2354,2026-04-09 01:00:00,4,9,1,2,2012,18.108484,38.639698,Copernicus,Copernicus,2026-04-08 22:00:00 UTC
2355,2026-04-09 02:00:00,4,9,2,3,2012,18.179840,38.716045,Copernicus,Copernicus,2026-04-08 23:00:00 UTC
2356,2026-04-09 03:00:00,4,9,3,4,2012,18.234930,38.773647,Copernicus,Copernicus,2026-04-09 00:00:00 UTC
2357,2026-04-09 04:00:00,4,9,4,5,2012,18.273964,38.813671,Copernicus,Copernicus,2026-04-09 01:00:00 UTC
2358,2026-04-09 05:00:00,4,9,5,6,2012,18.298588,38.837788,Copernicus,Copernicus,2026-04-09 02:00:00 UTC
2359,2026-04-09 06:00:00,4,9,6,7,2012,18.310789,38.848526,Copernicus,Copernicus,2026-04-09 03:00:00 UTC
2360,2026-04-09 07:00:00,4,9,7,8,2012,18.312046,38.847416,Copernicus,Copernicus,2026-04-09 04:00:00 UTC
2361,2026-04-09 08:00:00,4,9,8,9,2012,18.302269,38.834175,Copernicus,Copernicus,2026-04-09 05:00:00 UTC
2362,2026-04-09 09:00:00,4,9,9,10,2012,18.281042,38.806385,Copernicus,Copernicus,2026-04-09 06:00:00 UTC
2363,2026-04-09 10:00:00,4,9,10,11,2012,18.249302,38.761635,Copernicus,Copernicus,2026-04-09 07:00:00 UTC
2364,2026-04-09 11:00:00,4,9,11,12,2012,18.207575,38.700329,Copernicus,Copernicus,2026-04-09 08:00:00 UTC
2365,2026-04-09 12:00:00,4,9,12,13,2012,18.161921,38.629433,Copernicus,Copernicus,2026-04-09 09:00:00 UTC
2366,2026-04-09 13:00:00,4,9,13,14,2012,18.119116,38.558620,Copernicus,Copernicus,2026-04-09 10:00:00 UTC
2367,2026-04-09 14:00:00,4,9,14,15,2012,18.086124,38.495510,Copernicus,Copernicus,2026-04-09 11:00:00 UTC
2368,2026-04-09 15:00:00,4,9,15,16,2012,18.064909,38.442379,Copernicus,Copernicus,2026-04-09 12:00:00 UTC
2369,2026-04-09 16:00:00,4,9,16,17,2012,18.055876,38.402145,Copernicus,Copernicus,2026-04-09 13:00:00 UTC
2370,2026-04-09 17:00:00,4,9,17,18,2012,18.055653,38.376633,Copernicus,Copernicus,2026-04-09 14:00:00 UTC
2371,2026-04-09 18:00:00,4,9,18,19,2012,18.060524,38.365997,Copernicus,Copernicus,2026-04-09 15:00:00 UTC
2372,2026-04-09 19:00:00,4,9,19,20,2012,18.070227,38.371777,Copernicus,Copernicus,2026-04-09 16:00:00 UTC
2373,2026-04-09 20:00:00,4,9,20,21,2012,18.086987,38.394249,Copernicus,Copernicus,2026-04-09 17:00:00 UTC
2374,2026-04-09 21:00:00,4,9,21,22,2012,18.111881,38.431099,Copernicus,Copernicus,2026-04-09 18:00:00 UTC
2375,2026-04-09 22:00:00,4,9,22,23,2012,18.144468,38.478523,Copernicus,Copernicus,2026-04-09 19:00:00 UTC
2376,2026-04-09 23:00:00,4,9,23,24,2012,18.182730,38.532215,Copernicus,Copernicus,2026-04-09 20:00:00 UTC
2377,2026-04-10 00:00:00,4,10,0,1,2012,18.222771,38.587021,Copernicus,Copernicus,2026-04-09 21:00:00 UTC
2378,2026-04-10 01:00:00,4,10,1,2,2012,18.261841,38.638622,Copernicus,Copernicus,2026-04-09 22:00:00 UTC
2379,2026-04-10 02:00:00,4,10,2,3,2012,18.297373,38.683468,Copernicus,Copernicus,2026-04-09 23:00:00 UTC
2380,2026-04-10 03:00:00,4,10,3,4,2012,18.326748,38.718994,Copernicus,Copernicus,2026-04-10 00:00:00 UTC
2381,2026-04-10 04:00:00,4,10,4,5,2012,18.346905,38.741894,Copernicus,Copernicus,2026-04-10 01:00:00 UTC
2382,2026-04-10 05:00:00,4,10,5,6,2012,18.354794,38.748783,Copernicus,Copernicus,2026-04-10 02:00:00 UTC
2383,2026-04-10 06:00:00,4,10,6,7,2012,18.350426,38.740181,Copernicus,Copernicus,2026-04-10 03:00:00 UTC
2384,2026-04-10 07:00:00,4,10,7,8,2012,18.337643,38.717106,Copernicus,Copernicus,2026-04-10 04:00:00 UTC
2385,2026-04-10 08:00:00,4,10,8,9,2012,18.316612,38.677361,Copernicus,Copernicus,2026-04-10 05:00:00 UTC
2386,2026-04-10 09:00:00,4,10,9,10,2012,18.283476,38.619919,Copernicus,Copernicus,2026-04-10 06:00:00 UTC
2387,2026-04-10 10:00:00,4,10,10,11,2012,18.243910,38.552174,Copernicus,Copernicus,2026-04-10 07:00:00 UTC
2388,2026-04-10 11:00:00,4,10,11,12,2012,18.203186,38.483372,Copernicus,Copernicus,2026-04-10 08:00:00 UTC
2389,2026-04-10 12:00:00,4,10,12,13,2012,18.164410,38.420341,Copernicus,Copernicus,2026-04-10 09:00:00 UTC
2390,2026-04-10 13:00:00,4,10,13,14,2012,18.134506,38.369011,Copernicus,Copernicus,2026-04-10 10:00:00 UTC
2391,2026-04-10 14:00:00,4,10,14,15,2012,18.114717,38.331226,Copernicus,Copernicus,2026-04-10 11:00:00 UTC
2392,2026-04-10 15:00:00,4,10,15,16,2012,18.104965,38.306675,Copernicus,Copernicus,2026-04-10 12:00:00 UTC
2393,2026-04-10 16:00:00,4,10,16,17,2012,18.103853,38.293949,Copernicus,Copernicus,2026-04-10 13:00:00 UTC
2394,2026-04-10 17:00:00,4,10,17,18,2012,18.108843,38.291260,Copernicus,Copernicus,2026-04-10 14:00:00 UTC
2395,2026-04-10 18:00:00,4,10,18,19,2012,18.118292,38.298241,Copernicus,Copernicus,2026-04-10 15:00:00 UTC
2396,2026-04-10 19:00:00,4,10,19,20,2012,18.133097,38.316364,Copernicus,Copernicus,2026-04-10 16:00:00 UTC
2397,2026-04-10 20:00:00,4,10,20,21,2012,18.155460,38.346252,Copernicus,Copernicus,2026-04-10 17:00:00 UTC
2398,2026-04-10 21:00:00,4,10,21,22,2012,18.185347,38.385216,Copernicus,Copernicus,2026-04-10 18:00:00 UTC
2399,2026-04-10 22:00:00,4,10,22,23,2012,18.218933,38.428848,Copernicus,Copernicus,2026-04-10 19:00:00 UTC
2400,2026-04-10 23:00:00,4,10,23,24,2012,18.252071,38.472515,Copernicus,Copernicus,2026-04-10 20:00:00 UTC
2401,2026-04-11 00:00:00,4,11,0,1,2012,18.282385,38.513271,Copernicus,Copernicus,2026-04-10 21:00:00 UTC
2402,2026-04-11 01:00:00,4,11,1,2,2012,18.308125,38.548481,Copernicus,Copernicus,2026-04-10 22:00:00 UTC
2403,2026-04-11 02:00:00,4,11,2,3,2012,18.327433,38.575275,Copernicus,Copernicus,2026-04-10 23:00:00 UTC
2404,2026-04-11 03:00:00,4,11,3,4,2012,18.339043,38.592548,Copernicus,Copernicus,2026-04-11 00:00:00 UTC
2405,2026-04-11 04:00:00,4,11,4,5,2012,18.343201,38.600281,Copernicus,Copernicus,2026-04-11 01:00:00 UTC
2406,2026-04-11 05:00:00,4,11,5,6,2012,18.339622,38.596718,Copernicus,Copernicus,2026-04-11 02:00:00 UTC
2407,2026-04-11 06:00:00,4,11,6,7,2012,18.327944,38.580170,Copernicus,Copernicus,2026-04-11 03:00:00 UTC
2408,2026-04-11 07:00:00,4,11,7,8,2012,18.307560,38.550388,Copernicus,Copernicus,2026-04-11 04:00:00 UTC
2409,2026-04-11 08:00:00,4,11,8,9,2012,18.277807,38.509171,Copernicus,Copernicus,2026-04-11 05:00:00 UTC
2410,2026-04-11 09:00:00,4,11,9,10,2012,18.239643,38.460720,Copernicus,Copernicus,2026-04-11 06:00:00 UTC
2411,2026-04-11 10:00:00,4,11,10,11,2012,18.199181,38.411442,Copernicus,Copernicus,2026-04-11 07:00:00 UTC
2412,2026-04-11 11:00:00,4,11,11,12,2012,18.164610,38.369473,Copernicus,Copernicus,2026-04-11 08:00:00 UTC
2413,2026-04-11 12:00:00,4,11,12,13,2012,18.138868,38.338459,Copernicus,Copernicus,2026-04-11 09:00:00 UTC
2414,2026-04-11 13:00:00,4,11,13,14,2012,18.122808,38.317516,Copernicus,Copernicus,2026-04-11 10:00:00 UTC
2415,2026-04-11 14:00:00,4,11,14,15,2012,18.116394,38.305149,Copernicus,Copernicus,2026-04-11 11:00:00 UTC
2416,2026-04-11 15:00:00,4,11,15,16,2012,18.117319,38.299534,Copernicus,Copernicus,2026-04-11 12:00:00 UTC
2417,2026-04-11 16:00:00,4,11,16,17,2012,18.122965,38.298962,Copernicus,Copernicus,2026-04-11 13:00:00 UTC
2418,2026-04-11 17:00:00,4,11,17,18,2012,18.131777,38.302544,Copernicus,Copernicus,2026-04-11 14:00:00 UTC
2419,2026-04-11 18:00:00,4,11,18,19,2012,18.144220,38.311890,Copernicus,Copernicus,2026-04-11 15:00:00 UTC
2420,2026-04-11 19:00:00,4,11,19,20,2012,18.162354,38.329643,Copernicus,Copernicus,2026-04-11 16:00:00 UTC
2421,2026-04-11 20:00:00,4,11,20,21,2012,18.187487,38.357029,Copernicus,Copernicus,2026-04-11 17:00:00 UTC
2422,2026-04-11 21:00:00,4,11,21,22,2012,18.217382,38.391953,Copernicus,Copernicus,2026-04-11 18:00:00 UTC
2423,2026-04-11 22:00:00,4,11,22,23,2012,18.247862,38.428638,Copernicus,Copernicus,2026-04-11 19:00:00 UTC
2424,2026-04-11 23:00:00,4,11,23,24,2012,18.275089,38.462189,Copernicus,Copernicus,2026-04-11 20:00:00 UTC
2425,2026-04-12 00:00:00,4,12,0,1,2012,18.296835,38.489704,Copernicus,Copernicus,2026-04-11 21:00:00 UTC
2426,2026-04-12 01:00:00,4,12,1,2,2012,18.311489,38.509197,Copernicus,Copernicus,2026-04-11 22:00:00 UTC
2427,2026-04-12 02:00:00,4,12,2,3,2012,18.318159,38.519005,Copernicus,Copernicus,2026-04-11 23:00:00 UTC
2428,2026-04-12 03:00:00,4,12,3,4,2012,18.317795,38.519077,Copernicus,Copernicus,2026-04-12 00:00:00 UTC
2429,2026-04-12 04:00:00,4,12,4,5,2012,18.309488,38.509064,Copernicus,Copernicus,2026-04-12 01:00:00 UTC
2430,2026-04-12 05:00:00,4,12,5,6,2012,18.282015,38.485729,Copernicus,Copernicus,2026-04-12 02:00:00 UTC
2431,2026-04-12 06:00:00,4,12,6,7,2012,18.242855,38.455486,Copernicus,Copernicus,2026-04-12 03:00:00 UTC
2432,2026-04-12 07:00:00,4,12,7,8,2012,18.199474,38.423321,Copernicus,Copernicus,2026-04-12 04:00:00 UTC
2433,2026-04-12 08:00:00,4,12,8,9,2012,18.157984,38.392586,Copernicus,Copernicus,2026-04-12 05:00:00 UTC
2434,2026-04-12 09:00:00,4,12,9,10,2012,18.126265,38.368195,Copernicus,Copernicus,2026-04-12 06:00:00 UTC
2435,2026-04-12 10:00:00,4,12,10,11,2012,18.106798,38.352142,Copernicus,Copernicus,2026-04-12 07:00:00 UTC
2436,2026-04-12 11:00:00,4,12,11,12,2012,18.097387,38.342438,Copernicus,Copernicus,2026-04-12 08:00:00 UTC
2437,2026-04-12 12:00:00,4,12,12,13,2012,18.095770,38.337078,Copernicus,Copernicus,2026-04-12 09:00:00 UTC
2438,2026-04-12 13:00:00,4,12,13,14,2012,18.099962,38.334724,Copernicus,Copernicus,2026-04-12 10:00:00 UTC
2439,2026-04-12 14:00:00,4,12,14,15,2012,18.107483,38.334435,Copernicus,Copernicus,2026-04-12 11:00:00 UTC
2440,2026-04-12 15:00:00,4,12,15,16,2012,18.117456,38.335964,Copernicus,Copernicus,2026-04-12 12:00:00 UTC
2441,2026-04-12 16:00:00,4,12,16,17,2012,18.130672,38.339870,Copernicus,Copernicus,2026-04-12 13:00:00 UTC
2442,2026-04-12 17:00:00,4,12,17,18,2012,18.146833,38.347290,Copernicus,Copernicus,2026-04-12 14:00:00 UTC
2443,2026-04-12 18:00:00,4,12,18,19,2012,18.166204,38.359627,Copernicus,Copernicus,2026-04-12 15:00:00 UTC
2444,2026-04-12 19:00:00,4,12,19,20,2012,18.188971,38.377949,Copernicus,Copernicus,2026-04-12 16:00:00 UTC
2445,2026-04-12 20:00:00,4,12,20,21,2012,18.215282,38.402359,Copernicus,Copernicus,2026-04-12 17:00:00 UTC
2446,2026-04-12 21:00:00,4,12,21,22,2012,18.243759,38.430935,Copernicus,Copernicus,2026-04-12 18:00:00 UTC
2447,2026-04-12 22:00:00,4,12,22,23,2012,18.271248,38.459995,Copernicus,Copernicus,2026-04-12 19:00:00 UTC
2448,2026-04-12 23:00:00,4,12,23,24,2012,18.295877,38.487190,Copernicus,Copernicus,2026-04-12 20:00:00 UTC
2449,2026-04-13 00:00:00,4,13,0,1,2012,18.316093,38.510380,Copernicus,Copernicus,2026-04-12 21:00:00 UTC
2450,2026-04-13 01:00:00,4,13,1,2,2012,18.330700,38.528175,Copernicus,Copernicus,2026-04-12 22:00:00 UTC
2451,2026-04-13 02:00:00,4,13,2,3,2012,18.340437,38.541004,Copernicus,Copernicus,2026-04-12 23:00:00 UTC
2452,2026-04-13 03:00:00,4,13,3,4,2012,18.345388,38.548424,Copernicus,Copernicus,2026-04-13 00:00:00 UTC
2453,2026-04-13 04:00:00,4,13,4,5,2012,18.342545,38.548454,Copernicus,Copernicus,2026-04-13 01:00:00 UTC
2454,2026-04-13 05:00:00,4,13,5,6,2012,18.330147,38.540722,Copernicus,Copernicus,2026-04-13 02:00:00 UTC
2455,2026-04-13 06:00:00,4,13,6,7,2012,18.308949,38.526787,Copernicus,Copernicus,2026-04-13 03:00:00 UTC
2456,2026-04-13 07:00:00,4,13,7,8,2012,18.281645,38.508327,Copernicus,Copernicus,2026-04-13 04:00:00 UTC
2457,2026-04-13 08:00:00,4,13,8,9,2012,18.253210,38.487751,Copernicus,Copernicus,2026-04-13 05:00:00 UTC
2458,2026-04-13 09:00:00,4,13,9,10,2012,18.228975,38.467785,Copernicus,Copernicus,2026-04-13 06:00:00 UTC
2459,2026-04-13 10:00:00,4,13,10,11,2012,18.210726,38.449944,Copernicus,Copernicus,2026-04-13 07:00:00 UTC
2460,2026-04-13 11:00:00,4,13,11,12,2012,18.198706,38.434914,Copernicus,Copernicus,2026-04-13 08:00:00 UTC
2461,2026-04-13 12:00:00,4,13,12,13,2012,18.193169,38.423523,Copernicus,Copernicus,2026-04-13 09:00:00 UTC
2462,2026-04-13 13:00:00,4,13,13,14,2012,18.194027,38.416210,Copernicus,Copernicus,2026-04-13 10:00:00 UTC
2463,2026-04-13 14:00:00,4,13,14,15,2012,18.201578,38.413410,Copernicus,Copernicus,2026-04-13 11:00:00 UTC
2464,2026-04-13 15:00:00,4,13,15,16,2012,18.215797,38.416149,Copernicus,Copernicus,2026-04-13 12:00:00 UTC
2465,2026-04-13 16:00:00,4,13,16,17,2012,18.236973,38.426361,Copernicus,Copernicus,2026-04-13 13:00:00 UTC
2466,2026-04-13 17:00:00,4,13,17,18,2012,18.263357,38.444519,Copernicus,Copernicus,2026-04-13 14:00:00 UTC
2467,2026-04-13 18:00:00,4,13,18,19,2012,18.293205,38.469872,Copernicus,Copernicus,2026-04-13 15:00:00 UTC
2468,2026-04-13 19:00:00,4,13,19,20,2012,18.327335,38.501236,Copernicus,Copernicus,2026-04-13 16:00:00 UTC
2469,2026-04-13 20:00:00,4,13,20,21,2012,18.364408,38.536243,Copernicus,Copernicus,2026-04-13 17:00:00 UTC
2470,2026-04-13 21:00:00,4,13,21,22,2012,18.401905,38.572243,Copernicus,Copernicus,2026-04-13 18:00:00 UTC
2471,2026-04-13 22:00:00,4,13,22,23,2012,18.436943,38.606621,Copernicus,Copernicus,2026-04-13 19:00:00 UTC
2472,2026-04-13 23:00:00,4,13,23,24,2012,18.467430,38.637257,Copernicus,Copernicus,2026-04-13 20:00:00 UTC
2473,2026-04-14 00:00:00,4,14,0,1,2012,18.492426,38.662865,Copernicus,Copernicus,2026-04-13 21:00:00 UTC
2474,2026-04-14 01:00:00,4,14,1,2,2012,18.510628,38.682262,Copernicus,Copernicus,2026-04-13 22:00:00 UTC
2475,2026-04-14 02:00:00,4,14,2,3,2012,18.521734,38.695465,Copernicus,Copernicus,2026-04-13 23:00:00 UTC
2476,2026-04-14 03:00:00,4,14,3,4,2012,18.526253,38.701847,Copernicus,Copernicus,2026-04-14 00:00:00 UTC
2477,2026-04-14 04:00:00,4,14,4,5,2012,18.524036,38.700588,Copernicus,Copernicus,2026-04-14 01:00:00 UTC
2478,2026-04-14 05:00:00,4,14,5,6,2012,18.515326,38.691448,Copernicus,Copernicus,2026-04-14 02:00:00 UTC
2479,2026-04-14 06:00:00,4,14,6,7,2012,18.499722,38.674549,Copernicus,Copernicus,2026-04-14 03:00:00 UTC
2480,2026-04-14 07:00:00,4,14,7,8,2012,18.476553,38.650131,Copernicus,Copernicus,2026-04-14 04:00:00 UTC
2481,2026-04-14 08:00:00,4,14,8,9,2012,18.442770,38.617249,Copernicus,Copernicus,2026-04-14 05:00:00 UTC
2482,2026-04-14 09:00:00,4,14,9,10,2012,18.394205,38.574966,Copernicus,Copernicus,2026-04-14 06:00:00 UTC
2483,2026-04-14 10:00:00,4,14,10,11,2012,18.342138,38.532238,Copernicus,Copernicus,2026-04-14 07:00:00 UTC
2484,2026-04-14 11:00:00,4,14,11,12,2012,18.295795,38.494255,Copernicus,Copernicus,2026-04-14 08:00:00 UTC
2485,2026-04-14 12:00:00,4,14,12,13,2012,18.257168,38.462151,Copernicus,Copernicus,2026-04-14 09:00:00 UTC
2486,2026-04-14 13:00:00,4,14,13,14,2012,18.227196,38.436481,Copernicus,Copernicus,2026-04-14 10:00:00 UTC
2487,2026-04-14 14:00:00,4,14,14,15,2012,18.205320,38.417389,Copernicus,Copernicus,2026-04-14 11:00:00 UTC
2488,2026-04-14 15:00:00,4,14,15,16,2012,18.191132,38.404148,Copernicus,Copernicus,2026-04-14 12:00:00 UTC
2489,2026-04-14 16:00:00,4,14,16,17,2012,18.185110,38.396259,Copernicus,Copernicus,2026-04-14 13:00:00 UTC
2490,2026-04-14 17:00:00,4,14,17,18,2012,18.187628,38.393806,Copernicus,Copernicus,2026-04-14 14:00:00 UTC
2491,2026-04-14 18:00:00,4,14,18,19,2012,18.199162,38.397720,Copernicus,Copernicus,2026-04-14 15:00:00 UTC
2492,2026-04-14 19:00:00,4,14,19,20,2012,18.219776,38.409229,Copernicus,Copernicus,2026-04-14 16:00:00 UTC
2493,2026-04-14 20:00:00,4,14,20,21,2012,18.248264,38.428574,Copernicus,Copernicus,2026-04-14 17:00:00 UTC
2494,2026-04-14 21:00:00,4,14,21,22,2012,18.282001,38.454540,Copernicus,Copernicus,2026-04-14 18:00:00 UTC
2495,2026-04-14 22:00:00,4,14,22,23,2012,18.318045,38.484409,Copernicus,Copernicus,2026-04-14 19:00:00 UTC
2496,2026-04-14 23:00:00,4,14,23,24,2012,18.353426,38.515156,Copernicus,Copernicus,2026-04-14 20:00:00 UTC
2497,2026-04-15 00:00:00,4,15,0,1,2012,18.385479,38.544022,Copernicus,Copernicus,2026-04-14 21:00:00 UTC
2498,2026-04-15 01:00:00,4,15,1,2,2012,18.412260,38.569057,Copernicus,Copernicus,2026-04-14 22:00:00 UTC
2499,2026-04-15 02:00:00,4,15,2,3,2012,18.432680,38.588745,Copernicus,Copernicus,2026-04-14 23:00:00 UTC
2500,2026-04-15 03:00:00,4,15,3,4,2012,18.445929,38.601891,Copernicus,Copernicus,2026-04-15 00:00:00 UTC
2501,2026-04-15 04:00:00,4,15,4,5,2012,18.451532,38.607567,Copernicus,Copernicus,2026-04-15 01:00:00 UTC
2502,2026-04-15 05:00:00,4,15,5,6,2012,18.450218,38.606045,Copernicus,Copernicus,2026-04-15 02:00:00 UTC
2503,2026-04-15 06:00:00,4,15,6,7,2012,18.444017,38.599133,Copernicus,Copernicus,2026-04-15 03:00:00 UTC
2504,2026-04-15 07:00:00,4,15,7,8,2012,18.434502,38.587997,Copernicus,Copernicus,2026-04-15 04:00:00 UTC
2505,2026-04-15 08:00:00,4,15,8,9,2012,18.423004,38.573803,Copernicus,Copernicus,2026-04-15 05:00:00 UTC
2506,2026-04-15 09:00:00,4,15,9,10,2012,18.410997,38.558125,Copernicus,Copernicus,2026-04-15 06:00:00 UTC
2507,2026-04-15 10:00:00,4,15,10,11,2012,18.399982,38.542362,Copernicus,Copernicus,2026-04-15 07:00:00 UTC
2508,2026-04-15 11:00:00,4,15,11,12,2012,18.391537,38.527866,Copernicus,Copernicus,2026-04-15 08:00:00 UTC
2509,2026-04-15 12:00:00,4,15,12,13,2012,18.386431,38.515415,Copernicus,Copernicus,2026-04-15 09:00:00 UTC
2510,2026-04-15 13:00:00,4,15,13,14,2012,18.385656,38.506004,Copernicus,Copernicus,2026-04-15 10:00:00 UTC
2511,2026-04-15 14:00:00,4,15,14,15,2012,18.389721,38.500324,Copernicus,Copernicus,2026-04-15 11:00:00 UTC
2512,2026-04-15 15:00:00,4,15,15,16,2012,18.398546,38.498890,Copernicus,Copernicus,2026-04-15 12:00:00 UTC
2513,2026-04-15 16:00:00,4,15,16,17,2012,18.412197,38.502880,Copernicus,Copernicus,2026-04-15 13:00:00 UTC
2514,2026-04-15 17:00:00,4,15,17,18,2012,18.430237,38.513165,Copernicus,Copernicus,2026-04-15 14:00:00 UTC
2515,2026-04-15 18:00:00,4,15,18,19,2012,18.452200,38.530014,Copernicus,Copernicus,2026-04-15 15:00:00 UTC
2516,2026-04-15 19:00:00,4,15,19,20,2012,18.476999,38.552559,Copernicus,Copernicus,2026-04-15 16:00:00 UTC
2517,2026-04-15 20:00:00,4,15,20,21,2012,18.503813,38.579407,Copernicus,Copernicus,2026-04-15 17:00:00 UTC
2518,2026-04-15 21:00:00,4,15,21,22,2012,18.531141,38.608685,Copernicus,Copernicus,2026-04-15 18:00:00 UTC
2519,2026-04-15 22:00:00,4,15,22,23,2012,18.557451,38.638416,Copernicus,Copernicus,2026-04-15 19:00:00 UTC
2520,2026-04-15 23:00:00,4,15,23,24,2012,18.581280,38.666386,Copernicus,Copernicus,2026-04-15 20:00:00 UTC
2521,2026-04-16 00:00:00,4,16,0,1,2012,18.601036,38.690308,Copernicus,Copernicus,2026-04-15 21:00:00 UTC
2522,2026-04-16 01:00:00,4,16,1,2,2012,18.615480,38.708233,Copernicus,Copernicus,2026-04-15 22:00:00 UTC
2523,2026-04-16 02:00:00,4,16,2,3,2012,18.623886,38.718800,Copernicus,Copernicus,2026-04-15 23:00:00 UTC
2524,2026-04-16 03:00:00,4,16,3,4,2012,18.626162,38.721432,Copernicus,Copernicus,2026-04-16 00:00:00 UTC
2525,2026-04-16 04:00:00,4,16,4,5,2012,18.622740,38.716110,Copernicus,Copernicus,2026-04-16 01:00:00 UTC
2526,2026-04-16 05:00:00,4,16,5,6,2012,18.614452,38.703453,Copernicus,Copernicus,2026-04-16 02:00:00 UTC
2527,2026-04-16 06:00:00,4,16,6,7,2012,18.602495,38.684555,Copernicus,Copernicus,2026-04-16 03:00:00 UTC
2528,2026-04-16 07:00:00,4,16,7,8,2012,18.589251,38.661415,Copernicus,Copernicus,2026-04-16 04:00:00 UTC
2529,2026-04-16 08:00:00,4,16,8,9,2012,18.577383,38.636463,Copernicus,Copernicus,2026-04-16 05:00:00 UTC
2530,2026-04-16 09:00:00,4,16,9,10,2012,18.568785,38.611843,Copernicus,Copernicus,2026-04-16 06:00:00 UTC
2531,2026-04-16 10:00:00,4,16,10,11,2012,18.564577,38.589058,Copernicus,Copernicus,2026-04-16 07:00:00 UTC
2532,2026-04-16 11:00:00,4,16,11,12,2012,18.563967,38.568504,Copernicus,Copernicus,2026-04-16 08:00:00 UTC
2533,2026-04-16 12:00:00,4,16,12,13,2012,18.565725,38.550617,Copernicus,Copernicus,2026-04-16 09:00:00 UTC
2534,2026-04-16 13:00:00,4,16,13,14,2012,18.569115,38.536110,Copernicus,Copernicus,2026-04-16 10:00:00 UTC
2535,2026-04-16 14:00:00,4,16,14,15,2012,18.573919,38.525745,Copernicus,Copernicus,2026-04-16 11:00:00 UTC
2536,2026-04-16 15:00:00,4,16,15,16,2012,18.580154,38.520206,Copernicus,Copernicus,2026-04-16 12:00:00 UTC
2537,2026-04-16 16:00:00,4,16,16,17,2012,18.587936,38.520111,Copernicus,Copernicus,2026-04-16 13:00:00 UTC
2538,2026-04-16 17:00:00,4,16,17,18,2012,18.596870,38.526031,Copernicus,Copernicus,2026-04-16 14:00:00 UTC
2539,2026-04-16 18:00:00,4,16,18,19,2012,18.606455,38.537979,Copernicus,Copernicus,2026-04-16 15:00:00 UTC
2540,2026-04-16 19:00:00,4,16,19,20,2012,18.616619,38.555195,Copernicus,Copernicus,2026-04-16 16:00:00 UTC
2541,2026-04-16 20:00:00,4,16,20,21,2012,18.627735,38.576553,Copernicus,Copernicus,2026-04-16 17:00:00 UTC
2542,2026-04-16 21:00:00,4,16,21,22,2012,18.639790,38.600620,Copernicus,Copernicus,2026-04-16 18:00:00 UTC
2543,2026-04-16 22:00:00,4,16,22,23,2012,18.652182,38.625175,Copernicus,Copernicus,2026-04-16 19:00:00 UTC
2544,2026-04-16 23:00:00,4,16,23,24,2012,18.663967,38.647690,Copernicus,Copernicus,2026-04-16 20:00:00 UTC
2545,2026-04-17 00:00:00,4,17,0,1,2012,18.674173,38.666039,Copernicus,Copernicus,2026-04-16 21:00:00 UTC
2546,2026-04-17 01:00:00,4,17,1,2,2012,18.682034,38.678440,Copernicus,Copernicus,2026-04-16 22:00:00 UTC
2547,2026-04-17 02:00:00,4,17,2,3,2012,18.687035,38.683784,Copernicus,Copernicus,2026-04-16 23:00:00 UTC
2548,2026-04-17 03:00:00,4,17,3,4,2012,18.689079,38.682007,Copernicus,Copernicus,2026-04-17 00:00:00 UTC
2549,2026-04-17 04:00:00,4,17,4,5,2012,18.688286,38.673145,Copernicus,Copernicus,2026-04-17 01:00:00 UTC
2550,2026-04-17 05:00:00,4,17,5,6,2012,18.684244,38.656292,Copernicus,Copernicus,2026-04-17 02:00:00 UTC
2551,2026-04-17 06:00:00,4,17,6,7,2012,18.676723,38.629890,Copernicus,Copernicus,2026-04-17 03:00:00 UTC
2552,2026-04-17 07:00:00,4,17,7,8,2012,18.666864,38.592327,Copernicus,Copernicus,2026-04-17 04:00:00 UTC
2553,2026-04-17 08:00:00,4,17,8,9,2012,18.656406,38.543594,Copernicus,Copernicus,2026-04-17 05:00:00 UTC
2554,2026-04-17 09:00:00,4,17,9,10,2012,18.646439,38.485893,Copernicus,Copernicus,2026-04-17 06:00:00 UTC
2555,2026-04-17 10:00:00,4,17,10,11,2012,18.637604,38.423618,Copernicus,Copernicus,2026-04-17 07:00:00 UTC
2556,2026-04-17 11:00:00,4,17,11,12,2012,18.630939,38.366131,Copernicus,Copernicus,2026-04-17 08:00:00 UTC
2557,2026-04-17 12:00:00,4,17,12,13,2012,18.626780,38.319981,Copernicus,Copernicus,2026-04-17 09:00:00 UTC
2558,2026-04-17 13:00:00,4,17,13,14,2012,18.624006,38.285400,Copernicus,Copernicus,2026-04-17 10:00:00 UTC
2559,2026-04-17 14:00:00,4,17,14,15,2012,18.621208,38.259857,Copernicus,Copernicus,2026-04-17 11:00:00 UTC
2560,2026-04-17 15:00:00,4,17,15,16,2012,18.618185,38.241337,Copernicus,Copernicus,2026-04-17 12:00:00 UTC
2561,2026-04-17 16:00:00,4,17,16,17,2012,18.615047,38.229553,Copernicus,Copernicus,2026-04-17 13:00:00 UTC
2562,2026-04-17 17:00:00,4,17,17,18,2012,18.612831,38.226166,Copernicus,Copernicus,2026-04-17 14:00:00 UTC
2563,2026-04-17 18:00:00,4,17,18,19,2012,18.613003,38.232872,Copernicus,Copernicus,2026-04-17 15:00:00 UTC
2564,2026-04-17 19:00:00,4,17,19,20,2012,18.617311,38.250984,Copernicus,Copernicus,2026-04-17 16:00:00 UTC
2565,2026-04-17 20:00:00,4,17,20,21,2012,18.626947,38.278740,Copernicus,Copernicus,2026-04-17 17:00:00 UTC
2566,2026-04-17 21:00:00,4,17,21,22,2012,18.640997,38.312454,Copernicus,Copernicus,2026-04-17 18:00:00 UTC
2567,2026-04-17 22:00:00,4,17,22,23,2012,18.657047,38.348122,Copernicus,Copernicus,2026-04-17 19:00:00 UTC
2568,2026-04-17 23:00:00,4,17,23,24,2012,18.672327,38.382957,Copernicus,Copernicus,2026-04-17 20:00:00 UTC
2569,2026-04-18 00:00:00,4,18,0,1,2012,18.685163,38.415699,Copernicus,Copernicus,2026-04-17 21:00:00 UTC
2570,2026-04-18 01:00:00,4,18,1,2,2012,18.694660,38.443996,Copernicus,Copernicus,2026-04-17 22:00:00 UTC
2571,2026-04-18 02:00:00,4,18,2,3,2012,18.700640,38.464993,Copernicus,Copernicus,2026-04-17 23:00:00 UTC
2572,2026-04-18 03:00:00,4,18,3,4,2012,18.702936,38.475952,Copernicus,Copernicus,2026-04-18 00:00:00 UTC
2573,2026-04-18 04:00:00,4,18,4,5,2012,18.700687,38.475399,Copernicus,Copernicus,2026-04-18 01:00:00 UTC
2574,2026-04-18 05:00:00,4,18,5,6,2012,18.692520,38.461983,Copernicus,Copernicus,2026-04-18 02:00:00 UTC
2575,2026-04-18 06:00:00,4,18,6,7,2012,18.679331,38.434849,Copernicus,Copernicus,2026-04-18 03:00:00 UTC
2576,2026-04-18 07:00:00,4,18,7,8,2012,18.664520,38.393150,Copernicus,Copernicus,2026-04-18 04:00:00 UTC
2577,2026-04-18 08:00:00,4,18,8,9,2012,18.651915,38.338993,Copernicus,Copernicus,2026-04-18 05:00:00 UTC
2578,2026-04-18 09:00:00,4,18,9,10,2012,18.643627,38.281544,Copernicus,Copernicus,2026-04-18 06:00:00 UTC
2579,2026-04-18 10:00:00,4,18,10,11,2012,18.640198,38.234123,Copernicus,Copernicus,2026-04-18 07:00:00 UTC
2580,2026-04-18 11:00:00,4,18,11,12,2012,18.641850,38.208263,Copernicus,Copernicus,2026-04-18 08:00:00 UTC
2581,2026-04-18 12:00:00,4,18,12,13,2012,18.648340,38.207676,Copernicus,Copernicus,2026-04-18 09:00:00 UTC
2582,2026-04-18 13:00:00,4,18,13,14,2012,18.659864,38.229977,Copernicus,Copernicus,2026-04-18 10:00:00 UTC
2583,2026-04-18 14:00:00,4,18,14,15,2012,18.675014,38.269924,Copernicus,Copernicus,2026-04-18 11:00:00 UTC
2584,2026-04-18 15:00:00,4,18,15,16,2012,18.691360,38.322220,Copernicus,Copernicus,2026-04-18 12:00:00 UTC
2585,2026-04-18 16:00:00,4,18,16,17,2012,18.708473,38.381828,Copernicus,Copernicus,2026-04-18 13:00:00 UTC
2586,2026-04-18 17:00:00,4,18,17,18,2012,18.727154,38.445206,Copernicus,Copernicus,2026-04-18 14:00:00 UTC
2587,2026-04-18 18:00:00,4,18,18,19,2012,18.744791,38.505314,Copernicus,Copernicus,2026-04-18 15:00:00 UTC
2588,2026-04-18 19:00:00,4,18,19,20,2012,18.760065,38.558243,Copernicus,Copernicus,2026-04-18 16:00:00 UTC
2589,2026-04-18 20:00:00,4,18,20,21,2012,18.772678,38.602222,Copernicus,Copernicus,2026-04-18 17:00:00 UTC
2590,2026-04-18 21:00:00,4,18,21,22,2012,18.782015,38.635761,Copernicus,Copernicus,2026-04-18 18:00:00 UTC
2591,2026-04-18 22:00:00,4,18,22,23,2012,18.787178,38.657398,Copernicus,Copernicus,2026-04-18 19:00:00 UTC
2592,2026-04-18 23:00:00,4,18,23,24,2012,18.787096,38.664726,Copernicus,Copernicus,2026-04-18 20:00:00 UTC
2593,2026-04-19 00:00:00,4,19,0,1,2012,18.780926,38.655300,Copernicus,Copernicus,2026-04-18 21:00:00 UTC
2594,2026-04-19 01:00:00,4,19,1,2,2012,18.768320,38.620667,Copernicus,Copernicus,2026-04-18 22:00:00 UTC
2595,2026-04-19 02:00:00,4,19,2,3,2012,18.749245,38.539276,Copernicus,Copernicus,2026-04-18 23:00:00 UTC
2596,2026-04-19 03:00:00,4,19,3,4,2012,18.724848,38.396843,Copernicus,Copernicus,2026-04-19 00:00:00 UTC
2597,2026-04-19 04:00:00,4,19,4,5,2012,18.698956,38.215565,Copernicus,Copernicus,2026-04-19 01:00:00 UTC
2598,2026-04-19 05:00:00,4,19,5,6,2012,18.675232,38.049957,Copernicus,Copernicus,2026-04-19 02:00:00 UTC
2599,2026-04-19 06:00:00,4,19,6,7,2012,18.662497,37.947620,Copernicus,Copernicus,2026-04-19 03:00:00 UTC
2600,2026-04-19 07:00:00,4,19,7,8,2012,18.665712,37.921940,Copernicus,Copernicus,2026-04-19 04:00:00 UTC
2601,2026-04-19 08:00:00,4,19,8,9,2012,18.684483,37.961849,Copernicus,Copernicus,2026-04-19 05:00:00 UTC
2602,2026-04-19 09:00:00,4,19,9,10,2012,18.713018,38.045609,Copernicus,Copernicus,2026-04-19 06:00:00 UTC
2603,2026-04-19 10:00:00,4,19,10,11,2012,18.745646,38.147018,Copernicus,Copernicus,2026-04-19 07:00:00 UTC
2604,2026-04-19 11:00:00,4,19,11,12,2012,18.778315,38.246510,Copernicus,Copernicus,2026-04-19 08:00:00 UTC
2605,2026-04-19 12:00:00,4,19,12,13,2012,18.808559,38.329372,Copernicus,Copernicus,2026-04-19 09:00:00 UTC
2606,2026-04-19 13:00:00,4,19,13,14,2012,18.836401,38.390484,Copernicus,Copernicus,2026-04-19 10:00:00 UTC
2607,2026-04-19 14:00:00,4,19,14,15,2012,18.862442,38.429607,Copernicus,Copernicus,2026-04-19 11:00:00 UTC
2608,2026-04-19 15:00:00,4,19,15,16,2012,18.887768,38.446976,Copernicus,Copernicus,2026-04-19 12:00:00 UTC
2609,2026-04-19 16:00:00,4,19,16,17,2012,18.911562,38.447701,Copernicus,Copernicus,2026-04-19 13:00:00 UTC
2610,2026-04-19 17:00:00,4,19,17,18,2012,18.930916,38.436855,Copernicus,Copernicus,2026-04-19 14:00:00 UTC
2611,2026-04-19 18:00:00,4,19,18,19,2012,18.944010,38.415962,Copernicus,Copernicus,2026-04-19 15:00:00 UTC
2612,2026-04-19 19:00:00,4,19,19,20,2012,18.949783,38.386017,Copernicus,Copernicus,2026-04-19 16:00:00 UTC
2613,2026-04-19 20:00:00,4,19,20,21,2012,18.948557,38.346825,Copernicus,Copernicus,2026-04-19 17:00:00 UTC
2614,2026-04-19 21:00:00,4,19,21,22,2012,18.941772,38.302002,Copernicus,Copernicus,2026-04-19 18:00:00 UTC
2615,2026-04-19 22:00:00,4,19,22,23,2012,18.932074,38.258530,Copernicus,Copernicus,2026-04-19 19:00:00 UTC
2616,2026-04-19 23:00:00,4,19,23,24,2012,18.922083,38.224525,Copernicus,Copernicus,2026-04-19 20:00:00 UTC
2617,2026-04-20 00:00:00,4,20,0,1,2012,18.913944,38.205036,Copernicus,Copernicus,2026-04-19 21:00:00 UTC
2618,2026-04-20 01:00:00,4,20,1,2,2012,18.909739,38.200966,Copernicus,Copernicus,2026-04-19 22:00:00 UTC
2619,2026-04-20 02:00:00,4,20,2,3,2012,18.909655,38.209049,Copernicus,Copernicus,2026-04-19 23:00:00 UTC
2620,2026-04-20 03:00:00,4,20,3,4,2012,18.912415,38.224464,Copernicus,Copernicus,2026-04-20 00:00:00 UTC
2621,2026-04-20 04:00:00,4,20,4,5,2012,18.915985,38.242565,Copernicus,Copernicus,2026-04-20 01:00:00 UTC
2622,2026-04-20 05:00:00,4,20,5,6,2012,18.918543,38.258831,Copernicus,Copernicus,2026-04-20 02:00:00 UTC
2623,2026-04-20 06:00:00,4,20,6,7,2012,18.919325,38.269314,Copernicus,Copernicus,2026-04-20 03:00:00 UTC
2624,2026-04-20 07:00:00,4,20,7,8,2012,18.918419,38.272167,Copernicus,Copernicus,2026-04-20 04:00:00 UTC
2625,2026-04-20 08:00:00,4,20,8,9,2012,18.917400,38.267303,Copernicus,Copernicus,2026-04-20 05:00:00 UTC
2626,2026-04-20 09:00:00,4,20,9,10,2012,18.917139,38.256264,Copernicus,Copernicus,2026-04-20 06:00:00 UTC
2627,2026-04-20 10:00:00,4,20,10,11,2012,18.918413,38.243824,Copernicus,Copernicus,2026-04-20 07:00:00 UTC
2628,2026-04-20 11:00:00,4,20,11,12,2012,18.921900,38.233776,Copernicus,Copernicus,2026-04-20 08:00:00 UTC
2629,2026-04-20 12:00:00,4,20,12,13,2012,18.927166,38.228378,Copernicus,Copernicus,2026-04-20 09:00:00 UTC
2630,2026-04-20 13:00:00,4,20,13,14,2012,18.932383,38.229893,Copernicus,Copernicus,2026-04-20 10:00:00 UTC
2631,2026-04-20 14:00:00,4,20,14,15,2012,18.936869,38.239056,Copernicus,Copernicus,2026-04-20 11:00:00 UTC
2632,2026-04-20 15:00:00,4,20,15,16,2012,18.940504,38.254944,Copernicus,Copernicus,2026-04-20 12:00:00 UTC
2633,2026-04-20 16:00:00,4,20,16,17,2012,18.942822,38.275360,Copernicus,Copernicus,2026-04-20 13:00:00 UTC
2634,2026-04-20 17:00:00,4,20,17,18,2012,18.943239,38.298134,Copernicus,Copernicus,2026-04-20 14:00:00 UTC
2635,2026-04-20 18:00:00,4,20,18,19,2012,18.941378,38.320972,Copernicus,Copernicus,2026-04-20 15:00:00 UTC
2636,2026-04-20 19:00:00,4,20,19,20,2012,18.937531,38.341942,Copernicus,Copernicus,2026-04-20 16:00:00 UTC
2637,2026-04-20 20:00:00,4,20,20,21,2012,18.932661,38.360428,Copernicus,Copernicus,2026-04-20 17:00:00 UTC
2638,2026-04-20 21:00:00,4,20,21,22,2012,18.927050,38.376247,Copernicus,Copernicus,2026-04-20 18:00:00 UTC
2639,2026-04-20 22:00:00,4,20,22,23,2012,18.920288,38.388439,Copernicus,Copernicus,2026-04-20 19:00:00 UTC
2640,2026-04-20 23:00:00,4,20,23,24,2012,18.912109,38.395466,Copernicus,Copernicus,2026-04-20 20:00:00 UTC
2641,2026-04-21 00:00:00,4,21,0,1,2012,18.902256,38.395393,Copernicus,Copernicus,2026-04-20 21:00:00 UTC
2642,2026-04-21 01:00:00,4,21,1,2,2012,18.890404,38.386257,Copernicus,Copernicus,2026-04-20 22:00:00 UTC
2643,2026-04-21 02:00:00,4,21,2,3,2012,18.876154,38.366177,Copernicus,Copernicus,2026-04-20 23:00:00 UTC
2644,2026-04-21 03:00:00,4,21,3,4,2012,18.859274,38.334240,Copernicus,Copernicus,2026-04-21 00:00:00 UTC
2645,2026-04-21 04:00:00,4,21,4,5,2012,18.840036,38.291019,Copernicus,Copernicus,2026-04-21 01:00:00 UTC
2646,2026-04-21 05:00:00,4,21,5,6,2012,18.819689,38.238762,Copernicus,Copernicus,2026-04-21 02:00:00 UTC
2647,2026-04-21 06:00:00,4,21,6,7,2012,18.800425,38.182251,Copernicus,Copernicus,2026-04-21 03:00:00 UTC
2648,2026-04-21 07:00:00,4,21,7,8,2012,18.785328,38.128891,Copernicus,Copernicus,2026-04-21 04:00:00 UTC
2649,2026-04-21 08:00:00,4,21,8,9,2012,18.776506,38.086254,Copernicus,Copernicus,2026-04-21 05:00:00 UTC
2650,2026-04-21 09:00:00,4,21,9,10,2012,18.774736,38.060028,Copernicus,Copernicus,2026-04-21 06:00:00 UTC
2651,2026-04-21 10:00:00,4,21,10,11,2012,18.780785,38.053352,Copernicus,Copernicus,2026-04-21 07:00:00 UTC
2652,2026-04-21 11:00:00,4,21,11,12,2012,18.795475,38.066582,Copernicus,Copernicus,2026-04-21 08:00:00 UTC
2653,2026-04-21 12:00:00,4,21,12,13,2012,18.816843,38.096535,Copernicus,Copernicus,2026-04-21 09:00:00 UTC
2654,2026-04-21 13:00:00,4,21,13,14,2012,18.840687,38.137936,Copernicus,Copernicus,2026-04-21 10:00:00 UTC
2655,2026-04-21 14:00:00,4,21,14,15,2012,18.863949,38.184586,Copernicus,Copernicus,2026-04-21 11:00:00 UTC
2656,2026-04-21 15:00:00,4,21,15,16,2012,18.884138,38.230808,Copernicus,Copernicus,2026-04-21 12:00:00 UTC
2657,2026-04-21 16:00:00,4,21,16,17,2012,18.900230,38.273392,Copernicus,Copernicus,2026-04-21 13:00:00 UTC
2658,2026-04-21 17:00:00,4,21,17,18,2012,18.912218,38.311234,Copernicus,Copernicus,2026-04-21 14:00:00 UTC
2659,2026-04-21 18:00:00,4,21,18,19,2012,18.920242,38.344498,Copernicus,Copernicus,2026-04-21 15:00:00 UTC
2660,2026-04-21 19:00:00,4,21,19,20,2012,18.924782,38.373356,Copernicus,Copernicus,2026-04-21 16:00:00 UTC
2661,2026-04-21 20:00:00,4,21,20,21,2012,18.927065,38.398731,Copernicus,Copernicus,2026-04-21 17:00:00 UTC
2662,2026-04-21 21:00:00,4,21,21,22,2012,18.927633,38.421371,Copernicus,Copernicus,2026-04-21 18:00:00 UTC
2663,2026-04-21 22:00:00,4,21,22,23,2012,18.926889,38.441277,Copernicus,Copernicus,2026-04-21 19:00:00 UTC
2664,2026-04-21 23:00:00,4,21,23,24,2012,18.925245,38.458214,Copernicus,Copernicus,2026-04-21 20:00:00 UTC
2665,2026-04-22 00:00:00,4,22,0,1,2012,18.923056,38.471748,Copernicus,Copernicus,2026-04-21 21:00:00 UTC
2666,2026-04-22 01:00:00,4,22,1,2,2012,18.920580,38.481590,Copernicus,Copernicus,2026-04-21 22:00:00 UTC
2667,2026-04-22 02:00:00,4,22,2,3,2012,18.918058,38.487743,Copernicus,Copernicus,2026-04-21 23:00:00 UTC
2668,2026-04-22 03:00:00,4,22,3,4,2012,18.915600,38.490345,Copernicus,Copernicus,2026-04-22 00:00:00 UTC
2669,2026-04-22 04:00:00,4,22,4,5,2012,18.913061,38.488911,Copernicus,Copernicus,2026-04-22 01:00:00 UTC
2670,2026-04-22 05:00:00,4,22,5,6,2012,18.910269,38.482475,Copernicus,Copernicus,2026-04-22 02:00:00 UTC
2671,2026-04-22 06:00:00,4,22,6,7,2012,18.907368,38.469307,Copernicus,Copernicus,2026-04-22 03:00:00 UTC
2672,2026-04-22 07:00:00,4,22,7,8,2012,18.905495,38.447197,Copernicus,Copernicus,2026-04-22 04:00:00 UTC
2673,2026-04-22 08:00:00,4,22,8,9,2012,18.906414,38.414375,Copernicus,Copernicus,2026-04-22 05:00:00 UTC
2674,2026-04-22 09:00:00,4,22,9,10,2012,18.910877,38.371742,Copernicus,Copernicus,2026-04-22 06:00:00 UTC
2675,2026-04-22 10:00:00,4,22,10,11,2012,18.918617,38.324604,Copernicus,Copernicus,2026-04-22 07:00:00 UTC
2676,2026-04-22 11:00:00,4,22,11,12,2012,18.929262,38.279156,Copernicus,Copernicus,2026-04-22 08:00:00 UTC
2677,2026-04-22 12:00:00,4,22,12,13,2012,18.942650,38.244572,Copernicus,Copernicus,2026-04-22 09:00:00 UTC
2678,2026-04-22 13:00:00,4,22,13,14,2012,18.958832,38.227921,Copernicus,Copernicus,2026-04-22 10:00:00 UTC
2679,2026-04-22 14:00:00,4,22,14,15,2012,18.976532,38.231823,Copernicus,Copernicus,2026-04-22 11:00:00 UTC
2680,2026-04-22 15:00:00,4,22,15,16,2012,18.992516,38.253605,Copernicus,Copernicus,2026-04-22 12:00:00 UTC
2681,2026-04-22 16:00:00,4,22,16,17,2012,19.004520,38.289948,Copernicus,Copernicus,2026-04-22 13:00:00 UTC
2682,2026-04-22 17:00:00,4,22,17,18,2012,19.012943,38.337280,Copernicus,Copernicus,2026-04-22 14:00:00 UTC
2683,2026-04-22 18:00:00,4,22,18,19,2012,19.020344,38.389942,Copernicus,Copernicus,2026-04-22 15:00:00 UTC
2684,2026-04-22 19:00:00,4,22,19,20,2012,19.027773,38.443398,Copernicus,Copernicus,2026-04-22 16:00:00 UTC
2685,2026-04-22 20:00:00,4,22,20,21,2012,19.034401,38.493065,Copernicus,Copernicus,2026-04-22 17:00:00 UTC
2686,2026-04-22 21:00:00,4,22,21,22,2012,19.038879,38.535713,Copernicus,Copernicus,2026-04-22 18:00:00 UTC
2687,2026-04-22 22:00:00,4,22,22,23,2012,19.041182,38.569744,Copernicus,Copernicus,2026-04-22 19:00:00 UTC
2688,2026-04-22 23:00:00,4,22,23,24,2012,19.041056,38.595211,Copernicus,Copernicus,2026-04-22 20:00:00 UTC
2689,2026-04-23 00:00:00,4,23,0,1,2012,19.038019,38.612877,Copernicus,Copernicus,2026-04-22 21:00:00 UTC
2690,2026-04-23 01:00:00,4,23,1,2,2012,19.033197,38.622898,Copernicus,Copernicus,2026-04-22 22:00:00 UTC
2691,2026-04-23 02:00:00,4,23,2,3,2012,19.027592,38.625416,Copernicus,Copernicus,2026-04-22 23:00:00 UTC
2692,2026-04-23 03:00:00,4,23,3,4,2012,19.021887,38.620586,Copernicus,Copernicus,2026-04-23 00:00:00 UTC
2693,2026-04-23 04:00:00,4,23,4,5,2012,19.016516,38.608047,Copernicus,Copernicus,2026-04-23 01:00:00 UTC
2694,2026-04-23 05:00:00,4,23,5,6,2012,19.011509,38.586754,Copernicus,Copernicus,2026-04-23 02:00:00 UTC
2695,2026-04-23 06:00:00,4,23,6,7,2012,19.006271,38.555798,Copernicus,Copernicus,2026-04-23 03:00:00 UTC
2696,2026-04-23 07:00:00,4,23,7,8,2012,19.000456,38.514641,Copernicus,Copernicus,2026-04-23 04:00:00 UTC
2697,2026-04-23 08:00:00,4,23,8,9,2012,18.994701,38.463501,Copernicus,Copernicus,2026-04-23 05:00:00 UTC
2698,2026-04-23 09:00:00,4,23,9,10,2012,18.989954,38.404217,Copernicus,Copernicus,2026-04-23 06:00:00 UTC
2699,2026-04-23 10:00:00,4,23,10,11,2012,18.987249,38.340981,Copernicus,Copernicus,2026-04-23 07:00:00 UTC
2700,2026-04-23 11:00:00,4,23,11,12,2012,18.987585,38.280441,Copernicus,Copernicus,2026-04-23 08:00:00 UTC
2701,2026-04-23 12:00:00,4,23,12,13,2012,18.991344,38.231758,Copernicus,Copernicus,2026-04-23 09:00:00 UTC
2702,2026-04-23 13:00:00,4,23,13,14,2012,18.999102,38.202930,Copernicus,Copernicus,2026-04-23 10:00:00 UTC
2703,2026-04-23 14:00:00,4,23,14,15,2012,19.010891,38.197731,Copernicus,Copernicus,2026-04-23 11:00:00 UTC
2704,2026-04-23 15:00:00,4,23,15,16,2012,19.024847,38.215786,Copernicus,Copernicus,2026-04-23 12:00:00 UTC
2705,2026-04-23 16:00:00,4,23,16,17,2012,19.041439,38.256203,Copernicus,Copernicus,2026-04-23 13:00:00 UTC
2706,2026-04-23 17:00:00,4,23,17,18,2012,19.062025,38.317551,Copernicus,Copernicus,2026-04-23 14:00:00 UTC
2707,2026-04-23 18:00:00,4,23,18,19,2012,19.085405,38.393074,Copernicus,Copernicus,2026-04-23 15:00:00 UTC
2708,2026-04-23 19:00:00,4,23,19,20,2012,19.107450,38.471527,Copernicus,Copernicus,2026-04-23 16:00:00 UTC
2709,2026-04-23 20:00:00,4,23,20,21,2012,19.124632,38.543232,Copernicus,Copernicus,2026-04-23 17:00:00 UTC
2710,2026-04-23 21:00:00,4,23,21,22,2012,19.136585,38.602516,Copernicus,Copernicus,2026-04-23 18:00:00 UTC
2711,2026-04-23 22:00:00,4,23,22,23,2012,19.143410,38.646576,Copernicus,Copernicus,2026-04-23 19:00:00 UTC
2712,2026-04-23 23:00:00,4,23,23,24,2012,19.144518,38.676266,Copernicus,Copernicus,2026-04-23 20:00:00 UTC
2713,2026-04-24 00:00:00,4,24,0,1,2012,19.141745,38.693619,Copernicus,Copernicus,2026-04-23 21:00:00 UTC
2714,2026-04-24 01:00:00,4,24,1,2,2012,19.137442,38.700474,Copernicus,Copernicus,2026-04-23 22:00:00 UTC
2715,2026-04-24 02:00:00,4,24,2,3,2012,19.133104,38.698292,Copernicus,Copernicus,2026-04-23 23:00:00 UTC
2716,2026-04-24 03:00:00,4,24,3,4,2012,19.129736,38.688190,Copernicus,Copernicus,2026-04-24 00:00:00 UTC
2717,2026-04-24 04:00:00,4,24,4,5,2012,19.127159,38.670219,Copernicus,Copernicus,2026-04-24 01:00:00 UTC
2718,2026-04-24 05:00:00,4,24,5,6,2012,19.124247,38.644138,Copernicus,Copernicus,2026-04-24 02:00:00 UTC
2719,2026-04-24 06:00:00,4,24,6,7,2012,19.121149,38.609112,Copernicus,Copernicus,2026-04-24 03:00:00 UTC
2720,2026-04-24 07:00:00,4,24,7,8,2012,19.119112,38.563747,Copernicus,Copernicus,2026-04-24 04:00:00 UTC
2721,2026-04-24 08:00:00,4,24,8,9,2012,19.119640,38.506996,Copernicus,Copernicus,2026-04-24 05:00:00 UTC
2722,2026-04-24 09:00:00,4,24,9,10,2012,19.124407,38.439812,Copernicus,Copernicus,2026-04-24 06:00:00 UTC
2723,2026-04-24 10:00:00,4,24,10,11,2012,19.132797,38.367947,Copernicus,Copernicus,2026-04-24 07:00:00 UTC
2724,2026-04-24 11:00:00,4,24,11,12,2012,19.144384,38.301960,Copernicus,Copernicus,2026-04-24 08:00:00 UTC
2725,2026-04-24 12:00:00,4,24,12,13,2012,19.158157,38.252232,Copernicus,Copernicus,2026-04-24 09:00:00 UTC
2726,2026-04-24 13:00:00,4,24,13,14,2012,19.172918,38.227386,Copernicus,Copernicus,2026-04-24 10:00:00 UTC
2727,2026-04-24 14:00:00,4,24,14,15,2012,19.187975,38.231293,Copernicus,Copernicus,2026-04-24 11:00:00 UTC
2728,2026-04-24 15:00:00,4,24,15,16,2012,19.201588,38.262184,Copernicus,Copernicus,2026-04-24 12:00:00 UTC
2729,2026-04-24 16:00:00,4,24,16,17,2012,19.212461,38.315571,Copernicus,Copernicus,2026-04-24 13:00:00 UTC
2730,2026-04-24 17:00:00,4,24,17,18,2012,19.220789,38.384800,Copernicus,Copernicus,2026-04-24 14:00:00 UTC
2731,2026-04-24 18:00:00,4,24,18,19,2012,19.227381,38.461639,Copernicus,Copernicus,2026-04-24 15:00:00 UTC
2732,2026-04-24 19:00:00,4,24,19,20,2012,19.231524,38.535740,Copernicus,Copernicus,2026-04-24 16:00:00 UTC
2733,2026-04-24 20:00:00,4,24,20,21,2012,19.232719,38.599449,Copernicus,Copernicus,2026-04-24 17:00:00 UTC
2734,2026-04-24 21:00:00,4,24,21,22,2012,19.231045,38.649311,Copernicus,Copernicus,2026-04-24 18:00:00 UTC
2735,2026-04-24 22:00:00,4,24,22,23,2012,19.227539,38.685146,Copernicus,Copernicus,2026-04-24 19:00:00 UTC
2736,2026-04-24 23:00:00,4,24,23,24,2012,19.223333,38.708309,Copernicus,Copernicus,2026-04-24 20:00:00 UTC
2737,2026-04-25 00:00:00,4,25,0,1,2012,19.219805,38.720203,Copernicus,Copernicus,2026-04-24 21:00:00 UTC
2738,2026-04-25 01:00:00,4,25,1,2,2012,19.217653,38.722031,Copernicus,Copernicus,2026-04-24 22:00:00 UTC
2739,2026-04-25 02:00:00,4,25,2,3,2012,19.217518,38.714508,Copernicus,Copernicus,2026-04-24 23:00:00 UTC
2740,2026-04-25 03:00:00,4,25,3,4,2012,19.219584,38.697948,Copernicus,Copernicus,2026-04-25 00:00:00 UTC
2741,2026-04-25 04:00:00,4,25,4,5,2012,19.223667,38.672466,Copernicus,Copernicus,2026-04-25 01:00:00 UTC
2742,2026-04-25 05:00:00,4,25,5,6,2012,19.228865,38.638428,Copernicus,Copernicus,2026-04-25 02:00:00 UTC
2743,2026-04-25 06:00:00,4,25,6,7,2012,19.234823,38.595539,Copernicus,Copernicus,2026-04-25 03:00:00 UTC
2744,2026-04-25 07:00:00,4,25,7,8,2012,19.241522,38.543518,Copernicus,Copernicus,2026-04-25 04:00:00 UTC
2745,2026-04-25 08:00:00,4,25,8,9,2012,19.248600,38.482822,Copernicus,Copernicus,2026-04-25 05:00:00 UTC
2746,2026-04-25 09:00:00,4,25,9,10,2012,19.255787,38.416496,Copernicus,Copernicus,2026-04-25 06:00:00 UTC
2747,2026-04-25 10:00:00,4,25,10,11,2012,19.263367,38.350731,Copernicus,Copernicus,2026-04-25 07:00:00 UTC
2748,2026-04-25 11:00:00,4,25,11,12,2012,19.271011,38.294689,Copernicus,Copernicus,2026-04-25 08:00:00 UTC
2749,2026-04-25 12:00:00,4,25,12,13,2012,19.278223,38.257935,Copernicus,Copernicus,2026-04-25 09:00:00 UTC
2750,2026-04-25 13:00:00,4,25,13,14,2012,19.284925,38.247501,Copernicus,Copernicus,2026-04-25 10:00:00 UTC
2751,2026-04-25 14:00:00,4,25,14,15,2012,19.290920,38.266090,Copernicus,Copernicus,2026-04-25 11:00:00 UTC
2752,2026-04-25 15:00:00,4,25,15,16,2012,19.295265,38.311275,Copernicus,Copernicus,2026-04-25 12:00:00 UTC
2753,2026-04-25 16:00:00,4,25,16,17,2012,19.297422,38.377155,Copernicus,Copernicus,2026-04-25 13:00:00 UTC
2754,2026-04-25 17:00:00,4,25,17,18,2012,19.296934,38.453762,Copernicus,Copernicus,2026-04-25 14:00:00 UTC
2755,2026-04-25 18:00:00,4,25,18,19,2012,19.293596,38.529274,Copernicus,Copernicus,2026-04-25 15:00:00 UTC
2756,2026-04-25 19:00:00,4,25,19,20,2012,19.286379,38.595154,Copernicus,Copernicus,2026-04-25 16:00:00 UTC
2757,2026-04-25 20:00:00,4,25,20,21,2012,19.276217,38.647552,Copernicus,Copernicus,2026-04-25 17:00:00 UTC
2758,2026-04-25 21:00:00,4,25,21,22,2012,19.266506,38.685829,Copernicus,Copernicus,2026-04-25 18:00:00 UTC
2759,2026-04-25 22:00:00,4,25,22,23,2012,19.258516,38.711300,Copernicus,Copernicus,2026-04-25 19:00:00 UTC
2760,2026-04-25 23:00:00,4,25,23,24,2012,19.252733,38.725578,Copernicus,Copernicus,2026-04-25 20:00:00 UTC
2761,2026-04-26 00:00:00,4,26,0,1,2012,19.249231,38.729832,Copernicus,Copernicus,2026-04-25 21:00:00 UTC
2762,2026-04-26 01:00:00,4,26,1,2,2012,19.248627,38.724380,Copernicus,Copernicus,2026-04-25 22:00:00 UTC
2763,2026-04-26 02:00:00,4,26,2,3,2012,19.250902,38.708858,Copernicus,Copernicus,2026-04-25 23:00:00 UTC
2764,2026-04-26 03:00:00,4,26,3,4,2012,19.255785,38.683273,Copernicus,Copernicus,2026-04-26 00:00:00 UTC
2765,2026-04-26 04:00:00,4,26,4,5,2012,19.262756,38.647484,Copernicus,Copernicus,2026-04-26 01:00:00 UTC
2766,2026-04-26 05:00:00,4,26,5,6,2012,19.270473,38.602100,Copernicus,Copernicus,2026-04-26 02:00:00 UTC
2767,2026-04-26 06:00:00,4,26,6,7,2012,19.277954,38.549252,Copernicus,Copernicus,2026-04-26 03:00:00 UTC
2768,2026-04-26 07:00:00,4,26,7,8,2012,19.285374,38.492828,Copernicus,Copernicus,2026-04-26 04:00:00 UTC
2769,2026-04-26 08:00:00,4,26,8,9,2012,19.293163,38.437775,Copernicus,Copernicus,2026-04-26 05:00:00 UTC
2770,2026-04-26 09:00:00,4,26,9,10,2012,19.301975,38.390797,Copernicus,Copernicus,2026-04-26 06:00:00 UTC
2771,2026-04-26 10:00:00,4,26,10,11,2012,19.312654,38.359470,Copernicus,Copernicus,2026-04-26 07:00:00 UTC
2772,2026-04-26 11:00:00,4,26,11,12,2012,19.324438,38.349556,Copernicus,Copernicus,2026-04-26 08:00:00 UTC
2773,2026-04-26 12:00:00,4,26,12,13,2012,19.335518,38.364231,Copernicus,Copernicus,2026-04-26 09:00:00 UTC
2774,2026-04-26 13:00:00,4,26,13,14,2012,19.343872,38.401962,Copernicus,Copernicus,2026-04-26 10:00:00 UTC
2775,2026-04-26 14:00:00,4,26,14,15,2012,19.346962,38.457554,Copernicus,Copernicus,2026-04-26 11:00:00 UTC
2776,2026-04-26 15:00:00,4,26,15,16,2012,19.346762,38.524311,Copernicus,Copernicus,2026-04-26 12:00:00 UTC
2777,2026-04-26 16:00:00,4,26,16,17,2012,19.344364,38.594124,Copernicus,Copernicus,2026-04-26 13:00:00 UTC
2778,2026-04-26 17:00:00,4,26,17,18,2012,19.337980,38.660683,Copernicus,Copernicus,2026-04-26 14:00:00 UTC
2779,2026-04-26 18:00:00,4,26,18,19,2012,19.327555,38.718349,Copernicus,Copernicus,2026-04-26 15:00:00 UTC
2780,2026-04-26 19:00:00,4,26,19,20,2012,19.315660,38.763672,Copernicus,Copernicus,2026-04-26 16:00:00 UTC
2781,2026-04-26 20:00:00,4,26,20,21,2012,19.304592,38.796291,Copernicus,Copernicus,2026-04-26 17:00:00 UTC
2782,2026-04-26 21:00:00,4,26,21,22,2012,19.295866,38.817551,Copernicus,Copernicus,2026-04-26 18:00:00 UTC
2783,2026-04-26 22:00:00,4,26,22,23,2012,19.290161,38.829044,Copernicus,Copernicus,2026-04-26 19:00:00 UTC
2784,2026-04-26 23:00:00,4,26,23,24,2012,19.287580,38.831970,Copernicus,Copernicus,2026-04-26 20:00:00 UTC
2785,2026-04-27 00:00:00,4,27,0,1,2012,19.287386,38.826012,Copernicus,Copernicus,2026-04-26 21:00:00 UTC
2786,2026-04-27 01:00:00,4,27,1,2,2012,19.289419,38.809044,Copernicus,Copernicus,2026-04-26 22:00:00 UTC
2787,2026-04-27 02:00:00,4,27,2,3,2012,19.293676,38.778328,Copernicus,Copernicus,2026-04-26 23:00:00 UTC
2788,2026-04-27 03:00:00,4,27,3,4,2012,19.299887,38.730762,Copernicus,Copernicus,2026-04-27 00:00:00 UTC
2789,2026-04-27 04:00:00,4,27,4,5,2012,19.307938,38.664173,Copernicus,Copernicus,2026-04-27 01:00:00 UTC
2790,2026-04-27 05:00:00,4,27,5,6,2012,19.317984,38.580429,Copernicus,Copernicus,2026-04-27 02:00:00 UTC
2791,2026-04-27 06:00:00,4,27,6,7,2012,19.329769,38.490860,Copernicus,Copernicus,2026-04-27 03:00:00 UTC
2792,2026-04-27 07:00:00,4,27,7,8,2012,19.342411,38.413132,Copernicus,Copernicus,2026-04-27 04:00:00 UTC
2793,2026-04-27 08:00:00,4,27,8,9,2012,19.354427,38.362244,Copernicus,Copernicus,2026-04-27 05:00:00 UTC
2794,2026-04-27 09:00:00,4,27,9,10,2012,19.365112,38.345642,Copernicus,Copernicus,2026-04-27 06:00:00 UTC
2795,2026-04-27 10:00:00,4,27,10,11,2012,19.375439,38.360111,Copernicus,Copernicus,2026-04-27 07:00:00 UTC
2796,2026-04-27 11:00:00,4,27,11,12,2012,19.385223,38.395672,Copernicus,Copernicus,2026-04-27 08:00:00 UTC
2797,2026-04-27 12:00:00,4,27,12,13,2012,19.394133,38.440483,Copernicus,Copernicus,2026-04-27 09:00:00 UTC
2798,2026-04-27 13:00:00,4,27,13,14,2012,19.403189,38.485008,Copernicus,Copernicus,2026-04-27 10:00:00 UTC
2799,2026-04-27 14:00:00,4,27,14,15,2012,19.413591,38.522354,Copernicus,Copernicus,2026-04-27 11:00:00 UTC
2800,2026-04-27 15:00:00,4,27,15,16,2012,19.423639,38.547085,Copernicus,Copernicus,2026-04-27 12:00:00 UTC
2801,2026-04-27 16:00:00,4,27,16,17,2012,19.434622,38.558640,Copernicus,Copernicus,2026-04-27 13:00:00 UTC
2802,2026-04-27 17:00:00,4,27,17,18,2012,19.446606,38.559383,Copernicus,Copernicus,2026-04-27 14:00:00 UTC
2803,2026-04-27 18:00:00,4,27,18,19,2012,19.458174,38.551846,Copernicus,Copernicus,2026-04-27 15:00:00 UTC
2804,2026-04-27 19:00:00,4,27,19,20,2012,19.469116,38.538689,Copernicus,Copernicus,2026-04-27 16:00:00 UTC
2805,2026-04-27 20:00:00,4,27,20,21,2012,19.479523,38.522926,Copernicus,Copernicus,2026-04-27 17:00:00 UTC
2806,2026-04-27 21:00:00,4,27,21,22,2012,19.489010,38.507259,Copernicus,Copernicus,2026-04-27 18:00:00 UTC
2807,2026-04-27 22:00:00,4,27,22,23,2012,19.497023,38.493828,Copernicus,Copernicus,2026-04-27 19:00:00 UTC
2808,2026-04-27 23:00:00,4,27,23,24,2012,19.503351,38.483925,Copernicus,Copernicus,2026-04-27 20:00:00 UTC
2809,2026-04-28 00:00:00,4,28,0,1,2012,19.507933,38.478264,Copernicus,Copernicus,2026-04-27 21:00:00 UTC
2810,2026-04-28 01:00:00,4,28,1,2,2012,19.510893,38.477249,Copernicus,Copernicus,2026-04-27 22:00:00 UTC
2811,2026-04-28 02:00:00,4,28,2,3,2012,19.512426,38.480576,Copernicus,Copernicus,2026-04-27 23:00:00 UTC
2812,2026-04-28 03:00:00,4,28,3,4,2012,19.512428,38.487431,Copernicus,Copernicus,2026-04-28 00:00:00 UTC
2813,2026-04-28 04:00:00,4,28,4,5,2012,19.510853,38.496864,Copernicus,Copernicus,2026-04-28 01:00:00 UTC
2814,2026-04-28 05:00:00,4,28,5,6,2012,19.508394,38.507072,Copernicus,Copernicus,2026-04-28 02:00:00 UTC
2815,2026-04-28 06:00:00,4,28,6,7,2012,19.506023,38.516144,Copernicus,Copernicus,2026-04-28 03:00:00 UTC
2816,2026-04-28 07:00:00,4,28,7,8,2012,19.505644,38.522026,Copernicus,Copernicus,2026-04-28 04:00:00 UTC
2817,2026-04-28 08:00:00,4,28,8,9,2012,19.508440,38.522720,Copernicus,Copernicus,2026-04-28 05:00:00 UTC
2818,2026-04-28 09:00:00,4,28,9,10,2012,19.513872,38.516212,Copernicus,Copernicus,2026-04-28 06:00:00 UTC
2819,2026-04-28 10:00:00,4,28,10,11,2012,19.522669,38.499664,Copernicus,Copernicus,2026-04-28 07:00:00 UTC
2820,2026-04-28 11:00:00,4,28,11,12,2012,19.535173,38.471851,Copernicus,Copernicus,2026-04-28 08:00:00 UTC
2821,2026-04-28 12:00:00,4,28,12,13,2012,19.551735,38.433590,Copernicus,Copernicus,2026-04-28 09:00:00 UTC
2822,2026-04-28 13:00:00,4,28,13,14,2012,19.572168,38.388771,Copernicus,Copernicus,2026-04-28 10:00:00 UTC
2823,2026-04-28 14:00:00,4,28,14,15,2012,19.594942,38.344635,Copernicus,Copernicus,2026-04-28 11:00:00 UTC
2824,2026-04-28 15:00:00,4,28,15,16,2012,19.618444,38.309486,Copernicus,Copernicus,2026-04-28 12:00:00 UTC
2825,2026-04-28 16:00:00,4,28,16,17,2012,19.641109,38.290031,Copernicus,Copernicus,2026-04-28 13:00:00 UTC
2826,2026-04-28 17:00:00,4,28,17,18,2012,19.661478,38.289619,Copernicus,Copernicus,2026-04-28 14:00:00 UTC
2827,2026-04-28 18:00:00,4,28,18,19,2012,19.677998,38.305973,Copernicus,Copernicus,2026-04-28 15:00:00 UTC
2828,2026-04-28 19:00:00,4,28,19,20,2012,19.688541,38.333725,Copernicus,Copernicus,2026-04-28 16:00:00 UTC
2829,2026-04-28 20:00:00,4,28,20,21,2012,19.694027,38.368156,Copernicus,Copernicus,2026-04-28 17:00:00 UTC
2830,2026-04-28 21:00:00,4,28,21,22,2012,19.695890,38.404140,Copernicus,Copernicus,2026-04-28 18:00:00 UTC
2831,2026-04-28 22:00:00,4,28,22,23,2012,19.695488,38.436676,Copernicus,Copernicus,2026-04-28 19:00:00 UTC
2832,2026-04-28 23:00:00,4,28,23,24,2012,19.694485,38.462132,Copernicus,Copernicus,2026-04-28 20:00:00 UTC
2833,2026-04-29 00:00:00,4,29,0,1,2012,19.694616,38.478252,Copernicus,Copernicus,2026-04-28 21:00:00 UTC
2834,2026-04-29 01:00:00,4,29,1,2,2012,19.696669,38.483879,Copernicus,Copernicus,2026-04-28 22:00:00 UTC
2835,2026-04-29 02:00:00,4,29,2,3,2012,19.698454,38.477852,Copernicus,Copernicus,2026-04-28 23:00:00 UTC
2836,2026-04-29 03:00:00,4,29,3,4,2012,19.699541,38.460072,Copernicus,Copernicus,2026-04-29 00:00:00 UTC
2837,2026-04-29 04:00:00,4,29,4,5,2012,19.700377,38.430584,Copernicus,Copernicus,2026-04-29 01:00:00 UTC
2838,2026-04-29 05:00:00,4,29,5,6,2012,19.701569,38.389687,Copernicus,Copernicus,2026-04-29 02:00:00 UTC
2839,2026-04-29 06:00:00,4,29,6,7,2012,19.704153,38.338898,Copernicus,Copernicus,2026-04-29 03:00:00 UTC
2840,2026-04-29 07:00:00,4,29,7,8,2012,19.710047,38.281990,Copernicus,Copernicus,2026-04-29 04:00:00 UTC
2841,2026-04-29 08:00:00,4,29,8,9,2012,19.719540,38.225567,Copernicus,Copernicus,2026-04-29 05:00:00 UTC
2842,2026-04-29 09:00:00,4,29,9,10,2012,19.732601,38.176960,Copernicus,Copernicus,2026-04-29 06:00:00 UTC
2843,2026-04-29 10:00:00,4,29,10,11,2012,19.748304,38.142567,Copernicus,Copernicus,2026-04-29 07:00:00 UTC
2844,2026-04-29 11:00:00,4,29,11,12,2012,19.764927,38.126614,Copernicus,Copernicus,2026-04-29 08:00:00 UTC
2845,2026-04-29 12:00:00,4,29,12,13,2012,19.781437,38.130833,Copernicus,Copernicus,2026-04-29 09:00:00 UTC
2846,2026-04-29 13:00:00,4,29,13,14,2012,19.797209,38.152481,Copernicus,Copernicus,2026-04-29 10:00:00 UTC
2847,2026-04-29 14:00:00,4,29,14,15,2012,19.810974,38.185600,Copernicus,Copernicus,2026-04-29 11:00:00 UTC
2848,2026-04-29 15:00:00,4,29,15,16,2012,19.821993,38.224113,Copernicus,Copernicus,2026-04-29 12:00:00 UTC
2849,2026-04-29 16:00:00,4,29,16,17,2012,19.830046,38.263416,Copernicus,Copernicus,2026-04-29 13:00:00 UTC
2850,2026-04-29 17:00:00,4,29,17,18,2012,19.834738,38.300507,Copernicus,Copernicus,2026-04-29 14:00:00 UTC
2851,2026-04-29 18:00:00,4,29,18,19,2012,19.836105,38.333652,Copernicus,Copernicus,2026-04-29 15:00:00 UTC
2852,2026-04-29 19:00:00,4,29,19,20,2012,19.834906,38.361954,Copernicus,Copernicus,2026-04-29 16:00:00 UTC
2853,2026-04-29 20:00:00,4,29,20,21,2012,19.832472,38.385403,Copernicus,Copernicus,2026-04-29 17:00:00 UTC
2854,2026-04-29 21:00:00,4,29,21,22,2012,19.829708,38.404255,Copernicus,Copernicus,2026-04-29 18:00:00 UTC
2855,2026-04-29 22:00:00,4,29,22,23,2012,19.826864,38.418648,Copernicus,Copernicus,2026-04-29 19:00:00 UTC
2856,2026-04-29 23:00:00,4,29,23,24,2012,19.823906,38.428581,Copernicus,Copernicus,2026-04-29 20:00:00 UTC
2857,2026-04-30 00:00:00,4,30,0,1,2012,19.820896,38.434086,Copernicus,Copernicus,2026-04-29 21:00:00 UTC
2858,2026-04-30 01:00:00,4,30,1,2,2012,19.817518,38.435314,Copernicus,Copernicus,2026-04-29 22:00:00 UTC
2859,2026-04-30 02:00:00,4,30,2,3,2012,19.814060,38.432560,Copernicus,Copernicus,2026-04-29 23:00:00 UTC
2860,2026-04-30 03:00:00,4,30,3,4,2012,19.810804,38.426548,Copernicus,Copernicus,2026-04-30 00:00:00 UTC
2861,2026-04-30 04:00:00,4,30,4,5,2012,19.808065,38.417496,Copernicus,Copernicus,2026-04-30 01:00:00 UTC
2862,2026-04-30 05:00:00,4,30,5,6,2012,19.806124,38.405285,Copernicus,Copernicus,2026-04-30 02:00:00 UTC
2863,2026-04-30 06:00:00,4,30,6,7,2012,19.805334,38.390148,Copernicus,Copernicus,2026-04-30 03:00:00 UTC
2864,2026-04-30 07:00:00,4,30,7,8,2012,19.806726,38.372746,Copernicus,Copernicus,2026-04-30 04:00:00 UTC
2865,2026-04-30 08:00:00,4,30,8,9,2012,19.810860,38.354519,Copernicus,Copernicus,2026-04-30 05:00:00 UTC
2866,2026-04-30 09:00:00,4,30,9,10,2012,19.817356,38.337429,Copernicus,Copernicus,2026-04-30 06:00:00 UTC
2867,2026-04-30 10:00:00,4,30,10,11,2012,19.825157,38.323719,Copernicus,Copernicus,2026-04-30 07:00:00 UTC
2868,2026-04-30 11:00:00,4,30,11,12,2012,19.833559,38.315517,Copernicus,Copernicus,2026-04-30 08:00:00 UTC
2869,2026-04-30 12:00:00,4,30,12,13,2012,19.841967,38.313950,Copernicus,Copernicus,2026-04-30 09:00:00 UTC
2870,2026-04-30 13:00:00,4,30,13,14,2012,19.851301,38.319866,Copernicus,Copernicus,2026-04-30 10:00:00 UTC
2871,2026-04-30 14:00:00,4,30,14,15,2012,19.859423,38.331123,Copernicus,Copernicus,2026-04-30 11:00:00 UTC
2872,2026-04-30 15:00:00,4,30,15,16,2012,19.866117,38.345898,Copernicus,Copernicus,2026-04-30 12:00:00 UTC
2873,2026-04-30 16:00:00,4,30,16,17,2012,19.871046,38.363411,Copernicus,Copernicus,2026-04-30 13:00:00 UTC
2874,2026-04-30 17:00:00,4,30,17,18,2012,19.873150,38.383072,Copernicus,Copernicus,2026-04-30 14:00:00 UTC
2875,2026-04-30 18:00:00,4,30,18,19,2012,19.871277,38.404228,Copernicus,Copernicus,2026-04-30 15:00:00 UTC
2876,2026-04-30 19:00:00,4,30,19,20,2012,19.865028,38.426495,Copernicus,Copernicus,2026-04-30 16:00:00 UTC
2877,2026-04-30 20:00:00,4,30,20,21,2012,19.855099,38.449425,Copernicus,Copernicus,2026-04-30 17:00:00 UTC
2878,2026-04-30 21:00:00,4,30,21,22,2012,19.841553,38.472755,Copernicus,Copernicus,2026-04-30 18:00:00 UTC
2879,2026-04-30 22:00:00,4,30,22,23,2012,19.824743,38.495975,Copernicus,Copernicus,2026-04-30 19:00:00 UTC
2880,2026-04-30 23:00:00,4,30,23,24,2012,19.806854,38.517796,Copernicus,Copernicus,2026-04-30 20:00:00 UTC
2881,2026-05-01 00:00:00,5,1,0,1,2023,19.789923,38.536816,Copernicus,Copernicus,2026-04-30 21:00:00 UTC
2882,2026-05-01 01:00:00,5,1,1,2,2023,19.775417,38.552074,Copernicus,Copernicus,2026-04-30 22:00:00 UTC
2883,2026-05-01 02:00:00,5,1,2,3,2023,19.764420,38.562920,Copernicus,Copernicus,2026-04-30 23:00:00 UTC
2884,2026-05-01 03:00:00,5,1,3,4,2023,19.757402,38.569065,Copernicus,Copernicus,2026-05-01 00:00:00 UTC
2885,2026-05-01 04:00:00,5,1,4,5,2023,19.754723,38.569946,Copernicus,Copernicus,2026-05-01 01:00:00 UTC
2886,2026-05-01 05:00:00,5,1,5,6,2023,19.756437,38.564812,Copernicus,Copernicus,2026-05-01 02:00:00 UTC
2887,2026-05-01 06:00:00,5,1,6,7,2023,19.762110,38.553879,Copernicus,Copernicus,2026-05-01 03:00:00 UTC
2888,2026-05-01 07:00:00,5,1,7,8,2023,19.771805,38.537697,Copernicus,Copernicus,2026-05-01 04:00:00 UTC
2889,2026-05-01 08:00:00,5,1,8,9,2023,19.785374,38.516857,Copernicus,Copernicus,2026-05-01 05:00:00 UTC
2890,2026-05-01 09:00:00,5,1,9,10,2023,19.802362,38.492233,Copernicus,Copernicus,2026-05-01 06:00:00 UTC
2891,2026-05-01 10:00:00,5,1,10,11,2023,19.822475,38.465603,Copernicus,Copernicus,2026-05-01 07:00:00 UTC
2892,2026-05-01 11:00:00,5,1,11,12,2023,19.844425,38.440472,Copernicus,Copernicus,2026-05-01 08:00:00 UTC
2893,2026-05-01 12:00:00,5,1,12,13,2023,19.866291,38.419907,Copernicus,Copernicus,2026-05-01 09:00:00 UTC
2894,2026-05-01 13:00:00,5,1,13,14,2023,19.886312,38.406841,Copernicus,Copernicus,2026-05-01 10:00:00 UTC
2895,2026-05-01 14:00:00,5,1,14,15,2023,19.903229,38.403416,Copernicus,Copernicus,2026-05-01 11:00:00 UTC
2896,2026-05-01 15:00:00,5,1,15,16,2023,19.915291,38.410431,Copernicus,Copernicus,2026-05-01 12:00:00 UTC
2897,2026-05-01 16:00:00,5,1,16,17,2023,19.919281,38.428352,Copernicus,Copernicus,2026-05-01 13:00:00 UTC
2898,2026-05-01 17:00:00,5,1,17,18,2023,19.912306,38.456078,Copernicus,Copernicus,2026-05-01 14:00:00 UTC
2899,2026-05-01 18:00:00,5,1,18,19,2023,19.892099,38.491074,Copernicus,Copernicus,2026-05-01 15:00:00 UTC
2900,2026-05-01 19:00:00,5,1,19,20,2023,19.860592,38.529507,Copernicus,Copernicus,2026-05-01 16:00:00 UTC
2901,2026-05-01 20:00:00,5,1,20,21,2023,19.823015,38.568501,Copernicus,Copernicus,2026-05-01 17:00:00 UTC
2902,2026-05-01 21:00:00,5,1,21,22,2023,19.786573,38.604660,Copernicus,Copernicus,2026-05-01 18:00:00 UTC
2903,2026-05-01 22:00:00,5,1,22,23,2023,19.755245,38.636642,Copernicus,Copernicus,2026-05-01 19:00:00 UTC
2904,2026-05-01 23:00:00,5,1,23,24,2023,19.728975,38.663948,Copernicus,Copernicus,2026-05-01 20:00:00 UTC
2905,2026-05-02 00:00:00,5,2,0,1,2023,19.708111,38.685741,Copernicus,Copernicus,2026-05-01 21:00:00 UTC
2906,2026-05-02 01:00:00,5,2,1,2,2023,19.693184,38.701553,Copernicus,Copernicus,2026-05-01 22:00:00 UTC
2907,2026-05-02 02:00:00,5,2,2,3,2023,19.683512,38.711475,Copernicus,Copernicus,2026-05-01 23:00:00 UTC
2908,2026-05-02 03:00:00,5,2,3,4,2023,19.678638,38.715923,Copernicus,Copernicus,2026-05-02 00:00:00 UTC
2909,2026-05-02 04:00:00,5,2,4,5,2023,19.678980,38.714897,Copernicus,Copernicus,2026-05-02 01:00:00 UTC
2910,2026-05-02 05:00:00,5,2,5,6,2023,19.684816,38.708408,Copernicus,Copernicus,2026-05-02 02:00:00 UTC
2911,2026-05-02 06:00:00,5,2,6,7,2023,19.696634,38.696041,Copernicus,Copernicus,2026-05-02 03:00:00 UTC
2912,2026-05-02 07:00:00,5,2,7,8,2023,19.716799,38.677704,Copernicus,Copernicus,2026-05-02 04:00:00 UTC
2913,2026-05-02 08:00:00,5,2,8,9,2023,19.752029,38.651634,Copernicus,Copernicus,2026-05-02 05:00:00 UTC
2914,2026-05-02 09:00:00,5,2,9,10,2023,19.812294,38.612091,Copernicus,Copernicus,2026-05-02 06:00:00 UTC
2915,2026-05-02 10:00:00,5,2,10,11,2023,19.903017,38.549755,Copernicus,Copernicus,2026-05-02 07:00:00 UTC
2916,2026-05-02 11:00:00,5,2,11,12,2023,20.018921,38.458740,Copernicus,Copernicus,2026-05-02 08:00:00 UTC
2917,2026-05-02 12:00:00,5,2,12,13,2023,20.140858,38.352524,Copernicus,Copernicus,2026-05-02 09:00:00 UTC
2918,2026-05-02 13:00:00,5,2,13,14,2023,20.247021,38.254745,Copernicus,Copernicus,2026-05-02 10:00:00 UTC
2919,2026-05-02 14:00:00,5,2,14,15,2023,20.325930,38.181202,Copernicus,Copernicus,2026-05-02 11:00:00 UTC
2920,2026-05-02 15:00:00,5,2,15,16,2023,20.379141,38.133209,Copernicus,Copernicus,2026-05-02 12:00:00 UTC
2921,2026-05-02 16:00:00,5,2,16,17,2023,20.412687,38.106270,Copernicus,Copernicus,2026-05-02 13:00:00 UTC
2922,2026-05-02 17:00:00,5,2,17,18,2023,20.431812,38.096245,Copernicus,Copernicus,2026-05-02 14:00:00 UTC
2923,2026-05-02 18:00:00,5,2,18,19,2023,20.439690,38.101250,Copernicus,Copernicus,2026-05-02 15:00:00 UTC
2924,2026-05-02 19:00:00,5,2,19,20,2023,20.436796,38.119617,Copernicus,Copernicus,2026-05-02 16:00:00 UTC
2925,2026-05-02 20:00:00,5,2,20,21,2023,20.422417,38.148323,Copernicus,Copernicus,2026-05-02 17:00:00 UTC
2926,2026-05-02 21:00:00,5,2,21,22,2023,20.394394,38.185234,Copernicus,Copernicus,2026-05-02 18:00:00 UTC
2927,2026-05-02 22:00:00,5,2,22,23,2023,20.352205,38.228001,Copernicus,Copernicus,2026-05-02 19:00:00 UTC
2928,2026-05-02 23:00:00,5,2,23,24,2023,20.299320,38.273701,Copernicus,Copernicus,2026-05-02 20:00:00 UTC
2929,2026-05-03 00:00:00,5,3,0,1,2023,20.241945,38.319702,Copernicus,Copernicus,2026-05-02 21:00:00 UTC
2930,2026-05-03 01:00:00,5,3,1,2,2023,20.186646,38.362900,Copernicus,Copernicus,2026-05-02 22:00:00 UTC
2931,2026-05-03 02:00:00,5,3,2,3,2023,20.138832,38.400620,Copernicus,Copernicus,2026-05-02 23:00:00 UTC
2932,2026-05-03 03:00:00,5,3,3,4,2023,20.101631,38.430645,Copernicus,Copernicus,2026-05-03 00:00:00 UTC
2933,2026-05-03 04:00:00,5,3,4,5,2023,20.077549,38.450359,Copernicus,Copernicus,2026-05-03 01:00:00 UTC
2934,2026-05-03 05:00:00,5,3,5,6,2023,20.068365,38.457401,Copernicus,Copernicus,2026-05-03 02:00:00 UTC
2935,2026-05-03 06:00:00,5,3,6,7,2023,20.076048,38.450916,Copernicus,Copernicus,2026-05-03 03:00:00 UTC
2936,2026-05-03 07:00:00,5,3,7,8,2023,20.102659,38.430908,Copernicus,Copernicus,2026-05-03 04:00:00 UTC
2937,2026-05-03 08:00:00,5,3,8,9,2023,20.149654,38.395992,Copernicus,Copernicus,2026-05-03 05:00:00 UTC
2938,2026-05-03 09:00:00,5,3,9,10,2023,20.216900,38.343353,Copernicus,Copernicus,2026-05-03 06:00:00 UTC
2939,2026-05-03 10:00:00,5,3,10,11,2023,20.298187,38.272190,Copernicus,Copernicus,2026-05-03 07:00:00 UTC
2940,2026-05-03 11:00:00,5,3,11,12,2023,20.379314,38.188320,Copernicus,Copernicus,2026-05-03 08:00:00 UTC
2941,2026-05-03 12:00:00,5,3,12,13,2023,20.446795,38.102322,Copernicus,Copernicus,2026-05-03 09:00:00 UTC
2942,2026-05-03 13:00:00,5,3,13,14,2023,20.495100,38.026302,Copernicus,Copernicus,2026-05-03 10:00:00 UTC
2943,2026-05-03 14:00:00,5,3,14,15,2023,20.526497,37.969063,Copernicus,Copernicus,2026-05-03 11:00:00 UTC
2944,2026-05-03 15:00:00,5,3,15,16,2023,20.544577,37.933613,Copernicus,Copernicus,2026-05-03 12:00:00 UTC
2945,2026-05-03 16:00:00,5,3,16,17,2023,20.552675,37.918560,Copernicus,Copernicus,2026-05-03 13:00:00 UTC
2946,2026-05-03 17:00:00,5,3,17,18,2023,20.552799,37.921326,Copernicus,Copernicus,2026-05-03 14:00:00 UTC
2947,2026-05-03 18:00:00,5,3,18,19,2023,20.546856,37.943081,Copernicus,Copernicus,2026-05-03 15:00:00 UTC
2948,2026-05-03 19:00:00,5,3,19,20,2023,20.529364,37.987301,Copernicus,Copernicus,2026-05-03 16:00:00 UTC
2949,2026-05-03 20:00:00,5,3,20,21,2023,20.486464,38.061123,Copernicus,Copernicus,2026-05-03 17:00:00 UTC
2950,2026-05-03 21:00:00,5,3,21,22,2023,20.405224,38.171501,Copernicus,Copernicus,2026-05-03 18:00:00 UTC
2951,2026-05-03 22:00:00,5,3,22,23,2023,20.278357,38.320171,Copernicus,Copernicus,2026-05-03 19:00:00 UTC
2952,2026-05-03 23:00:00,5,3,23,24,2023,20.116732,38.491783,Copernicus,Copernicus,2026-05-03 20:00:00 UTC
2953,2026-05-04 00:00:00,5,4,0,1,2023,19.950439,38.653084,Copernicus,Copernicus,2026-05-03 21:00:00 UTC
2954,2026-05-04 01:00:00,5,4,1,2,2023,19.808479,38.777420,Copernicus,Copernicus,2026-05-03 22:00:00 UTC
2955,2026-05-04 02:00:00,5,4,2,3,2023,19.701893,38.861305,Copernicus,Copernicus,2026-05-03 23:00:00 UTC
2956,2026-05-04 03:00:00,5,4,3,4,2023,19.628626,38.914577,Copernicus,Copernicus,2026-05-04 00:00:00 UTC
2957,2026-05-04 04:00:00,5,4,4,5,2023,19.576174,38.949268,Copernicus,Copernicus,2026-05-04 01:00:00 UTC
2958,2026-05-04 05:00:00,5,4,5,6,2023,19.534239,38.973442,Copernicus,Copernicus,2026-05-04 02:00:00 UTC
2959,2026-05-04 06:00:00,5,4,6,7,2023,19.499949,38.990753,Copernicus,Copernicus,2026-05-04 03:00:00 UTC
2960,2026-05-04 07:00:00,5,4,7,8,2023,19.471601,39.003731,Copernicus,Copernicus,2026-05-04 04:00:00 UTC
2961,2026-05-04 08:00:00,5,4,8,9,2023,19.447577,39.013863,Copernicus,Copernicus,2026-05-04 05:00:00 UTC
2962,2026-05-04 09:00:00,5,4,9,10,2023,19.427519,39.021641,Copernicus,Copernicus,2026-05-04 06:00:00 UTC
2963,2026-05-04 10:00:00,5,4,10,11,2023,19.413803,39.026585,Copernicus,Copernicus,2026-05-04 07:00:00 UTC
2964,2026-05-04 11:00:00,5,4,11,12,2023,19.410784,39.027931,Copernicus,Copernicus,2026-05-04 08:00:00 UTC
2965,2026-05-04 12:00:00,5,4,12,13,2023,19.422131,39.023647,Copernicus,Copernicus,2026-05-04 09:00:00 UTC
2966,2026-05-04 13:00:00,5,4,13,14,2023,19.445986,39.014324,Copernicus,Copernicus,2026-05-04 10:00:00 UTC
2967,2026-05-04 14:00:00,5,4,14,15,2023,19.485558,38.996990,Copernicus,Copernicus,2026-05-04 11:00:00 UTC
2968,2026-05-04 15:00:00,5,4,15,16,2023,19.556238,38.934620,Copernicus,Copernicus,2026-05-04 12:00:00 UTC
2969,2026-05-04 16:00:00,5,4,16,17,2023,19.654942,38.788502,Copernicus,Copernicus,2026-05-04 13:00:00 UTC
2970,2026-05-04 17:00:00,5,4,17,18,2023,19.749769,38.594944,Copernicus,Copernicus,2026-05-04 14:00:00 UTC
2971,2026-05-04 18:00:00,5,4,18,19,2023,19.813828,38.425735,Copernicus,Copernicus,2026-05-04 15:00:00 UTC
2972,2026-05-04 19:00:00,5,4,19,20,2023,19.841486,38.316933,Copernicus,Copernicus,2026-05-04 16:00:00 UTC
2973,2026-05-04 20:00:00,5,4,20,21,2023,19.851267,38.260292,Copernicus,Copernicus,2026-05-04 17:00:00 UTC
2974,2026-05-04 21:00:00,5,4,21,22,2023,19.857872,38.238861,Copernicus,Copernicus,2026-05-04 18:00:00 UTC
2975,2026-05-04 22:00:00,5,4,22,23,2023,19.863066,38.238613,Copernicus,Copernicus,2026-05-04 19:00:00 UTC
2976,2026-05-04 23:00:00,5,4,23,24,2023,19.867439,38.251553,Copernicus,Copernicus,2026-05-04 20:00:00 UTC
2977,2026-05-05 00:00:00,5,5,0,1,2023,19.871115,38.272465,Copernicus,Copernicus,2026-05-04 21:00:00 UTC
2978,2026-05-05 01:00:00,5,5,1,2,2023,19.873451,38.299175,Copernicus,Copernicus,2026-05-04 22:00:00 UTC
2979,2026-05-05 02:00:00,5,5,2,3,2023,19.874228,38.332798,Copernicus,Copernicus,2026-05-04 23:00:00 UTC
2980,2026-05-05 03:00:00,5,5,3,4,2023,19.871141,38.372986,Copernicus,Copernicus,2026-05-05 00:00:00 UTC
2981,2026-05-05 04:00:00,5,5,4,5,2023,19.862297,38.416153,Copernicus,Copernicus,2026-05-05 01:00:00 UTC
2982,2026-05-05 05:00:00,5,5,5,6,2023,19.848907,38.456589,Copernicus,Copernicus,2026-05-05 02:00:00 UTC
2983,2026-05-05 06:00:00,5,5,6,7,2023,19.832558,38.491348,Copernicus,Copernicus,2026-05-05 03:00:00 UTC
2984,2026-05-05 07:00:00,5,5,7,8,2023,19.819073,38.517159,Copernicus,Copernicus,2026-05-05 04:00:00 UTC
2985,2026-05-05 08:00:00,5,5,8,9,2023,19.815029,38.527916,Copernicus,Copernicus,2026-05-05 05:00:00 UTC
2986,2026-05-05 09:00:00,5,5,9,10,2023,19.822002,38.522457,Copernicus,Copernicus,2026-05-05 06:00:00 UTC
2987,2026-05-05 10:00:00,5,5,10,11,2023,19.837494,38.502346,Copernicus,Copernicus,2026-05-05 07:00:00 UTC
2988,2026-05-05 11:00:00,5,5,11,12,2023,19.854046,38.467606,Copernicus,Copernicus,2026-05-05 08:00:00 UTC
2989,2026-05-05 12:00:00,5,5,12,13,2023,19.862122,38.420280,Copernicus,Copernicus,2026-05-05 09:00:00 UTC
2990,2026-05-05 13:00:00,5,5,13,14,2023,19.865166,38.365486,Copernicus,Copernicus,2026-05-05 10:00:00 UTC
2991,2026-05-05 14:00:00,5,5,14,15,2023,19.863768,38.310162,Copernicus,Copernicus,2026-05-05 11:00:00 UTC
2992,2026-05-05 15:00:00,5,5,15,16,2023,19.852448,38.260719,Copernicus,Copernicus,2026-05-05 12:00:00 UTC
2993,2026-05-05 16:00:00,5,5,16,17,2023,19.840940,38.221889,Copernicus,Copernicus,2026-05-05 13:00:00 UTC
2994,2026-05-05 17:00:00,5,5,17,18,2023,19.829647,38.192078,Copernicus,Copernicus,2026-05-05 14:00:00 UTC
2995,2026-05-05 18:00:00,5,5,18,19,2023,19.821030,38.173321,Copernicus,Copernicus,2026-05-05 15:00:00 UTC
2996,2026-05-05 19:00:00,5,5,19,20,2023,19.818861,38.167141,Copernicus,Copernicus,2026-05-05 16:00:00 UTC
2997,2026-05-05 20:00:00,5,5,20,21,2023,19.827391,38.174091,Copernicus,Copernicus,2026-05-05 17:00:00 UTC
2998,2026-05-05 21:00:00,5,5,21,22,2023,19.844688,38.194340,Copernicus,Copernicus,2026-05-05 18:00:00 UTC
2999,2026-05-05 22:00:00,5,5,22,23,2023,19.861326,38.230938,Copernicus,Copernicus,2026-05-05 19:00:00 UTC
3000,2026-05-05 23:00:00,5,5,23,24,2023,19.868231,38.285938,Copernicus,Copernicus,2026-05-05 20:00:00 UTC
3001,2026-05-06 00:00:00,5,6,0,1,2023,19.871244,38.357262,Copernicus,Copernicus,2026-05-05 21:00:00 UTC
3002,2026-05-06 01:00:00,5,6,1,2,2023,19.869028,38.437443,Copernicus,Copernicus,2026-05-05 22:00:00 UTC
3003,2026-05-06 02:00:00,5,6,2,3,2023,19.856037,38.516331,Copernicus,Copernicus,2026-05-05 23:00:00 UTC
3004,2026-05-06 03:00:00,5,6,3,4,2023,19.836151,38.585640,Copernicus,Copernicus,2026-05-06 00:00:00 UTC
3005,2026-05-06 04:00:00,5,6,4,5,2023,19.813829,38.638355,Copernicus,Copernicus,2026-05-06 01:00:00 UTC
3006,2026-05-06 05:00:00,5,6,5,6,2023,19.796515,38.669430,Copernicus,Copernicus,2026-05-06 02:00:00 UTC
3007,2026-05-06 06:00:00,5,6,6,7,2023,19.792168,38.675461,Copernicus,Copernicus,2026-05-06 03:00:00 UTC
3008,2026-05-06 07:00:00,5,6,7,8,2023,19.802290,38.653648,Copernicus,Copernicus,2026-05-06 04:00:00 UTC
3009,2026-05-06 08:00:00,5,6,8,9,2023,19.817467,38.602577,Copernicus,Copernicus,2026-05-06 05:00:00 UTC
3010,2026-05-06 09:00:00,5,6,9,10,2023,19.829256,38.518505,Copernicus,Copernicus,2026-05-06 06:00:00 UTC
3011,2026-05-06 10:00:00,5,6,10,11,2023,19.834431,38.401646,Copernicus,Copernicus,2026-05-06 07:00:00 UTC
3012,2026-05-06 11:00:00,5,6,11,12,2023,19.807371,38.265133,Copernicus,Copernicus,2026-05-06 08:00:00 UTC
3013,2026-05-06 12:00:00,5,6,12,13,2023,19.739315,38.141575,Copernicus,Copernicus,2026-05-06 09:00:00 UTC
3014,2026-05-06 13:00:00,5,6,13,14,2023,19.653503,38.047554,Copernicus,Copernicus,2026-05-06 10:00:00 UTC
3015,2026-05-06 14:00:00,5,6,14,15,2023,19.587769,37.985802,Copernicus,Copernicus,2026-05-06 11:00:00 UTC
3016,2026-05-06 15:00:00,5,6,15,16,2023,19.550371,37.948990,Copernicus,Copernicus,2026-05-06 12:00:00 UTC
3017,2026-05-06 16:00:00,5,6,16,17,2023,19.535217,37.930641,Copernicus,Copernicus,2026-05-06 13:00:00 UTC
3018,2026-05-06 17:00:00,5,6,17,18,2023,19.536772,37.925125,Copernicus,Copernicus,2026-05-06 14:00:00 UTC
3019,2026-05-06 18:00:00,5,6,18,19,2023,19.551512,37.929588,Copernicus,Copernicus,2026-05-06 15:00:00 UTC
3020,2026-05-06 19:00:00,5,6,19,20,2023,19.577934,37.940666,Copernicus,Copernicus,2026-05-06 16:00:00 UTC
3021,2026-05-06 20:00:00,5,6,20,21,2023,19.614559,37.955311,Copernicus,Copernicus,2026-05-06 17:00:00 UTC
3022,2026-05-06 21:00:00,5,6,21,22,2023,19.655478,37.974529,Copernicus,Copernicus,2026-05-06 18:00:00 UTC
3023,2026-05-06 22:00:00,5,6,22,23,2023,19.692829,38.003323,Copernicus,Copernicus,2026-05-06 19:00:00 UTC
3024,2026-05-06 23:00:00,5,6,23,24,2023,19.721550,38.045410,Copernicus,Copernicus,2026-05-06 20:00:00 UTC
3025,2026-05-07 00:00:00,5,7,0,1,2023,19.738813,38.101055,Copernicus,Copernicus,2026-05-06 21:00:00 UTC
3026,2026-05-07 01:00:00,5,7,1,2,2023,19.747696,38.167004,Copernicus,Copernicus,2026-05-06 22:00:00 UTC
3027,2026-05-07 02:00:00,5,7,2,3,2023,19.754747,38.236691,Copernicus,Copernicus,2026-05-06 23:00:00 UTC
3028,2026-05-07 03:00:00,5,7,3,4,2023,19.759911,38.301949,Copernicus,Copernicus,2026-05-07 00:00:00 UTC
3029,2026-05-07 04:00:00,5,7,4,5,2023,19.763021,38.354229,Copernicus,Copernicus,2026-05-07 01:00:00 UTC
3030,2026-05-07 05:00:00,5,7,5,6,2023,19.765633,38.386456,Copernicus,Copernicus,2026-05-07 02:00:00 UTC
3031,2026-05-07 06:00:00,5,7,6,7,2023,19.769499,38.393372,Copernicus,Copernicus,2026-05-07 03:00:00 UTC
3032,2026-05-07 07:00:00,5,7,7,8,2023,19.775751,38.373169,Copernicus,Copernicus,2026-05-07 04:00:00 UTC
3033,2026-05-07 08:00:00,5,7,8,9,2023,19.780428,38.330612,Copernicus,Copernicus,2026-05-07 05:00:00 UTC
3034,2026-05-07 09:00:00,5,7,9,10,2023,19.779394,38.273602,Copernicus,Copernicus,2026-05-07 06:00:00 UTC
3035,2026-05-07 10:00:00,5,7,10,11,2023,19.770664,38.213093,Copernicus,Copernicus,2026-05-07 07:00:00 UTC
3036,2026-05-07 11:00:00,5,7,11,12,2023,19.756870,38.161049,Copernicus,Copernicus,2026-05-07 08:00:00 UTC
3037,2026-05-07 12:00:00,5,7,12,13,2023,19.744726,38.126377,Copernicus,Copernicus,2026-05-07 09:00:00 UTC
3038,2026-05-07 13:00:00,5,7,13,14,2023,19.733149,38.104492,Copernicus,Copernicus,2026-05-07 10:00:00 UTC
3039,2026-05-07 14:00:00,5,7,14,15,2023,19.726559,38.092606,Copernicus,Copernicus,2026-05-07 11:00:00 UTC
3040,2026-05-07 15:00:00,5,7,15,16,2023,19.725916,38.087440,Copernicus,Copernicus,2026-05-07 12:00:00 UTC
3041,2026-05-07 16:00:00,5,7,16,17,2023,19.733604,38.090748,Copernicus,Copernicus,2026-05-07 13:00:00 UTC
3042,2026-05-07 17:00:00,5,7,17,18,2023,19.745804,38.105328,Copernicus,Copernicus,2026-05-07 14:00:00 UTC
3043,2026-05-07 18:00:00,5,7,18,19,2023,19.756578,38.133121,Copernicus,Copernicus,2026-05-07 15:00:00 UTC
3044,2026-05-07 19:00:00,5,7,19,20,2023,19.761890,38.174995,Copernicus,Copernicus,2026-05-07 16:00:00 UTC
3045,2026-05-07 20:00:00,5,7,20,21,2023,19.761562,38.229939,Copernicus,Copernicus,2026-05-07 17:00:00 UTC
3046,2026-05-07 21:00:00,5,7,21,22,2023,19.759302,38.294937,Copernicus,Copernicus,2026-05-07 18:00:00 UTC
3047,2026-05-07 22:00:00,5,7,22,23,2023,19.755600,38.365734,Copernicus,Copernicus,2026-05-07 19:00:00 UTC
3048,2026-05-07 23:00:00,5,7,23,24,2023,19.749765,38.436474,Copernicus,Copernicus,2026-05-07 20:00:00 UTC
3049,2026-05-08 00:00:00,5,8,0,1,2023,19.742651,38.500992,Copernicus,Copernicus,2026-05-07 21:00:00 UTC
3050,2026-05-08 01:00:00,5,8,1,2,2023,19.735386,38.553856,Copernicus,Copernicus,2026-05-07 22:00:00 UTC
3051,2026-05-08 02:00:00,5,8,2,3,2023,19.729042,38.591949,Copernicus,Copernicus,2026-05-07 23:00:00 UTC
3052,2026-05-08 03:00:00,5,8,3,4,2023,19.724178,38.613533,Copernicus,Copernicus,2026-05-08 00:00:00 UTC
3053,2026-05-08 04:00:00,5,8,4,5,2023,19.721828,38.616848,Copernicus,Copernicus,2026-05-08 01:00:00 UTC
3054,2026-05-08 05:00:00,5,8,5,6,2023,19.722370,38.600037,Copernicus,Copernicus,2026-05-08 02:00:00 UTC
3055,2026-05-08 06:00:00,5,8,6,7,2023,19.724663,38.563332,Copernicus,Copernicus,2026-05-08 03:00:00 UTC
3056,2026-05-08 07:00:00,5,8,7,8,2023,19.727695,38.509495,Copernicus,Copernicus,2026-05-08 04:00:00 UTC
3057,2026-05-08 08:00:00,5,8,8,9,2023,19.731686,38.443619,Copernicus,Copernicus,2026-05-08 05:00:00 UTC
3058,2026-05-08 09:00:00,5,8,9,10,2023,19.737160,38.373886,Copernicus,Copernicus,2026-05-08 06:00:00 UTC
3059,2026-05-08 10:00:00,5,8,10,11,2023,19.741447,38.309486,Copernicus,Copernicus,2026-05-08 07:00:00 UTC
3060,2026-05-08 11:00:00,5,8,11,12,2023,19.743034,38.257561,Copernicus,Copernicus,2026-05-08 08:00:00 UTC
3061,2026-05-08 12:00:00,5,8,12,13,2023,19.745092,38.219982,Copernicus,Copernicus,2026-05-08 09:00:00 UTC
3062,2026-05-08 13:00:00,5,8,13,14,2023,19.748314,38.195183,Copernicus,Copernicus,2026-05-08 10:00:00 UTC
3063,2026-05-08 14:00:00,5,8,14,15,2023,19.753796,38.181946,Copernicus,Copernicus,2026-05-08 11:00:00 UTC
3064,2026-05-08 15:00:00,5,8,15,16,2023,19.761957,38.179054,Copernicus,Copernicus,2026-05-08 12:00:00 UTC
3065,2026-05-08 16:00:00,5,8,16,17,2023,19.771297,38.187046,Copernicus,Copernicus,2026-05-08 13:00:00 UTC
3066,2026-05-08 17:00:00,5,8,17,18,2023,19.778572,38.207241,Copernicus,Copernicus,2026-05-08 14:00:00 UTC
3067,2026-05-08 18:00:00,5,8,18,19,2023,19.782923,38.239906,Copernicus,Copernicus,2026-05-08 15:00:00 UTC
3068,2026-05-08 19:00:00,5,8,19,20,2023,19.785130,38.284248,Copernicus,Copernicus,2026-05-08 16:00:00 UTC
3069,2026-05-08 20:00:00,5,8,20,21,2023,19.785587,38.337551,Copernicus,Copernicus,2026-05-08 17:00:00 UTC
3070,2026-05-08 21:00:00,5,8,21,22,2023,19.784672,38.395775,Copernicus,Copernicus,2026-05-08 18:00:00 UTC
3071,2026-05-08 22:00:00,5,8,22,23,2023,19.782894,38.453636,Copernicus,Copernicus,2026-05-08 19:00:00 UTC
3072,2026-05-08 23:00:00,5,8,23,24,2023,19.780882,38.505440,Copernicus,Copernicus,2026-05-08 20:00:00 UTC
3073,2026-05-09 00:00:00,5,9,0,1,2023,19.779238,38.546463,Copernicus,Copernicus,2026-05-08 21:00:00 UTC
3074,2026-05-09 01:00:00,5,9,1,2,2023,19.778643,38.573948,Copernicus,Copernicus,2026-05-08 22:00:00 UTC
3075,2026-05-09 02:00:00,5,9,2,3,2023,19.779770,38.586266,Copernicus,Copernicus,2026-05-08 23:00:00 UTC
3076,2026-05-09 03:00:00,5,9,3,4,2023,19.782518,38.582893,Copernicus,Copernicus,2026-05-09 00:00:00 UTC
3077,2026-05-09 04:00:00,5,9,4,5,2023,19.786108,38.563671,Copernicus,Copernicus,2026-05-09 01:00:00 UTC
3078,2026-05-09 05:00:00,5,9,5,6,2023,19.789984,38.529633,Copernicus,Copernicus,2026-05-09 02:00:00 UTC
3079,2026-05-09 06:00:00,5,9,6,7,2023,19.793362,38.483936,Copernicus,Copernicus,2026-05-09 03:00:00 UTC
3080,2026-05-09 07:00:00,5,9,7,8,2023,19.796530,38.430969,Copernicus,Copernicus,2026-05-09 04:00:00 UTC
3081,2026-05-09 08:00:00,5,9,8,9,2023,19.799543,38.376186,Copernicus,Copernicus,2026-05-09 05:00:00 UTC
3082,2026-05-09 09:00:00,5,9,9,10,2023,19.802114,38.325142,Copernicus,Copernicus,2026-05-09 06:00:00 UTC
3083,2026-05-09 10:00:00,5,9,10,11,2023,19.804842,38.282276,Copernicus,Copernicus,2026-05-09 07:00:00 UTC
3084,2026-05-09 11:00:00,5,9,11,12,2023,19.808521,38.249718,Copernicus,Copernicus,2026-05-09 08:00:00 UTC
3085,2026-05-09 12:00:00,5,9,12,13,2023,19.813610,38.227791,Copernicus,Copernicus,2026-05-09 09:00:00 UTC
3086,2026-05-09 13:00:00,5,9,13,14,2023,19.821169,38.215931,Copernicus,Copernicus,2026-05-09 10:00:00 UTC
3087,2026-05-09 14:00:00,5,9,14,15,2023,19.831436,38.214115,Copernicus,Copernicus,2026-05-09 11:00:00 UTC
3088,2026-05-09 15:00:00,5,9,15,16,2023,19.842533,38.222698,Copernicus,Copernicus,2026-05-09 12:00:00 UTC
3089,2026-05-09 16:00:00,5,9,16,17,2023,19.851883,38.241505,Copernicus,Copernicus,2026-05-09 13:00:00 UTC
3090,2026-05-09 17:00:00,5,9,17,18,2023,19.859034,38.269413,Copernicus,Copernicus,2026-05-09 14:00:00 UTC
3091,2026-05-09 18:00:00,5,9,18,19,2023,19.863811,38.304211,Copernicus,Copernicus,2026-05-09 15:00:00 UTC
3092,2026-05-09 19:00:00,5,9,19,20,2023,19.866125,38.342594,Copernicus,Copernicus,2026-05-09 16:00:00 UTC
3093,2026-05-09 20:00:00,5,9,20,21,2023,19.867037,38.381123,Copernicus,Copernicus,2026-05-09 17:00:00 UTC
3094,2026-05-09 21:00:00,5,9,21,22,2023,19.867640,38.416618,Copernicus,Copernicus,2026-05-09 18:00:00 UTC
3095,2026-05-09 22:00:00,5,9,22,23,2023,19.868540,38.445198,Copernicus,Copernicus,2026-05-09 19:00:00 UTC
3096,2026-05-09 23:00:00,5,9,23,24,2023,19.870667,38.463776,Copernicus,Copernicus,2026-05-09 20:00:00 UTC
3097,2026-05-10 00:00:00,5,10,0,1,2023,19.875401,38.470726,Copernicus,Copernicus,2026-05-09 21:00:00 UTC
3098,2026-05-10 01:00:00,5,10,1,2,2023,19.882324,38.466286,Copernicus,Copernicus,2026-05-09 22:00:00 UTC
3099,2026-05-10 02:00:00,5,10,2,3,2023,19.890350,38.451454,Copernicus,Copernicus,2026-05-09 23:00:00 UTC
3100,2026-05-10 03:00:00,5,10,3,4,2023,19.898390,38.428055,Copernicus,Copernicus,2026-05-10 00:00:00 UTC
3101,2026-05-10 04:00:00,5,10,4,5,2023,19.905333,38.398304,Copernicus,Copernicus,2026-05-10 01:00:00 UTC
3102,2026-05-10 05:00:00,5,10,5,6,2023,19.910162,38.364285,Copernicus,Copernicus,2026-05-10 02:00:00 UTC
3103,2026-05-10 06:00:00,5,10,6,7,2023,19.911566,38.328541,Copernicus,Copernicus,2026-05-10 03:00:00 UTC
3104,2026-05-10 07:00:00,5,10,7,8,2023,19.910524,38.293446,Copernicus,Copernicus,2026-05-10 04:00:00 UTC
3105,2026-05-10 08:00:00,5,10,8,9,2023,19.909813,38.260769,Copernicus,Copernicus,2026-05-10 05:00:00 UTC
3106,2026-05-10 09:00:00,5,10,9,10,2023,19.911274,38.231731,Copernicus,Copernicus,2026-05-10 06:00:00 UTC
3107,2026-05-10 10:00:00,5,10,10,11,2023,19.914854,38.207211,Copernicus,Copernicus,2026-05-10 07:00:00 UTC
3108,2026-05-10 11:00:00,5,10,11,12,2023,19.920376,38.187611,Copernicus,Copernicus,2026-05-10 08:00:00 UTC
3109,2026-05-10 12:00:00,5,10,12,13,2023,19.928684,38.173275,Copernicus,Copernicus,2026-05-10 09:00:00 UTC
3110,2026-05-10 13:00:00,5,10,13,14,2023,19.939978,38.164745,Copernicus,Copernicus,2026-05-10 10:00:00 UTC
3111,2026-05-10 14:00:00,5,10,14,15,2023,19.953152,38.161835,Copernicus,Copernicus,2026-05-10 11:00:00 UTC
3112,2026-05-10 15:00:00,5,10,15,16,2023,19.966959,38.163910,Copernicus,Copernicus,2026-05-10 12:00:00 UTC
3113,2026-05-10 16:00:00,5,10,16,17,2023,19.979891,38.170773,Copernicus,Copernicus,2026-05-10 13:00:00 UTC
3114,2026-05-10 17:00:00,5,10,17,18,2023,19.990944,38.182159,Copernicus,Copernicus,2026-05-10 14:00:00 UTC
3115,2026-05-10 18:00:00,5,10,18,19,2023,19.999599,38.197178,Copernicus,Copernicus,2026-05-10 15:00:00 UTC
3116,2026-05-10 19:00:00,5,10,19,20,2023,20.005882,38.214531,Copernicus,Copernicus,2026-05-10 16:00:00 UTC
3117,2026-05-10 20:00:00,5,10,20,21,2023,20.010706,38.232975,Copernicus,Copernicus,2026-05-10 17:00:00 UTC
3118,2026-05-10 21:00:00,5,10,21,22,2023,20.014938,38.251350,Copernicus,Copernicus,2026-05-10 18:00:00 UTC
3119,2026-05-10 22:00:00,5,10,22,23,2023,20.018694,38.268829,Copernicus,Copernicus,2026-05-10 19:00:00 UTC
3120,2026-05-10 23:00:00,5,10,23,24,2023,20.022532,38.284103,Copernicus,Copernicus,2026-05-10 20:00:00 UTC
3121,2026-05-11 00:00:00,5,11,0,1,2023,20.028664,38.296387,Copernicus,Copernicus,2026-05-10 21:00:00 UTC
3122,2026-05-11 01:00:00,5,11,1,2,2023,20.037418,38.305260,Copernicus,Copernicus,2026-05-10 22:00:00 UTC
3123,2026-05-11 02:00:00,5,11,2,3,2023,20.048061,38.310886,Copernicus,Copernicus,2026-05-10 23:00:00 UTC
3124,2026-05-11 03:00:00,5,11,3,4,2023,20.059875,38.313858,Copernicus,Copernicus,2026-05-11 00:00:00 UTC
3125,2026-05-11 04:00:00,5,11,4,5,2023,20.072056,38.314415,Copernicus,Copernicus,2026-05-11 01:00:00 UTC
3126,2026-05-11 05:00:00,5,11,5,6,2023,20.083288,38.313244,Copernicus,Copernicus,2026-05-11 02:00:00 UTC
3127,2026-05-11 06:00:00,5,11,6,7,2023,20.092888,38.310570,Copernicus,Copernicus,2026-05-11 03:00:00 UTC
3128,2026-05-11 07:00:00,5,11,7,8,2023,20.101299,38.305725,Copernicus,Copernicus,2026-05-11 04:00:00 UTC
3129,2026-05-11 08:00:00,5,11,8,9,2023,20.108624,38.297836,Copernicus,Copernicus,2026-05-11 05:00:00 UTC
3130,2026-05-11 09:00:00,5,11,9,10,2023,20.114796,38.286182,Copernicus,Copernicus,2026-05-11 06:00:00 UTC
3131,2026-05-11 10:00:00,5,11,10,11,2023,20.120834,38.269352,Copernicus,Copernicus,2026-05-11 07:00:00 UTC
3132,2026-05-11 11:00:00,5,11,11,12,2023,20.127541,38.247017,Copernicus,Copernicus,2026-05-11 08:00:00 UTC
3133,2026-05-11 12:00:00,5,11,12,13,2023,20.135759,38.220169,Copernicus,Copernicus,2026-05-11 09:00:00 UTC
3134,2026-05-11 13:00:00,5,11,13,14,2023,20.146379,38.191196,Copernicus,Copernicus,2026-05-11 10:00:00 UTC
3135,2026-05-11 14:00:00,5,11,14,15,2023,20.159981,38.163532,Copernicus,Copernicus,2026-05-11 11:00:00 UTC
3136,2026-05-11 15:00:00,5,11,15,16,2023,20.175774,38.140438,Copernicus,Copernicus,2026-05-11 12:00:00 UTC
3137,2026-05-11 16:00:00,5,11,16,17,2023,20.192575,38.124660,Copernicus,Copernicus,2026-05-11 13:00:00 UTC
3138,2026-05-11 17:00:00,5,11,17,18,2023,20.209080,38.118538,Copernicus,Copernicus,2026-05-11 14:00:00 UTC
3139,2026-05-11 18:00:00,5,11,18,19,2023,20.224089,38.122929,Copernicus,Copernicus,2026-05-11 15:00:00 UTC
3140,2026-05-11 19:00:00,5,11,19,20,2023,20.236317,38.137028,Copernicus,Copernicus,2026-05-11 16:00:00 UTC
3141,2026-05-11 20:00:00,5,11,20,21,2023,20.245014,38.159332,Copernicus,Copernicus,2026-05-11 17:00:00 UTC
3142,2026-05-11 21:00:00,5,11,21,22,2023,20.249552,38.187813,Copernicus,Copernicus,2026-05-11 18:00:00 UTC
3143,2026-05-11 22:00:00,5,11,22,23,2023,20.248951,38.220856,Copernicus,Copernicus,2026-05-11 19:00:00 UTC
3144,2026-05-11 23:00:00,5,11,23,24,2023,20.243370,38.256088,Copernicus,Copernicus,2026-05-11 20:00:00 UTC
3145,2026-05-12 00:00:00,5,12,0,1,2023,20.234131,38.290638,Copernicus,Copernicus,2026-05-11 21:00:00 UTC
3146,2026-05-12 01:00:00,5,12,1,2,2023,20.223801,38.322090,Copernicus,Copernicus,2026-05-11 22:00:00 UTC
3147,2026-05-12 02:00:00,5,12,2,3,2023,20.214621,38.348625,Copernicus,Copernicus,2026-05-11 23:00:00 UTC
3148,2026-05-12 03:00:00,5,12,3,4,2023,20.208555,38.369274,Copernicus,Copernicus,2026-05-12 00:00:00 UTC
3149,2026-05-12 04:00:00,5,12,4,5,2023,20.206448,38.383411,Copernicus,Copernicus,2026-05-12 01:00:00 UTC
3150,2026-05-12 05:00:00,5,12,5,6,2023,20.208364,38.390774,Copernicus,Copernicus,2026-05-12 02:00:00 UTC
3151,2026-05-12 06:00:00,5,12,6,7,2023,20.214695,38.390961,Copernicus,Copernicus,2026-05-12 03:00:00 UTC
3152,2026-05-12 07:00:00,5,12,7,8,2023,20.225559,38.383617,Copernicus,Copernicus,2026-05-12 04:00:00 UTC
3153,2026-05-12 08:00:00,5,12,8,9,2023,20.240875,38.367836,Copernicus,Copernicus,2026-05-12 05:00:00 UTC
3154,2026-05-12 09:00:00,5,12,9,10,2023,20.260891,38.342567,Copernicus,Copernicus,2026-05-12 06:00:00 UTC
3155,2026-05-12 10:00:00,5,12,10,11,2023,20.286369,38.307728,Copernicus,Copernicus,2026-05-12 07:00:00 UTC
3156,2026-05-12 11:00:00,5,12,11,12,2023,20.318571,38.263702,Copernicus,Copernicus,2026-05-12 08:00:00 UTC
3157,2026-05-12 12:00:00,5,12,12,13,2023,20.356962,38.213146,Copernicus,Copernicus,2026-05-12 09:00:00 UTC
3158,2026-05-12 13:00:00,5,12,13,14,2023,20.398779,38.161449,Copernicus,Copernicus,2026-05-12 10:00:00 UTC
3159,2026-05-12 14:00:00,5,12,14,15,2023,20.440329,38.114410,Copernicus,Copernicus,2026-05-12 11:00:00 UTC
3160,2026-05-12 15:00:00,5,12,15,16,2023,20.478792,38.077168,Copernicus,Copernicus,2026-05-12 12:00:00 UTC
3161,2026-05-12 16:00:00,5,12,16,17,2023,20.512535,38.053391,Copernicus,Copernicus,2026-05-12 13:00:00 UTC
3162,2026-05-12 17:00:00,5,12,17,18,2023,20.540756,38.044418,Copernicus,Copernicus,2026-05-12 14:00:00 UTC
3163,2026-05-12 18:00:00,5,12,18,19,2023,20.562943,38.049698,Copernicus,Copernicus,2026-05-12 15:00:00 UTC
3164,2026-05-12 19:00:00,5,12,19,20,2023,20.576609,38.066551,Copernicus,Copernicus,2026-05-12 16:00:00 UTC
3165,2026-05-12 20:00:00,5,12,20,21,2023,20.581234,38.091785,Copernicus,Copernicus,2026-05-12 17:00:00 UTC
3166,2026-05-12 21:00:00,5,12,21,22,2023,20.577900,38.121956,Copernicus,Copernicus,2026-05-12 18:00:00 UTC
3167,2026-05-12 22:00:00,5,12,22,23,2023,20.568823,38.153748,Copernicus,Copernicus,2026-05-12 19:00:00 UTC
3168,2026-05-12 23:00:00,5,12,23,24,2023,20.557447,38.184437,Copernicus,Copernicus,2026-05-12 20:00:00 UTC
3169,2026-05-13 00:00:00,5,13,0,1,2023,20.547253,38.211239,Copernicus,Copernicus,2026-05-12 21:00:00 UTC
3170,2026-05-13 01:00:00,5,13,1,2,2023,20.540678,38.232925,Copernicus,Copernicus,2026-05-12 22:00:00 UTC
3171,2026-05-13 02:00:00,5,13,2,3,2023,20.539324,38.248745,Copernicus,Copernicus,2026-05-12 23:00:00 UTC
3172,2026-05-13 03:00:00,5,13,3,4,2023,20.543829,38.258701,Copernicus,Copernicus,2026-05-13 00:00:00 UTC
3173,2026-05-13 04:00:00,5,13,4,5,2023,20.554089,38.262817,Copernicus,Copernicus,2026-05-13 01:00:00 UTC
3174,2026-05-13 05:00:00,5,13,5,6,2023,20.569553,38.261852,Copernicus,Copernicus,2026-05-13 02:00:00 UTC
3175,2026-05-13 06:00:00,5,13,6,7,2023,20.589294,38.256748,Copernicus,Copernicus,2026-05-13 03:00:00 UTC
3176,2026-05-13 07:00:00,5,13,7,8,2023,20.612446,38.248096,Copernicus,Copernicus,2026-05-13 04:00:00 UTC
3177,2026-05-13 08:00:00,5,13,8,9,2023,20.638260,38.236565,Copernicus,Copernicus,2026-05-13 05:00:00 UTC
3178,2026-05-13 09:00:00,5,13,9,10,2023,20.666109,38.222542,Copernicus,Copernicus,2026-05-13 06:00:00 UTC
3179,2026-05-13 10:00:00,5,13,10,11,2023,20.695028,38.206989,Copernicus,Copernicus,2026-05-13 07:00:00 UTC
3180,2026-05-13 11:00:00,5,13,11,12,2023,20.724070,38.191204,Copernicus,Copernicus,2026-05-13 08:00:00 UTC
3181,2026-05-13 12:00:00,5,13,12,13,2023,20.752325,38.177094,Copernicus,Copernicus,2026-05-13 09:00:00 UTC
3182,2026-05-13 13:00:00,5,13,13,14,2023,20.779026,38.166576,Copernicus,Copernicus,2026-05-13 10:00:00 UTC
3183,2026-05-13 14:00:00,5,13,14,15,2023,20.803162,38.161324,Copernicus,Copernicus,2026-05-13 11:00:00 UTC
3184,2026-05-13 15:00:00,5,13,15,16,2023,20.823847,38.162380,Copernicus,Copernicus,2026-05-13 12:00:00 UTC
3185,2026-05-13 16:00:00,5,13,16,17,2023,20.838823,38.170319,Copernicus,Copernicus,2026-05-13 13:00:00 UTC
3186,2026-05-13 17:00:00,5,13,17,18,2023,20.844442,38.185379,Copernicus,Copernicus,2026-05-13 14:00:00 UTC
3187,2026-05-13 18:00:00,5,13,18,19,2023,20.839542,38.206802,Copernicus,Copernicus,2026-05-13 15:00:00 UTC
3188,2026-05-13 19:00:00,5,13,19,20,2023,20.825651,38.232731,Copernicus,Copernicus,2026-05-13 16:00:00 UTC
3189,2026-05-13 20:00:00,5,13,20,21,2023,20.806931,38.260303,Copernicus,Copernicus,2026-05-13 17:00:00 UTC
3190,2026-05-13 21:00:00,5,13,21,22,2023,20.787741,38.286762,Copernicus,Copernicus,2026-05-13 18:00:00 UTC
3191,2026-05-13 22:00:00,5,13,22,23,2023,20.772434,38.309391,Copernicus,Copernicus,2026-05-13 19:00:00 UTC
3192,2026-05-13 23:00:00,5,13,23,24,2023,20.764374,38.326115,Copernicus,Copernicus,2026-05-13 20:00:00 UTC
3193,2026-05-14 00:00:00,5,14,0,1,2023,20.765697,38.335567,Copernicus,Copernicus,2026-05-13 21:00:00 UTC
3194,2026-05-14 01:00:00,5,14,1,2,2023,20.775478,38.337219,Copernicus,Copernicus,2026-05-13 22:00:00 UTC
3195,2026-05-14 02:00:00,5,14,2,3,2023,20.790722,38.331440,Copernicus,Copernicus,2026-05-13 23:00:00 UTC
3196,2026-05-14 03:00:00,5,14,3,4,2023,20.809858,38.318573,Copernicus,Copernicus,2026-05-14 00:00:00 UTC
3197,2026-05-14 04:00:00,5,14,4,5,2023,20.831314,38.298946,Copernicus,Copernicus,2026-05-14 01:00:00 UTC
3198,2026-05-14 05:00:00,5,14,5,6,2023,20.853958,38.272774,Copernicus,Copernicus,2026-05-14 02:00:00 UTC
3199,2026-05-14 06:00:00,5,14,6,7,2023,20.877914,38.241081,Copernicus,Copernicus,2026-05-14 03:00:00 UTC
3200,2026-05-14 07:00:00,5,14,7,8,2023,20.904779,38.206074,Copernicus,Copernicus,2026-05-14 04:00:00 UTC
3201,2026-05-14 08:00:00,5,14,8,9,2023,20.934566,38.171608,Copernicus,Copernicus,2026-05-14 05:00:00 UTC
3202,2026-05-14 09:00:00,5,14,9,10,2023,20.964708,38.142738,Copernicus,Copernicus,2026-05-14 06:00:00 UTC
3203,2026-05-14 10:00:00,5,14,10,11,2023,20.991199,38.124275,Copernicus,Copernicus,2026-05-14 07:00:00 UTC
3204,2026-05-14 11:00:00,5,14,11,12,2023,21.011017,38.119122,Copernicus,Copernicus,2026-05-14 08:00:00 UTC
3205,2026-05-14 12:00:00,5,14,12,13,2023,21.025023,38.127506,Copernicus,Copernicus,2026-05-14 09:00:00 UTC
3206,2026-05-14 13:00:00,5,14,13,14,2023,21.032606,38.146183,Copernicus,Copernicus,2026-05-14 10:00:00 UTC
3207,2026-05-14 14:00:00,5,14,14,15,2023,21.032999,38.171051,Copernicus,Copernicus,2026-05-14 11:00:00 UTC
3208,2026-05-14 15:00:00,5,14,15,16,2023,21.027939,38.198311,Copernicus,Copernicus,2026-05-14 12:00:00 UTC
3209,2026-05-14 16:00:00,5,14,16,17,2023,21.019886,38.225147,Copernicus,Copernicus,2026-05-14 13:00:00 UTC
3210,2026-05-14 17:00:00,5,14,17,18,2023,21.010731,38.250378,Copernicus,Copernicus,2026-05-14 14:00:00 UTC
3211,2026-05-14 18:00:00,5,14,18,19,2023,21.001709,38.273304,Copernicus,Copernicus,2026-05-14 15:00:00 UTC
3212,2026-05-14 19:00:00,5,14,19,20,2023,20.994608,38.293255,Copernicus,Copernicus,2026-05-14 16:00:00 UTC
3213,2026-05-14 20:00:00,5,14,20,21,2023,20.991652,38.309494,Copernicus,Copernicus,2026-05-14 17:00:00 UTC
3214,2026-05-14 21:00:00,5,14,21,22,2023,20.994238,38.321228,Copernicus,Copernicus,2026-05-14 18:00:00 UTC
3215,2026-05-14 22:00:00,5,14,22,23,2023,21.002296,38.327133,Copernicus,Copernicus,2026-05-14 19:00:00 UTC
3216,2026-05-14 23:00:00,5,14,23,24,2023,21.015200,38.326073,Copernicus,Copernicus,2026-05-14 20:00:00 UTC
3217,2026-05-15 00:00:00,5,15,0,1,2023,21.032253,38.317677,Copernicus,Copernicus,2026-05-14 21:00:00 UTC
3218,2026-05-15 01:00:00,5,15,1,2,2023,21.052034,38.302853,Copernicus,Copernicus,2026-05-14 22:00:00 UTC
3219,2026-05-15 02:00:00,5,15,2,3,2023,21.072674,38.283798,Copernicus,Copernicus,2026-05-14 23:00:00 UTC
3220,2026-05-15 03:00:00,5,15,3,4,2023,21.092192,38.263741,Copernicus,Copernicus,2026-05-15 00:00:00 UTC
3221,2026-05-15 04:00:00,5,15,4,5,2023,21.108597,38.245743,Copernicus,Copernicus,2026-05-15 01:00:00 UTC
3222,2026-05-15 05:00:00,5,15,5,6,2023,21.120445,38.232449,Copernicus,Copernicus,2026-05-15 02:00:00 UTC
3223,2026-05-15 06:00:00,5,15,6,7,2023,21.127083,38.226616,Copernicus,Copernicus,2026-05-15 03:00:00 UTC
3224,2026-05-15 07:00:00,5,15,7,8,2023,21.127886,38.230694,Copernicus,Copernicus,2026-05-15 04:00:00 UTC
3225,2026-05-15 08:00:00,5,15,8,9,2023,21.120266,38.247341,Copernicus,Copernicus,2026-05-15 05:00:00 UTC
3226,2026-05-15 09:00:00,5,15,9,10,2023,21.100651,38.277920,Copernicus,Copernicus,2026-05-15 06:00:00 UTC
3227,2026-05-15 10:00:00,5,15,10,11,2023,21.068066,38.321037,Copernicus,Copernicus,2026-05-15 07:00:00 UTC
3228,2026-05-15 11:00:00,5,15,11,12,2023,21.026085,38.372208,Copernicus,Copernicus,2026-05-15 08:00:00 UTC
3229,2026-05-15 12:00:00,5,15,12,13,2023,20.978422,38.427189,Copernicus,Copernicus,2026-05-15 09:00:00 UTC
3230,2026-05-15 13:00:00,5,15,13,14,2023,20.930735,38.480736,Copernicus,Copernicus,2026-05-15 10:00:00 UTC
3231,2026-05-15 14:00:00,5,15,14,15,2023,20.887102,38.528652,Copernicus,Copernicus,2026-05-15 11:00:00 UTC
3232,2026-05-15 15:00:00,5,15,15,16,2023,20.850935,38.568310,Copernicus,Copernicus,2026-05-15 12:00:00 UTC
3233,2026-05-15 16:00:00,5,15,16,17,2023,20.824039,38.598831,Copernicus,Copernicus,2026-05-15 13:00:00 UTC
3234,2026-05-15 17:00:00,5,15,17,18,2023,20.805975,38.620670,Copernicus,Copernicus,2026-05-15 14:00:00 UTC
3235,2026-05-15 18:00:00,5,15,18,19,2023,20.794460,38.634689,Copernicus,Copernicus,2026-05-15 15:00:00 UTC
3236,2026-05-15 19:00:00,5,15,19,20,2023,20.788914,38.642185,Copernicus,Copernicus,2026-05-15 16:00:00 UTC
3237,2026-05-15 20:00:00,5,15,20,21,2023,20.791174,38.643555,Copernicus,Copernicus,2026-05-15 17:00:00 UTC
3238,2026-05-15 21:00:00,5,15,21,22,2023,20.801050,38.638569,Copernicus,Copernicus,2026-05-15 18:00:00 UTC
3239,2026-05-15 22:00:00,5,15,22,23,2023,20.821115,38.623489,Copernicus,Copernicus,2026-05-15 19:00:00 UTC
3240,2026-05-15 23:00:00,5,15,23,24,2023,20.859623,38.590107,Copernicus,Copernicus,2026-05-15 20:00:00 UTC
3241,2026-05-16 00:00:00,5,16,0,1,2023,20.922731,38.532127,Copernicus,Copernicus,2026-05-15 21:00:00 UTC
3242,2026-05-16 01:00:00,5,16,1,2,2023,21.007660,38.449612,Copernicus,Copernicus,2026-05-15 22:00:00 UTC
3243,2026-05-16 02:00:00,5,16,2,3,2023,21.103191,38.351711,Copernicus,Copernicus,2026-05-15 23:00:00 UTC
3244,2026-05-16 03:00:00,5,16,3,4,2023,21.192726,38.255196,Copernicus,Copernicus,2026-05-16 00:00:00 UTC
3245,2026-05-16 04:00:00,5,16,4,5,2023,21.260393,38.179646,Copernicus,Copernicus,2026-05-16 01:00:00 UTC
3246,2026-05-16 05:00:00,5,16,5,6,2023,21.297112,38.140503,Copernicus,Copernicus,2026-05-16 02:00:00 UTC
3247,2026-05-16 06:00:00,5,16,6,7,2023,21.293451,38.148514,Copernicus,Copernicus,2026-05-16 03:00:00 UTC
3248,2026-05-16 07:00:00,5,16,7,8,2023,21.243521,38.206436,Copernicus,Copernicus,2026-05-16 04:00:00 UTC
3249,2026-05-16 08:00:00,5,16,8,9,2023,21.151686,38.308495,Copernicus,Copernicus,2026-05-16 05:00:00 UTC
3250,2026-05-16 09:00:00,5,16,9,10,2023,21.034187,38.438942,Copernicus,Copernicus,2026-05-16 06:00:00 UTC
3251,2026-05-16 10:00:00,5,16,10,11,2023,20.916798,38.570587,Copernicus,Copernicus,2026-05-16 07:00:00 UTC
3252,2026-05-16 11:00:00,5,16,11,12,2023,20.822037,38.679504,Copernicus,Copernicus,2026-05-16 08:00:00 UTC
3253,2026-05-16 12:00:00,5,16,12,13,2023,20.753929,38.757973,Copernicus,Copernicus,2026-05-16 09:00:00 UTC
3254,2026-05-16 13:00:00,5,16,13,14,2023,20.712519,38.810158,Copernicus,Copernicus,2026-05-16 10:00:00 UTC
3255,2026-05-16 14:00:00,5,16,14,15,2023,20.692341,38.841450,Copernicus,Copernicus,2026-05-16 11:00:00 UTC
3256,2026-05-16 15:00:00,5,16,15,16,2023,20.687843,38.857368,Copernicus,Copernicus,2026-05-16 12:00:00 UTC
3257,2026-05-16 16:00:00,5,16,16,17,2023,20.694309,38.861435,Copernicus,Copernicus,2026-05-16 13:00:00 UTC
3258,2026-05-16 17:00:00,5,16,17,18,2023,20.709572,38.856327,Copernicus,Copernicus,2026-05-16 14:00:00 UTC
3259,2026-05-16 18:00:00,5,16,18,19,2023,20.725565,38.848034,Copernicus,Copernicus,2026-05-16 15:00:00 UTC
3260,2026-05-16 19:00:00,5,16,19,20,2023,20.737265,38.841408,Copernicus,Copernicus,2026-05-16 16:00:00 UTC
3261,2026-05-16 20:00:00,5,16,20,21,2023,20.742443,38.839561,Copernicus,Copernicus,2026-05-16 17:00:00 UTC
3262,2026-05-16 21:00:00,5,16,21,22,2023,20.740442,38.844208,Copernicus,Copernicus,2026-05-16 18:00:00 UTC
3263,2026-05-16 22:00:00,5,16,22,23,2023,20.733099,38.854137,Copernicus,Copernicus,2026-05-16 19:00:00 UTC
3264,2026-05-16 23:00:00,5,16,23,24,2023,20.723425,38.866253,Copernicus,Copernicus,2026-05-16 20:00:00 UTC
3265,2026-05-17 00:00:00,5,17,0,1,2023,20.713364,38.878304,Copernicus,Copernicus,2026-05-16 21:00:00 UTC
3266,2026-05-17 01:00:00,5,17,1,2,2023,20.704548,38.888554,Copernicus,Copernicus,2026-05-16 22:00:00 UTC
3267,2026-05-17 02:00:00,5,17,2,3,2023,20.698454,38.895927,Copernicus,Copernicus,2026-05-16 23:00:00 UTC
3268,2026-05-17 03:00:00,5,17,3,4,2023,20.696291,38.899513,Copernicus,Copernicus,2026-05-17 00:00:00 UTC
3269,2026-05-17 04:00:00,5,17,4,5,2023,20.701736,38.896046,Copernicus,Copernicus,2026-05-17 01:00:00 UTC
3270,2026-05-17 05:00:00,5,17,5,6,2023,20.719532,38.881382,Copernicus,Copernicus,2026-05-17 02:00:00 UTC
3271,2026-05-17 06:00:00,5,17,6,7,2023,20.755764,38.850956,Copernicus,Copernicus,2026-05-17 03:00:00 UTC
3272,2026-05-17 07:00:00,5,17,7,8,2023,20.814783,38.801495,Copernicus,Copernicus,2026-05-17 04:00:00 UTC
3273,2026-05-17 08:00:00,5,17,8,9,2023,20.897833,38.731594,Copernicus,Copernicus,2026-05-17 05:00:00 UTC
3274,2026-05-17 09:00:00,5,17,9,10,2023,21.000603,38.642990,Copernicus,Copernicus,2026-05-17 06:00:00 UTC
3275,2026-05-17 10:00:00,5,17,10,11,2023,21.114691,38.536785,Copernicus,Copernicus,2026-05-17 07:00:00 UTC
3276,2026-05-17 11:00:00,5,17,11,12,2023,21.228582,38.416553,Copernicus,Copernicus,2026-05-17 08:00:00 UTC
3277,2026-05-17 12:00:00,5,17,12,13,2023,21.328970,38.296066,Copernicus,Copernicus,2026-05-17 09:00:00 UTC
3278,2026-05-17 13:00:00,5,17,13,14,2023,21.406368,38.195183,Copernicus,Copernicus,2026-05-17 10:00:00 UTC
3279,2026-05-17 14:00:00,5,17,14,15,2023,21.456169,38.131119,Copernicus,Copernicus,2026-05-17 11:00:00 UTC
3280,2026-05-17 15:00:00,5,17,15,16,2023,21.477411,38.113895,Copernicus,Copernicus,2026-05-17 12:00:00 UTC
3281,2026-05-17 16:00:00,5,17,16,17,2023,21.460495,38.155964,Copernicus,Copernicus,2026-05-17 13:00:00 UTC
3282,2026-05-17 17:00:00,5,17,17,18,2023,21.398340,38.261230,Copernicus,Copernicus,2026-05-17 14:00:00 UTC
3283,2026-05-17 18:00:00,5,17,18,19,2023,21.300200,38.410397,Copernicus,Copernicus,2026-05-17 15:00:00 UTC
3284,2026-05-17 19:00:00,5,17,19,20,2023,21.184631,38.566288,Copernicus,Copernicus,2026-05-17 16:00:00 UTC
3285,2026-05-17 20:00:00,5,17,20,21,2023,21.075649,38.697208,Copernicus,Copernicus,2026-05-17 17:00:00 UTC
3286,2026-05-17 21:00:00,5,17,21,22,2023,20.987930,38.791836,Copernicus,Copernicus,2026-05-17 18:00:00 UTC
3287,2026-05-17 22:00:00,5,17,22,23,2023,20.923241,38.855099,Copernicus,Copernicus,2026-05-17 19:00:00 UTC
3288,2026-05-17 23:00:00,5,17,23,24,2023,20.878609,38.894909,Copernicus,Copernicus,2026-05-17 20:00:00 UTC
3289,2026-05-18 00:00:00,5,18,0,1,2023,20.851694,38.917339,Copernicus,Copernicus,2026-05-17 21:00:00 UTC
3290,2026-05-18 01:00:00,5,18,1,2,2023,20.841640,38.926357,Copernicus,Copernicus,2026-05-17 22:00:00 UTC
3291,2026-05-18 02:00:00,5,18,2,3,2023,20.849117,38.923721,Copernicus,Copernicus,2026-05-17 23:00:00 UTC
3292,2026-05-18 03:00:00,5,18,3,4,2023,20.874350,38.909912,Copernicus,Copernicus,2026-05-18 00:00:00 UTC
3293,2026-05-18 04:00:00,5,18,4,5,2023,20.918003,38.883224,Copernicus,Copernicus,2026-05-18 01:00:00 UTC
3294,2026-05-18 05:00:00,5,18,5,6,2023,20.979136,38.841042,Copernicus,Copernicus,2026-05-18 02:00:00 UTC
3295,2026-05-18 06:00:00,5,18,6,7,2023,21.056675,38.780346,Copernicus,Copernicus,2026-05-18 03:00:00 UTC
3296,2026-05-18 07:00:00,5,18,7,8,2023,21.144609,38.703625,Copernicus,Copernicus,2026-05-18 04:00:00 UTC
3297,2026-05-18 08:00:00,5,18,8,9,2023,21.229393,38.622543,Copernicus,Copernicus,2026-05-18 05:00:00 UTC
3298,2026-05-18 09:00:00,5,18,9,10,2023,21.296974,38.555042,Copernicus,Copernicus,2026-05-18 06:00:00 UTC
3299,2026-05-18 10:00:00,5,18,10,11,2023,21.338768,38.517384,Copernicus,Copernicus,2026-05-18 07:00:00 UTC
3300,2026-05-18 11:00:00,5,18,11,12,2023,21.353167,38.516273,Copernicus,Copernicus,2026-05-18 08:00:00 UTC
3301,2026-05-18 12:00:00,5,18,12,13,2023,21.342850,38.547543,Copernicus,Copernicus,2026-05-18 09:00:00 UTC
3302,2026-05-18 13:00:00,5,18,13,14,2023,21.310583,38.601395,Copernicus,Copernicus,2026-05-18 10:00:00 UTC
3303,2026-05-18 14:00:00,5,18,14,15,2023,21.259380,38.667599,Copernicus,Copernicus,2026-05-18 11:00:00 UTC
3304,2026-05-18 15:00:00,5,18,15,16,2023,21.197271,38.738358,Copernicus,Copernicus,2026-05-18 12:00:00 UTC
3305,2026-05-18 16:00:00,5,18,16,17,2023,21.135256,38.802731,Copernicus,Copernicus,2026-05-18 13:00:00 UTC
3306,2026-05-18 17:00:00,5,18,17,18,2023,21.080572,38.854553,Copernicus,Copernicus,2026-05-18 14:00:00 UTC
3307,2026-05-18 18:00:00,5,18,18,19,2023,21.034525,38.893147,Copernicus,Copernicus,2026-05-18 15:00:00 UTC
3308,2026-05-18 19:00:00,5,18,19,20,2023,20.996691,38.920834,Copernicus,Copernicus,2026-05-18 16:00:00 UTC
3309,2026-05-18 20:00:00,5,18,20,21,2023,20.965778,38.940411,Copernicus,Copernicus,2026-05-18 17:00:00 UTC
3310,2026-05-18 21:00:00,5,18,21,22,2023,20.941980,38.953602,Copernicus,Copernicus,2026-05-18 18:00:00 UTC
3311,2026-05-18 22:00:00,5,18,22,23,2023,20.926346,38.961021,Copernicus,Copernicus,2026-05-18 19:00:00 UTC
3312,2026-05-18 23:00:00,5,18,23,24,2023,20.920418,38.963020,Copernicus,Copernicus,2026-05-18 20:00:00 UTC
3313,2026-05-19 00:00:00,5,19,0,1,2023,20.925793,38.958771,Copernicus,Copernicus,2026-05-18 21:00:00 UTC
3314,2026-05-19 01:00:00,5,19,1,2,2023,20.943386,38.947018,Copernicus,Copernicus,2026-05-18 22:00:00 UTC
3315,2026-05-19 02:00:00,5,19,2,3,2023,20.973669,38.926655,Copernicus,Copernicus,2026-05-18 23:00:00 UTC
3316,2026-05-19 03:00:00,5,19,3,4,2023,21.014673,38.897453,Copernicus,Copernicus,2026-05-19 00:00:00 UTC
3317,2026-05-19 04:00:00,5,19,4,5,2023,21.062500,38.860764,Copernicus,Copernicus,2026-05-19 01:00:00 UTC
3318,2026-05-19 05:00:00,5,19,5,6,2023,21.112064,38.820019,Copernicus,Copernicus,2026-05-19 02:00:00 UTC
3319,2026-05-19 06:00:00,5,19,6,7,2023,21.157633,38.780949,Copernicus,Copernicus,2026-05-19 03:00:00 UTC
3320,2026-05-19 07:00:00,5,19,7,8,2023,21.194721,38.749653,Copernicus,Copernicus,2026-05-19 04:00:00 UTC
3321,2026-05-19 08:00:00,5,19,8,9,2023,21.220562,38.730522,Copernicus,Copernicus,2026-05-19 05:00:00 UTC
3322,2026-05-19 09:00:00,5,19,9,10,2023,21.234903,38.724812,Copernicus,Copernicus,2026-05-19 06:00:00 UTC
3323,2026-05-19 10:00:00,5,19,10,11,2023,21.238546,38.730694,Copernicus,Copernicus,2026-05-19 07:00:00 UTC
3324,2026-05-19 11:00:00,5,19,11,12,2023,21.231888,38.745285,Copernicus,Copernicus,2026-05-19 08:00:00 UTC
3325,2026-05-19 12:00:00,5,19,12,13,2023,21.217758,38.765045,Copernicus,Copernicus,2026-05-19 09:00:00 UTC
3326,2026-05-19 13:00:00,5,19,13,14,2023,21.200068,38.786823,Copernicus,Copernicus,2026-05-19 10:00:00 UTC
3327,2026-05-19 14:00:00,5,19,14,15,2023,21.181889,38.807671,Copernicus,Copernicus,2026-05-19 11:00:00 UTC
3328,2026-05-19 15:00:00,5,19,15,16,2023,21.165335,38.825855,Copernicus,Copernicus,2026-05-19 12:00:00 UTC
3329,2026-05-19 16:00:00,5,19,16,17,2023,21.151117,38.841423,Copernicus,Copernicus,2026-05-19 13:00:00 UTC
3330,2026-05-19 17:00:00,5,19,17,18,2023,21.137346,38.855339,Copernicus,Copernicus,2026-05-19 14:00:00 UTC
3331,2026-05-19 18:00:00,5,19,18,19,2023,21.121603,38.868759,Copernicus,Copernicus,2026-05-19 15:00:00 UTC
3332,2026-05-19 19:00:00,5,19,19,20,2023,21.102423,38.882885,Copernicus,Copernicus,2026-05-19 16:00:00 UTC
3333,2026-05-19 20:00:00,5,19,20,21,2023,21.078621,38.897888,Copernicus,Copernicus,2026-05-19 17:00:00 UTC
3334,2026-05-19 21:00:00,5,19,21,22,2023,21.052172,38.913025,Copernicus,Copernicus,2026-05-19 18:00:00 UTC
3335,2026-05-19 22:00:00,5,19,22,23,2023,21.025877,38.927067,Copernicus,Copernicus,2026-05-19 19:00:00 UTC
3336,2026-05-19 23:00:00,5,19,23,24,2023,21.002769,38.938778,Copernicus,Copernicus,2026-05-19 20:00:00 UTC
3337,2026-05-20 00:00:00,5,20,0,1,2023,20.985611,38.947056,Copernicus,Copernicus,2026-05-19 21:00:00 UTC
3338,2026-05-20 01:00:00,5,20,1,2,2023,20.975914,38.951355,Copernicus,Copernicus,2026-05-19 22:00:00 UTC
3339,2026-05-20 02:00:00,5,20,2,3,2023,20.975290,38.950947,Copernicus,Copernicus,2026-05-19 23:00:00 UTC
3340,2026-05-20 03:00:00,5,20,3,4,2023,20.984844,38.945312,Copernicus,Copernicus,2026-05-20 00:00:00 UTC
3341,2026-05-20 04:00:00,5,20,4,5,2023,21.005468,38.934013,Copernicus,Copernicus,2026-05-20 01:00:00 UTC
3342,2026-05-20 05:00:00,5,20,5,6,2023,21.036903,38.917187,Copernicus,Copernicus,2026-05-20 02:00:00 UTC
3343,2026-05-20 06:00:00,5,20,6,7,2023,21.078163,38.895245,Copernicus,Copernicus,2026-05-20 03:00:00 UTC
3344,2026-05-20 07:00:00,5,20,7,8,2023,21.128643,38.868317,Copernicus,Copernicus,2026-05-20 04:00:00 UTC
3345,2026-05-20 08:00:00,5,20,8,9,2023,21.185284,38.837238,Copernicus,Copernicus,2026-05-20 05:00:00 UTC
3346,2026-05-20 09:00:00,5,20,9,10,2023,21.242754,38.804081,Copernicus,Copernicus,2026-05-20 06:00:00 UTC
3347,2026-05-20 10:00:00,5,20,10,11,2023,21.294245,38.773029,Copernicus,Copernicus,2026-05-20 07:00:00 UTC
3348,2026-05-20 11:00:00,5,20,11,12,2023,21.333313,38.749489,Copernicus,Copernicus,2026-05-20 08:00:00 UTC
3349,2026-05-20 12:00:00,5,20,12,13,2023,21.356243,38.737740,Copernicus,Copernicus,2026-05-20 09:00:00 UTC
3350,2026-05-20 13:00:00,5,20,13,14,2023,21.361813,38.739307,Copernicus,Copernicus,2026-05-20 10:00:00 UTC
3351,2026-05-20 14:00:00,5,20,14,15,2023,21.350714,38.752728,Copernicus,Copernicus,2026-05-20 11:00:00 UTC
3352,2026-05-20 15:00:00,5,20,15,16,2023,21.328285,38.773602,Copernicus,Copernicus,2026-05-20 12:00:00 UTC
3353,2026-05-20 16:00:00,5,20,16,17,2023,21.303026,38.796253,Copernicus,Copernicus,2026-05-20 13:00:00 UTC
3354,2026-05-20 17:00:00,5,20,17,18,2023,21.283607,38.815620,Copernicus,Copernicus,2026-05-20 14:00:00 UTC
3355,2026-05-20 18:00:00,5,20,18,19,2023,21.275826,38.827511,Copernicus,Copernicus,2026-05-20 15:00:00 UTC
3356,2026-05-20 19:00:00,5,20,19,20,2023,21.284822,38.829502,Copernicus,Copernicus,2026-05-20 16:00:00 UTC
3357,2026-05-20 20:00:00,5,20,20,21,2023,21.313770,38.820290,Copernicus,Copernicus,2026-05-20 17:00:00 UTC
3358,2026-05-20 21:00:00,5,20,21,22,2023,21.361416,38.799911,Copernicus,Copernicus,2026-05-20 18:00:00 UTC
3359,2026-05-20 22:00:00,5,20,22,23,2023,21.425486,38.769417,Copernicus,Copernicus,2026-05-20 19:00:00 UTC
3360,2026-05-20 23:00:00,5,20,23,24,2023,21.498055,38.730778,Copernicus,Copernicus,2026-05-20 20:00:00 UTC
3361,2026-05-21 00:00:00,5,21,0,1,2023,21.567436,38.689346,Copernicus,Copernicus,2026-05-20 21:00:00 UTC
3362,2026-05-21 01:00:00,5,21,1,2,2023,21.625101,38.651775,Copernicus,Copernicus,2026-05-20 22:00:00 UTC
3363,2026-05-21 02:00:00,5,21,2,3,2023,21.668686,38.622990,Copernicus,Copernicus,2026-05-20 23:00:00 UTC
3364,2026-05-21 03:00:00,5,21,3,4,2023,21.696394,38.605522,Copernicus,Copernicus,2026-05-21 00:00:00 UTC
3365,2026-05-21 04:00:00,5,21,4,5,2023,21.711525,38.598724,Copernicus,Copernicus,2026-05-21 01:00:00 UTC
3366,2026-05-21 05:00:00,5,21,5,6,2023,21.717531,38.600307,Copernicus,Copernicus,2026-05-21 02:00:00 UTC
3367,2026-05-21 06:00:00,5,21,6,7,2023,21.717657,38.607059,Copernicus,Copernicus,2026-05-21 03:00:00 UTC
3368,2026-05-21 07:00:00,5,21,7,8,2023,21.714874,38.616489,Copernicus,Copernicus,2026-05-21 04:00:00 UTC
3369,2026-05-21 08:00:00,5,21,8,9,2023,21.711771,38.626587,Copernicus,Copernicus,2026-05-21 05:00:00 UTC
3370,2026-05-21 09:00:00,5,21,9,10,2023,21.710316,38.636131,Copernicus,Copernicus,2026-05-21 06:00:00 UTC
3371,2026-05-21 10:00:00,5,21,10,11,2023,21.711676,38.644714,Copernicus,Copernicus,2026-05-21 07:00:00 UTC
3372,2026-05-21 11:00:00,5,21,11,12,2023,21.715618,38.652130,Copernicus,Copernicus,2026-05-21 08:00:00 UTC
3373,2026-05-21 12:00:00,5,21,12,13,2023,21.721670,38.658283,Copernicus,Copernicus,2026-05-21 09:00:00 UTC
3374,2026-05-21 13:00:00,5,21,13,14,2023,21.728863,38.663502,Copernicus,Copernicus,2026-05-21 10:00:00 UTC
3375,2026-05-21 14:00:00,5,21,14,15,2023,21.736145,38.668282,Copernicus,Copernicus,2026-05-21 11:00:00 UTC
3376,2026-05-21 15:00:00,5,21,15,16,2023,21.742609,38.673119,Copernicus,Copernicus,2026-05-21 12:00:00 UTC
3377,2026-05-21 16:00:00,5,21,16,17,2023,21.746561,38.679066,Copernicus,Copernicus,2026-05-21 13:00:00 UTC
3378,2026-05-21 17:00:00,5,21,17,18,2023,21.744940,38.688038,Copernicus,Copernicus,2026-05-21 14:00:00 UTC
3379,2026-05-21 18:00:00,5,21,18,19,2023,21.735170,38.701305,Copernicus,Copernicus,2026-05-21 15:00:00 UTC
3380,2026-05-21 19:00:00,5,21,19,20,2023,21.715611,38.719215,Copernicus,Copernicus,2026-05-21 16:00:00 UTC
3381,2026-05-21 20:00:00,5,21,20,21,2023,21.686050,38.741276,Copernicus,Copernicus,2026-05-21 17:00:00 UTC
3382,2026-05-21 21:00:00,5,21,21,22,2023,21.647295,38.766518,Copernicus,Copernicus,2026-05-21 18:00:00 UTC
3383,2026-05-21 22:00:00,5,21,22,23,2023,21.601625,38.793293,Copernicus,Copernicus,2026-05-21 19:00:00 UTC
3384,2026-05-21 23:00:00,5,21,23,24,2023,21.553526,38.819260,Copernicus,Copernicus,2026-05-21 20:00:00 UTC
3385,2026-05-22 00:00:00,5,22,0,1,2023,21.507730,38.842533,Copernicus,Copernicus,2026-05-21 21:00:00 UTC
3386,2026-05-22 01:00:00,5,22,1,2,2023,21.468826,38.861637,Copernicus,Copernicus,2026-05-21 22:00:00 UTC
3387,2026-05-22 02:00:00,5,22,2,3,2023,21.440798,38.875546,Copernicus,Copernicus,2026-05-21 23:00:00 UTC
3388,2026-05-22 03:00:00,5,22,3,4,2023,21.427626,38.883308,Copernicus,Copernicus,2026-05-22 00:00:00 UTC
3389,2026-05-22 04:00:00,5,22,4,5,2023,21.435295,38.883743,Copernicus,Copernicus,2026-05-22 01:00:00 UTC
3390,2026-05-22 05:00:00,5,22,5,6,2023,21.464239,38.875561,Copernicus,Copernicus,2026-05-22 02:00:00 UTC
3391,2026-05-22 06:00:00,5,22,6,7,2023,21.511433,38.857750,Copernicus,Copernicus,2026-05-22 03:00:00 UTC
3392,2026-05-22 07:00:00,5,22,7,8,2023,21.572001,38.829353,Copernicus,Copernicus,2026-05-22 04:00:00 UTC
3393,2026-05-22 08:00:00,5,22,8,9,2023,21.636812,38.790405,Copernicus,Copernicus,2026-05-22 05:00:00 UTC
3394,2026-05-22 09:00:00,5,22,9,10,2023,21.693766,38.742905,Copernicus,Copernicus,2026-05-22 06:00:00 UTC
3395,2026-05-22 10:00:00,5,22,10,11,2023,21.735153,38.692101,Copernicus,Copernicus,2026-05-22 07:00:00 UTC
3396,2026-05-22 11:00:00,5,22,11,12,2023,21.762228,38.646099,Copernicus,Copernicus,2026-05-22 08:00:00 UTC
3397,2026-05-22 12:00:00,5,22,12,13,2023,21.779110,38.612484,Copernicus,Copernicus,2026-05-22 09:00:00 UTC
3398,2026-05-22 13:00:00,5,22,13,14,2023,21.789831,38.594906,Copernicus,Copernicus,2026-05-22 10:00:00 UTC
3399,2026-05-22 14:00:00,5,22,14,15,2023,21.796928,38.593456,Copernicus,Copernicus,2026-05-22 11:00:00 UTC
3400,2026-05-22 15:00:00,5,22,15,16,2023,21.801195,38.605999,Copernicus,Copernicus,2026-05-22 12:00:00 UTC
3401,2026-05-22 16:00:00,5,22,16,17,2023,21.800987,38.629440,Copernicus,Copernicus,2026-05-22 13:00:00 UTC
3402,2026-05-22 17:00:00,5,22,17,18,2023,21.794880,38.659649,Copernicus,Copernicus,2026-05-22 14:00:00 UTC
3403,2026-05-22 18:00:00,5,22,18,19,2023,21.784210,38.692059,Copernicus,Copernicus,2026-05-22 15:00:00 UTC
3404,2026-05-22 19:00:00,5,22,19,20,2023,21.767048,38.724178,Copernicus,Copernicus,2026-05-22 16:00:00 UTC
3405,2026-05-22 20:00:00,5,22,20,21,2023,21.744225,38.753967,Copernicus,Copernicus,2026-05-22 17:00:00 UTC
3406,2026-05-22 21:00:00,5,22,21,22,2023,21.717957,38.780426,Copernicus,Copernicus,2026-05-22 18:00:00 UTC
3407,2026-05-22 22:00:00,5,22,22,23,2023,21.690002,38.802898,Copernicus,Copernicus,2026-05-22 19:00:00 UTC
3408,2026-05-22 23:00:00,5,22,23,24,2023,21.663168,38.821423,Copernicus,Copernicus,2026-05-22 20:00:00 UTC
3409,2026-05-23 00:00:00,5,23,0,1,2023,21.639448,38.836269,Copernicus,Copernicus,2026-05-22 21:00:00 UTC
3410,2026-05-23 01:00:00,5,23,1,2,2023,21.619606,38.847675,Copernicus,Copernicus,2026-05-22 22:00:00 UTC
3411,2026-05-23 02:00:00,5,23,2,3,2023,21.604399,38.855732,Copernicus,Copernicus,2026-05-22 23:00:00 UTC
3412,2026-05-23 03:00:00,5,23,3,4,2023,21.594744,38.860729,Copernicus,Copernicus,2026-05-23 00:00:00 UTC
3413,2026-05-23 04:00:00,5,23,4,5,2023,21.591215,38.862789,Copernicus,Copernicus,2026-05-23 01:00:00 UTC
3414,2026-05-23 05:00:00,5,23,5,6,2023,21.593657,38.861679,Copernicus,Copernicus,2026-05-23 02:00:00 UTC
3415,2026-05-23 06:00:00,5,23,6,7,2023,21.601957,38.857140,Copernicus,Copernicus,2026-05-23 03:00:00 UTC
3416,2026-05-23 07:00:00,5,23,7,8,2023,21.616106,38.848873,Copernicus,Copernicus,2026-05-23 04:00:00 UTC
3417,2026-05-23 08:00:00,5,23,8,9,2023,21.635452,38.836567,Copernicus,Copernicus,2026-05-23 05:00:00 UTC
3418,2026-05-23 09:00:00,5,23,9,10,2023,21.658520,38.820042,Copernicus,Copernicus,2026-05-23 06:00:00 UTC
3419,2026-05-23 10:00:00,5,23,10,11,2023,21.683508,38.799397,Copernicus,Copernicus,2026-05-23 07:00:00 UTC
3420,2026-05-23 11:00:00,5,23,11,12,2023,21.708042,38.775635,Copernicus,Copernicus,2026-05-23 08:00:00 UTC
3421,2026-05-23 12:00:00,5,23,12,13,2023,21.729618,38.750793,Copernicus,Copernicus,2026-05-23 09:00:00 UTC
3422,2026-05-23 13:00:00,5,23,13,14,2023,21.747034,38.727665,Copernicus,Copernicus,2026-05-23 10:00:00 UTC
3423,2026-05-23 14:00:00,5,23,14,15,2023,21.760544,38.708771,Copernicus,Copernicus,2026-05-23 11:00:00 UTC
3424,2026-05-23 15:00:00,5,23,15,16,2023,21.770948,38.695511,Copernicus,Copernicus,2026-05-23 12:00:00 UTC
3425,2026-05-23 16:00:00,5,23,16,17,2023,21.778696,38.688717,Copernicus,Copernicus,2026-05-23 13:00:00 UTC
3426,2026-05-23 17:00:00,5,23,17,18,2023,21.784174,38.688545,Copernicus,Copernicus,2026-05-23 14:00:00 UTC
3427,2026-05-23 18:00:00,5,23,18,19,2023,21.786579,38.694817,Copernicus,Copernicus,2026-05-23 15:00:00 UTC
3428,2026-05-23 19:00:00,5,23,19,20,2023,21.785521,38.706749,Copernicus,Copernicus,2026-05-23 16:00:00 UTC
3429,2026-05-23 20:00:00,5,23,20,21,2023,21.780745,38.723160,Copernicus,Copernicus,2026-05-23 17:00:00 UTC
3430,2026-05-23 21:00:00,5,23,21,22,2023,21.771528,38.743160,Copernicus,Copernicus,2026-05-23 18:00:00 UTC
3431,2026-05-23 22:00:00,5,23,22,23,2023,21.756824,38.765606,Copernicus,Copernicus,2026-05-23 19:00:00 UTC
3432,2026-05-23 23:00:00,5,23,23,24,2023,21.736034,38.789280,Copernicus,Copernicus,2026-05-23 20:00:00 UTC
3433,2026-05-24 00:00:00,5,24,0,1,2023,21.710308,38.812626,Copernicus,Copernicus,2026-05-23 21:00:00 UTC
3434,2026-05-24 01:00:00,5,24,1,2,2023,21.682777,38.834347,Copernicus,Copernicus,2026-05-23 22:00:00 UTC
3435,2026-05-24 02:00:00,5,24,2,3,2023,21.655739,38.853043,Copernicus,Copernicus,2026-05-23 23:00:00 UTC
3436,2026-05-24 03:00:00,5,24,3,4,2023,21.631718,38.867809,Copernicus,Copernicus,2026-05-24 00:00:00 UTC
3437,2026-05-24 04:00:00,5,24,4,5,2023,21.613277,38.878155,Copernicus,Copernicus,2026-05-24 01:00:00 UTC
3438,2026-05-24 05:00:00,5,24,5,6,2023,21.602808,38.883598,Copernicus,Copernicus,2026-05-24 02:00:00 UTC
3439,2026-05-24 06:00:00,5,24,6,7,2023,21.603083,38.883755,Copernicus,Copernicus,2026-05-24 03:00:00 UTC
3440,2026-05-24 07:00:00,5,24,7,8,2023,21.616026,38.878155,Copernicus,Copernicus,2026-05-24 04:00:00 UTC
3441,2026-05-24 08:00:00,5,24,8,9,2023,21.642700,38.865944,Copernicus,Copernicus,2026-05-24 05:00:00 UTC
3442,2026-05-24 09:00:00,5,24,9,10,2023,21.682980,38.844883,Copernicus,Copernicus,2026-05-24 06:00:00 UTC
3443,2026-05-24 10:00:00,5,24,10,11,2023,21.732300,38.811874,Copernicus,Copernicus,2026-05-24 07:00:00 UTC
3444,2026-05-24 11:00:00,5,24,11,12,2023,21.783875,38.765682,Copernicus,Copernicus,2026-05-24 08:00:00 UTC
3445,2026-05-24 12:00:00,5,24,12,13,2023,21.829165,38.710472,Copernicus,Copernicus,2026-05-24 09:00:00 UTC
3446,2026-05-24 13:00:00,5,24,13,14,2023,21.864586,38.655952,Copernicus,Copernicus,2026-05-24 10:00:00 UTC
3447,2026-05-24 14:00:00,5,24,14,15,2023,21.892420,38.612305,Copernicus,Copernicus,2026-05-24 11:00:00 UTC
3448,2026-05-24 15:00:00,5,24,15,16,2023,21.915474,38.585827,Copernicus,Copernicus,2026-05-24 12:00:00 UTC
3449,2026-05-24 16:00:00,5,24,16,17,2023,21.935823,38.578434,Copernicus,Copernicus,2026-05-24 13:00:00 UTC
3450,2026-05-24 17:00:00,5,24,17,18,2023,21.953745,38.588589,Copernicus,Copernicus,2026-05-24 14:00:00 UTC
3451,2026-05-24 18:00:00,5,24,18,19,2023,21.967632,38.612278,Copernicus,Copernicus,2026-05-24 15:00:00 UTC
3452,2026-05-24 19:00:00,5,24,19,20,2023,21.974812,38.644474,Copernicus,Copernicus,2026-05-24 16:00:00 UTC
3453,2026-05-24 20:00:00,5,24,20,21,2023,21.973396,38.680168,Copernicus,Copernicus,2026-05-24 17:00:00 UTC
3454,2026-05-24 21:00:00,5,24,21,22,2023,21.962675,38.715923,Copernicus,Copernicus,2026-05-24 18:00:00 UTC
3455,2026-05-24 22:00:00,5,24,22,23,2023,21.943266,38.748825,Copernicus,Copernicus,2026-05-24 19:00:00 UTC
3456,2026-05-24 23:00:00,5,24,23,24,2023,21.918064,38.776920,Copernicus,Copernicus,2026-05-24 20:00:00 UTC
3457,2026-05-25 00:00:00,5,25,0,1,2023,21.891848,38.799740,Copernicus,Copernicus,2026-05-24 21:00:00 UTC
3458,2026-05-25 01:00:00,5,25,1,2,2023,21.868183,38.817406,Copernicus,Copernicus,2026-05-24 22:00:00 UTC
3459,2026-05-25 02:00:00,5,25,2,3,2023,21.849302,38.830246,Copernicus,Copernicus,2026-05-24 23:00:00 UTC
3460,2026-05-25 03:00:00,5,25,3,4,2023,21.836687,38.838654,Copernicus,Copernicus,2026-05-25 00:00:00 UTC
3461,2026-05-25 04:00:00,5,25,4,5,2023,21.831743,38.843105,Copernicus,Copernicus,2026-05-25 01:00:00 UTC
3462,2026-05-25 05:00:00,5,25,5,6,2023,21.835114,38.844097,Copernicus,Copernicus,2026-05-25 02:00:00 UTC
3463,2026-05-25 06:00:00,5,25,6,7,2023,21.846161,38.841858,Copernicus,Copernicus,2026-05-25 03:00:00 UTC
3464,2026-05-25 07:00:00,5,25,7,8,2023,21.864223,38.836327,Copernicus,Copernicus,2026-05-25 04:00:00 UTC
3465,2026-05-25 08:00:00,5,25,8,9,2023,21.887451,38.827316,Copernicus,Copernicus,2026-05-25 05:00:00 UTC
3466,2026-05-25 09:00:00,5,25,9,10,2023,21.913450,38.814671,Copernicus,Copernicus,2026-05-25 06:00:00 UTC
3467,2026-05-25 10:00:00,5,25,10,11,2023,21.940159,38.798561,Copernicus,Copernicus,2026-05-25 07:00:00 UTC
3468,2026-05-25 11:00:00,5,25,11,12,2023,21.964594,38.780151,Copernicus,Copernicus,2026-05-25 08:00:00 UTC
3469,2026-05-25 12:00:00,5,25,12,13,2023,21.985077,38.761902,Copernicus,Copernicus,2026-05-25 09:00:00 UTC
3470,2026-05-25 13:00:00,5,25,13,14,2023,22.001017,38.746899,Copernicus,Copernicus,2026-05-25 10:00:00 UTC
3471,2026-05-25 14:00:00,5,25,14,15,2023,22.012779,38.737869,Copernicus,Copernicus,2026-05-25 11:00:00 UTC
3472,2026-05-25 15:00:00,5,25,15,16,2023,22.021729,38.736401,Copernicus,Copernicus,2026-05-25 12:00:00 UTC
3473,2026-05-25 16:00:00,5,25,16,17,2023,22.026661,38.743126,Copernicus,Copernicus,2026-05-25 13:00:00 UTC
3474,2026-05-25 17:00:00,5,25,17,18,2023,22.024038,38.757465,Copernicus,Copernicus,2026-05-25 14:00:00 UTC
3475,2026-05-25 18:00:00,5,25,18,19,2023,22.010832,38.777889,Copernicus,Copernicus,2026-05-25 15:00:00 UTC
3476,2026-05-25 19:00:00,5,25,19,20,2023,21.985582,38.802071,Copernicus,Copernicus,2026-05-25 16:00:00 UTC
3477,2026-05-25 20:00:00,5,25,20,21,2023,21.949408,38.827538,Copernicus,Copernicus,2026-05-25 17:00:00 UTC
3478,2026-05-25 21:00:00,5,25,21,22,2023,21.906393,38.852341,Copernicus,Copernicus,2026-05-25 18:00:00 UTC
3479,2026-05-25 22:00:00,5,25,22,23,2023,21.862640,38.874950,Copernicus,Copernicus,2026-05-25 19:00:00 UTC
3480,2026-05-25 23:00:00,5,25,23,24,2023,21.822119,38.894135,Copernicus,Copernicus,2026-05-25 20:00:00 UTC
3481,2026-05-26 00:00:00,5,26,0,1,2023,21.787340,38.909538,Copernicus,Copernicus,2026-05-25 21:00:00 UTC
3482,2026-05-26 01:00:00,5,26,1,2,2023,21.758879,38.921459,Copernicus,Copernicus,2026-05-25 22:00:00 UTC
3483,2026-05-26 02:00:00,5,26,2,3,2023,21.736320,38.930332,Copernicus,Copernicus,2026-05-25 23:00:00 UTC
3484,2026-05-26 03:00:00,5,26,3,4,2023,21.719713,38.936726,Copernicus,Copernicus,2026-05-26 00:00:00 UTC
3485,2026-05-26 04:00:00,5,26,4,5,2023,21.710127,38.940987,Copernicus,Copernicus,2026-05-26 01:00:00 UTC
3486,2026-05-26 05:00:00,5,26,5,6,2023,21.709305,38.943245,Copernicus,Copernicus,2026-05-26 02:00:00 UTC
3487,2026-05-26 06:00:00,5,26,6,7,2023,21.716457,38.943539,Copernicus,Copernicus,2026-05-26 03:00:00 UTC
3488,2026-05-26 07:00:00,5,26,7,8,2023,21.731514,38.941853,Copernicus,Copernicus,2026-05-26 04:00:00 UTC
3489,2026-05-26 08:00:00,5,26,8,9,2023,21.754305,38.938000,Copernicus,Copernicus,2026-05-26 05:00:00 UTC
3490,2026-05-26 09:00:00,5,26,9,10,2023,21.784117,38.931511,Copernicus,Copernicus,2026-05-26 06:00:00 UTC
3491,2026-05-26 10:00:00,5,26,10,11,2023,21.817600,38.923004,Copernicus,Copernicus,2026-05-26 07:00:00 UTC
3492,2026-05-26 11:00:00,5,26,11,12,2023,21.852074,38.912773,Copernicus,Copernicus,2026-05-26 08:00:00 UTC
3493,2026-05-26 12:00:00,5,26,12,13,2023,21.884251,38.901318,Copernicus,Copernicus,2026-05-26 09:00:00 UTC
3494,2026-05-26 13:00:00,5,26,13,14,2023,21.912035,38.889587,Copernicus,Copernicus,2026-05-26 10:00:00 UTC
3495,2026-05-26 14:00:00,5,26,14,15,2023,21.933506,38.878849,Copernicus,Copernicus,2026-05-26 11:00:00 UTC
3496,2026-05-26 15:00:00,5,26,15,16,2023,21.947578,38.870979,Copernicus,Copernicus,2026-05-26 12:00:00 UTC
3497,2026-05-26 16:00:00,5,26,16,17,2023,21.953594,38.868233,Copernicus,Copernicus,2026-05-26 13:00:00 UTC
3498,2026-05-26 17:00:00,5,26,17,18,2023,21.949087,38.872593,Copernicus,Copernicus,2026-05-26 14:00:00 UTC
3499,2026-05-26 18:00:00,5,26,18,19,2023,21.928764,38.884773,Copernicus,Copernicus,2026-05-26 15:00:00 UTC
3500,2026-05-26 19:00:00,5,26,19,20,2023,21.890364,38.904213,Copernicus,Copernicus,2026-05-26 16:00:00 UTC
3501,2026-05-26 20:00:00,5,26,20,21,2023,21.835949,38.929073,Copernicus,Copernicus,2026-05-26 17:00:00 UTC
3502,2026-05-26 21:00:00,5,26,21,22,2023,21.770452,38.956604,Copernicus,Copernicus,2026-05-26 18:00:00 UTC
3503,2026-05-26 22:00:00,5,26,22,23,2023,21.701004,38.983330,Copernicus,Copernicus,2026-05-26 19:00:00 UTC
3504,2026-05-26 23:00:00,5,26,23,24,2023,21.634554,39.006336,Copernicus,Copernicus,2026-05-26 20:00:00 UTC
3505,2026-05-27 00:00:00,5,27,0,1,2023,21.575937,39.024586,Copernicus,Copernicus,2026-05-26 21:00:00 UTC
3506,2026-05-27 01:00:00,5,27,1,2,2023,21.527496,39.038292,Copernicus,Copernicus,2026-05-26 22:00:00 UTC
3507,2026-05-27 02:00:00,5,27,2,3,2023,21.489559,39.048229,Copernicus,Copernicus,2026-05-26 23:00:00 UTC
3508,2026-05-27 03:00:00,5,27,3,4,2023,21.461292,39.055275,Copernicus,Copernicus,2026-05-27 00:00:00 UTC
3509,2026-05-27 04:00:00,5,27,4,5,2023,21.441730,39.060097,Copernicus,Copernicus,2026-05-27 01:00:00 UTC
3510,2026-05-27 05:00:00,5,27,5,6,2023,21.430225,39.063065,Copernicus,Copernicus,2026-05-27 02:00:00 UTC
3511,2026-05-27 06:00:00,5,27,6,7,2023,21.426918,39.064346,Copernicus,Copernicus,2026-05-27 03:00:00 UTC
3512,2026-05-27 07:00:00,5,27,7,8,2023,21.433279,39.064178,Copernicus,Copernicus,2026-05-27 04:00:00 UTC
3513,2026-05-27 08:00:00,5,27,8,9,2023,21.451038,39.063114,Copernicus,Copernicus,2026-05-27 05:00:00 UTC
3514,2026-05-27 09:00:00,5,27,9,10,2023,21.482084,39.061295,Copernicus,Copernicus,2026-05-27 06:00:00 UTC
3515,2026-05-27 10:00:00,5,27,10,11,2023,21.528164,39.058109,Copernicus,Copernicus,2026-05-27 07:00:00 UTC
3516,2026-05-27 11:00:00,5,27,11,12,2023,21.587719,39.051601,Copernicus,Copernicus,2026-05-27 08:00:00 UTC
3517,2026-05-27 12:00:00,5,27,12,13,2023,21.654572,39.037567,Copernicus,Copernicus,2026-05-27 09:00:00 UTC
3518,2026-05-27 13:00:00,5,27,13,14,2023,21.719820,39.015308,Copernicus,Copernicus,2026-05-27 10:00:00 UTC
3519,2026-05-27 14:00:00,5,27,14,15,2023,21.775764,38.989605,Copernicus,Copernicus,2026-05-27 11:00:00 UTC
3520,2026-05-27 15:00:00,5,27,15,16,2023,21.817421,38.968502,Copernicus,Copernicus,2026-05-27 12:00:00 UTC
3521,2026-05-27 16:00:00,5,27,16,17,2023,21.841709,38.958000,Copernicus,Copernicus,2026-05-27 13:00:00 UTC
3522,2026-05-27 17:00:00,5,27,17,18,2023,21.846540,38.960300,Copernicus,Copernicus,2026-05-27 14:00:00 UTC
3523,2026-05-27 18:00:00,5,27,18,19,2023,21.831232,38.972744,Copernicus,Copernicus,2026-05-27 15:00:00 UTC
3524,2026-05-27 19:00:00,5,27,19,20,2023,21.799866,38.991505,Copernicus,Copernicus,2026-05-27 16:00:00 UTC
3525,2026-05-27 20:00:00,5,27,20,21,2023,21.758835,39.012444,Copernicus,Copernicus,2026-05-27 17:00:00 UTC
3526,2026-05-27 21:00:00,5,27,21,22,2023,21.714205,39.032383,Copernicus,Copernicus,2026-05-27 18:00:00 UTC
3527,2026-05-27 22:00:00,5,27,22,23,2023,21.671337,39.049198,Copernicus,Copernicus,2026-05-27 19:00:00 UTC
3528,2026-05-27 23:00:00,5,27,23,24,2023,21.634752,39.061996,Copernicus,Copernicus,2026-05-27 20:00:00 UTC
3529,2026-05-28 00:00:00,5,28,0,1,2023,21.606569,39.070885,Copernicus,Copernicus,2026-05-27 21:00:00 UTC
3530,2026-05-28 01:00:00,5,28,1,2,2023,21.587679,39.076515,Copernicus,Copernicus,2026-05-27 22:00:00 UTC
3531,2026-05-28 02:00:00,5,28,2,3,2023,21.579012,39.079304,Copernicus,Copernicus,2026-05-27 23:00:00 UTC
3532,2026-05-28 03:00:00,5,28,3,4,2023,21.582634,39.079155,Copernicus,Copernicus,2026-05-28 00:00:00 UTC
3533,2026-05-28 04:00:00,5,28,4,5,2023,21.602625,39.074970,Copernicus,Copernicus,2026-05-28 01:00:00 UTC
3534,2026-05-28 05:00:00,5,28,5,6,2023,21.643675,39.063942,Copernicus,Copernicus,2026-05-28 02:00:00 UTC
3535,2026-05-28 06:00:00,5,28,6,7,2023,21.710857,39.040409,Copernicus,Copernicus,2026-05-28 03:00:00 UTC
3536,2026-05-28 07:00:00,5,28,7,8,2023,21.809290,38.997330,Copernicus,Copernicus,2026-05-28 04:00:00 UTC
3537,2026-05-28 08:00:00,5,28,8,9,2023,21.935692,38.932522,Copernicus,Copernicus,2026-05-28 05:00:00 UTC
3538,2026-05-28 09:00:00,5,28,9,10,2023,22.072172,38.855877,Copernicus,Copernicus,2026-05-28 06:00:00 UTC
3539,2026-05-28 10:00:00,5,28,10,11,2023,22.196421,38.785309,Copernicus,Copernicus,2026-05-28 07:00:00 UTC
3540,2026-05-28 11:00:00,5,28,11,12,2023,22.295612,38.733383,Copernicus,Copernicus,2026-05-28 08:00:00 UTC
3541,2026-05-28 12:00:00,5,28,12,13,2023,22.367464,38.703033,Copernicus,Copernicus,2026-05-28 09:00:00 UTC
3542,2026-05-28 13:00:00,5,28,13,14,2023,22.416935,38.690907,Copernicus,Copernicus,2026-05-28 10:00:00 UTC
3543,2026-05-28 14:00:00,5,28,14,15,2023,22.450317,38.692856,Copernicus,Copernicus,2026-05-28 11:00:00 UTC
3544,2026-05-28 15:00:00,5,28,15,16,2023,22.471649,38.705811,Copernicus,Copernicus,2026-05-28 12:00:00 UTC
3545,2026-05-28 16:00:00,5,28,16,17,2023,22.482897,38.726574,Copernicus,Copernicus,2026-05-28 13:00:00 UTC
3546,2026-05-28 17:00:00,5,28,17,18,2023,22.484861,38.751820,Copernicus,Copernicus,2026-05-28 14:00:00 UTC
3547,2026-05-28 18:00:00,5,28,18,19,2023,22.476683,38.778900,Copernicus,Copernicus,2026-05-28 15:00:00 UTC
3548,2026-05-28 19:00:00,5,28,19,20,2023,22.458651,38.805943,Copernicus,Copernicus,2026-05-28 16:00:00 UTC
3549,2026-05-28 20:00:00,5,28,20,21,2023,22.435350,38.831436,Copernicus,Copernicus,2026-05-28 17:00:00 UTC
3550,2026-05-28 21:00:00,5,28,21,22,2023,22.411806,38.854534,Copernicus,Copernicus,2026-05-28 18:00:00 UTC
3551,2026-05-28 22:00:00,5,28,22,23,2023,22.391211,38.873764,Copernicus,Copernicus,2026-05-28 19:00:00 UTC
3552,2026-05-28 23:00:00,5,28,23,24,2023,22.377441,38.888332,Copernicus,Copernicus,2026-05-28 20:00:00 UTC
3553,2026-05-29 00:00:00,5,29,0,1,2023,22.372021,38.897903,Copernicus,Copernicus,2026-05-28 21:00:00 UTC
3554,2026-05-29 01:00:00,5,29,1,2,2023,22.374393,38.902527,Copernicus,Copernicus,2026-05-28 22:00:00 UTC
3555,2026-05-29 02:00:00,5,29,2,3,2023,22.382879,38.902264,Copernicus,Copernicus,2026-05-28 23:00:00 UTC
3556,2026-05-29 03:00:00,5,29,3,4,2023,22.395113,38.897579,Copernicus,Copernicus,2026-05-29 00:00:00 UTC
3557,2026-05-29 04:00:00,5,29,4,5,2023,22.408995,38.889328,Copernicus,Copernicus,2026-05-29 01:00:00 UTC
3558,2026-05-29 05:00:00,5,29,5,6,2023,22.423300,38.878258,Copernicus,Copernicus,2026-05-29 02:00:00 UTC
3559,2026-05-29 06:00:00,5,29,6,7,2023,22.438171,38.865002,Copernicus,Copernicus,2026-05-29 03:00:00 UTC
3560,2026-05-29 07:00:00,5,29,7,8,2023,22.454885,38.850048,Copernicus,Copernicus,2026-05-29 04:00:00 UTC
3561,2026-05-29 08:00:00,5,29,8,9,2023,22.474907,38.833530,Copernicus,Copernicus,2026-05-29 05:00:00 UTC
3562,2026-05-29 09:00:00,5,29,9,10,2023,22.499502,38.815525,Copernicus,Copernicus,2026-05-29 06:00:00 UTC
3563,2026-05-29 10:00:00,5,29,10,11,2023,22.529091,38.796394,Copernicus,Copernicus,2026-05-29 07:00:00 UTC
3564,2026-05-29 11:00:00,5,29,11,12,2023,22.562899,38.776997,Copernicus,Copernicus,2026-05-29 08:00:00 UTC
3565,2026-05-29 12:00:00,5,29,12,13,2023,22.598839,38.758823,Copernicus,Copernicus,2026-05-29 09:00:00 UTC
3566,2026-05-29 13:00:00,5,29,13,14,2023,22.634727,38.743317,Copernicus,Copernicus,2026-05-29 10:00:00 UTC
3567,2026-05-29 14:00:00,5,29,14,15,2023,22.668400,38.730961,Copernicus,Copernicus,2026-05-29 11:00:00 UTC
3568,2026-05-29 15:00:00,5,29,15,16,2023,22.699974,38.722252,Copernicus,Copernicus,2026-05-29 12:00:00 UTC
3569,2026-05-29 16:00:00,5,29,16,17,2023,22.727486,38.719048,Copernicus,Copernicus,2026-05-29 13:00:00 UTC
3570,2026-05-29 17:00:00,5,29,17,18,2023,22.747454,38.724083,Copernicus,Copernicus,2026-05-29 14:00:00 UTC
3571,2026-05-29 18:00:00,5,29,18,19,2023,22.757616,38.738590,Copernicus,Copernicus,2026-05-29 15:00:00 UTC
3572,2026-05-29 19:00:00,5,29,19,20,2023,22.756233,38.761738,Copernicus,Copernicus,2026-05-29 16:00:00 UTC
3573,2026-05-29 20:00:00,5,29,20,21,2023,22.743868,38.790215,Copernicus,Copernicus,2026-05-29 17:00:00 UTC
3574,2026-05-29 21:00:00,5,29,21,22,2023,22.724947,38.819862,Copernicus,Copernicus,2026-05-29 18:00:00 UTC
3575,2026-05-29 22:00:00,5,29,22,23,2023,22.705276,38.846779,Copernicus,Copernicus,2026-05-29 19:00:00 UTC
3576,2026-05-29 23:00:00,5,29,23,24,2023,22.688564,38.868690,Copernicus,Copernicus,2026-05-29 20:00:00 UTC
3577,2026-05-30 00:00:00,5,30,0,1,2023,22.676313,38.884853,Copernicus,Copernicus,2026-05-29 21:00:00 UTC
3578,2026-05-30 01:00:00,5,30,1,2,2023,22.671015,38.895477,Copernicus,Copernicus,2026-05-29 22:00:00 UTC
3579,2026-05-30 02:00:00,5,30,2,3,2023,22.672129,38.901043,Copernicus,Copernicus,2026-05-29 23:00:00 UTC
3580,2026-05-30 03:00:00,5,30,3,4,2023,22.678022,38.902569,Copernicus,Copernicus,2026-05-30 00:00:00 UTC
3581,2026-05-30 04:00:00,5,30,4,5,2023,22.688704,38.900814,Copernicus,Copernicus,2026-05-30 01:00:00 UTC
3582,2026-05-30 05:00:00,5,30,5,6,2023,22.705585,38.895950,Copernicus,Copernicus,2026-05-30 02:00:00 UTC
3583,2026-05-30 06:00:00,5,30,6,7,2023,22.730843,38.887852,Copernicus,Copernicus,2026-05-30 03:00:00 UTC
3584,2026-05-30 07:00:00,5,30,7,8,2023,22.766890,38.876259,Copernicus,Copernicus,2026-05-30 04:00:00 UTC
3585,2026-05-30 08:00:00,5,30,8,9,2023,22.811604,38.862232,Copernicus,Copernicus,2026-05-30 05:00:00 UTC
3586,2026-05-30 09:00:00,5,30,9,10,2023,22.862495,38.845840,Copernicus,Copernicus,2026-05-30 06:00:00 UTC
3587,2026-05-30 10:00:00,5,30,10,11,2023,22.913931,38.828190,Copernicus,Copernicus,2026-05-30 07:00:00 UTC
3588,2026-05-30 11:00:00,5,30,11,12,2023,22.960457,38.811646,Copernicus,Copernicus,2026-05-30 08:00:00 UTC
3589,2026-05-30 12:00:00,5,30,12,13,2023,22.999636,38.798080,Copernicus,Copernicus,2026-05-30 09:00:00 UTC
3590,2026-05-30 13:00:00,5,30,13,14,2023,23.030573,38.787827,Copernicus,Copernicus,2026-05-30 10:00:00 UTC
3591,2026-05-30 14:00:00,5,30,14,15,2023,23.054277,38.780857,Copernicus,Copernicus,2026-05-30 11:00:00 UTC
3592,2026-05-30 15:00:00,5,30,15,16,2023,23.071842,38.776630,Copernicus,Copernicus,2026-05-30 12:00:00 UTC
3593,2026-05-30 16:00:00,5,30,16,17,2023,23.084352,38.774509,Copernicus,Copernicus,2026-05-30 13:00:00 UTC
3594,2026-05-30 17:00:00,5,30,17,18,2023,23.092216,38.774109,Copernicus,Copernicus,2026-05-30 14:00:00 UTC
3595,2026-05-30 18:00:00,5,30,18,19,2023,23.095438,38.775906,Copernicus,Copernicus,2026-05-30 15:00:00 UTC
3596,2026-05-30 19:00:00,5,30,19,20,2023,23.092981,38.780491,Copernicus,Copernicus,2026-05-30 16:00:00 UTC
3597,2026-05-30 20:00:00,5,30,20,21,2023,23.083588,38.788250,Copernicus,Copernicus,2026-05-30 17:00:00 UTC
3598,2026-05-30 21:00:00,5,30,21,22,2023,23.068090,38.798084,Copernicus,Copernicus,2026-05-30 18:00:00 UTC
3599,2026-05-30 22:00:00,5,30,22,23,2023,23.049246,38.808537,Copernicus,Copernicus,2026-05-30 19:00:00 UTC
3600,2026-05-30 23:00:00,5,30,23,24,2023,23.029434,38.818722,Copernicus,Copernicus,2026-05-30 20:00:00 UTC
3601,2026-05-31 00:00:00,5,31,0,1,2023,23.010641,38.827869,Copernicus,Copernicus,2026-05-30 21:00:00 UTC
3602,2026-05-31 01:00:00,5,31,1,2,2023,22.993841,38.835098,Copernicus,Copernicus,2026-05-30 22:00:00 UTC
3603,2026-05-31 02:00:00,5,31,2,3,2023,22.979868,38.839981,Copernicus,Copernicus,2026-05-30 23:00:00 UTC
3604,2026-05-31 03:00:00,5,31,3,4,2023,22.969444,38.842785,Copernicus,Copernicus,2026-05-31 00:00:00 UTC
3605,2026-05-31 04:00:00,5,31,4,5,2023,22.963444,38.843502,Copernicus,Copernicus,2026-05-31 01:00:00 UTC
3606,2026-05-31 05:00:00,5,31,5,6,2023,22.962406,38.842125,Copernicus,Copernicus,2026-05-31 02:00:00 UTC
3607,2026-05-31 06:00:00,5,31,6,7,2023,22.966534,38.838993,Copernicus,Copernicus,2026-05-31 03:00:00 UTC
3608,2026-05-31 07:00:00,5,31,7,8,2023,22.976130,38.834423,Copernicus,Copernicus,2026-05-31 04:00:00 UTC
3609,2026-05-31 08:00:00,5,31,8,9,2023,22.990376,38.828629,Copernicus,Copernicus,2026-05-31 05:00:00 UTC
3610,2026-05-31 09:00:00,5,31,9,10,2023,23.008121,38.821522,Copernicus,Copernicus,2026-05-31 06:00:00 UTC
3611,2026-05-31 10:00:00,5,31,10,11,2023,23.025238,38.813911,Copernicus,Copernicus,2026-05-31 07:00:00 UTC
3612,2026-05-31 11:00:00,5,31,11,12,2023,23.039904,38.807262,Copernicus,Copernicus,2026-05-31 08:00:00 UTC
3613,2026-05-31 12:00:00,5,31,12,13,2023,23.051777,38.802715,Copernicus,Copernicus,2026-05-31 09:00:00 UTC
3614,2026-05-31 13:00:00,5,31,13,14,2023,23.060410,38.800831,Copernicus,Copernicus,2026-05-31 10:00:00 UTC
3615,2026-05-31 14:00:00,5,31,14,15,2023,23.065233,38.801804,Copernicus,Copernicus,2026-05-31 11:00:00 UTC
3616,2026-05-31 15:00:00,5,31,15,16,2023,23.065372,38.805504,Copernicus,Copernicus,2026-05-31 12:00:00 UTC
3617,2026-05-31 16:00:00,5,31,16,17,2023,23.059669,38.811657,Copernicus,Copernicus,2026-05-31 13:00:00 UTC
3618,2026-05-31 17:00:00,5,31,17,18,2023,23.047251,38.820053,Copernicus,Copernicus,2026-05-31 14:00:00 UTC
3619,2026-05-31 18:00:00,5,31,18,19,2023,23.027802,38.830429,Copernicus,Copernicus,2026-05-31 15:00:00 UTC
3620,2026-05-31 19:00:00,5,31,19,20,2023,23.002184,38.842445,Copernicus,Copernicus,2026-05-31 16:00:00 UTC
3621,2026-05-31 20:00:00,5,31,20,21,2023,22.972267,38.855637,Copernicus,Copernicus,2026-05-31 17:00:00 UTC
3622,2026-05-31 21:00:00,5,31,21,22,2023,22.939857,38.869476,Copernicus,Copernicus,2026-05-31 18:00:00 UTC
3623,2026-05-31 22:00:00,5,31,22,23,2023,22.906523,38.883221,Copernicus,Copernicus,2026-05-31 19:00:00 UTC
3624,2026-05-31 23:00:00,5,31,23,24,2023,22.874350,38.896069,Copernicus,Copernicus,2026-05-31 20:00:00 UTC
3625,2026-06-01 00:00:00,6,1,0,1,2017,22.845617,38.907185,Copernicus,Copernicus,2026-05-31 21:00:00 UTC
3626,2026-06-01 01:00:00,6,1,1,2,2017,22.822142,38.916000,Copernicus,Copernicus,2026-05-31 22:00:00 UTC
3627,2026-06-01 02:00:00,6,1,2,3,2017,22.805363,38.922127,Copernicus,Copernicus,2026-05-31 23:00:00 UTC
3628,2026-06-01 03:00:00,6,1,3,4,2017,22.795885,38.925453,Copernicus,Copernicus,2026-06-01 00:00:00 UTC
3629,2026-06-01 04:00:00,6,1,4,5,2017,22.794163,38.925865,Copernicus,Copernicus,2026-06-01 01:00:00 UTC
3630,2026-06-01 05:00:00,6,1,5,6,2017,22.799898,38.923367,Copernicus,Copernicus,2026-06-01 02:00:00 UTC
3631,2026-06-01 06:00:00,6,1,6,7,2017,22.812223,38.918251,Copernicus,Copernicus,2026-06-01 03:00:00 UTC
3632,2026-06-01 07:00:00,6,1,7,8,2017,22.830151,38.911049,Copernicus,Copernicus,2026-06-01 04:00:00 UTC
3633,2026-06-01 08:00:00,6,1,8,9,2017,22.852108,38.902493,Copernicus,Copernicus,2026-06-01 05:00:00 UTC
3634,2026-06-01 09:00:00,6,1,9,10,2017,22.876217,38.893570,Copernicus,Copernicus,2026-06-01 06:00:00 UTC
3635,2026-06-01 10:00:00,6,1,10,11,2017,22.900703,38.885132,Copernicus,Copernicus,2026-06-01 07:00:00 UTC
3636,2026-06-01 11:00:00,6,1,11,12,2017,22.923647,38.878109,Copernicus,Copernicus,2026-06-01 08:00:00 UTC
3637,2026-06-01 12:00:00,6,1,12,13,2017,22.942915,38.873383,Copernicus,Copernicus,2026-06-01 09:00:00 UTC
3638,2026-06-01 13:00:00,6,1,13,14,2017,22.957420,38.871262,Copernicus,Copernicus,2026-06-01 10:00:00 UTC
3639,2026-06-01 14:00:00,6,1,14,15,2017,22.966490,38.871784,Copernicus,Copernicus,2026-06-01 11:00:00 UTC
3640,2026-06-01 15:00:00,6,1,15,16,2017,22.968987,38.874878,Copernicus,Copernicus,2026-06-01 12:00:00 UTC
3641,2026-06-01 16:00:00,6,1,16,17,2017,22.963844,38.880363,Copernicus,Copernicus,2026-06-01 13:00:00 UTC
3642,2026-06-01 17:00:00,6,1,17,18,2017,22.950478,38.888126,Copernicus,Copernicus,2026-06-01 14:00:00 UTC
3643,2026-06-01 18:00:00,6,1,18,19,2017,22.929443,38.897717,Copernicus,Copernicus,2026-06-01 15:00:00 UTC
3644,2026-06-01 19:00:00,6,1,19,20,2017,22.902754,38.908428,Copernicus,Copernicus,2026-06-01 16:00:00 UTC
3645,2026-06-01 20:00:00,6,1,20,21,2017,22.873264,38.919567,Copernicus,Copernicus,2026-06-01 17:00:00 UTC
3646,2026-06-01 21:00:00,6,1,21,22,2017,22.843662,38.930733,Copernicus,Copernicus,2026-06-01 18:00:00 UTC
3647,2026-06-01 22:00:00,6,1,22,23,2017,22.815817,38.941277,Copernicus,Copernicus,2026-06-01 19:00:00 UTC
3648,2026-06-01 23:00:00,6,1,23,24,2017,22.792215,38.950211,Copernicus,Copernicus,2026-06-01 20:00:00 UTC
3649,2026-06-02 00:00:00,6,2,0,1,2017,22.774561,38.956959,Copernicus,Copernicus,2026-06-01 21:00:00 UTC
3650,2026-06-02 01:00:00,6,2,1,2,2017,22.764038,38.961159,Copernicus,Copernicus,2026-06-01 22:00:00 UTC
3651,2026-06-02 02:00:00,6,2,2,3,2017,22.761086,38.962715,Copernicus,Copernicus,2026-06-01 23:00:00 UTC
3652,2026-06-02 03:00:00,6,2,3,4,2017,22.765982,38.961510,Copernicus,Copernicus,2026-06-02 00:00:00 UTC
3653,2026-06-02 04:00:00,6,2,4,5,2017,22.778877,38.957348,Copernicus,Copernicus,2026-06-02 01:00:00 UTC
3654,2026-06-02 05:00:00,6,2,5,6,2017,22.799938,38.949951,Copernicus,Copernicus,2026-06-02 02:00:00 UTC
3655,2026-06-02 06:00:00,6,2,6,7,2017,22.829849,38.939182,Copernicus,Copernicus,2026-06-02 03:00:00 UTC
3656,2026-06-02 07:00:00,6,2,7,8,2017,22.868944,38.925266,Copernicus,Copernicus,2026-06-02 04:00:00 UTC
3657,2026-06-02 08:00:00,6,2,8,9,2017,22.915653,38.909012,Copernicus,Copernicus,2026-06-02 05:00:00 UTC
3658,2026-06-02 09:00:00,6,2,9,10,2017,22.967176,38.891735,Copernicus,Copernicus,2026-06-02 06:00:00 UTC
3659,2026-06-02 10:00:00,6,2,10,11,2017,23.018398,38.875473,Copernicus,Copernicus,2026-06-02 07:00:00 UTC
3660,2026-06-02 11:00:00,6,2,11,12,2017,23.066746,38.861328,Copernicus,Copernicus,2026-06-02 08:00:00 UTC
3661,2026-06-02 12:00:00,6,2,12,13,2017,23.109436,38.850193,Copernicus,Copernicus,2026-06-02 09:00:00 UTC
3662,2026-06-02 13:00:00,6,2,13,14,2017,23.143999,38.842522,Copernicus,Copernicus,2026-06-02 10:00:00 UTC
3663,2026-06-02 14:00:00,6,2,14,15,2017,23.169781,38.838139,Copernicus,Copernicus,2026-06-02 11:00:00 UTC
3664,2026-06-02 15:00:00,6,2,15,16,2017,23.187202,38.836620,Copernicus,Copernicus,2026-06-02 12:00:00 UTC
3665,2026-06-02 16:00:00,6,2,16,17,2017,23.196205,38.837570,Copernicus,Copernicus,2026-06-02 13:00:00 UTC
3666,2026-06-02 17:00:00,6,2,17,18,2017,23.195774,38.840714,Copernicus,Copernicus,2026-06-02 14:00:00 UTC
3667,2026-06-02 18:00:00,6,2,18,19,2017,23.187302,38.845592,Copernicus,Copernicus,2026-06-02 15:00:00 UTC
3668,2026-06-02 19:00:00,6,2,19,20,2017,23.173256,38.851673,Copernicus,Copernicus,2026-06-02 16:00:00 UTC
3669,2026-06-02 20:00:00,6,2,20,21,2017,23.156225,38.858391,Copernicus,Copernicus,2026-06-02 17:00:00 UTC
3670,2026-06-02 21:00:00,6,2,21,22,2017,23.138849,38.864998,Copernicus,Copernicus,2026-06-02 18:00:00 UTC
3671,2026-06-02 22:00:00,6,2,22,23,2017,23.122961,38.870987,Copernicus,Copernicus,2026-06-02 19:00:00 UTC
3672,2026-06-02 23:00:00,6,2,23,24,2017,23.109608,38.876015,Copernicus,Copernicus,2026-06-02 20:00:00 UTC
3673,2026-06-03 00:00:00,6,3,0,1,2017,23.099291,38.879940,Copernicus,Copernicus,2026-06-02 21:00:00 UTC
3674,2026-06-03 01:00:00,6,3,1,2,2017,23.093395,38.882439,Copernicus,Copernicus,2026-06-02 22:00:00 UTC
3675,2026-06-03 02:00:00,6,3,2,3,2017,23.092611,38.883354,Copernicus,Copernicus,2026-06-02 23:00:00 UTC
3676,2026-06-03 03:00:00,6,3,3,4,2017,23.097342,38.882645,Copernicus,Copernicus,2026-06-03 00:00:00 UTC
3677,2026-06-03 04:00:00,6,3,4,5,2017,23.108648,38.879894,Copernicus,Copernicus,2026-06-03 01:00:00 UTC
3678,2026-06-03 05:00:00,6,3,5,6,2017,23.126572,38.874836,Copernicus,Copernicus,2026-06-03 02:00:00 UTC
3679,2026-06-03 06:00:00,6,3,6,7,2017,23.151464,38.867302,Copernicus,Copernicus,2026-06-03 03:00:00 UTC
3680,2026-06-03 07:00:00,6,3,7,8,2017,23.183933,38.857311,Copernicus,Copernicus,2026-06-03 04:00:00 UTC
3681,2026-06-03 08:00:00,6,3,8,9,2017,23.223482,38.845310,Copernicus,Copernicus,2026-06-03 05:00:00 UTC
3682,2026-06-03 09:00:00,6,3,9,10,2017,23.268148,38.832455,Copernicus,Copernicus,2026-06-03 06:00:00 UTC
3683,2026-06-03 10:00:00,6,3,10,11,2017,23.316442,38.819664,Copernicus,Copernicus,2026-06-03 07:00:00 UTC
3684,2026-06-03 11:00:00,6,3,11,12,2017,23.365227,38.807911,Copernicus,Copernicus,2026-06-03 08:00:00 UTC
3685,2026-06-03 12:00:00,6,3,12,13,2017,23.411175,38.797825,Copernicus,Copernicus,2026-06-03 09:00:00 UTC
3686,2026-06-03 13:00:00,6,3,13,14,2017,23.451632,38.789539,Copernicus,Copernicus,2026-06-03 10:00:00 UTC
3687,2026-06-03 14:00:00,6,3,14,15,2017,23.485590,38.782810,Copernicus,Copernicus,2026-06-03 11:00:00 UTC
3688,2026-06-03 15:00:00,6,3,15,16,2017,23.512848,38.777706,Copernicus,Copernicus,2026-06-03 12:00:00 UTC
3689,2026-06-03 16:00:00,6,3,16,17,2017,23.531559,38.774925,Copernicus,Copernicus,2026-06-03 13:00:00 UTC
3690,2026-06-03 17:00:00,6,3,17,18,2017,23.539631,38.774834,Copernicus,Copernicus,2026-06-03 14:00:00 UTC
3691,2026-06-03 18:00:00,6,3,18,19,2017,23.534119,38.778126,Copernicus,Copernicus,2026-06-03 15:00:00 UTC
3692,2026-06-03 19:00:00,6,3,19,20,2017,23.512657,38.785248,Copernicus,Copernicus,2026-06-03 16:00:00 UTC
3693,2026-06-03 20:00:00,6,3,20,21,2017,23.476837,38.795834,Copernicus,Copernicus,2026-06-03 17:00:00 UTC
3694,2026-06-03 21:00:00,6,3,21,22,2017,23.431215,38.809048,Copernicus,Copernicus,2026-06-03 18:00:00 UTC
3695,2026-06-03 22:00:00,6,3,22,23,2017,23.379803,38.824314,Copernicus,Copernicus,2026-06-03 19:00:00 UTC
3696,2026-06-03 23:00:00,6,3,23,24,2017,23.327484,38.840431,Copernicus,Copernicus,2026-06-03 20:00:00 UTC
3697,2026-06-04 00:00:00,6,4,0,1,2017,23.279463,38.855717,Copernicus,Copernicus,2026-06-03 21:00:00 UTC
3698,2026-06-04 01:00:00,6,4,1,2,2017,23.239487,38.868889,Copernicus,Copernicus,2026-06-03 22:00:00 UTC
3699,2026-06-04 02:00:00,6,4,2,3,2017,23.209793,38.879055,Copernicus,Copernicus,2026-06-03 23:00:00 UTC
3700,2026-06-04 03:00:00,6,4,3,4,2017,23.191284,38.885841,Copernicus,Copernicus,2026-06-04 00:00:00 UTC
3701,2026-06-04 04:00:00,6,4,4,5,2017,23.183508,38.889450,Copernicus,Copernicus,2026-06-04 01:00:00 UTC
3702,2026-06-04 05:00:00,6,4,5,6,2017,23.186367,38.889889,Copernicus,Copernicus,2026-06-04 02:00:00 UTC
3703,2026-06-04 06:00:00,6,4,6,7,2017,23.199749,38.887508,Copernicus,Copernicus,2026-06-04 03:00:00 UTC
3704,2026-06-04 07:00:00,6,4,7,8,2017,23.223402,38.882599,Copernicus,Copernicus,2026-06-04 04:00:00 UTC
3705,2026-06-04 08:00:00,6,4,8,9,2017,23.256737,38.875237,Copernicus,Copernicus,2026-06-04 05:00:00 UTC
3706,2026-06-04 09:00:00,6,4,9,10,2017,23.298252,38.865582,Copernicus,Copernicus,2026-06-04 06:00:00 UTC
3707,2026-06-04 10:00:00,6,4,10,11,2017,23.347040,38.853817,Copernicus,Copernicus,2026-06-04 07:00:00 UTC
3708,2026-06-04 11:00:00,6,4,11,12,2017,23.401762,38.840233,Copernicus,Copernicus,2026-06-04 08:00:00 UTC
3709,2026-06-04 12:00:00,6,4,12,13,2017,23.459085,38.825947,Copernicus,Copernicus,2026-06-04 09:00:00 UTC
3710,2026-06-04 13:00:00,6,4,13,14,2017,23.514488,38.812233,Copernicus,Copernicus,2026-06-04 10:00:00 UTC
3711,2026-06-04 14:00:00,6,4,14,15,2017,23.564352,38.800148,Copernicus,Copernicus,2026-06-04 11:00:00 UTC
3712,2026-06-04 15:00:00,6,4,15,16,2017,23.606556,38.790493,Copernicus,Copernicus,2026-06-04 12:00:00 UTC
3713,2026-06-04 16:00:00,6,4,16,17,2017,23.639471,38.783627,Copernicus,Copernicus,2026-06-04 13:00:00 UTC
3714,2026-06-04 17:00:00,6,4,17,18,2017,23.660900,38.780144,Copernicus,Copernicus,2026-06-04 14:00:00 UTC
3715,2026-06-04 18:00:00,6,4,18,19,2017,23.669104,38.780632,Copernicus,Copernicus,2026-06-04 15:00:00 UTC
3716,2026-06-04 19:00:00,6,4,19,20,2017,23.662996,38.785103,Copernicus,Copernicus,2026-06-04 16:00:00 UTC
3717,2026-06-04 20:00:00,6,4,20,21,2017,23.644842,38.792892,Copernicus,Copernicus,2026-06-04 17:00:00 UTC
3718,2026-06-04 21:00:00,6,4,21,22,2017,23.618246,38.802917,Copernicus,Copernicus,2026-06-04 18:00:00 UTC
3719,2026-06-04 22:00:00,6,4,22,23,2017,23.586674,38.814053,Copernicus,Copernicus,2026-06-04 19:00:00 UTC
3720,2026-06-04 23:00:00,6,4,23,24,2017,23.553684,38.825363,Copernicus,Copernicus,2026-06-04 20:00:00 UTC
3721,2026-06-05 00:00:00,6,5,0,1,2017,23.523298,38.835995,Copernicus,Copernicus,2026-06-04 21:00:00 UTC
3722,2026-06-05 01:00:00,6,5,1,2,2017,23.498550,38.845284,Copernicus,Copernicus,2026-06-04 22:00:00 UTC
3723,2026-06-05 02:00:00,6,5,2,3,2017,23.480997,38.852764,Copernicus,Copernicus,2026-06-04 23:00:00 UTC
3724,2026-06-05 03:00:00,6,5,3,4,2017,23.470896,38.858311,Copernicus,Copernicus,2026-06-05 00:00:00 UTC
3725,2026-06-05 04:00:00,6,5,4,5,2017,23.468561,38.861782,Copernicus,Copernicus,2026-06-05 01:00:00 UTC
3726,2026-06-05 05:00:00,6,5,5,6,2017,23.474379,38.863033,Copernicus,Copernicus,2026-06-05 02:00:00 UTC
3727,2026-06-05 06:00:00,6,5,6,7,2017,23.488150,38.862186,Copernicus,Copernicus,2026-06-05 03:00:00 UTC
3728,2026-06-05 07:00:00,6,5,7,8,2017,23.508726,38.859627,Copernicus,Copernicus,2026-06-05 04:00:00 UTC
3729,2026-06-05 08:00:00,6,5,8,9,2017,23.535364,38.855530,Copernicus,Copernicus,2026-06-05 05:00:00 UTC
3730,2026-06-05 09:00:00,6,5,9,10,2017,23.566570,38.850170,Copernicus,Copernicus,2026-06-05 06:00:00 UTC
3731,2026-06-05 10:00:00,6,5,10,11,2017,23.598600,38.844463,Copernicus,Copernicus,2026-06-05 07:00:00 UTC
3732,2026-06-05 11:00:00,6,5,11,12,2017,23.630466,38.838703,Copernicus,Copernicus,2026-06-05 08:00:00 UTC
3733,2026-06-05 12:00:00,6,5,12,13,2017,23.660635,38.833267,Copernicus,Copernicus,2026-06-05 09:00:00 UTC
3734,2026-06-05 13:00:00,6,5,13,14,2017,23.686161,38.829014,Copernicus,Copernicus,2026-06-05 10:00:00 UTC
3735,2026-06-05 14:00:00,6,5,14,15,2017,23.705149,38.826729,Copernicus,Copernicus,2026-06-05 11:00:00 UTC
3736,2026-06-05 15:00:00,6,5,15,16,2017,23.715334,38.826996,Copernicus,Copernicus,2026-06-05 12:00:00 UTC
3737,2026-06-05 16:00:00,6,5,16,17,2017,23.714403,38.830292,Copernicus,Copernicus,2026-06-05 13:00:00 UTC
3738,2026-06-05 17:00:00,6,5,17,18,2017,23.700453,38.836922,Copernicus,Copernicus,2026-06-05 14:00:00 UTC
3739,2026-06-05 18:00:00,6,5,18,19,2017,23.673586,38.846550,Copernicus,Copernicus,2026-06-05 15:00:00 UTC
3740,2026-06-05 19:00:00,6,5,19,20,2017,23.636858,38.858303,Copernicus,Copernicus,2026-06-05 16:00:00 UTC
3741,2026-06-05 20:00:00,6,5,20,21,2017,23.594379,38.871181,Copernicus,Copernicus,2026-06-05 17:00:00 UTC
3742,2026-06-05 21:00:00,6,5,21,22,2017,23.549978,38.884441,Copernicus,Copernicus,2026-06-05 18:00:00 UTC
3743,2026-06-05 22:00:00,6,5,22,23,2017,23.504948,38.897865,Copernicus,Copernicus,2026-06-05 19:00:00 UTC
3744,2026-06-05 23:00:00,6,5,23,24,2017,23.460155,38.911209,Copernicus,Copernicus,2026-06-05 20:00:00 UTC
3745,2026-06-06 00:00:00,6,6,0,1,2017,23.418091,38.923817,Copernicus,Copernicus,2026-06-05 21:00:00 UTC
3746,2026-06-06 01:00:00,6,6,1,2,2017,23.381046,38.935051,Copernicus,Copernicus,2026-06-05 22:00:00 UTC
3747,2026-06-06 02:00:00,6,6,2,3,2017,23.350780,38.944439,Copernicus,Copernicus,2026-06-05 23:00:00 UTC
3748,2026-06-06 03:00:00,6,6,3,4,2017,23.329126,38.951546,Copernicus,Copernicus,2026-06-06 00:00:00 UTC
3749,2026-06-06 04:00:00,6,6,4,5,2017,23.318050,38.955902,Copernicus,Copernicus,2026-06-06 01:00:00 UTC
3750,2026-06-06 05:00:00,6,6,5,6,2017,23.317272,38.957485,Copernicus,Copernicus,2026-06-06 02:00:00 UTC
3751,2026-06-06 06:00:00,6,6,6,7,2017,23.325930,38.956612,Copernicus,Copernicus,2026-06-06 03:00:00 UTC
3752,2026-06-06 07:00:00,6,6,7,8,2017,23.344753,38.953213,Copernicus,Copernicus,2026-06-06 04:00:00 UTC
3753,2026-06-06 08:00:00,6,6,8,9,2017,23.372972,38.947392,Copernicus,Copernicus,2026-06-06 05:00:00 UTC
3754,2026-06-06 09:00:00,6,6,9,10,2017,23.409718,38.939205,Copernicus,Copernicus,2026-06-06 06:00:00 UTC
3755,2026-06-06 10:00:00,6,6,10,11,2017,23.452965,38.929012,Copernicus,Copernicus,2026-06-06 07:00:00 UTC
3756,2026-06-06 11:00:00,6,6,11,12,2017,23.500814,38.917461,Copernicus,Copernicus,2026-06-06 08:00:00 UTC
3757,2026-06-06 12:00:00,6,6,12,13,2017,23.549286,38.905964,Copernicus,Copernicus,2026-06-06 09:00:00 UTC
3758,2026-06-06 13:00:00,6,6,13,14,2017,23.594921,38.895603,Copernicus,Copernicus,2026-06-06 10:00:00 UTC
3759,2026-06-06 14:00:00,6,6,14,15,2017,23.634663,38.887051,Copernicus,Copernicus,2026-06-06 11:00:00 UTC
3760,2026-06-06 15:00:00,6,6,15,16,2017,23.666906,38.880657,Copernicus,Copernicus,2026-06-06 12:00:00 UTC
3761,2026-06-06 16:00:00,6,6,16,17,2017,23.688795,38.877224,Copernicus,Copernicus,2026-06-06 13:00:00 UTC
3762,2026-06-06 17:00:00,6,6,17,18,2017,23.693493,38.878464,Copernicus,Copernicus,2026-06-06 14:00:00 UTC
3763,2026-06-06 18:00:00,6,6,18,19,2017,23.677330,38.885044,Copernicus,Copernicus,2026-06-06 15:00:00 UTC
3764,2026-06-06 19:00:00,6,6,19,20,2017,23.641651,38.896374,Copernicus,Copernicus,2026-06-06 16:00:00 UTC
3765,2026-06-06 20:00:00,6,6,20,21,2017,23.591902,38.911114,Copernicus,Copernicus,2026-06-06 17:00:00 UTC
3766,2026-06-06 21:00:00,6,6,21,22,2017,23.535761,38.927296,Copernicus,Copernicus,2026-06-06 18:00:00 UTC
3767,2026-06-06 22:00:00,6,6,22,23,2017,23.480312,38.942963,Copernicus,Copernicus,2026-06-06 19:00:00 UTC
3768,2026-06-06 23:00:00,6,6,23,24,2017,23.430113,38.956944,Copernicus,Copernicus,2026-06-06 20:00:00 UTC
3769,2026-06-07 00:00:00,6,7,0,1,2017,23.389050,38.968307,Copernicus,Copernicus,2026-06-06 21:00:00 UTC
3770,2026-06-07 01:00:00,6,7,1,2,2017,23.360020,38.976433,Copernicus,Copernicus,2026-06-06 22:00:00 UTC
3771,2026-06-07 02:00:00,6,7,2,3,2017,23.344805,38.980984,Copernicus,Copernicus,2026-06-06 23:00:00 UTC
3772,2026-06-07 03:00:00,6,7,3,4,2017,23.343744,38.981834,Copernicus,Copernicus,2026-06-07 00:00:00 UTC
3773,2026-06-07 04:00:00,6,7,4,5,2017,23.355261,38.979195,Copernicus,Copernicus,2026-06-07 01:00:00 UTC
3774,2026-06-07 05:00:00,6,7,5,6,2017,23.379324,38.972904,Copernicus,Copernicus,2026-06-07 02:00:00 UTC
3775,2026-06-07 06:00:00,6,7,6,7,2017,23.417538,38.962547,Copernicus,Copernicus,2026-06-07 03:00:00 UTC
3776,2026-06-07 07:00:00,6,7,7,8,2017,23.471340,38.948048,Copernicus,Copernicus,2026-06-07 04:00:00 UTC
3777,2026-06-07 08:00:00,6,7,8,9,2017,23.540270,38.929821,Copernicus,Copernicus,2026-06-07 05:00:00 UTC
3778,2026-06-07 09:00:00,6,7,9,10,2017,23.620255,38.909138,Copernicus,Copernicus,2026-06-07 06:00:00 UTC
3779,2026-06-07 10:00:00,6,7,10,11,2017,23.703957,38.887917,Copernicus,Copernicus,2026-06-07 07:00:00 UTC
3780,2026-06-07 11:00:00,6,7,11,12,2017,23.782461,38.868553,Copernicus,Copernicus,2026-06-07 08:00:00 UTC
3781,2026-06-07 12:00:00,6,7,12,13,2017,23.848547,38.853176,Copernicus,Copernicus,2026-06-07 09:00:00 UTC
3782,2026-06-07 13:00:00,6,7,13,14,2017,23.897533,38.842869,Copernicus,Copernicus,2026-06-07 10:00:00 UTC
3783,2026-06-07 14:00:00,6,7,14,15,2017,23.927084,38.838158,Copernicus,Copernicus,2026-06-07 11:00:00 UTC
3784,2026-06-07 15:00:00,6,7,15,16,2017,23.935642,38.839188,Copernicus,Copernicus,2026-06-07 12:00:00 UTC
3785,2026-06-07 16:00:00,6,7,16,17,2017,23.921341,38.845970,Copernicus,Copernicus,2026-06-07 13:00:00 UTC
3786,2026-06-07 17:00:00,6,7,17,18,2017,23.885647,38.857735,Copernicus,Copernicus,2026-06-07 14:00:00 UTC
3787,2026-06-07 18:00:00,6,7,18,19,2017,23.832842,38.873184,Copernicus,Copernicus,2026-06-07 15:00:00 UTC
3788,2026-06-07 19:00:00,6,7,19,20,2017,23.770882,38.890396,Copernicus,Copernicus,2026-06-07 16:00:00 UTC
3789,2026-06-07 20:00:00,6,7,20,21,2017,23.708967,38.907269,Copernicus,Copernicus,2026-06-07 17:00:00 UTC
3790,2026-06-07 21:00:00,6,7,21,22,2017,23.655348,38.922050,Copernicus,Copernicus,2026-06-07 18:00:00 UTC
3791,2026-06-07 22:00:00,6,7,22,23,2017,23.614761,38.933548,Copernicus,Copernicus,2026-06-07 19:00:00 UTC
3792,2026-06-07 23:00:00,6,7,23,24,2017,23.588930,38.941219,Copernicus,Copernicus,2026-06-07 20:00:00 UTC
3793,2026-06-08 00:00:00,6,8,0,1,2017,23.578907,38.944668,Copernicus,Copernicus,2026-06-07 21:00:00 UTC
3794,2026-06-08 01:00:00,6,8,1,2,2017,23.584013,38.943993,Copernicus,Copernicus,2026-06-07 22:00:00 UTC
3795,2026-06-08 02:00:00,6,8,2,3,2017,23.602787,38.939579,Copernicus,Copernicus,2026-06-07 23:00:00 UTC
3796,2026-06-08 03:00:00,6,8,3,4,2017,23.633303,38.931885,Copernicus,Copernicus,2026-06-08 00:00:00 UTC
3797,2026-06-08 04:00:00,6,8,4,5,2017,23.673672,38.921215,Copernicus,Copernicus,2026-06-08 01:00:00 UTC
3798,2026-06-08 05:00:00,6,8,5,6,2017,23.722139,38.907867,Copernicus,Copernicus,2026-06-08 02:00:00 UTC
3799,2026-06-08 06:00:00,6,8,6,7,2017,23.776545,38.892548,Copernicus,Copernicus,2026-06-08 03:00:00 UTC
3800,2026-06-08 07:00:00,6,8,7,8,2017,23.834724,38.876244,Copernicus,Copernicus,2026-06-08 04:00:00 UTC
3801,2026-06-08 08:00:00,6,8,8,9,2017,23.893303,38.860210,Copernicus,Copernicus,2026-06-08 05:00:00 UTC
3802,2026-06-08 09:00:00,6,8,9,10,2017,23.948345,38.845707,Copernicus,Copernicus,2026-06-08 06:00:00 UTC
3803,2026-06-08 10:00:00,6,8,10,11,2017,23.996191,38.833866,Copernicus,Copernicus,2026-06-08 07:00:00 UTC
3804,2026-06-08 11:00:00,6,8,11,12,2017,24.033915,38.825539,Copernicus,Copernicus,2026-06-08 08:00:00 UTC
3805,2026-06-08 12:00:00,6,8,12,13,2017,24.059834,38.821159,Copernicus,Copernicus,2026-06-08 09:00:00 UTC
3806,2026-06-08 13:00:00,6,8,13,14,2017,24.072199,38.820633,Copernicus,Copernicus,2026-06-08 10:00:00 UTC
3807,2026-06-08 14:00:00,6,8,14,15,2017,24.069668,38.824081,Copernicus,Copernicus,2026-06-08 11:00:00 UTC
3808,2026-06-08 15:00:00,6,8,15,16,2017,24.055712,38.830276,Copernicus,Copernicus,2026-06-08 12:00:00 UTC
3809,2026-06-08 16:00:00,6,8,16,17,2017,24.032013,38.838596,Copernicus,Copernicus,2026-06-08 13:00:00 UTC
3810,2026-06-08 17:00:00,6,8,17,18,2017,23.996708,38.849640,Copernicus,Copernicus,2026-06-08 14:00:00 UTC
3811,2026-06-08 18:00:00,6,8,18,19,2017,23.949871,38.863445,Copernicus,Copernicus,2026-06-08 15:00:00 UTC
3812,2026-06-08 19:00:00,6,8,19,20,2017,23.893478,38.879494,Copernicus,Copernicus,2026-06-08 16:00:00 UTC
3813,2026-06-08 20:00:00,6,8,20,21,2017,23.831408,38.896442,Copernicus,Copernicus,2026-06-08 17:00:00 UTC
3814,2026-06-08 21:00:00,6,8,21,22,2017,23.768955,38.913227,Copernicus,Copernicus,2026-06-08 18:00:00 UTC
3815,2026-06-08 22:00:00,6,8,22,23,2017,23.710686,38.928875,Copernicus,Copernicus,2026-06-08 19:00:00 UTC
3816,2026-06-08 23:00:00,6,8,23,24,2017,23.659527,38.942516,Copernicus,Copernicus,2026-06-08 20:00:00 UTC
3817,2026-06-09 00:00:00,6,9,0,1,2017,23.616152,38.953758,Copernicus,Copernicus,2026-06-08 21:00:00 UTC
3818,2026-06-09 01:00:00,6,9,1,2,2017,23.582985,38.962063,Copernicus,Copernicus,2026-06-08 22:00:00 UTC
3819,2026-06-09 02:00:00,6,9,2,3,2017,23.562954,38.966908,Copernicus,Copernicus,2026-06-08 23:00:00 UTC
3820,2026-06-09 03:00:00,6,9,3,4,2017,23.558405,38.967976,Copernicus,Copernicus,2026-06-09 00:00:00 UTC
3821,2026-06-09 04:00:00,6,9,4,5,2017,23.570011,38.965107,Copernicus,Copernicus,2026-06-09 01:00:00 UTC
3822,2026-06-09 05:00:00,6,9,5,6,2017,23.597191,38.958054,Copernicus,Copernicus,2026-06-09 02:00:00 UTC
3823,2026-06-09 06:00:00,6,9,6,7,2017,23.642527,38.946148,Copernicus,Copernicus,2026-06-09 03:00:00 UTC
3824,2026-06-09 07:00:00,6,9,7,8,2017,23.709099,38.928711,Copernicus,Copernicus,2026-06-09 04:00:00 UTC
3825,2026-06-09 08:00:00,6,9,8,9,2017,23.797836,38.905544,Copernicus,Copernicus,2026-06-09 05:00:00 UTC
3826,2026-06-09 09:00:00,6,9,9,10,2017,23.906265,38.877232,Copernicus,Copernicus,2026-06-09 06:00:00 UTC
3827,2026-06-09 10:00:00,6,9,10,11,2017,24.027140,38.845558,Copernicus,Copernicus,2026-06-09 07:00:00 UTC
3828,2026-06-09 11:00:00,6,9,11,12,2017,24.149389,38.813553,Copernicus,Copernicus,2026-06-09 08:00:00 UTC
3829,2026-06-09 12:00:00,6,9,12,13,2017,24.261063,38.784714,Copernicus,Copernicus,2026-06-09 09:00:00 UTC
3830,2026-06-09 13:00:00,6,9,13,14,2017,24.353180,38.761497,Copernicus,Copernicus,2026-06-09 10:00:00 UTC
3831,2026-06-09 14:00:00,6,9,14,15,2017,24.419601,38.745354,Copernicus,Copernicus,2026-06-09 11:00:00 UTC
3832,2026-06-09 15:00:00,6,9,15,16,2017,24.458235,38.737000,Copernicus,Copernicus,2026-06-09 12:00:00 UTC
3833,2026-06-09 16:00:00,6,9,16,17,2017,24.466309,38.737286,Copernicus,Copernicus,2026-06-09 13:00:00 UTC
3834,2026-06-09 17:00:00,6,9,17,18,2017,24.434624,38.748108,Copernicus,Copernicus,2026-06-09 14:00:00 UTC
3835,2026-06-09 18:00:00,6,9,18,19,2017,24.358770,38.769779,Copernicus,Copernicus,2026-06-09 15:00:00 UTC
3836,2026-06-09 19:00:00,6,9,19,20,2017,24.245083,38.800148,Copernicus,Copernicus,2026-06-09 16:00:00 UTC
3837,2026-06-09 20:00:00,6,9,20,21,2017,24.108776,38.835323,Copernicus,Copernicus,2026-06-09 17:00:00 UTC
3838,2026-06-09 21:00:00,6,9,21,22,2017,23.969170,38.870785,Copernicus,Copernicus,2026-06-09 18:00:00 UTC
3839,2026-06-09 22:00:00,6,9,22,23,2017,23.842279,38.902885,Copernicus,Copernicus,2026-06-09 19:00:00 UTC
3840,2026-06-09 23:00:00,6,9,23,24,2017,23.738325,38.929234,Copernicus,Copernicus,2026-06-09 20:00:00 UTC
3841,2026-06-10 00:00:00,6,10,0,1,2017,23.661680,38.948612,Copernicus,Copernicus,2026-06-09 21:00:00 UTC
3842,2026-06-10 01:00:00,6,10,1,2,2017,23.614079,38.960732,Copernicus,Copernicus,2026-06-09 22:00:00 UTC
3843,2026-06-10 02:00:00,6,10,2,3,2017,23.594694,38.966015,Copernicus,Copernicus,2026-06-09 23:00:00 UTC
3844,2026-06-10 03:00:00,6,10,3,4,2017,23.600866,38.965141,Copernicus,Copernicus,2026-06-10 00:00:00 UTC
3845,2026-06-10 04:00:00,6,10,4,5,2017,23.631845,38.958195,Copernicus,Copernicus,2026-06-10 01:00:00 UTC
3846,2026-06-10 05:00:00,6,10,5,6,2017,23.687160,38.945133,Copernicus,Copernicus,2026-06-10 02:00:00 UTC
3847,2026-06-10 06:00:00,6,10,6,7,2017,23.765474,38.926140,Copernicus,Copernicus,2026-06-10 03:00:00 UTC
3848,2026-06-10 07:00:00,6,10,7,8,2017,23.864241,38.901772,Copernicus,Copernicus,2026-06-10 04:00:00 UTC
3849,2026-06-10 08:00:00,6,10,8,9,2017,23.979254,38.873104,Copernicus,Copernicus,2026-06-10 05:00:00 UTC
3850,2026-06-10 09:00:00,6,10,9,10,2017,24.103456,38.841957,Copernicus,Copernicus,2026-06-10 06:00:00 UTC
3851,2026-06-10 10:00:00,6,10,10,11,2017,24.228252,38.810749,Copernicus,Copernicus,2026-06-10 07:00:00 UTC
3852,2026-06-10 11:00:00,6,10,11,12,2017,24.344727,38.782124,Copernicus,Copernicus,2026-06-10 08:00:00 UTC
3853,2026-06-10 12:00:00,6,10,12,13,2017,24.445131,38.758183,Copernicus,Copernicus,2026-06-10 09:00:00 UTC
3854,2026-06-10 13:00:00,6,10,13,14,2017,24.524998,38.740276,Copernicus,Copernicus,2026-06-10 10:00:00 UTC
3855,2026-06-10 14:00:00,6,10,14,15,2017,24.582508,38.728573,Copernicus,Copernicus,2026-06-10 11:00:00 UTC
3856,2026-06-10 15:00:00,6,10,15,16,2017,24.616833,38.722862,Copernicus,Copernicus,2026-06-10 12:00:00 UTC
3857,2026-06-10 16:00:00,6,10,16,17,2017,24.625412,38.723740,Copernicus,Copernicus,2026-06-10 13:00:00 UTC
3858,2026-06-10 17:00:00,6,10,17,18,2017,24.598232,38.733345,Copernicus,Copernicus,2026-06-10 14:00:00 UTC
3859,2026-06-10 18:00:00,6,10,18,19,2017,24.530937,38.751972,Copernicus,Copernicus,2026-06-10 15:00:00 UTC
3860,2026-06-10 19:00:00,6,10,19,20,2017,24.430908,38.778011,Copernicus,Copernicus,2026-06-10 16:00:00 UTC
3861,2026-06-10 20:00:00,6,10,20,21,2017,24.313868,38.807953,Copernicus,Copernicus,2026-06-10 17:00:00 UTC
3862,2026-06-10 21:00:00,6,10,21,22,2017,24.197906,38.837650,Copernicus,Copernicus,2026-06-10 18:00:00 UTC
3863,2026-06-10 22:00:00,6,10,22,23,2017,24.097324,38.863747,Copernicus,Copernicus,2026-06-10 19:00:00 UTC
3864,2026-06-10 23:00:00,6,10,23,24,2017,24.020533,38.884041,Copernicus,Copernicus,2026-06-10 20:00:00 UTC
3865,2026-06-11 00:00:00,6,11,0,1,2017,23.970844,38.897621,Copernicus,Copernicus,2026-06-10 21:00:00 UTC
3866,2026-06-11 01:00:00,6,11,1,2,2017,23.948425,38.904400,Copernicus,Copernicus,2026-06-10 22:00:00 UTC
3867,2026-06-11 02:00:00,6,11,2,3,2017,23.950359,38.905067,Copernicus,Copernicus,2026-06-10 23:00:00 UTC
3868,2026-06-11 03:00:00,6,11,3,4,2017,23.972542,38.900650,Copernicus,Copernicus,2026-06-11 00:00:00 UTC
3869,2026-06-11 04:00:00,6,11,4,5,2017,24.012604,38.891750,Copernicus,Copernicus,2026-06-11 01:00:00 UTC
3870,2026-06-11 05:00:00,6,11,5,6,2017,24.068794,38.878632,Copernicus,Copernicus,2026-06-11 02:00:00 UTC
3871,2026-06-11 06:00:00,6,11,6,7,2017,24.139582,38.861549,Copernicus,Copernicus,2026-06-11 03:00:00 UTC
3872,2026-06-11 07:00:00,6,11,7,8,2017,24.222998,38.841133,Copernicus,Copernicus,2026-06-11 04:00:00 UTC
3873,2026-06-11 08:00:00,6,11,8,9,2017,24.315851,38.818466,Copernicus,Copernicus,2026-06-11 05:00:00 UTC
3874,2026-06-11 09:00:00,6,11,9,10,2017,24.412561,38.795250,Copernicus,Copernicus,2026-06-11 06:00:00 UTC
3875,2026-06-11 10:00:00,6,11,10,11,2017,24.505924,38.773438,Copernicus,Copernicus,2026-06-11 07:00:00 UTC
3876,2026-06-11 11:00:00,6,11,11,12,2017,24.588762,38.754898,Copernicus,Copernicus,2026-06-11 08:00:00 UTC
3877,2026-06-11 12:00:00,6,11,12,13,2017,24.655436,38.741234,Copernicus,Copernicus,2026-06-11 09:00:00 UTC
3878,2026-06-11 13:00:00,6,11,13,14,2017,24.703638,38.733047,Copernicus,Copernicus,2026-06-11 10:00:00 UTC
3879,2026-06-11 14:00:00,6,11,14,15,2017,24.731583,38.730110,Copernicus,Copernicus,2026-06-11 11:00:00 UTC
3880,2026-06-11 15:00:00,6,11,15,16,2017,24.739008,38.732151,Copernicus,Copernicus,2026-06-11 12:00:00 UTC
3881,2026-06-11 16:00:00,6,11,16,17,2017,24.722567,38.739574,Copernicus,Copernicus,2026-06-11 13:00:00 UTC
3882,2026-06-11 17:00:00,6,11,17,18,2017,24.675800,38.753391,Copernicus,Copernicus,2026-06-11 14:00:00 UTC
3883,2026-06-11 18:00:00,6,11,18,19,2017,24.597391,38.773594,Copernicus,Copernicus,2026-06-11 15:00:00 UTC
3884,2026-06-11 19:00:00,6,11,19,20,2017,24.494417,38.798668,Copernicus,Copernicus,2026-06-11 16:00:00 UTC
3885,2026-06-11 20:00:00,6,11,20,21,2017,24.379587,38.826080,Copernicus,Copernicus,2026-06-11 17:00:00 UTC
3886,2026-06-11 21:00:00,6,11,21,22,2017,24.266325,38.852779,Copernicus,Copernicus,2026-06-11 18:00:00 UTC
3887,2026-06-11 22:00:00,6,11,22,23,2017,24.167660,38.876022,Copernicus,Copernicus,2026-06-11 19:00:00 UTC
3888,2026-06-11 23:00:00,6,11,23,24,2017,24.092365,38.893963,Copernicus,Copernicus,2026-06-11 20:00:00 UTC
3889,2026-06-12 00:00:00,6,12,0,1,2017,24.044788,38.905674,Copernicus,Copernicus,2026-06-11 21:00:00 UTC
3890,2026-06-12 01:00:00,6,12,1,2,2017,24.025936,38.910992,Copernicus,Copernicus,2026-06-11 22:00:00 UTC
3891,2026-06-12 02:00:00,6,12,2,3,2017,24.033712,38.910378,Copernicus,Copernicus,2026-06-11 23:00:00 UTC
3892,2026-06-12 03:00:00,6,12,3,4,2017,24.063282,38.904999,Copernicus,Copernicus,2026-06-12 00:00:00 UTC
3893,2026-06-12 04:00:00,6,12,4,5,2017,24.111183,38.895454,Copernicus,Copernicus,2026-06-12 01:00:00 UTC
3894,2026-06-12 05:00:00,6,12,5,6,2017,24.174662,38.881927,Copernicus,Copernicus,2026-06-12 02:00:00 UTC
3895,2026-06-12 06:00:00,6,12,6,7,2017,24.251793,38.864712,Copernicus,Copernicus,2026-06-12 03:00:00 UTC
3896,2026-06-12 07:00:00,6,12,7,8,2017,24.339743,38.844517,Copernicus,Copernicus,2026-06-12 04:00:00 UTC
3897,2026-06-12 08:00:00,6,12,8,9,2017,24.433821,38.822632,Copernicus,Copernicus,2026-06-12 05:00:00 UTC
3898,2026-06-12 09:00:00,6,12,9,10,2017,24.527277,38.800938,Copernicus,Copernicus,2026-06-12 06:00:00 UTC
3899,2026-06-12 10:00:00,6,12,10,11,2017,24.612207,38.781544,Copernicus,Copernicus,2026-06-12 07:00:00 UTC
3900,2026-06-12 11:00:00,6,12,11,12,2017,24.680889,38.766449,Copernicus,Copernicus,2026-06-12 08:00:00 UTC
3901,2026-06-12 12:00:00,6,12,12,13,2017,24.727129,38.757267,Copernicus,Copernicus,2026-06-12 09:00:00 UTC
3902,2026-06-12 13:00:00,6,12,13,14,2017,24.745619,38.755119,Copernicus,Copernicus,2026-06-12 10:00:00 UTC
3903,2026-06-12 14:00:00,6,12,14,15,2017,24.730001,38.761234,Copernicus,Copernicus,2026-06-12 11:00:00 UTC
3904,2026-06-12 15:00:00,6,12,15,16,2017,24.681015,38.775146,Copernicus,Copernicus,2026-06-12 12:00:00 UTC
3905,2026-06-12 16:00:00,6,12,16,17,2017,24.599234,38.796062,Copernicus,Copernicus,2026-06-12 13:00:00 UTC
3906,2026-06-12 17:00:00,6,12,17,18,2017,24.486694,38.823399,Copernicus,Copernicus,2026-06-12 14:00:00 UTC
3907,2026-06-12 18:00:00,6,12,18,19,2017,24.350193,38.855278,Copernicus,Copernicus,2026-06-12 15:00:00 UTC
3908,2026-06-12 19:00:00,6,12,19,20,2017,24.201002,38.888836,Copernicus,Copernicus,2026-06-12 16:00:00 UTC
3909,2026-06-12 20:00:00,6,12,20,21,2017,24.055128,38.921326,Copernicus,Copernicus,2026-06-12 17:00:00 UTC
3910,2026-06-12 21:00:00,6,12,21,22,2017,23.926081,38.950260,Copernicus,Copernicus,2026-06-12 18:00:00 UTC
3911,2026-06-12 22:00:00,6,12,22,23,2017,23.821045,38.973686,Copernicus,Copernicus,2026-06-12 19:00:00 UTC
3912,2026-06-12 23:00:00,6,12,23,24,2017,23.743011,38.991058,Copernicus,Copernicus,2026-06-12 20:00:00 UTC
3913,2026-06-13 00:00:00,6,13,0,1,2017,23.692333,39.002262,Copernicus,Copernicus,2026-06-12 21:00:00 UTC
3914,2026-06-13 01:00:00,6,13,1,2,2017,23.668600,39.007259,Copernicus,Copernicus,2026-06-12 22:00:00 UTC
3915,2026-06-13 02:00:00,6,13,2,3,2017,23.672686,39.005936,Copernicus,Copernicus,2026-06-12 23:00:00 UTC
3916,2026-06-13 03:00:00,6,13,3,4,2017,23.704681,38.998405,Copernicus,Copernicus,2026-06-13 00:00:00 UTC
3917,2026-06-13 04:00:00,6,13,4,5,2017,23.763834,38.984715,Copernicus,Copernicus,2026-06-13 01:00:00 UTC
3918,2026-06-13 05:00:00,6,13,5,6,2017,23.848631,38.964886,Copernicus,Copernicus,2026-06-13 02:00:00 UTC
3919,2026-06-13 06:00:00,6,13,6,7,2017,23.955038,38.939789,Copernicus,Copernicus,2026-06-13 03:00:00 UTC
3920,2026-06-13 07:00:00,6,13,7,8,2017,24.075548,38.911556,Copernicus,Copernicus,2026-06-13 04:00:00 UTC
3921,2026-06-13 08:00:00,6,13,8,9,2017,24.196508,38.883675,Copernicus,Copernicus,2026-06-13 05:00:00 UTC
3922,2026-06-13 09:00:00,6,13,9,10,2017,24.301069,38.860359,Copernicus,Copernicus,2026-06-13 06:00:00 UTC
3923,2026-06-13 10:00:00,6,13,10,11,2017,24.373568,38.845341,Copernicus,Copernicus,2026-06-13 07:00:00 UTC
3924,2026-06-13 11:00:00,6,13,11,12,2017,24.404350,38.840672,Copernicus,Copernicus,2026-06-13 08:00:00 UTC
3925,2026-06-13 12:00:00,6,13,12,13,2017,24.388117,38.847282,Copernicus,Copernicus,2026-06-13 09:00:00 UTC
3926,2026-06-13 13:00:00,6,13,13,14,2017,24.330900,38.863533,Copernicus,Copernicus,2026-06-13 10:00:00 UTC
3927,2026-06-13 14:00:00,6,13,14,15,2017,24.247963,38.885235,Copernicus,Copernicus,2026-06-13 11:00:00 UTC
3928,2026-06-13 15:00:00,6,13,15,16,2017,24.154352,38.908737,Copernicus,Copernicus,2026-06-13 12:00:00 UTC
3929,2026-06-13 16:00:00,6,13,16,17,2017,24.061178,38.931705,Copernicus,Copernicus,2026-06-13 13:00:00 UTC
3930,2026-06-13 17:00:00,6,13,17,18,2017,23.973742,38.952946,Copernicus,Copernicus,2026-06-13 14:00:00 UTC
3931,2026-06-13 18:00:00,6,13,18,19,2017,23.898106,38.971027,Copernicus,Copernicus,2026-06-13 15:00:00 UTC
3932,2026-06-13 19:00:00,6,13,19,20,2017,23.839560,38.984894,Copernicus,Copernicus,2026-06-13 16:00:00 UTC
3933,2026-06-13 20:00:00,6,13,20,21,2017,23.801579,38.993870,Copernicus,Copernicus,2026-06-13 17:00:00 UTC
3934,2026-06-13 21:00:00,6,13,21,22,2017,23.788490,38.997173,Copernicus,Copernicus,2026-06-13 18:00:00 UTC
3935,2026-06-13 22:00:00,6,13,22,23,2017,23.811375,38.992405,Copernicus,Copernicus,2026-06-13 19:00:00 UTC
3936,2026-06-13 23:00:00,6,13,23,24,2017,23.884531,38.976273,Copernicus,Copernicus,2026-06-13 20:00:00 UTC
3937,2026-06-14 00:00:00,6,14,0,1,2017,24.020636,38.945801,Copernicus,Copernicus,2026-06-13 21:00:00 UTC
3938,2026-06-14 01:00:00,6,14,1,2,2017,24.231117,38.898567,Copernicus,Copernicus,2026-06-13 22:00:00 UTC
3939,2026-06-14 02:00:00,6,14,2,3,2017,24.511221,38.835716,Copernicus,Copernicus,2026-06-13 23:00:00 UTC
3940,2026-06-14 03:00:00,6,14,3,4,2017,24.824196,38.764187,Copernicus,Copernicus,2026-06-14 00:00:00 UTC
3941,2026-06-14 04:00:00,6,14,4,5,2017,25.119923,38.695118,Copernicus,Copernicus,2026-06-14 01:00:00 UTC
3942,2026-06-14 05:00:00,6,14,5,6,2017,25.343073,38.639606,Copernicus,Copernicus,2026-06-14 02:00:00 UTC
3943,2026-06-14 06:00:00,6,14,6,7,2017,25.476244,38.602997,Copernicus,Copernicus,2026-06-14 03:00:00 UTC
3944,2026-06-14 07:00:00,6,14,7,8,2017,25.536224,38.583363,Copernicus,Copernicus,2026-06-14 04:00:00 UTC
3945,2026-06-14 08:00:00,6,14,8,9,2017,25.554300,38.576794,Copernicus,Copernicus,2026-06-14 05:00:00 UTC
3946,2026-06-14 09:00:00,6,14,9,10,2017,25.548405,38.580730,Copernicus,Copernicus,2026-06-14 06:00:00 UTC
3947,2026-06-14 10:00:00,6,14,10,11,2017,25.516659,38.596107,Copernicus,Copernicus,2026-06-14 07:00:00 UTC
3948,2026-06-14 11:00:00,6,14,11,12,2017,25.438684,38.625492,Copernicus,Copernicus,2026-06-14 08:00:00 UTC
3949,2026-06-14 12:00:00,6,14,12,13,2017,25.289320,38.669655,Copernicus,Copernicus,2026-06-14 09:00:00 UTC
3950,2026-06-14 13:00:00,6,14,13,14,2017,25.079350,38.724068,Copernicus,Copernicus,2026-06-14 10:00:00 UTC
3951,2026-06-14 14:00:00,6,14,14,15,2017,24.850451,38.780231,Copernicus,Copernicus,2026-06-14 11:00:00 UTC
3952,2026-06-14 15:00:00,6,14,15,16,2017,24.638233,38.830280,Copernicus,Copernicus,2026-06-14 12:00:00 UTC
3953,2026-06-14 16:00:00,6,14,16,17,2017,24.463625,38.870243,Copernicus,Copernicus,2026-06-14 13:00:00 UTC
3954,2026-06-14 17:00:00,6,14,17,18,2017,24.333044,38.899445,Copernicus,Copernicus,2026-06-14 14:00:00 UTC
3955,2026-06-14 18:00:00,6,14,18,19,2017,24.243202,38.918884,Copernicus,Copernicus,2026-06-14 15:00:00 UTC
3956,2026-06-14 19:00:00,6,14,19,20,2017,24.188593,38.930096,Copernicus,Copernicus,2026-06-14 16:00:00 UTC
3957,2026-06-14 20:00:00,6,14,20,21,2017,24.166914,38.934071,Copernicus,Copernicus,2026-06-14 17:00:00 UTC
3958,2026-06-14 21:00:00,6,14,21,22,2017,24.178097,38.931423,Copernicus,Copernicus,2026-06-14 18:00:00 UTC
3959,2026-06-14 22:00:00,6,14,22,23,2017,24.221008,38.922604,Copernicus,Copernicus,2026-06-14 19:00:00 UTC
3960,2026-06-14 23:00:00,6,14,23,24,2017,24.295662,38.907558,Copernicus,Copernicus,2026-06-14 20:00:00 UTC
3961,2026-06-15 00:00:00,6,15,0,1,2017,24.399153,38.886616,Copernicus,Copernicus,2026-06-14 21:00:00 UTC
3962,2026-06-15 01:00:00,6,15,1,2,2017,24.523838,38.860928,Copernicus,Copernicus,2026-06-14 22:00:00 UTC
3963,2026-06-15 02:00:00,6,15,2,3,2017,24.658154,38.832531,Copernicus,Copernicus,2026-06-14 23:00:00 UTC
3964,2026-06-15 03:00:00,6,15,3,4,2017,24.788664,38.804089,Copernicus,Copernicus,2026-06-15 00:00:00 UTC
3965,2026-06-15 04:00:00,6,15,4,5,2017,24.904121,38.778107,Copernicus,Copernicus,2026-06-15 01:00:00 UTC
3966,2026-06-15 05:00:00,6,15,5,6,2017,24.998539,38.756184,Copernicus,Copernicus,2026-06-15 02:00:00 UTC
3967,2026-06-15 06:00:00,6,15,6,7,2017,25.071400,38.739357,Copernicus,Copernicus,2026-06-15 03:00:00 UTC
3968,2026-06-15 07:00:00,6,15,7,8,2017,25.122025,38.728481,Copernicus,Copernicus,2026-06-15 04:00:00 UTC
3969,2026-06-15 08:00:00,6,15,8,9,2017,25.145884,38.724533,Copernicus,Copernicus,2026-06-15 05:00:00 UTC
3970,2026-06-15 09:00:00,6,15,9,10,2017,25.137827,38.728718,Copernicus,Copernicus,2026-06-15 06:00:00 UTC
3971,2026-06-15 10:00:00,6,15,10,11,2017,25.093102,38.741867,Copernicus,Copernicus,2026-06-15 07:00:00 UTC
3972,2026-06-15 11:00:00,6,15,11,12,2017,25.012682,38.763039,Copernicus,Copernicus,2026-06-15 08:00:00 UTC
3973,2026-06-15 12:00:00,6,15,12,13,2017,24.905422,38.789665,Copernicus,Copernicus,2026-06-15 09:00:00 UTC
3974,2026-06-15 13:00:00,6,15,13,14,2017,24.788696,38.817791,Copernicus,Copernicus,2026-06-15 10:00:00 UTC
3975,2026-06-15 14:00:00,6,15,14,15,2017,24.681480,38.843346,Copernicus,Copernicus,2026-06-15 11:00:00 UTC
3976,2026-06-15 15:00:00,6,15,15,16,2017,24.599792,38.863552,Copernicus,Copernicus,2026-06-15 12:00:00 UTC
3977,2026-06-15 16:00:00,6,15,16,17,2017,24.549564,38.876846,Copernicus,Copernicus,2026-06-15 13:00:00 UTC
3978,2026-06-15 17:00:00,6,15,17,18,2017,24.528360,38.883530,Copernicus,Copernicus,2026-06-15 14:00:00 UTC
3979,2026-06-15 18:00:00,6,15,18,19,2017,24.530758,38.884819,Copernicus,Copernicus,2026-06-15 15:00:00 UTC
3980,2026-06-15 19:00:00,6,15,19,20,2017,24.546423,38.882751,Copernicus,Copernicus,2026-06-15 16:00:00 UTC
3981,2026-06-15 20:00:00,6,15,20,21,2017,24.562193,38.880074,Copernicus,Copernicus,2026-06-15 17:00:00 UTC
3982,2026-06-15 21:00:00,6,15,21,22,2017,24.568842,38.879051,Copernicus,Copernicus,2026-06-15 18:00:00 UTC
3983,2026-06-15 22:00:00,6,15,22,23,2017,24.557564,38.881413,Copernicus,Copernicus,2026-06-15 19:00:00 UTC
3984,2026-06-15 23:00:00,6,15,23,24,2017,24.526346,38.887455,Copernicus,Copernicus,2026-06-15 20:00:00 UTC
3985,2026-06-16 00:00:00,6,16,0,1,2017,24.481905,38.895889,Copernicus,Copernicus,2026-06-15 21:00:00 UTC
3986,2026-06-16 01:00:00,6,16,1,2,2017,24.435335,38.904636,Copernicus,Copernicus,2026-06-15 22:00:00 UTC
3987,2026-06-16 02:00:00,6,16,2,3,2017,24.396832,38.911736,Copernicus,Copernicus,2026-06-15 23:00:00 UTC
3988,2026-06-16 03:00:00,6,16,3,4,2017,24.373842,38.915878,Copernicus,Copernicus,2026-06-16 00:00:00 UTC
3989,2026-06-16 04:00:00,6,16,4,5,2017,24.374472,38.915779,Copernicus,Copernicus,2026-06-16 01:00:00 UTC
3990,2026-06-16 05:00:00,6,16,5,6,2017,24.401333,38.911098,Copernicus,Copernicus,2026-06-16 02:00:00 UTC
3991,2026-06-16 06:00:00,6,16,6,7,2017,24.455666,38.901680,Copernicus,Copernicus,2026-06-16 03:00:00 UTC
3992,2026-06-16 07:00:00,6,16,7,8,2017,24.532211,38.888138,Copernicus,Copernicus,2026-06-16 04:00:00 UTC
3993,2026-06-16 08:00:00,6,16,8,9,2017,24.622814,38.871490,Copernicus,Copernicus,2026-06-16 05:00:00 UTC
3994,2026-06-16 09:00:00,6,16,9,10,2017,24.717522,38.853100,Copernicus,Copernicus,2026-06-16 06:00:00 UTC
3995,2026-06-16 10:00:00,6,16,10,11,2017,24.806787,38.834721,Copernicus,Copernicus,2026-06-16 07:00:00 UTC
3996,2026-06-16 11:00:00,6,16,11,12,2017,24.883381,38.818340,Copernicus,Copernicus,2026-06-16 08:00:00 UTC
3997,2026-06-16 12:00:00,6,16,12,13,2017,24.944038,38.805496,Copernicus,Copernicus,2026-06-16 09:00:00 UTC
3998,2026-06-16 13:00:00,6,16,13,14,2017,24.988724,38.796791,Copernicus,Copernicus,2026-06-16 10:00:00 UTC
3999,2026-06-16 14:00:00,6,16,14,15,2017,25.021351,38.791794,Copernicus,Copernicus,2026-06-16 11:00:00 UTC
4000,2026-06-16 15:00:00,6,16,15,16,2017,25.045942,38.789417,Copernicus,Copernicus,2026-06-16 12:00:00 UTC
4001,2026-06-16 16:00:00,6,16,16,17,2017,25.060287,38.790287,Copernicus,Copernicus,2026-06-16 13:00:00 UTC
4002,2026-06-16 17:00:00,6,16,17,18,2017,25.054081,38.796360,Copernicus,Copernicus,2026-06-16 14:00:00 UTC
4003,2026-06-16 18:00:00,6,16,18,19,2017,25.017086,38.808994,Copernicus,Copernicus,2026-06-16 15:00:00 UTC
4004,2026-06-16 19:00:00,6,16,19,20,2017,24.947021,38.827869,Copernicus,Copernicus,2026-06-16 16:00:00 UTC
4005,2026-06-16 20:00:00,6,16,20,21,2017,24.848356,38.851135,Copernicus,Copernicus,2026-06-16 17:00:00 UTC
4006,2026-06-16 21:00:00,6,16,21,22,2017,24.731062,38.875900,Copernicus,Copernicus,2026-06-16 18:00:00 UTC
4007,2026-06-16 22:00:00,6,16,22,23,2017,24.608734,38.899437,Copernicus,Copernicus,2026-06-16 19:00:00 UTC
4008,2026-06-16 23:00:00,6,16,23,24,2017,24.495239,38.919758,Copernicus,Copernicus,2026-06-16 20:00:00 UTC
4009,2026-06-17 00:00:00,6,17,0,1,2017,24.400833,38.935787,Copernicus,Copernicus,2026-06-16 21:00:00 UTC
4010,2026-06-17 01:00:00,6,17,1,2,2017,24.332022,38.947117,Copernicus,Copernicus,2026-06-16 22:00:00 UTC
4011,2026-06-17 02:00:00,6,17,2,3,2017,24.291927,38.953648,Copernicus,Copernicus,2026-06-16 23:00:00 UTC
4012,2026-06-17 03:00:00,6,17,3,4,2017,24.280638,38.955582,Copernicus,Copernicus,2026-06-17 00:00:00 UTC
4013,2026-06-17 04:00:00,6,17,4,5,2017,24.296419,38.953293,Copernicus,Copernicus,2026-06-17 01:00:00 UTC
4014,2026-06-17 05:00:00,6,17,5,6,2017,24.334976,38.947350,Copernicus,Copernicus,2026-06-17 02:00:00 UTC
4015,2026-06-17 06:00:00,6,17,6,7,2017,24.395922,38.937538,Copernicus,Copernicus,2026-06-17 03:00:00 UTC
4016,2026-06-17 07:00:00,6,17,7,8,2017,24.478868,38.923454,Copernicus,Copernicus,2026-06-17 04:00:00 UTC
4017,2026-06-17 08:00:00,6,17,8,9,2017,24.581306,38.904751,Copernicus,Copernicus,2026-06-17 05:00:00 UTC
4018,2026-06-17 09:00:00,6,17,9,10,2017,24.697868,38.881626,Copernicus,Copernicus,2026-06-17 06:00:00 UTC
4019,2026-06-17 10:00:00,6,17,10,11,2017,24.819828,38.855610,Copernicus,Copernicus,2026-06-17 07:00:00 UTC
4020,2026-06-17 11:00:00,6,17,11,12,2017,24.935183,38.829762,Copernicus,Copernicus,2026-06-17 08:00:00 UTC
4021,2026-06-17 12:00:00,6,17,12,13,2017,25.032629,38.807453,Copernicus,Copernicus,2026-06-17 09:00:00 UTC
4022,2026-06-17 13:00:00,6,17,13,14,2017,25.103958,38.792030,Copernicus,Copernicus,2026-06-17 10:00:00 UTC
4023,2026-06-17 14:00:00,6,17,14,15,2017,25.145432,38.785225,Copernicus,Copernicus,2026-06-17 11:00:00 UTC
4024,2026-06-17 15:00:00,6,17,15,16,2017,25.152840,38.788227,Copernicus,Copernicus,2026-06-17 12:00:00 UTC
4025,2026-06-17 16:00:00,6,17,16,17,2017,25.120110,38.800831,Copernicus,Copernicus,2026-06-17 13:00:00 UTC
4026,2026-06-17 17:00:00,6,17,17,18,2017,25.047895,38.821186,Copernicus,Copernicus,2026-06-17 14:00:00 UTC
4027,2026-06-17 18:00:00,6,17,18,19,2017,24.945717,38.846199,Copernicus,Copernicus,2026-06-17 15:00:00 UTC
4028,2026-06-17 19:00:00,6,17,19,20,2017,24.828276,38.872219,Copernicus,Copernicus,2026-06-17 16:00:00 UTC
4029,2026-06-17 20:00:00,6,17,20,21,2017,24.710621,38.896496,Copernicus,Copernicus,2026-06-17 17:00:00 UTC
4030,2026-06-17 21:00:00,6,17,21,22,2017,24.604017,38.917236,Copernicus,Copernicus,2026-06-17 18:00:00 UTC
4031,2026-06-17 22:00:00,6,17,22,23,2017,24.512623,38.933983,Copernicus,Copernicus,2026-06-17 19:00:00 UTC
4032,2026-06-17 23:00:00,6,17,23,24,2017,24.439205,38.946827,Copernicus,Copernicus,2026-06-17 20:00:00 UTC
4033,2026-06-18 00:00:00,6,18,0,1,2017,24.385242,38.955990,Copernicus,Copernicus,2026-06-17 21:00:00 UTC
4034,2026-06-18 01:00:00,6,18,1,2,2017,24.349890,38.961765,Copernicus,Copernicus,2026-06-17 22:00:00 UTC
4035,2026-06-18 02:00:00,6,18,2,3,2017,24.335356,38.964024,Copernicus,Copernicus,2026-06-17 23:00:00 UTC
4036,2026-06-18 03:00:00,6,18,3,4,2017,24.344854,38.962505,Copernicus,Copernicus,2026-06-18 00:00:00 UTC
4037,2026-06-18 04:00:00,6,18,4,5,2017,24.383436,38.956234,Copernicus,Copernicus,2026-06-18 01:00:00 UTC
4038,2026-06-18 05:00:00,6,18,5,6,2017,24.458502,38.943409,Copernicus,Copernicus,2026-06-18 02:00:00 UTC
4039,2026-06-18 06:00:00,6,18,6,7,2017,24.575922,38.921886,Copernicus,Copernicus,2026-06-18 03:00:00 UTC
4040,2026-06-18 07:00:00,6,18,7,8,2017,24.736935,38.890045,Copernicus,Copernicus,2026-06-18 04:00:00 UTC
4041,2026-06-18 08:00:00,6,18,8,9,2017,24.931908,38.849148,Copernicus,Copernicus,2026-06-18 05:00:00 UTC
4042,2026-06-18 09:00:00,6,18,9,10,2017,25.138687,38.804436,Copernicus,Copernicus,2026-06-18 06:00:00 UTC
4043,2026-06-18 10:00:00,6,18,10,11,2017,25.327827,38.763393,Copernicus,Copernicus,2026-06-18 07:00:00 UTC
4044,2026-06-18 11:00:00,6,18,11,12,2017,25.474445,38.732861,Copernicus,Copernicus,2026-06-18 08:00:00 UTC
4045,2026-06-18 12:00:00,6,18,12,13,2017,25.567890,38.715946,Copernicus,Copernicus,2026-06-18 09:00:00 UTC
4046,2026-06-18 13:00:00,6,18,13,14,2017,25.609621,38.712532,Copernicus,Copernicus,2026-06-18 10:00:00 UTC
4047,2026-06-18 14:00:00,6,18,14,15,2017,25.605141,38.720749,Copernicus,Copernicus,2026-06-18 11:00:00 UTC
4048,2026-06-18 15:00:00,6,18,15,16,2017,25.559950,38.737888,Copernicus,Copernicus,2026-06-18 12:00:00 UTC
4049,2026-06-18 16:00:00,6,18,16,17,2017,25.484505,38.760742,Copernicus,Copernicus,2026-06-18 13:00:00 UTC
4050,2026-06-18 17:00:00,6,18,17,18,2017,25.394482,38.785511,Copernicus,Copernicus,2026-06-18 14:00:00 UTC
4051,2026-06-18 18:00:00,6,18,18,19,2017,25.302023,38.809093,Copernicus,Copernicus,2026-06-18 15:00:00 UTC
4052,2026-06-18 19:00:00,6,18,19,20,2017,25.218271,38.829391,Copernicus,Copernicus,2026-06-18 16:00:00 UTC
4053,2026-06-18 20:00:00,6,18,20,21,2017,25.151791,38.845268,Copernicus,Copernicus,2026-06-18 17:00:00 UTC
4054,2026-06-18 21:00:00,6,18,21,22,2017,25.105991,38.856804,Copernicus,Copernicus,2026-06-18 18:00:00 UTC
4055,2026-06-18 22:00:00,6,18,22,23,2017,25.078154,38.864502,Copernicus,Copernicus,2026-06-18 19:00:00 UTC
4056,2026-06-18 23:00:00,6,18,23,24,2017,25.066679,38.868958,Copernicus,Copernicus,2026-06-18 20:00:00 UTC
4057,2026-06-19 00:00:00,6,19,0,1,2017,25.069258,38.870884,Copernicus,Copernicus,2026-06-18 21:00:00 UTC
4058,2026-06-19 01:00:00,6,19,1,2,2017,25.084789,38.870491,Copernicus,Copernicus,2026-06-18 22:00:00 UTC
4059,2026-06-19 02:00:00,6,19,2,3,2017,25.112808,38.867565,Copernicus,Copernicus,2026-06-18 23:00:00 UTC
4060,2026-06-19 03:00:00,6,19,3,4,2017,25.152914,38.861637,Copernicus,Copernicus,2026-06-19 00:00:00 UTC
4061,2026-06-19 04:00:00,6,19,4,5,2017,25.205444,38.851936,Copernicus,Copernicus,2026-06-19 01:00:00 UTC
4062,2026-06-19 05:00:00,6,19,5,6,2017,25.270021,38.838425,Copernicus,Copernicus,2026-06-19 02:00:00 UTC
4063,2026-06-19 06:00:00,6,19,6,7,2017,25.345427,38.821800,Copernicus,Copernicus,2026-06-19 03:00:00 UTC
4064,2026-06-19 07:00:00,6,19,7,8,2017,25.427359,38.803772,Copernicus,Copernicus,2026-06-19 04:00:00 UTC
4065,2026-06-19 08:00:00,6,19,8,9,2017,25.507359,38.786694,Copernicus,Copernicus,2026-06-19 05:00:00 UTC
4066,2026-06-19 09:00:00,6,19,9,10,2017,25.574743,38.773193,Copernicus,Copernicus,2026-06-19 06:00:00 UTC
4067,2026-06-19 10:00:00,6,19,10,11,2017,25.619286,38.765598,Copernicus,Copernicus,2026-06-19 07:00:00 UTC
4068,2026-06-19 11:00:00,6,19,11,12,2017,25.634697,38.765018,Copernicus,Copernicus,2026-06-19 08:00:00 UTC
4069,2026-06-19 12:00:00,6,19,12,13,2017,25.617023,38.771976,Copernicus,Copernicus,2026-06-19 09:00:00 UTC
4070,2026-06-19 13:00:00,6,19,13,14,2017,25.564833,38.785854,Copernicus,Copernicus,2026-06-19 10:00:00 UTC
4071,2026-06-19 14:00:00,6,19,14,15,2017,25.484135,38.804909,Copernicus,Copernicus,2026-06-19 11:00:00 UTC
4072,2026-06-19 15:00:00,6,19,15,16,2017,25.386240,38.826275,Copernicus,Copernicus,2026-06-19 12:00:00 UTC
4073,2026-06-19 16:00:00,6,19,16,17,2017,25.281363,38.847519,Copernicus,Copernicus,2026-06-19 13:00:00 UTC
4074,2026-06-19 17:00:00,6,19,17,18,2017,25.175240,38.867527,Copernicus,Copernicus,2026-06-19 14:00:00 UTC
4075,2026-06-19 18:00:00,6,19,18,19,2017,25.074476,38.885334,Copernicus,Copernicus,2026-06-19 15:00:00 UTC
4076,2026-06-19 19:00:00,6,19,19,20,2017,24.984406,38.900234,Copernicus,Copernicus,2026-06-19 16:00:00 UTC
4077,2026-06-19 20:00:00,6,19,20,21,2017,24.909256,38.911930,Copernicus,Copernicus,2026-06-19 17:00:00 UTC
4078,2026-06-19 21:00:00,6,19,21,22,2017,24.851822,38.920372,Copernicus,Copernicus,2026-06-19 18:00:00 UTC
4079,2026-06-19 22:00:00,6,19,22,23,2017,24.813452,38.925594,Copernicus,Copernicus,2026-06-19 19:00:00 UTC
4080,2026-06-19 23:00:00,6,19,23,24,2017,24.794758,38.927650,Copernicus,Copernicus,2026-06-19 20:00:00 UTC
4081,2026-06-20 00:00:00,6,20,0,1,2017,24.794682,38.926605,Copernicus,Copernicus,2026-06-19 21:00:00 UTC
4082,2026-06-20 01:00:00,6,20,1,2,2017,24.812389,38.922565,Copernicus,Copernicus,2026-06-19 22:00:00 UTC
4083,2026-06-20 02:00:00,6,20,2,3,2017,24.848705,38.915401,Copernicus,Copernicus,2026-06-19 23:00:00 UTC
4084,2026-06-20 03:00:00,6,20,3,4,2017,24.904659,38.904972,Copernicus,Copernicus,2026-06-20 00:00:00 UTC
4085,2026-06-20 04:00:00,6,20,4,5,2017,24.981483,38.891121,Copernicus,Copernicus,2026-06-20 01:00:00 UTC
4086,2026-06-20 05:00:00,6,20,5,6,2017,25.079142,38.873882,Copernicus,Copernicus,2026-06-20 02:00:00 UTC
4087,2026-06-20 06:00:00,6,20,6,7,2017,25.194839,38.853985,Copernicus,Copernicus,2026-06-20 03:00:00 UTC
4088,2026-06-20 07:00:00,6,20,7,8,2017,25.321024,38.832966,Copernicus,Copernicus,2026-06-20 04:00:00 UTC
4089,2026-06-20 08:00:00,6,20,8,9,2017,25.444353,38.812946,Copernicus,Copernicus,2026-06-20 05:00:00 UTC
4090,2026-06-20 09:00:00,6,20,9,10,2017,25.551210,38.796150,Copernicus,Copernicus,2026-06-20 06:00:00 UTC
4091,2026-06-20 10:00:00,6,20,10,11,2017,25.630939,38.784195,Copernicus,Copernicus,2026-06-20 07:00:00 UTC
4092,2026-06-20 11:00:00,6,20,11,12,2017,25.676769,38.778000,Copernicus,Copernicus,2026-06-20 08:00:00 UTC
4093,2026-06-20 12:00:00,6,20,12,13,2017,25.685085,38.778198,Copernicus,Copernicus,2026-06-20 09:00:00 UTC
4094,2026-06-20 13:00:00,6,20,13,14,2017,25.654654,38.784649,Copernicus,Copernicus,2026-06-20 10:00:00 UTC
4095,2026-06-20 14:00:00,6,20,14,15,2017,25.590628,38.796009,Copernicus,Copernicus,2026-06-20 11:00:00 UTC
4096,2026-06-20 15:00:00,6,20,15,16,2017,25.503925,38.810314,Copernicus,Copernicus,2026-06-20 12:00:00 UTC
4097,2026-06-20 16:00:00,6,20,16,17,2017,25.406912,38.825661,Copernicus,Copernicus,2026-06-20 13:00:00 UTC
4098,2026-06-20 17:00:00,6,20,17,18,2017,25.308657,38.840725,Copernicus,Copernicus,2026-06-20 14:00:00 UTC
4099,2026-06-20 18:00:00,6,20,18,19,2017,25.216381,38.854519,Copernicus,Copernicus,2026-06-20 15:00:00 UTC
4100,2026-06-20 19:00:00,6,20,19,20,2017,25.134510,38.866505,Copernicus,Copernicus,2026-06-20 16:00:00 UTC
4101,2026-06-20 20:00:00,6,20,20,21,2017,25.064024,38.876595,Copernicus,Copernicus,2026-06-20 17:00:00 UTC
4102,2026-06-20 21:00:00,6,20,21,22,2017,25.002893,38.885105,Copernicus,Copernicus,2026-06-20 18:00:00 UTC
4103,2026-06-20 22:00:00,6,20,22,23,2017,24.945320,38.892746,Copernicus,Copernicus,2026-06-20 19:00:00 UTC
4104,2026-06-20 23:00:00,6,20,23,24,2017,24.886873,38.900177,Copernicus,Copernicus,2026-06-20 20:00:00 UTC
4105,2026-06-21 00:00:00,6,21,0,1,2017,24.824041,38.907845,Copernicus,Copernicus,2026-06-20 21:00:00 UTC
4106,2026-06-21 01:00:00,6,21,1,2,2017,24.756872,38.915852,Copernicus,Copernicus,2026-06-20 22:00:00 UTC
4107,2026-06-21 02:00:00,6,21,2,3,2017,24.689026,38.924000,Copernicus,Copernicus,2026-06-20 23:00:00 UTC
4108,2026-06-21 03:00:00,6,21,3,4,2017,24.625273,38.931995,Copernicus,Copernicus,2026-06-21 00:00:00 UTC
4109,2026-06-21 04:00:00,6,21,4,5,2017,24.568068,38.939499,Copernicus,Copernicus,2026-06-21 01:00:00 UTC
4110,2026-06-21 05:00:00,6,21,5,6,2017,24.519911,38.945980,Copernicus,Copernicus,2026-06-21 02:00:00 UTC
4111,2026-06-21 06:00:00,6,21,6,7,2017,24.486025,38.950726,Copernicus,Copernicus,2026-06-21 03:00:00 UTC
4112,2026-06-21 07:00:00,6,21,7,8,2017,24.472744,38.952873,Copernicus,Copernicus,2026-06-21 04:00:00 UTC
4113,2026-06-21 08:00:00,6,21,8,9,2017,24.486597,38.951561,Copernicus,Copernicus,2026-06-21 05:00:00 UTC
4114,2026-06-21 09:00:00,6,21,9,10,2017,24.533237,38.946030,Copernicus,Copernicus,2026-06-21 06:00:00 UTC
4115,2026-06-21 10:00:00,6,21,10,11,2017,24.617310,38.935768,Copernicus,Copernicus,2026-06-21 07:00:00 UTC
4116,2026-06-21 11:00:00,6,21,11,12,2017,24.739740,38.920746,Copernicus,Copernicus,2026-06-21 08:00:00 UTC
4117,2026-06-21 12:00:00,6,21,12,13,2017,24.893253,38.902069,Copernicus,Copernicus,2026-06-21 09:00:00 UTC
4118,2026-06-21 13:00:00,6,21,13,14,2017,25.063093,38.881474,Copernicus,Copernicus,2026-06-21 10:00:00 UTC
4119,2026-06-21 14:00:00,6,21,14,15,2017,25.229712,38.861359,Copernicus,Copernicus,2026-06-21 11:00:00 UTC
4120,2026-06-21 15:00:00,6,21,15,16,2017,25.376196,38.843708,Copernicus,Copernicus,2026-06-21 12:00:00 UTC
4121,2026-06-21 16:00:00,6,21,16,17,2017,25.487213,38.830471,Copernicus,Copernicus,2026-06-21 13:00:00 UTC
4122,2026-06-21 17:00:00,6,21,17,18,2017,25.549400,38.823502,Copernicus,Copernicus,2026-06-21 14:00:00 UTC
4123,2026-06-21 18:00:00,6,21,18,19,2017,25.553312,38.824078,Copernicus,Copernicus,2026-06-21 15:00:00 UTC
4124,2026-06-21 19:00:00,6,21,19,20,2017,25.490683,38.832844,Copernicus,Copernicus,2026-06-21 16:00:00 UTC
4125,2026-06-21 20:00:00,6,21,20,21,2017,25.368086,38.848766,Copernicus,Copernicus,2026-06-21 17:00:00 UTC
4126,2026-06-21 21:00:00,6,21,21,22,2017,25.203735,38.869705,Copernicus,Copernicus,2026-06-21 18:00:00 UTC
4127,2026-06-21 22:00:00,6,21,22,23,2017,25.018085,38.893265,Copernicus,Copernicus,2026-06-21 19:00:00 UTC
4128,2026-06-21 23:00:00,6,21,23,24,2017,24.828871,38.917122,Copernicus,Copernicus,2026-06-21 20:00:00 UTC
4129,2026-06-22 00:00:00,6,22,0,1,2017,24.657749,38.938683,Copernicus,Copernicus,2026-06-21 21:00:00 UTC
4130,2026-06-22 01:00:00,6,22,1,2,2017,24.520178,38.956348,Copernicus,Copernicus,2026-06-21 22:00:00 UTC
4131,2026-06-22 02:00:00,6,22,2,3,2017,24.421444,38.969574,Copernicus,Copernicus,2026-06-21 23:00:00 UTC
4132,2026-06-22 03:00:00,6,22,3,4,2017,24.361031,38.978294,Copernicus,Copernicus,2026-06-22 00:00:00 UTC
4133,2026-06-22 04:00:00,6,22,4,5,2017,24.337341,38.982388,Copernicus,Copernicus,2026-06-22 01:00:00 UTC
4134,2026-06-22 05:00:00,6,22,5,6,2017,24.351263,38.981468,Copernicus,Copernicus,2026-06-22 02:00:00 UTC
4135,2026-06-22 06:00:00,6,22,6,7,2017,24.404358,38.975174,Copernicus,Copernicus,2026-06-22 03:00:00 UTC
4136,2026-06-22 07:00:00,6,22,7,8,2017,24.502048,38.963188,Copernicus,Copernicus,2026-06-22 04:00:00 UTC
4137,2026-06-22 08:00:00,6,22,8,9,2017,24.650049,38.945328,Copernicus,Copernicus,2026-06-22 05:00:00 UTC
4138,2026-06-22 09:00:00,6,22,9,10,2017,24.848188,38.922142,Copernicus,Copernicus,2026-06-22 06:00:00 UTC
4139,2026-06-22 10:00:00,6,22,10,11,2017,25.083876,38.895779,Copernicus,Copernicus,2026-06-22 07:00:00 UTC
4140,2026-06-22 11:00:00,6,22,11,12,2017,25.329613,38.869759,Copernicus,Copernicus,2026-06-22 08:00:00 UTC
4141,2026-06-22 12:00:00,6,22,12,13,2017,25.556652,38.847565,Copernicus,Copernicus,2026-06-22 09:00:00 UTC
4142,2026-06-22 13:00:00,6,22,13,14,2017,25.744879,38.830418,Copernicus,Copernicus,2026-06-22 10:00:00 UTC
4143,2026-06-22 14:00:00,6,22,14,15,2017,25.881996,38.819355,Copernicus,Copernicus,2026-06-22 11:00:00 UTC
4144,2026-06-22 15:00:00,6,22,15,16,2017,25.966688,38.814186,Copernicus,Copernicus,2026-06-22 12:00:00 UTC
4145,2026-06-22 16:00:00,6,22,16,17,2017,25.999496,38.813679,Copernicus,Copernicus,2026-06-22 13:00:00 UTC
4146,2026-06-22 17:00:00,6,22,17,18,2017,25.974459,38.817406,Copernicus,Copernicus,2026-06-22 14:00:00 UTC
4147,2026-06-22 18:00:00,6,22,18,19,2017,25.883312,38.826145,Copernicus,Copernicus,2026-06-22 15:00:00 UTC
4148,2026-06-22 19:00:00,6,22,19,20,2017,25.731020,38.840836,Copernicus,Copernicus,2026-06-22 16:00:00 UTC
4149,2026-06-22 20:00:00,6,22,20,21,2017,25.539072,38.860367,Copernicus,Copernicus,2026-06-22 17:00:00 UTC
4150,2026-06-22 21:00:00,6,22,21,22,2017,25.338097,38.882149,Copernicus,Copernicus,2026-06-22 18:00:00 UTC
4151,2026-06-22 22:00:00,6,22,22,23,2017,25.154535,38.903408,Copernicus,Copernicus,2026-06-22 19:00:00 UTC
4152,2026-06-22 23:00:00,6,22,23,24,2017,25.005653,38.921799,Copernicus,Copernicus,2026-06-22 20:00:00 UTC
4153,2026-06-23 00:00:00,6,23,0,1,2017,24.901548,38.935524,Copernicus,Copernicus,2026-06-22 21:00:00 UTC
4154,2026-06-23 01:00:00,6,23,1,2,2017,24.845606,38.943703,Copernicus,Copernicus,2026-06-22 22:00:00 UTC
4155,2026-06-23 02:00:00,6,23,2,3,2017,24.838615,38.945980,Copernicus,Copernicus,2026-06-22 23:00:00 UTC
4156,2026-06-23 03:00:00,6,23,3,4,2017,24.880035,38.942379,Copernicus,Copernicus,2026-06-23 00:00:00 UTC
4157,2026-06-23 04:00:00,6,23,4,5,2017,24.969372,38.933258,Copernicus,Copernicus,2026-06-23 01:00:00 UTC
4158,2026-06-23 05:00:00,6,23,5,6,2017,25.103291,38.919693,Copernicus,Copernicus,2026-06-23 02:00:00 UTC
4159,2026-06-23 06:00:00,6,23,6,7,2017,25.273834,38.903133,Copernicus,Copernicus,2026-06-23 03:00:00 UTC
4160,2026-06-23 07:00:00,6,23,7,8,2017,25.468359,38.885334,Copernicus,Copernicus,2026-06-23 04:00:00 UTC
4161,2026-06-23 08:00:00,6,23,8,9,2017,25.669271,38.868435,Copernicus,Copernicus,2026-06-23 05:00:00 UTC
4162,2026-06-23 09:00:00,6,23,9,10,2017,25.858599,38.854187,Copernicus,Copernicus,2026-06-23 06:00:00 UTC
4163,2026-06-23 10:00:00,6,23,10,11,2017,26.021793,38.843082,Copernicus,Copernicus,2026-06-23 07:00:00 UTC
4164,2026-06-23 11:00:00,6,23,11,12,2017,26.151154,38.835354,Copernicus,Copernicus,2026-06-23 08:00:00 UTC
4165,2026-06-23 12:00:00,6,23,12,13,2017,26.245985,38.830975,Copernicus,Copernicus,2026-06-23 09:00:00 UTC
4166,2026-06-23 13:00:00,6,23,13,14,2017,26.310272,38.829079,Copernicus,Copernicus,2026-06-23 10:00:00 UTC
4167,2026-06-23 14:00:00,6,23,14,15,2017,26.347511,38.828575,Copernicus,Copernicus,2026-06-23 11:00:00 UTC
4168,2026-06-23 15:00:00,6,23,15,16,2017,26.360409,38.829060,Copernicus,Copernicus,2026-06-23 12:00:00 UTC
4169,2026-06-23 16:00:00,6,23,16,17,2017,26.349808,38.830479,Copernicus,Copernicus,2026-06-23 13:00:00 UTC
4170,2026-06-23 17:00:00,6,23,17,18,2017,26.309893,38.833393,Copernicus,Copernicus,2026-06-23 14:00:00 UTC
4171,2026-06-23 18:00:00,6,23,18,19,2017,26.235100,38.838837,Copernicus,Copernicus,2026-06-23 15:00:00 UTC
4172,2026-06-23 19:00:00,6,23,19,20,2017,26.127193,38.847599,Copernicus,Copernicus,2026-06-23 16:00:00 UTC
4173,2026-06-23 20:00:00,6,23,20,21,2017,25.995468,38.859222,Copernicus,Copernicus,2026-06-23 17:00:00 UTC
4174,2026-06-23 21:00:00,6,23,21,22,2017,25.855272,38.872612,Copernicus,Copernicus,2026-06-23 18:00:00 UTC
4175,2026-06-23 22:00:00,6,23,22,23,2017,25.723244,38.886215,Copernicus,Copernicus,2026-06-23 19:00:00 UTC
4176,2026-06-23 23:00:00,6,23,23,24,2017,25.611813,38.898663,Copernicus,Copernicus,2026-06-23 20:00:00 UTC
4177,2026-06-24 00:00:00,6,24,0,1,2017,25.528063,38.909069,Copernicus,Copernicus,2026-06-23 21:00:00 UTC
4178,2026-06-24 01:00:00,6,24,1,2,2017,25.476103,38.916622,Copernicus,Copernicus,2026-06-23 22:00:00 UTC
4179,2026-06-24 02:00:00,6,24,2,3,2017,25.456329,38.920929,Copernicus,Copernicus,2026-06-23 23:00:00 UTC
4180,2026-06-24 03:00:00,6,24,3,4,2017,25.466896,38.921642,Copernicus,Copernicus,2026-06-24 00:00:00 UTC
4181,2026-06-24 04:00:00,6,24,4,5,2017,25.505892,38.918354,Copernicus,Copernicus,2026-06-24 01:00:00 UTC
4182,2026-06-24 05:00:00,6,24,5,6,2017,25.570986,38.911469,Copernicus,Copernicus,2026-06-24 02:00:00 UTC
4183,2026-06-24 06:00:00,6,24,6,7,2017,25.661312,38.901447,Copernicus,Copernicus,2026-06-24 03:00:00 UTC
4184,2026-06-24 07:00:00,6,24,7,8,2017,25.777819,38.888607,Copernicus,Copernicus,2026-06-24 04:00:00 UTC
4185,2026-06-24 08:00:00,6,24,8,9,2017,25.917850,38.873528,Copernicus,Copernicus,2026-06-24 05:00:00 UTC
4186,2026-06-24 09:00:00,6,24,9,10,2017,26.073639,38.857239,Copernicus,Copernicus,2026-06-24 06:00:00 UTC
4187,2026-06-24 10:00:00,6,24,10,11,2017,26.232512,38.841305,Copernicus,Copernicus,2026-06-24 07:00:00 UTC
4188,2026-06-24 11:00:00,6,24,11,12,2017,26.380440,38.826996,Copernicus,Copernicus,2026-06-24 08:00:00 UTC
4189,2026-06-24 12:00:00,6,24,12,13,2017,26.507524,38.815090,Copernicus,Copernicus,2026-06-24 09:00:00 UTC
4190,2026-06-24 13:00:00,6,24,13,14,2017,26.607492,38.805748,Copernicus,Copernicus,2026-06-24 10:00:00 UTC
4191,2026-06-24 14:00:00,6,24,14,15,2017,26.679415,38.799110,Copernicus,Copernicus,2026-06-24 11:00:00 UTC
4192,2026-06-24 15:00:00,6,24,15,16,2017,26.725971,38.795101,Copernicus,Copernicus,2026-06-24 12:00:00 UTC
4193,2026-06-24 16:00:00,6,24,16,17,2017,26.747307,38.793507,Copernicus,Copernicus,2026-06-24 13:00:00 UTC
4194,2026-06-24 17:00:00,6,24,17,18,2017,26.741068,38.794506,Copernicus,Copernicus,2026-06-24 14:00:00 UTC
4195,2026-06-24 18:00:00,6,24,18,19,2017,26.703775,38.798840,Copernicus,Copernicus,2026-06-24 15:00:00 UTC
4196,2026-06-24 19:00:00,6,24,19,20,2017,26.631847,38.806988,Copernicus,Copernicus,2026-06-24 16:00:00 UTC
4197,2026-06-24 20:00:00,6,24,20,21,2017,26.527338,38.818737,Copernicus,Copernicus,2026-06-24 17:00:00 UTC
4198,2026-06-24 21:00:00,6,24,21,22,2017,26.401005,38.833004,Copernicus,Copernicus,2026-06-24 18:00:00 UTC
4199,2026-06-24 22:00:00,6,24,22,23,2017,26.270657,38.848049,Copernicus,Copernicus,2026-06-24 19:00:00 UTC
4200,2026-06-24 23:00:00,6,24,23,24,2017,26.154673,38.861996,Copernicus,Copernicus,2026-06-24 20:00:00 UTC
4201,2026-06-25 00:00:00,6,25,0,1,2017,26.068054,38.873104,Copernicus,Copernicus,2026-06-24 21:00:00 UTC
4202,2026-06-25 01:00:00,6,25,1,2,2017,26.018255,38.880413,Copernicus,Copernicus,2026-06-24 22:00:00 UTC
4203,2026-06-25 02:00:00,6,25,2,3,2017,26.006161,38.883602,Copernicus,Copernicus,2026-06-24 23:00:00 UTC
4204,2026-06-25 03:00:00,6,25,3,4,2017,26.028206,38.882984,Copernicus,Copernicus,2026-06-25 00:00:00 UTC
4205,2026-06-25 04:00:00,6,25,4,5,2017,26.080370,38.878857,Copernicus,Copernicus,2026-06-25 01:00:00 UTC
4206,2026-06-25 05:00:00,6,25,5,6,2017,26.158089,38.871510,Copernicus,Copernicus,2026-06-25 02:00:00 UTC
4207,2026-06-25 06:00:00,6,25,6,7,2017,26.256300,38.861279,Copernicus,Copernicus,2026-06-25 03:00:00 UTC
4208,2026-06-25 07:00:00,6,25,7,8,2017,26.369579,38.848419,Copernicus,Copernicus,2026-06-25 04:00:00 UTC
4209,2026-06-25 08:00:00,6,25,8,9,2017,26.490900,38.833488,Copernicus,Copernicus,2026-06-25 05:00:00 UTC
4210,2026-06-25 09:00:00,6,25,9,10,2017,26.610796,38.817745,Copernicus,Copernicus,2026-06-25 06:00:00 UTC
4211,2026-06-25 10:00:00,6,25,10,11,2017,26.720173,38.802906,Copernicus,Copernicus,2026-06-25 07:00:00 UTC
4212,2026-06-25 11:00:00,6,25,11,12,2017,26.813782,38.790592,Copernicus,Copernicus,2026-06-25 08:00:00 UTC
4213,2026-06-25 12:00:00,6,25,12,13,2017,26.887228,38.781864,Copernicus,Copernicus,2026-06-25 09:00:00 UTC
4214,2026-06-25 13:00:00,6,25,13,14,2017,26.938099,38.777214,Copernicus,Copernicus,2026-06-25 10:00:00 UTC
4215,2026-06-25 14:00:00,6,25,14,15,2017,26.966537,38.776588,Copernicus,Copernicus,2026-06-25 11:00:00 UTC
4216,2026-06-25 15:00:00,6,25,15,16,2017,26.973740,38.779556,Copernicus,Copernicus,2026-06-25 12:00:00 UTC
4217,2026-06-25 16:00:00,6,25,16,17,2017,26.958395,38.786045,Copernicus,Copernicus,2026-06-25 13:00:00 UTC
4218,2026-06-25 17:00:00,6,25,17,18,2017,26.917482,38.796234,Copernicus,Copernicus,2026-06-25 14:00:00 UTC
4219,2026-06-25 18:00:00,6,25,18,19,2017,26.850554,38.809864,Copernicus,Copernicus,2026-06-25 15:00:00 UTC
4220,2026-06-25 19:00:00,6,25,19,20,2017,26.762486,38.826111,Copernicus,Copernicus,2026-06-25 16:00:00 UTC
4221,2026-06-25 20:00:00,6,25,20,21,2017,26.663336,38.843700,Copernicus,Copernicus,2026-06-25 17:00:00 UTC
4222,2026-06-25 21:00:00,6,25,21,22,2017,26.564922,38.861019,Copernicus,Copernicus,2026-06-25 18:00:00 UTC
4223,2026-06-25 22:00:00,6,25,22,23,2017,26.478441,38.876614,Copernicus,Copernicus,2026-06-25 19:00:00 UTC
4224,2026-06-25 23:00:00,6,25,23,24,2017,26.411888,38.889545,Copernicus,Copernicus,2026-06-25 20:00:00 UTC
4225,2026-06-26 00:00:00,6,26,0,1,2017,26.368433,38.899376,Copernicus,Copernicus,2026-06-25 21:00:00 UTC
4226,2026-06-26 01:00:00,6,26,1,2,2017,26.347343,38.906124,Copernicus,Copernicus,2026-06-25 22:00:00 UTC
4227,2026-06-26 02:00:00,6,26,2,3,2017,26.345282,38.910137,Copernicus,Copernicus,2026-06-25 23:00:00 UTC
4228,2026-06-26 03:00:00,6,26,3,4,2017,26.358231,38.911922,Copernicus,Copernicus,2026-06-26 00:00:00 UTC
4229,2026-06-26 04:00:00,6,26,4,5,2017,26.383274,38.911888,Copernicus,Copernicus,2026-06-26 01:00:00 UTC
4230,2026-06-26 05:00:00,6,26,5,6,2017,26.417978,38.910316,Copernicus,Copernicus,2026-06-26 02:00:00 UTC
4231,2026-06-26 06:00:00,6,26,6,7,2017,26.460230,38.907436,Copernicus,Copernicus,2026-06-26 03:00:00 UTC
4232,2026-06-26 07:00:00,6,26,7,8,2017,26.508301,38.903534,Copernicus,Copernicus,2026-06-26 04:00:00 UTC
4233,2026-06-26 08:00:00,6,26,8,9,2017,26.559566,38.899010,Copernicus,Copernicus,2026-06-26 05:00:00 UTC
4234,2026-06-26 09:00:00,6,26,9,10,2017,26.610628,38.894382,Copernicus,Copernicus,2026-06-26 06:00:00 UTC
4235,2026-06-26 10:00:00,6,26,10,11,2017,26.658102,38.890171,Copernicus,Copernicus,2026-06-26 07:00:00 UTC
4236,2026-06-26 11:00:00,6,26,11,12,2017,26.699917,38.886749,Copernicus,Copernicus,2026-06-26 08:00:00 UTC
4237,2026-06-26 12:00:00,6,26,12,13,2017,26.735098,38.884312,Copernicus,Copernicus,2026-06-26 09:00:00 UTC
4238,2026-06-26 13:00:00,6,26,13,14,2017,26.764248,38.882683,Copernicus,Copernicus,2026-06-26 10:00:00 UTC
4239,2026-06-26 14:00:00,6,26,14,15,2017,26.789482,38.881489,Copernicus,Copernicus,2026-06-26 11:00:00 UTC
4240,2026-06-26 15:00:00,6,26,15,16,2017,26.812855,38.880241,Copernicus,Copernicus,2026-06-26 12:00:00 UTC
4241,2026-06-26 16:00:00,6,26,16,17,2017,26.828712,38.879829,Copernicus,Copernicus,2026-06-26 13:00:00 UTC
4242,2026-06-26 17:00:00,6,26,17,18,2017,26.822161,38.882496,Copernicus,Copernicus,2026-06-26 14:00:00 UTC
4243,2026-06-26 18:00:00,6,26,18,19,2017,26.780300,38.889931,Copernicus,Copernicus,2026-06-26 15:00:00 UTC
4244,2026-06-26 19:00:00,6,26,19,20,2017,26.699192,38.902580,Copernicus,Copernicus,2026-06-26 16:00:00 UTC
4245,2026-06-26 20:00:00,6,26,20,21,2017,26.584866,38.919369,Copernicus,Copernicus,2026-06-26 17:00:00 UTC
4246,2026-06-26 21:00:00,6,26,21,22,2017,26.451389,38.937881,Copernicus,Copernicus,2026-06-26 18:00:00 UTC
4247,2026-06-26 22:00:00,6,26,22,23,2017,26.315998,38.955513,Copernicus,Copernicus,2026-06-26 19:00:00 UTC
4248,2026-06-26 23:00:00,6,26,23,24,2017,26.192778,38.970295,Copernicus,Copernicus,2026-06-26 20:00:00 UTC
4249,2026-06-27 00:00:00,6,27,0,1,2017,26.090118,38.981655,Copernicus,Copernicus,2026-06-26 21:00:00 UTC
4250,2026-06-27 01:00:00,6,27,1,2,2017,26.014490,38.989525,Copernicus,Copernicus,2026-06-26 22:00:00 UTC
4251,2026-06-27 02:00:00,6,27,2,3,2017,25.968340,38.994080,Copernicus,Copernicus,2026-06-26 23:00:00 UTC
4252,2026-06-27 03:00:00,6,27,3,4,2017,25.951651,38.995518,Copernicus,Copernicus,2026-06-27 00:00:00 UTC
4253,2026-06-27 04:00:00,6,27,4,5,2017,25.966394,38.993874,Copernicus,Copernicus,2026-06-27 01:00:00 UTC
4254,2026-06-27 05:00:00,6,27,5,6,2017,26.015259,38.989304,Copernicus,Copernicus,2026-06-27 02:00:00 UTC
4255,2026-06-27 06:00:00,6,27,6,7,2017,26.102108,38.981670,Copernicus,Copernicus,2026-06-27 03:00:00 UTC
4256,2026-06-27 07:00:00,6,27,7,8,2017,26.230350,38.970615,Copernicus,Copernicus,2026-06-27 04:00:00 UTC
4257,2026-06-27 08:00:00,6,27,8,9,2017,26.397661,38.956112,Copernicus,Copernicus,2026-06-27 05:00:00 UTC
4258,2026-06-27 09:00:00,6,27,9,10,2017,26.589552,38.938923,Copernicus,Copernicus,2026-06-27 06:00:00 UTC
4259,2026-06-27 10:00:00,6,27,10,11,2017,26.782808,38.920643,Copernicus,Copernicus,2026-06-27 07:00:00 UTC
4260,2026-06-27 11:00:00,6,27,11,12,2017,26.958584,38.903244,Copernicus,Copernicus,2026-06-27 08:00:00 UTC
4261,2026-06-27 12:00:00,6,27,12,13,2017,27.104671,38.888687,Copernicus,Copernicus,2026-06-27 09:00:00 UTC
4262,2026-06-27 13:00:00,6,27,13,14,2017,27.217278,38.877884,Copernicus,Copernicus,2026-06-27 10:00:00 UTC
4263,2026-06-27 14:00:00,6,27,14,15,2017,27.297462,38.870640,Copernicus,Copernicus,2026-06-27 11:00:00 UTC
4264,2026-06-27 15:00:00,6,27,15,16,2017,27.347876,38.866684,Copernicus,Copernicus,2026-06-27 12:00:00 UTC
4265,2026-06-27 16:00:00,6,27,16,17,2017,27.363049,38.866661,Copernicus,Copernicus,2026-06-27 13:00:00 UTC
4266,2026-06-27 17:00:00,6,27,17,18,2017,27.322903,38.872227,Copernicus,Copernicus,2026-06-27 14:00:00 UTC
4267,2026-06-27 18:00:00,6,27,18,19,2017,27.207174,38.884674,Copernicus,Copernicus,2026-06-27 15:00:00 UTC
4268,2026-06-27 19:00:00,6,27,19,20,2017,27.011951,38.903973,Copernicus,Copernicus,2026-06-27 16:00:00 UTC
4269,2026-06-27 20:00:00,6,27,20,21,2017,26.758467,38.928501,Copernicus,Copernicus,2026-06-27 17:00:00 UTC
4270,2026-06-27 21:00:00,6,27,21,22,2017,26.481529,38.955021,Copernicus,Copernicus,2026-06-27 18:00:00 UTC
4271,2026-06-27 22:00:00,6,27,22,23,2017,26.217274,38.979610,Copernicus,Copernicus,2026-06-27 19:00:00 UTC
4272,2026-06-27 23:00:00,6,27,23,24,2017,25.988831,38.999809,Copernicus,Copernicus,2026-06-27 20:00:00 UTC
4273,2026-06-28 00:00:00,6,28,0,1,2017,25.806271,39.015240,Copernicus,Copernicus,2026-06-27 21:00:00 UTC
4274,2026-06-28 01:00:00,6,28,1,2,2017,25.672657,39.026211,Copernicus,Copernicus,2026-06-27 22:00:00 UTC
4275,2026-06-28 02:00:00,6,28,2,3,2017,25.584581,39.033295,Copernicus,Copernicus,2026-06-27 23:00:00 UTC
4276,2026-06-28 03:00:00,6,28,3,4,2017,25.535721,39.037266,Copernicus,Copernicus,2026-06-28 00:00:00 UTC
4277,2026-06-28 04:00:00,6,28,4,5,2017,25.521799,39.038605,Copernicus,Copernicus,2026-06-28 01:00:00 UTC
4278,2026-06-28 05:00:00,6,28,5,6,2017,25.542236,39.037495,Copernicus,Copernicus,2026-06-28 02:00:00 UTC
4279,2026-06-28 06:00:00,6,28,6,7,2017,25.599192,39.033974,Copernicus,Copernicus,2026-06-28 03:00:00 UTC
4280,2026-06-28 07:00:00,6,28,7,8,2017,25.699921,39.027599,Copernicus,Copernicus,2026-06-28 04:00:00 UTC
4281,2026-06-28 08:00:00,6,28,8,9,2017,25.853676,39.017689,Copernicus,Copernicus,2026-06-28 05:00:00 UTC
4282,2026-06-28 09:00:00,6,28,9,10,2017,26.060585,39.004063,Copernicus,Copernicus,2026-06-28 06:00:00 UTC
4283,2026-06-28 10:00:00,6,28,10,11,2017,26.302662,38.987862,Copernicus,Copernicus,2026-06-28 07:00:00 UTC
4284,2026-06-28 11:00:00,6,28,11,12,2017,26.550634,38.971008,Copernicus,Copernicus,2026-06-28 08:00:00 UTC
4285,2026-06-28 12:00:00,6,28,12,13,2017,26.772480,38.955807,Copernicus,Copernicus,2026-06-28 09:00:00 UTC
4286,2026-06-28 13:00:00,6,28,13,14,2017,26.946959,38.943996,Copernicus,Copernicus,2026-06-28 10:00:00 UTC
4287,2026-06-28 14:00:00,6,28,14,15,2017,27.066921,38.936325,Copernicus,Copernicus,2026-06-28 11:00:00 UTC
4288,2026-06-28 15:00:00,6,28,15,16,2017,27.133854,38.932652,Copernicus,Copernicus,2026-06-28 12:00:00 UTC
4289,2026-06-28 16:00:00,6,28,16,17,2017,27.146723,38.932999,Copernicus,Copernicus,2026-06-28 13:00:00 UTC
4290,2026-06-28 17:00:00,6,28,17,18,2017,27.090965,38.938236,Copernicus,Copernicus,2026-06-28 14:00:00 UTC
4291,2026-06-28 18:00:00,6,28,18,19,2017,26.953108,38.948990,Copernicus,Copernicus,2026-06-28 15:00:00 UTC
4292,2026-06-28 19:00:00,6,28,19,20,2017,26.737938,38.965080,Copernicus,Copernicus,2026-06-28 16:00:00 UTC
4293,2026-06-28 20:00:00,6,28,20,21,2017,26.471489,38.984695,Copernicus,Copernicus,2026-06-28 17:00:00 UTC
4294,2026-06-28 21:00:00,6,28,21,22,2017,26.192072,39.005211,Copernicus,Copernicus,2026-06-28 18:00:00 UTC
4295,2026-06-28 22:00:00,6,28,22,23,2017,25.935678,39.024158,Copernicus,Copernicus,2026-06-28 19:00:00 UTC
4296,2026-06-28 23:00:00,6,28,23,24,2017,25.727087,39.039623,Copernicus,Copernicus,2026-06-28 20:00:00 UTC
4297,2026-06-29 00:00:00,6,29,0,1,2017,25.574404,39.050934,Copernicus,Copernicus,2026-06-28 21:00:00 UTC
4298,2026-06-29 01:00:00,6,29,1,2,2017,25.474037,39.058357,Copernicus,Copernicus,2026-06-28 22:00:00 UTC
4299,2026-06-29 02:00:00,6,29,2,3,2017,25.419201,39.062374,Copernicus,Copernicus,2026-06-28 23:00:00 UTC
4300,2026-06-29 03:00:00,6,29,3,4,2017,25.405024,39.063473,Copernicus,Copernicus,2026-06-29 00:00:00 UTC
4301,2026-06-29 04:00:00,6,29,4,5,2017,25.430895,39.061886,Copernicus,Copernicus,2026-06-29 01:00:00 UTC
4302,2026-06-29 05:00:00,6,29,5,6,2017,25.499636,39.057571,Copernicus,Copernicus,2026-06-29 02:00:00 UTC
4303,2026-06-29 06:00:00,6,29,6,7,2017,25.618555,39.050076,Copernicus,Copernicus,2026-06-29 03:00:00 UTC
4304,2026-06-29 07:00:00,6,29,7,8,2017,25.797211,39.038734,Copernicus,Copernicus,2026-06-29 04:00:00 UTC
4305,2026-06-29 08:00:00,6,29,8,9,2017,26.037470,39.023621,Copernicus,Copernicus,2026-06-29 05:00:00 UTC
4306,2026-06-29 09:00:00,6,29,9,10,2017,26.321417,39.006088,Copernicus,Copernicus,2026-06-29 06:00:00 UTC
4307,2026-06-29 10:00:00,6,29,10,11,2017,26.610504,38.988708,Copernicus,Copernicus,2026-06-29 07:00:00 UTC
4308,2026-06-29 11:00:00,6,29,11,12,2017,26.865063,38.974083,Copernicus,Copernicus,2026-06-29 08:00:00 UTC
4309,2026-06-29 12:00:00,6,29,12,13,2017,27.061998,38.963184,Copernicus,Copernicus,2026-06-29 09:00:00 UTC
4310,2026-06-29 13:00:00,6,29,13,14,2017,27.195303,38.956387,Copernicus,Copernicus,2026-06-29 10:00:00 UTC
4311,2026-06-29 14:00:00,6,29,14,15,2017,27.269712,38.953255,Copernicus,Copernicus,2026-06-29 11:00:00 UTC
4312,2026-06-29 15:00:00,6,29,15,16,2017,27.293592,38.952820,Copernicus,Copernicus,2026-06-29 12:00:00 UTC
4313,2026-06-29 16:00:00,6,29,16,17,2017,27.266357,38.954823,Copernicus,Copernicus,2026-06-29 13:00:00 UTC
4314,2026-06-29 17:00:00,6,29,17,18,2017,27.173431,38.960297,Copernicus,Copernicus,2026-06-29 14:00:00 UTC
4315,2026-06-29 18:00:00,6,29,18,19,2017,27.001907,38.970448,Copernicus,Copernicus,2026-06-29 15:00:00 UTC
4316,2026-06-29 19:00:00,6,29,19,20,2017,26.759760,38.985390,Copernicus,Copernicus,2026-06-29 16:00:00 UTC
4317,2026-06-29 20:00:00,6,29,20,21,2017,26.475378,39.003628,Copernicus,Copernicus,2026-06-29 17:00:00 UTC
4318,2026-06-29 21:00:00,6,29,21,22,2017,26.187193,39.022896,Copernicus,Copernicus,2026-06-29 18:00:00 UTC
4319,2026-06-29 22:00:00,6,29,22,23,2017,25.928062,39.040909,Copernicus,Copernicus,2026-06-29 19:00:00 UTC
4320,2026-06-29 23:00:00,6,29,23,24,2017,25.717228,39.055939,Copernicus,Copernicus,2026-06-29 20:00:00 UTC
4321,2026-06-30 00:00:00,6,30,0,1,2017,25.559196,39.067543,Copernicus,Copernicus,2026-06-29 21:00:00 UTC
4322,2026-06-30 01:00:00,6,30,1,2,2017,25.451824,39.076168,Copernicus,Copernicus,2026-06-29 22:00:00 UTC
4323,2026-06-30 02:00:00,6,30,2,3,2017,25.389582,39.082184,Copernicus,Copernicus,2026-06-29 23:00:00 UTC
4324,2026-06-30 03:00:00,6,30,3,4,2017,25.366507,39.085926,Copernicus,Copernicus,2026-06-30 00:00:00 UTC
4325,2026-06-30 04:00:00,6,30,4,5,2017,25.383310,39.087460,Copernicus,Copernicus,2026-06-30 01:00:00 UTC
4326,2026-06-30 05:00:00,6,30,5,6,2017,25.445181,39.086418,Copernicus,Copernicus,2026-06-30 02:00:00 UTC
4327,2026-06-30 06:00:00,6,30,6,7,2017,25.562178,39.081615,Copernicus,Copernicus,2026-06-30 03:00:00 UTC
4328,2026-06-30 07:00:00,6,30,7,8,2017,25.749674,39.071201,Copernicus,Copernicus,2026-06-30 04:00:00 UTC
4329,2026-06-30 08:00:00,6,30,8,9,2017,26.013838,39.054546,Copernicus,Copernicus,2026-06-30 05:00:00 UTC
4330,2026-06-30 09:00:00,6,30,9,10,2017,26.330969,39.034382,Copernicus,Copernicus,2026-06-30 06:00:00 UTC
4331,2026-06-30 10:00:00,6,30,10,11,2017,26.643942,39.016018,Copernicus,Copernicus,2026-06-30 07:00:00 UTC
4332,2026-06-30 11:00:00,6,30,11,12,2017,26.905613,39.002827,Copernicus,Copernicus,2026-06-30 08:00:00 UTC
4333,2026-06-30 12:00:00,6,30,12,13,2017,27.095430,38.995338,Copernicus,Copernicus,2026-06-30 09:00:00 UTC
4334,2026-06-30 13:00:00,6,30,13,14,2017,27.218210,38.993176,Copernicus,Copernicus,2026-06-30 10:00:00 UTC
4335,2026-06-30 14:00:00,6,30,14,15,2017,27.289967,38.993816,Copernicus,Copernicus,2026-06-30 11:00:00 UTC
4336,2026-06-30 15:00:00,6,30,15,16,2017,27.324112,38.995514,Copernicus,Copernicus,2026-06-30 12:00:00 UTC
4337,2026-06-30 16:00:00,6,30,16,17,2017,27.327639,38.997471,Copernicus,Copernicus,2026-06-30 13:00:00 UTC
4338,2026-06-30 17:00:00,6,30,17,18,2017,27.302458,38.999454,Copernicus,Copernicus,2026-06-30 14:00:00 UTC
4339,2026-06-30 18:00:00,6,30,18,19,2017,27.240843,39.002258,Copernicus,Copernicus,2026-06-30 15:00:00 UTC
4340,2026-06-30 19:00:00,6,30,19,20,2017,27.132826,39.007607,Copernicus,Copernicus,2026-06-30 16:00:00 UTC
4341,2026-06-30 20:00:00,6,30,20,21,2017,26.980944,39.016575,Copernicus,Copernicus,2026-06-30 17:00:00 UTC
4342,2026-06-30 21:00:00,6,30,21,22,2017,26.799139,39.028702,Copernicus,Copernicus,2026-06-30 18:00:00 UTC
4343,2026-06-30 22:00:00,6,30,22,23,2017,26.605680,39.041843,Copernicus,Copernicus,2026-06-30 19:00:00 UTC
4344,2026-06-30 23:00:00,6,30,23,24,2017,26.423086,39.054508,Copernicus,Copernicus,2026-06-30 20:00:00 UTC
4345,2026-07-01 00:00:00,7,1,0,1,2018,26.270937,39.065712,Copernicus,Copernicus,2026-06-30 21:00:00 UTC
4346,2026-07-01 01:00:00,7,1,1,2,2018,26.159525,39.074757,Copernicus,Copernicus,2026-06-30 22:00:00 UTC
4347,2026-07-01 02:00:00,7,1,2,3,2018,26.093212,39.081242,Copernicus,Copernicus,2026-06-30 23:00:00 UTC
4348,2026-07-01 03:00:00,7,1,3,4,2018,26.073008,39.085171,Copernicus,Copernicus,2026-07-01 00:00:00 UTC
4349,2026-07-01 04:00:00,7,1,4,5,2018,26.098349,39.086609,Copernicus,Copernicus,2026-07-01 01:00:00 UTC
4350,2026-07-01 05:00:00,7,1,5,6,2018,26.166439,39.085335,Copernicus,Copernicus,2026-07-01 02:00:00 UTC
4351,2026-07-01 06:00:00,7,1,6,7,2018,26.273502,39.081104,Copernicus,Copernicus,2026-07-01 03:00:00 UTC
4352,2026-07-01 07:00:00,7,1,7,8,2018,26.414152,39.074059,Copernicus,Copernicus,2026-07-01 04:00:00 UTC
4353,2026-07-01 08:00:00,7,1,8,9,2018,26.579248,39.065479,Copernicus,Copernicus,2026-07-01 05:00:00 UTC
4354,2026-07-01 09:00:00,7,1,9,10,2018,26.754583,39.057373,Copernicus,Copernicus,2026-07-01 06:00:00 UTC
4355,2026-07-01 10:00:00,7,1,10,11,2018,26.923500,39.051651,Copernicus,Copernicus,2026-07-01 07:00:00 UTC
4356,2026-07-01 11:00:00,7,1,11,12,2018,27.075396,39.049770,Copernicus,Copernicus,2026-07-01 08:00:00 UTC
4357,2026-07-01 12:00:00,7,1,12,13,2018,27.202593,39.050236,Copernicus,Copernicus,2026-07-01 09:00:00 UTC
4358,2026-07-01 13:00:00,7,1,13,14,2018,27.301218,39.051216,Copernicus,Copernicus,2026-07-01 10:00:00 UTC
4359,2026-07-01 14:00:00,7,1,14,15,2018,27.372032,39.052460,Copernicus,Copernicus,2026-07-01 11:00:00 UTC
4360,2026-07-01 15:00:00,7,1,15,16,2018,27.417717,39.053844,Copernicus,Copernicus,2026-07-01 12:00:00 UTC
4361,2026-07-01 16:00:00,7,1,16,17,2018,27.439745,39.054939,Copernicus,Copernicus,2026-07-01 13:00:00 UTC
4362,2026-07-01 17:00:00,7,1,17,18,2018,27.439400,39.055580,Copernicus,Copernicus,2026-07-01 14:00:00 UTC
4363,2026-07-01 18:00:00,7,1,18,19,2018,27.416430,39.056011,Copernicus,Copernicus,2026-07-01 15:00:00 UTC
4364,2026-07-01 19:00:00,7,1,19,20,2018,27.367855,39.057049,Copernicus,Copernicus,2026-07-01 16:00:00 UTC
4365,2026-07-01 20:00:00,7,1,20,21,2018,27.291265,39.059685,Copernicus,Copernicus,2026-07-01 17:00:00 UTC
4366,2026-07-01 21:00:00,7,1,21,22,2018,27.189461,39.064781,Copernicus,Copernicus,2026-07-01 18:00:00 UTC
4367,2026-07-01 22:00:00,7,1,22,23,2018,27.071453,39.072235,Copernicus,Copernicus,2026-07-01 19:00:00 UTC
4368,2026-07-01 23:00:00,7,1,23,24,2018,26.951931,39.080345,Copernicus,Copernicus,2026-07-01 20:00:00 UTC
4369,2026-07-02 00:00:00,7,2,0,1,2018,26.844900,39.087906,Copernicus,Copernicus,2026-07-01 21:00:00 UTC
4370,2026-07-02 01:00:00,7,2,1,2,2018,26.760151,39.094353,Copernicus,Copernicus,2026-07-01 22:00:00 UTC
4371,2026-07-02 02:00:00,7,2,2,3,2018,26.704823,39.099297,Copernicus,Copernicus,2026-07-01 23:00:00 UTC
4372,2026-07-02 03:00:00,7,2,3,4,2018,26.681961,39.102604,Copernicus,Copernicus,2026-07-02 00:00:00 UTC
4373,2026-07-02 04:00:00,7,2,4,5,2018,26.691935,39.104103,Copernicus,Copernicus,2026-07-02 01:00:00 UTC
4374,2026-07-02 05:00:00,7,2,5,6,2018,26.731945,39.103565,Copernicus,Copernicus,2026-07-02 02:00:00 UTC
4375,2026-07-02 06:00:00,7,2,6,7,2018,26.797983,39.100925,Copernicus,Copernicus,2026-07-02 03:00:00 UTC
4376,2026-07-02 07:00:00,7,2,7,8,2018,26.885813,39.096203,Copernicus,Copernicus,2026-07-02 04:00:00 UTC
4377,2026-07-02 08:00:00,7,2,8,9,2018,26.989941,39.089901,Copernicus,Copernicus,2026-07-02 05:00:00 UTC
4378,2026-07-02 09:00:00,7,2,9,10,2018,27.103098,39.082737,Copernicus,Copernicus,2026-07-02 06:00:00 UTC
4379,2026-07-02 10:00:00,7,2,10,11,2018,27.215136,39.076042,Copernicus,Copernicus,2026-07-02 07:00:00 UTC
4380,2026-07-02 11:00:00,7,2,11,12,2018,27.316069,39.071178,Copernicus,Copernicus,2026-07-02 08:00:00 UTC
4381,2026-07-02 12:00:00,7,2,12,13,2018,27.398800,39.068325,Copernicus,Copernicus,2026-07-02 09:00:00 UTC
4382,2026-07-02 13:00:00,7,2,13,14,2018,27.458349,39.067013,Copernicus,Copernicus,2026-07-02 10:00:00 UTC
4383,2026-07-02 14:00:00,7,2,14,15,2018,27.492409,39.066540,Copernicus,Copernicus,2026-07-02 11:00:00 UTC
4384,2026-07-02 15:00:00,7,2,15,16,2018,27.499563,39.066689,Copernicus,Copernicus,2026-07-02 12:00:00 UTC
4385,2026-07-02 16:00:00,7,2,16,17,2018,27.475473,39.067936,Copernicus,Copernicus,2026-07-02 13:00:00 UTC
4386,2026-07-02 17:00:00,7,2,17,18,2018,27.411667,39.071316,Copernicus,Copernicus,2026-07-02 14:00:00 UTC
4387,2026-07-02 18:00:00,7,2,18,19,2018,27.303696,39.078285,Copernicus,Copernicus,2026-07-02 15:00:00 UTC
4388,2026-07-02 19:00:00,7,2,19,20,2018,27.158415,39.089073,Copernicus,Copernicus,2026-07-02 16:00:00 UTC
4389,2026-07-02 20:00:00,7,2,20,21,2018,26.991550,39.102077,Copernicus,Copernicus,2026-07-02 17:00:00 UTC
4390,2026-07-02 21:00:00,7,2,21,22,2018,26.821682,39.115818,Copernicus,Copernicus,2026-07-02 18:00:00 UTC
4391,2026-07-02 22:00:00,7,2,22,23,2018,26.662535,39.129128,Copernicus,Copernicus,2026-07-02 19:00:00 UTC
4392,2026-07-02 23:00:00,7,2,23,24,2018,26.523897,39.140709,Copernicus,Copernicus,2026-07-02 20:00:00 UTC
4393,2026-07-03 00:00:00,7,3,0,1,2018,26.411865,39.149956,Copernicus,Copernicus,2026-07-02 21:00:00 UTC
4394,2026-07-03 01:00:00,7,3,1,2,2018,26.328241,39.156887,Copernicus,Copernicus,2026-07-02 22:00:00 UTC
4395,2026-07-03 02:00:00,7,3,2,3,2018,26.272644,39.161697,Copernicus,Copernicus,2026-07-02 23:00:00 UTC
4396,2026-07-03 03:00:00,7,3,3,4,2018,26.244587,39.164665,Copernicus,Copernicus,2026-07-03 00:00:00 UTC
4397,2026-07-03 04:00:00,7,3,4,5,2018,26.244884,39.165916,Copernicus,Copernicus,2026-07-03 01:00:00 UTC
4398,2026-07-03 05:00:00,7,3,5,6,2018,26.273121,39.165443,Copernicus,Copernicus,2026-07-03 02:00:00 UTC
4399,2026-07-03 06:00:00,7,3,6,7,2018,26.331049,39.162754,Copernicus,Copernicus,2026-07-03 03:00:00 UTC
4400,2026-07-03 07:00:00,7,3,7,8,2018,26.424355,39.157051,Copernicus,Copernicus,2026-07-03 04:00:00 UTC
4401,2026-07-03 08:00:00,7,3,8,9,2018,26.558250,39.148258,Copernicus,Copernicus,2026-07-03 05:00:00 UTC
4402,2026-07-03 09:00:00,7,3,9,10,2018,26.730125,39.137630,Copernicus,Copernicus,2026-07-03 06:00:00 UTC
4403,2026-07-03 10:00:00,7,3,10,11,2018,26.920332,39.127525,Copernicus,Copernicus,2026-07-03 07:00:00 UTC
4404,2026-07-03 11:00:00,7,3,11,12,2018,27.100531,39.119987,Copernicus,Copernicus,2026-07-03 08:00:00 UTC
4405,2026-07-03 12:00:00,7,3,12,13,2018,27.250008,39.115265,Copernicus,Copernicus,2026-07-03 09:00:00 UTC
4406,2026-07-03 13:00:00,7,3,13,14,2018,27.357998,39.112972,Copernicus,Copernicus,2026-07-03 10:00:00 UTC
4407,2026-07-03 14:00:00,7,3,14,15,2018,27.424549,39.112373,Copernicus,Copernicus,2026-07-03 11:00:00 UTC
4408,2026-07-03 15:00:00,7,3,15,16,2018,27.453773,39.112812,Copernicus,Copernicus,2026-07-03 12:00:00 UTC
4409,2026-07-03 16:00:00,7,3,16,17,2018,27.447699,39.114010,Copernicus,Copernicus,2026-07-03 13:00:00 UTC
4410,2026-07-03 17:00:00,7,3,17,18,2018,27.405138,39.116116,Copernicus,Copernicus,2026-07-03 14:00:00 UTC
4411,2026-07-03 18:00:00,7,3,18,19,2018,27.327303,39.119503,Copernicus,Copernicus,2026-07-03 15:00:00 UTC
4412,2026-07-03 19:00:00,7,3,19,20,2018,27.220419,39.124496,Copernicus,Copernicus,2026-07-03 16:00:00 UTC
4413,2026-07-03 20:00:00,7,3,20,21,2018,27.096550,39.130775,Copernicus,Copernicus,2026-07-03 17:00:00 UTC
4414,2026-07-03 21:00:00,7,3,21,22,2018,26.967821,39.137714,Copernicus,Copernicus,2026-07-03 18:00:00 UTC
4415,2026-07-03 22:00:00,7,3,22,23,2018,26.847321,39.144676,Copernicus,Copernicus,2026-07-03 19:00:00 UTC
4416,2026-07-03 23:00:00,7,3,23,24,2018,26.750622,39.150669,Copernicus,Copernicus,2026-07-03 20:00:00 UTC
4417,2026-07-04 00:00:00,7,4,0,1,2018,26.686428,39.155029,Copernicus,Copernicus,2026-07-03 21:00:00 UTC
4418,2026-07-04 01:00:00,7,4,1,2,2018,26.658422,39.157356,Copernicus,Copernicus,2026-07-03 22:00:00 UTC
4419,2026-07-04 02:00:00,7,4,2,3,2018,26.666464,39.157528,Copernicus,Copernicus,2026-07-03 23:00:00 UTC
4420,2026-07-04 03:00:00,7,4,3,4,2018,26.705873,39.155910,Copernicus,Copernicus,2026-07-04 00:00:00 UTC
4421,2026-07-04 04:00:00,7,4,4,5,2018,26.767622,39.153389,Copernicus,Copernicus,2026-07-04 01:00:00 UTC
4422,2026-07-04 05:00:00,7,4,5,6,2018,26.844639,39.150429,Copernicus,Copernicus,2026-07-04 02:00:00 UTC
4423,2026-07-04 06:00:00,7,4,6,7,2018,26.932026,39.147285,Copernicus,Copernicus,2026-07-04 03:00:00 UTC
4424,2026-07-04 07:00:00,7,4,7,8,2018,27.025703,39.144222,Copernicus,Copernicus,2026-07-04 04:00:00 UTC
4425,2026-07-04 08:00:00,7,4,8,9,2018,27.121466,39.141483,Copernicus,Copernicus,2026-07-04 05:00:00 UTC
4426,2026-07-04 09:00:00,7,4,9,10,2018,27.212967,39.139389,Copernicus,Copernicus,2026-07-04 06:00:00 UTC
4427,2026-07-04 10:00:00,7,4,10,11,2018,27.293760,39.138149,Copernicus,Copernicus,2026-07-04 07:00:00 UTC
4428,2026-07-04 11:00:00,7,4,11,12,2018,27.359465,39.137787,Copernicus,Copernicus,2026-07-04 08:00:00 UTC
4429,2026-07-04 12:00:00,7,4,12,13,2018,27.405920,39.138420,Copernicus,Copernicus,2026-07-04 09:00:00 UTC
4430,2026-07-04 13:00:00,7,4,13,14,2018,27.431763,39.139664,Copernicus,Copernicus,2026-07-04 10:00:00 UTC
4431,2026-07-04 14:00:00,7,4,14,15,2018,27.438372,39.141216,Copernicus,Copernicus,2026-07-04 11:00:00 UTC
4432,2026-07-04 15:00:00,7,4,15,16,2018,27.428345,39.142982,Copernicus,Copernicus,2026-07-04 12:00:00 UTC
4433,2026-07-04 16:00:00,7,4,16,17,2018,27.401609,39.145023,Copernicus,Copernicus,2026-07-04 13:00:00 UTC
4434,2026-07-04 17:00:00,7,4,17,18,2018,27.356260,39.147499,Copernicus,Copernicus,2026-07-04 14:00:00 UTC
4435,2026-07-04 18:00:00,7,4,18,19,2018,27.292791,39.150650,Copernicus,Copernicus,2026-07-04 15:00:00 UTC
4436,2026-07-04 19:00:00,7,4,19,20,2018,27.215025,39.154713,Copernicus,Copernicus,2026-07-04 16:00:00 UTC
4437,2026-07-04 20:00:00,7,4,20,21,2018,27.130600,39.159512,Copernicus,Copernicus,2026-07-04 17:00:00 UTC
4438,2026-07-04 21:00:00,7,4,21,22,2018,27.049723,39.164360,Copernicus,Copernicus,2026-07-04 18:00:00 UTC
4439,2026-07-04 22:00:00,7,4,22,23,2018,26.979040,39.168766,Copernicus,Copernicus,2026-07-04 19:00:00 UTC
4440,2026-07-04 23:00:00,7,4,23,24,2018,26.923592,39.172504,Copernicus,Copernicus,2026-07-04 20:00:00 UTC
4441,2026-07-05 00:00:00,7,5,0,1,2018,26.886799,39.175537,Copernicus,Copernicus,2026-07-04 21:00:00 UTC
4442,2026-07-05 01:00:00,7,5,1,2,2018,26.871262,39.177654,Copernicus,Copernicus,2026-07-04 22:00:00 UTC
4443,2026-07-05 02:00:00,7,5,2,3,2018,26.877319,39.178753,Copernicus,Copernicus,2026-07-04 23:00:00 UTC
4444,2026-07-05 03:00:00,7,5,3,4,2018,26.904959,39.178741,Copernicus,Copernicus,2026-07-05 00:00:00 UTC
4445,2026-07-05 04:00:00,7,5,4,5,2018,26.951838,39.177776,Copernicus,Copernicus,2026-07-05 01:00:00 UTC
4446,2026-07-05 05:00:00,7,5,5,6,2018,27.014603,39.176243,Copernicus,Copernicus,2026-07-05 02:00:00 UTC
4447,2026-07-05 06:00:00,7,5,6,7,2018,27.092718,39.174309,Copernicus,Copernicus,2026-07-05 03:00:00 UTC
4448,2026-07-05 07:00:00,7,5,7,8,2018,27.185213,39.172199,Copernicus,Copernicus,2026-07-05 04:00:00 UTC
4449,2026-07-05 08:00:00,7,5,8,9,2018,27.286900,39.170227,Copernicus,Copernicus,2026-07-05 05:00:00 UTC
4450,2026-07-05 09:00:00,7,5,9,10,2018,27.388321,39.168797,Copernicus,Copernicus,2026-07-05 06:00:00 UTC
4451,2026-07-05 10:00:00,7,5,10,11,2018,27.482183,39.167927,Copernicus,Copernicus,2026-07-05 07:00:00 UTC
4452,2026-07-05 11:00:00,7,5,11,12,2018,27.562347,39.167786,Copernicus,Copernicus,2026-07-05 08:00:00 UTC
4453,2026-07-05 12:00:00,7,5,12,13,2018,27.625736,39.168419,Copernicus,Copernicus,2026-07-05 09:00:00 UTC
4454,2026-07-05 13:00:00,7,5,13,14,2018,27.671593,39.169449,Copernicus,Copernicus,2026-07-05 10:00:00 UTC
4455,2026-07-05 14:00:00,7,5,14,15,2018,27.700558,39.170654,Copernicus,Copernicus,2026-07-05 11:00:00 UTC
4456,2026-07-05 15:00:00,7,5,15,16,2018,27.714123,39.171963,Copernicus,Copernicus,2026-07-05 12:00:00 UTC
4457,2026-07-05 16:00:00,7,5,16,17,2018,27.712988,39.173325,Copernicus,Copernicus,2026-07-05 13:00:00 UTC
4458,2026-07-05 17:00:00,7,5,17,18,2018,27.694719,39.174774,Copernicus,Copernicus,2026-07-05 14:00:00 UTC
4459,2026-07-05 18:00:00,7,5,18,19,2018,27.656158,39.176422,Copernicus,Copernicus,2026-07-05 15:00:00 UTC
4460,2026-07-05 19:00:00,7,5,19,20,2018,27.596811,39.178375,Copernicus,Copernicus,2026-07-05 16:00:00 UTC
4461,2026-07-05 20:00:00,7,5,20,21,2018,27.521299,39.180721,Copernicus,Copernicus,2026-07-05 17:00:00 UTC
4462,2026-07-05 21:00:00,7,5,21,22,2018,27.437529,39.183456,Copernicus,Copernicus,2026-07-05 18:00:00 UTC
4463,2026-07-05 22:00:00,7,5,22,23,2018,27.355288,39.186497,Copernicus,Copernicus,2026-07-05 19:00:00 UTC
4464,2026-07-05 23:00:00,7,5,23,24,2018,27.284271,39.189617,Copernicus,Copernicus,2026-07-05 20:00:00 UTC
4465,2026-07-06 00:00:00,7,6,0,1,2018,27.231956,39.192383,Copernicus,Copernicus,2026-07-05 21:00:00 UTC
4466,2026-07-06 01:00:00,7,6,1,2,2018,27.202204,39.194653,Copernicus,Copernicus,2026-07-05 22:00:00 UTC
4467,2026-07-06 02:00:00,7,6,2,3,2018,27.197718,39.196358,Copernicus,Copernicus,2026-07-05 23:00:00 UTC
4468,2026-07-06 03:00:00,7,6,3,4,2018,27.217962,39.197487,Copernicus,Copernicus,2026-07-06 00:00:00 UTC
4469,2026-07-06 04:00:00,7,6,4,5,2018,27.262598,39.198120,Copernicus,Copernicus,2026-07-06 01:00:00 UTC
4470,2026-07-06 05:00:00,7,6,5,6,2018,27.329050,39.198288,Copernicus,Copernicus,2026-07-06 02:00:00 UTC
4471,2026-07-06 06:00:00,7,6,6,7,2018,27.414766,39.197929,Copernicus,Copernicus,2026-07-06 03:00:00 UTC
4472,2026-07-06 07:00:00,7,6,7,8,2018,27.515310,39.197086,Copernicus,Copernicus,2026-07-06 04:00:00 UTC
4473,2026-07-06 08:00:00,7,6,8,9,2018,27.621500,39.195995,Copernicus,Copernicus,2026-07-06 05:00:00 UTC
4474,2026-07-06 09:00:00,7,6,9,10,2018,27.722256,39.194965,Copernicus,Copernicus,2026-07-06 06:00:00 UTC
4475,2026-07-06 10:00:00,7,6,10,11,2018,27.809937,39.194225,Copernicus,Copernicus,2026-07-06 07:00:00 UTC
4476,2026-07-06 11:00:00,7,6,11,12,2018,27.881079,39.193932,Copernicus,Copernicus,2026-07-06 08:00:00 UTC
4477,2026-07-06 12:00:00,7,6,12,13,2018,27.933760,39.194138,Copernicus,Copernicus,2026-07-06 09:00:00 UTC
4478,2026-07-06 13:00:00,7,6,13,14,2018,27.968052,39.194721,Copernicus,Copernicus,2026-07-06 10:00:00 UTC
4479,2026-07-06 14:00:00,7,6,14,15,2018,27.985090,39.195541,Copernicus,Copernicus,2026-07-06 11:00:00 UTC
4480,2026-07-06 15:00:00,7,6,15,16,2018,27.987150,39.196472,Copernicus,Copernicus,2026-07-06 12:00:00 UTC
4481,2026-07-06 16:00:00,7,6,16,17,2018,27.975061,39.197472,Copernicus,Copernicus,2026-07-06 13:00:00 UTC
4482,2026-07-06 17:00:00,7,6,17,18,2018,27.947220,39.198551,Copernicus,Copernicus,2026-07-06 14:00:00 UTC
4483,2026-07-06 18:00:00,7,6,18,19,2018,27.902786,39.199780,Copernicus,Copernicus,2026-07-06 15:00:00 UTC
4484,2026-07-06 19:00:00,7,6,19,20,2018,27.842472,39.201321,Copernicus,Copernicus,2026-07-06 16:00:00 UTC
4485,2026-07-06 20:00:00,7,6,20,21,2018,27.770191,39.203335,Copernicus,Copernicus,2026-07-06 17:00:00 UTC
4486,2026-07-06 21:00:00,7,6,21,22,2018,27.692411,39.205753,Copernicus,Copernicus,2026-07-06 18:00:00 UTC
4487,2026-07-06 22:00:00,7,6,22,23,2018,27.617413,39.208260,Copernicus,Copernicus,2026-07-06 19:00:00 UTC
4488,2026-07-06 23:00:00,7,6,23,24,2018,27.554480,39.210571,Copernicus,Copernicus,2026-07-06 20:00:00 UTC
4489,2026-07-07 00:00:00,7,7,0,1,2018,27.511097,39.212509,Copernicus,Copernicus,2026-07-06 21:00:00 UTC
4490,2026-07-07 01:00:00,7,7,1,2,2018,27.491526,39.214005,Copernicus,Copernicus,2026-07-06 22:00:00 UTC
4491,2026-07-07 02:00:00,7,7,2,3,2018,27.496447,39.215019,Copernicus,Copernicus,2026-07-06 23:00:00 UTC
4492,2026-07-07 03:00:00,7,7,3,4,2018,27.523920,39.215485,Copernicus,Copernicus,2026-07-07 00:00:00 UTC
4493,2026-07-07 04:00:00,7,7,4,5,2018,27.571819,39.215225,Copernicus,Copernicus,2026-07-07 01:00:00 UTC
4494,2026-07-07 05:00:00,7,7,5,6,2018,27.637306,39.213947,Copernicus,Copernicus,2026-07-07 02:00:00 UTC
4495,2026-07-07 06:00:00,7,7,6,7,2018,27.716438,39.211411,Copernicus,Copernicus,2026-07-07 03:00:00 UTC
4496,2026-07-07 07:00:00,7,7,7,8,2018,27.805708,39.207588,Copernicus,Copernicus,2026-07-07 04:00:00 UTC
4497,2026-07-07 08:00:00,7,7,8,9,2018,27.899569,39.202808,Copernicus,Copernicus,2026-07-07 05:00:00 UTC
4498,2026-07-07 09:00:00,7,7,9,10,2018,27.988564,39.197777,Copernicus,Copernicus,2026-07-07 06:00:00 UTC
4499,2026-07-07 10:00:00,7,7,10,11,2018,28.064833,39.193119,Copernicus,Copernicus,2026-07-07 07:00:00 UTC
4500,2026-07-07 11:00:00,7,7,11,12,2018,28.124353,39.189316,Copernicus,Copernicus,2026-07-07 08:00:00 UTC
4501,2026-07-07 12:00:00,7,7,12,13,2018,28.165796,39.186657,Copernicus,Copernicus,2026-07-07 09:00:00 UTC
4502,2026-07-07 13:00:00,7,7,13,14,2018,28.188429,39.185276,Copernicus,Copernicus,2026-07-07 10:00:00 UTC
4503,2026-07-07 14:00:00,7,7,14,15,2018,28.191790,39.185215,Copernicus,Copernicus,2026-07-07 11:00:00 UTC
4504,2026-07-07 15:00:00,7,7,15,16,2018,28.175560,39.186642,Copernicus,Copernicus,2026-07-07 12:00:00 UTC
4505,2026-07-07 16:00:00,7,7,16,17,2018,28.138369,39.189663,Copernicus,Copernicus,2026-07-07 13:00:00 UTC
4506,2026-07-07 17:00:00,7,7,17,18,2018,28.078966,39.194122,Copernicus,Copernicus,2026-07-07 14:00:00 UTC
4507,2026-07-07 18:00:00,7,7,18,19,2018,27.998755,39.199566,Copernicus,Copernicus,2026-07-07 15:00:00 UTC
4508,2026-07-07 19:00:00,7,7,19,20,2018,27.903246,39.205357,Copernicus,Copernicus,2026-07-07 16:00:00 UTC
4509,2026-07-07 20:00:00,7,7,20,21,2018,27.800884,39.210899,Copernicus,Copernicus,2026-07-07 17:00:00 UTC
4510,2026-07-07 21:00:00,7,7,21,22,2018,27.700748,39.215839,Copernicus,Copernicus,2026-07-07 18:00:00 UTC
4511,2026-07-07 22:00:00,7,7,22,23,2018,27.610987,39.220001,Copernicus,Copernicus,2026-07-07 19:00:00 UTC
4512,2026-07-07 23:00:00,7,7,23,24,2018,27.537939,39.223343,Copernicus,Copernicus,2026-07-07 20:00:00 UTC
4513,2026-07-08 00:00:00,7,8,0,1,2018,27.484917,39.225891,Copernicus,Copernicus,2026-07-07 21:00:00 UTC
4514,2026-07-08 01:00:00,7,8,1,2,2018,27.452564,39.227726,Copernicus,Copernicus,2026-07-07 22:00:00 UTC
4515,2026-07-08 02:00:00,7,8,2,3,2018,27.439016,39.229015,Copernicus,Copernicus,2026-07-07 23:00:00 UTC
4516,2026-07-08 03:00:00,7,8,3,4,2018,27.441040,39.229847,Copernicus,Copernicus,2026-07-08 00:00:00 UTC
4517,2026-07-08 04:00:00,7,8,4,5,2018,27.458401,39.230129,Copernicus,Copernicus,2026-07-08 01:00:00 UTC
4518,2026-07-08 05:00:00,7,8,5,6,2018,27.492256,39.229591,Copernicus,Copernicus,2026-07-08 02:00:00 UTC
4519,2026-07-08 06:00:00,7,8,6,7,2018,27.544565,39.227760,Copernicus,Copernicus,2026-07-08 03:00:00 UTC
4520,2026-07-08 07:00:00,7,8,7,8,2018,27.616680,39.224106,Copernicus,Copernicus,2026-07-08 04:00:00 UTC
4521,2026-07-08 08:00:00,7,8,8,9,2018,27.707703,39.218540,Copernicus,Copernicus,2026-07-08 05:00:00 UTC
4522,2026-07-08 09:00:00,7,8,9,10,2018,27.812544,39.211662,Copernicus,Copernicus,2026-07-08 06:00:00 UTC
4523,2026-07-08 10:00:00,7,8,10,11,2018,27.921211,39.204384,Copernicus,Copernicus,2026-07-08 07:00:00 UTC
4524,2026-07-08 11:00:00,7,8,11,12,2018,28.022570,39.197605,Copernicus,Copernicus,2026-07-08 08:00:00 UTC
4525,2026-07-08 12:00:00,7,8,12,13,2018,28.107420,39.192055,Copernicus,Copernicus,2026-07-08 09:00:00 UTC
4526,2026-07-08 13:00:00,7,8,13,14,2018,28.170492,39.188217,Copernicus,Copernicus,2026-07-08 10:00:00 UTC
4527,2026-07-08 14:00:00,7,8,14,15,2018,28.209866,39.186302,Copernicus,Copernicus,2026-07-08 11:00:00 UTC
4528,2026-07-08 15:00:00,7,8,15,16,2018,28.224510,39.186279,Copernicus,Copernicus,2026-07-08 12:00:00 UTC
4529,2026-07-08 16:00:00,7,8,16,17,2018,28.212822,39.188332,Copernicus,Copernicus,2026-07-08 13:00:00 UTC
4530,2026-07-08 17:00:00,7,8,17,18,2018,28.174093,39.192360,Copernicus,Copernicus,2026-07-08 14:00:00 UTC
4531,2026-07-08 18:00:00,7,8,18,19,2018,28.111773,39.197800,Copernicus,Copernicus,2026-07-08 15:00:00 UTC
4532,2026-07-08 19:00:00,7,8,19,20,2018,28.034447,39.203770,Copernicus,Copernicus,2026-07-08 16:00:00 UTC
4533,2026-07-08 20:00:00,7,8,20,21,2018,27.953182,39.209393,Copernicus,Copernicus,2026-07-08 17:00:00 UTC
4534,2026-07-08 21:00:00,7,8,21,22,2018,27.877817,39.214111,Copernicus,Copernicus,2026-07-08 18:00:00 UTC
4535,2026-07-08 22:00:00,7,8,22,23,2018,27.814877,39.217754,Copernicus,Copernicus,2026-07-08 19:00:00 UTC
4536,2026-07-08 23:00:00,7,8,23,24,2018,27.767324,39.220348,Copernicus,Copernicus,2026-07-08 20:00:00 UTC
4537,2026-07-09 00:00:00,7,9,0,1,2018,27.735989,39.222042,Copernicus,Copernicus,2026-07-08 21:00:00 UTC
4538,2026-07-09 01:00:00,7,9,1,2,2018,27.720242,39.223007,Copernicus,Copernicus,2026-07-08 22:00:00 UTC
4539,2026-07-09 02:00:00,7,9,2,3,2018,27.718834,39.223366,Copernicus,Copernicus,2026-07-08 23:00:00 UTC
4540,2026-07-09 03:00:00,7,9,3,4,2018,27.728922,39.223221,Copernicus,Copernicus,2026-07-09 00:00:00 UTC
4541,2026-07-09 04:00:00,7,9,4,5,2018,27.748966,39.222561,Copernicus,Copernicus,2026-07-09 01:00:00 UTC
4542,2026-07-09 05:00:00,7,9,5,6,2018,27.778151,39.221378,Copernicus,Copernicus,2026-07-09 02:00:00 UTC
4543,2026-07-09 06:00:00,7,9,6,7,2018,27.816132,39.219631,Copernicus,Copernicus,2026-07-09 03:00:00 UTC
4544,2026-07-09 07:00:00,7,9,7,8,2018,27.863218,39.217304,Copernicus,Copernicus,2026-07-09 04:00:00 UTC
4545,2026-07-09 08:00:00,7,9,8,9,2018,27.918619,39.214451,Copernicus,Copernicus,2026-07-09 05:00:00 UTC
4546,2026-07-09 09:00:00,7,9,9,10,2018,27.980066,39.211231,Copernicus,Copernicus,2026-07-09 06:00:00 UTC
4547,2026-07-09 10:00:00,7,9,10,11,2018,28.043180,39.207916,Copernicus,Copernicus,2026-07-09 07:00:00 UTC
4548,2026-07-09 11:00:00,7,9,11,12,2018,28.103519,39.204819,Copernicus,Copernicus,2026-07-09 08:00:00 UTC
4549,2026-07-09 12:00:00,7,9,12,13,2018,28.156780,39.202240,Copernicus,Copernicus,2026-07-09 09:00:00 UTC
4550,2026-07-09 13:00:00,7,9,13,14,2018,28.198946,39.200432,Copernicus,Copernicus,2026-07-09 10:00:00 UTC
4551,2026-07-09 14:00:00,7,9,14,15,2018,28.226208,39.199593,Copernicus,Copernicus,2026-07-09 11:00:00 UTC
4552,2026-07-09 15:00:00,7,9,15,16,2018,28.234598,39.199905,Copernicus,Copernicus,2026-07-09 12:00:00 UTC
4553,2026-07-09 16:00:00,7,9,16,17,2018,28.218102,39.201740,Copernicus,Copernicus,2026-07-09 13:00:00 UTC
4554,2026-07-09 17:00:00,7,9,17,18,2018,28.169060,39.205315,Copernicus,Copernicus,2026-07-09 14:00:00 UTC
4555,2026-07-09 18:00:00,7,9,18,19,2018,28.085140,39.210480,Copernicus,Copernicus,2026-07-09 15:00:00 UTC
4556,2026-07-09 19:00:00,7,9,19,20,2018,27.972948,39.216698,Copernicus,Copernicus,2026-07-09 16:00:00 UTC
4557,2026-07-09 20:00:00,7,9,20,21,2018,27.846912,39.223019,Copernicus,Copernicus,2026-07-09 17:00:00 UTC
4558,2026-07-09 21:00:00,7,9,21,22,2018,27.722404,39.228710,Copernicus,Copernicus,2026-07-09 18:00:00 UTC
4559,2026-07-09 22:00:00,7,9,22,23,2018,27.612173,39.233356,Copernicus,Copernicus,2026-07-09 19:00:00 UTC
4560,2026-07-09 23:00:00,7,9,23,24,2018,27.523979,39.236893,Copernicus,Copernicus,2026-07-09 20:00:00 UTC
4561,2026-07-10 00:00:00,7,10,0,1,2018,27.461262,39.239479,Copernicus,Copernicus,2026-07-09 21:00:00 UTC
4562,2026-07-10 01:00:00,7,10,1,2,2018,27.424906,39.241268,Copernicus,Copernicus,2026-07-09 22:00:00 UTC
4563,2026-07-10 02:00:00,7,10,2,3,2018,27.414680,39.242359,Copernicus,Copernicus,2026-07-09 23:00:00 UTC
4564,2026-07-10 03:00:00,7,10,3,4,2018,27.428572,39.242821,Copernicus,Copernicus,2026-07-10 00:00:00 UTC
4565,2026-07-10 04:00:00,7,10,4,5,2018,27.464705,39.242508,Copernicus,Copernicus,2026-07-10 01:00:00 UTC
4566,2026-07-10 05:00:00,7,10,5,6,2018,27.524078,39.241016,Copernicus,Copernicus,2026-07-10 02:00:00 UTC
4567,2026-07-10 06:00:00,7,10,6,7,2018,27.607826,39.237782,Copernicus,Copernicus,2026-07-10 03:00:00 UTC
4568,2026-07-10 07:00:00,7,10,7,8,2018,27.715141,39.232594,Copernicus,Copernicus,2026-07-10 04:00:00 UTC
4569,2026-07-10 08:00:00,7,10,8,9,2018,27.840219,39.225925,Copernicus,Copernicus,2026-07-10 05:00:00 UTC
4570,2026-07-10 09:00:00,7,10,9,10,2018,27.972122,39.218582,Copernicus,Copernicus,2026-07-10 06:00:00 UTC
4571,2026-07-10 10:00:00,7,10,10,11,2018,28.098230,39.211468,Copernicus,Copernicus,2026-07-10 07:00:00 UTC
4572,2026-07-10 11:00:00,7,10,11,12,2018,28.209082,39.205273,Copernicus,Copernicus,2026-07-10 08:00:00 UTC
4573,2026-07-10 12:00:00,7,10,12,13,2018,28.298439,39.200405,Copernicus,Copernicus,2026-07-10 09:00:00 UTC
4574,2026-07-10 13:00:00,7,10,13,14,2018,28.363668,39.197105,Copernicus,Copernicus,2026-07-10 10:00:00 UTC
4575,2026-07-10 14:00:00,7,10,14,15,2018,28.404116,39.195377,Copernicus,Copernicus,2026-07-10 11:00:00 UTC
4576,2026-07-10 15:00:00,7,10,15,16,2018,28.419989,39.195137,Copernicus,Copernicus,2026-07-10 12:00:00 UTC
4577,2026-07-10 16:00:00,7,10,16,17,2018,28.407658,39.196644,Copernicus,Copernicus,2026-07-10 13:00:00 UTC
4578,2026-07-10 17:00:00,7,10,17,18,2018,28.359533,39.200172,Copernicus,Copernicus,2026-07-10 14:00:00 UTC
4579,2026-07-10 18:00:00,7,10,18,19,2018,28.272039,39.205688,Copernicus,Copernicus,2026-07-10 15:00:00 UTC
4580,2026-07-10 19:00:00,7,10,19,20,2018,28.148182,39.212749,Copernicus,Copernicus,2026-07-10 16:00:00 UTC
4581,2026-07-10 20:00:00,7,10,20,21,2018,28.000347,39.220451,Copernicus,Copernicus,2026-07-10 17:00:00 UTC
4582,2026-07-10 21:00:00,7,10,21,22,2018,27.844587,39.227818,Copernicus,Copernicus,2026-07-10 18:00:00 UTC
4583,2026-07-10 22:00:00,7,10,22,23,2018,27.698359,39.234058,Copernicus,Copernicus,2026-07-10 19:00:00 UTC
4584,2026-07-10 23:00:00,7,10,23,24,2018,27.575113,39.238884,Copernicus,Copernicus,2026-07-10 20:00:00 UTC
4585,2026-07-11 00:00:00,7,11,0,1,2018,27.481428,39.242401,Copernicus,Copernicus,2026-07-10 21:00:00 UTC
4586,2026-07-11 01:00:00,7,11,1,2,2018,27.418575,39.244808,Copernicus,Copernicus,2026-07-10 22:00:00 UTC
4587,2026-07-11 02:00:00,7,11,2,3,2018,27.385389,39.246269,Copernicus,Copernicus,2026-07-10 23:00:00 UTC
4588,2026-07-11 03:00:00,7,11,3,4,2018,27.379713,39.246914,Copernicus,Copernicus,2026-07-11 00:00:00 UTC
4589,2026-07-11 04:00:00,7,11,4,5,2018,27.398918,39.246811,Copernicus,Copernicus,2026-07-11 01:00:00 UTC
4590,2026-07-11 05:00:00,7,11,5,6,2018,27.442465,39.245823,Copernicus,Copernicus,2026-07-11 02:00:00 UTC
4591,2026-07-11 06:00:00,7,11,6,7,2018,27.512749,39.243542,Copernicus,Copernicus,2026-07-11 03:00:00 UTC
4592,2026-07-11 07:00:00,7,11,7,8,2018,27.610491,39.239693,Copernicus,Copernicus,2026-07-11 04:00:00 UTC
4593,2026-07-11 08:00:00,7,11,8,9,2018,27.731049,39.234524,Copernicus,Copernicus,2026-07-11 05:00:00 UTC
4594,2026-07-11 09:00:00,7,11,9,10,2018,27.864847,39.228619,Copernicus,Copernicus,2026-07-11 06:00:00 UTC
4595,2026-07-11 10:00:00,7,11,10,11,2018,27.998674,39.222767,Copernicus,Copernicus,2026-07-11 07:00:00 UTC
4596,2026-07-11 11:00:00,7,11,11,12,2018,28.119112,39.217670,Copernicus,Copernicus,2026-07-11 08:00:00 UTC
4597,2026-07-11 12:00:00,7,11,12,13,2018,28.221783,39.213459,Copernicus,Copernicus,2026-07-11 09:00:00 UTC
4598,2026-07-11 13:00:00,7,11,13,14,2018,28.303375,39.210342,Copernicus,Copernicus,2026-07-11 10:00:00 UTC
4599,2026-07-11 14:00:00,7,11,14,15,2018,28.362936,39.208317,Copernicus,Copernicus,2026-07-11 11:00:00 UTC
4600,2026-07-11 15:00:00,7,11,15,16,2018,28.401545,39.207207,Copernicus,Copernicus,2026-07-11 12:00:00 UTC
4601,2026-07-11 16:00:00,7,11,16,17,2018,28.419725,39.206909,Copernicus,Copernicus,2026-07-11 13:00:00 UTC
4602,2026-07-11 17:00:00,7,11,17,18,2018,28.414591,39.207527,Copernicus,Copernicus,2026-07-11 14:00:00 UTC
4603,2026-07-11 18:00:00,7,11,18,19,2018,28.381577,39.209229,Copernicus,Copernicus,2026-07-11 15:00:00 UTC
4604,2026-07-11 19:00:00,7,11,19,20,2018,28.320980,39.211979,Copernicus,Copernicus,2026-07-11 16:00:00 UTC
4605,2026-07-11 20:00:00,7,11,20,21,2018,28.237848,39.215595,Copernicus,Copernicus,2026-07-11 17:00:00 UTC
4606,2026-07-11 21:00:00,7,11,21,22,2018,28.141926,39.219707,Copernicus,Copernicus,2026-07-11 18:00:00 UTC
4607,2026-07-11 22:00:00,7,11,22,23,2018,28.045418,39.223804,Copernicus,Copernicus,2026-07-11 19:00:00 UTC
4608,2026-07-11 23:00:00,7,11,23,24,2018,27.958359,39.227562,Copernicus,Copernicus,2026-07-11 20:00:00 UTC
4609,2026-07-12 00:00:00,7,12,0,1,2018,27.889168,39.230656,Copernicus,Copernicus,2026-07-11 21:00:00 UTC
4610,2026-07-12 01:00:00,7,12,1,2,2018,27.843849,39.232830,Copernicus,Copernicus,2026-07-11 22:00:00 UTC
4611,2026-07-12 02:00:00,7,12,2,3,2018,27.825970,39.233955,Copernicus,Copernicus,2026-07-11 23:00:00 UTC
4612,2026-07-12 03:00:00,7,12,3,4,2018,27.836124,39.233967,Copernicus,Copernicus,2026-07-12 00:00:00 UTC
4613,2026-07-12 04:00:00,7,12,4,5,2018,27.872438,39.232685,Copernicus,Copernicus,2026-07-12 01:00:00 UTC
4614,2026-07-12 05:00:00,7,12,5,6,2018,27.932201,39.230148,Copernicus,Copernicus,2026-07-12 02:00:00 UTC
4615,2026-07-12 06:00:00,7,12,6,7,2018,28.011690,39.226574,Copernicus,Copernicus,2026-07-12 03:00:00 UTC
4616,2026-07-12 07:00:00,7,12,7,8,2018,28.105742,39.222401,Copernicus,Copernicus,2026-07-12 04:00:00 UTC
4617,2026-07-12 08:00:00,7,12,8,9,2018,28.205927,39.218292,Copernicus,Copernicus,2026-07-12 05:00:00 UTC
4618,2026-07-12 09:00:00,7,12,9,10,2018,28.304590,39.214661,Copernicus,Copernicus,2026-07-12 06:00:00 UTC
4619,2026-07-12 10:00:00,7,12,10,11,2018,28.395594,39.211746,Copernicus,Copernicus,2026-07-12 07:00:00 UTC
4620,2026-07-12 11:00:00,7,12,11,12,2018,28.477667,39.209591,Copernicus,Copernicus,2026-07-12 08:00:00 UTC
4621,2026-07-12 12:00:00,7,12,12,13,2018,28.549625,39.208153,Copernicus,Copernicus,2026-07-12 09:00:00 UTC
4622,2026-07-12 13:00:00,7,12,13,14,2018,28.611311,39.207218,Copernicus,Copernicus,2026-07-12 10:00:00 UTC
4623,2026-07-12 14:00:00,7,12,14,15,2018,28.663309,39.206573,Copernicus,Copernicus,2026-07-12 11:00:00 UTC
4624,2026-07-12 15:00:00,7,12,15,16,2018,28.706625,39.206059,Copernicus,Copernicus,2026-07-12 12:00:00 UTC
4625,2026-07-12 16:00:00,7,12,16,17,2018,28.739868,39.205578,Copernicus,Copernicus,2026-07-12 13:00:00 UTC
4626,2026-07-12 17:00:00,7,12,17,18,2018,28.760456,39.205090,Copernicus,Copernicus,2026-07-12 14:00:00 UTC
4627,2026-07-12 18:00:00,7,12,18,19,2018,28.766930,39.204586,Copernicus,Copernicus,2026-07-12 15:00:00 UTC
4628,2026-07-12 19:00:00,7,12,19,20,2018,28.757975,39.204201,Copernicus,Copernicus,2026-07-12 16:00:00 UTC
4629,2026-07-12 20:00:00,7,12,20,21,2018,28.733648,39.204029,Copernicus,Copernicus,2026-07-12 17:00:00 UTC
4630,2026-07-12 21:00:00,7,12,21,22,2018,28.696346,39.204166,Copernicus,Copernicus,2026-07-12 18:00:00 UTC
4631,2026-07-12 22:00:00,7,12,22,23,2018,28.650869,39.204620,Copernicus,Copernicus,2026-07-12 19:00:00 UTC
4632,2026-07-12 23:00:00,7,12,23,24,2018,28.603771,39.205280,Copernicus,Copernicus,2026-07-12 20:00:00 UTC
4633,2026-07-13 00:00:00,7,13,0,1,2018,28.562475,39.205830,Copernicus,Copernicus,2026-07-12 21:00:00 UTC
4634,2026-07-13 01:00:00,7,13,1,2,2018,28.533470,39.206059,Copernicus,Copernicus,2026-07-12 22:00:00 UTC
4635,2026-07-13 02:00:00,7,13,2,3,2018,28.522297,39.205799,Copernicus,Copernicus,2026-07-12 23:00:00 UTC
4636,2026-07-13 03:00:00,7,13,3,4,2018,28.531450,39.205029,Copernicus,Copernicus,2026-07-13 00:00:00 UTC
4637,2026-07-13 04:00:00,7,13,4,5,2018,28.562178,39.203800,Copernicus,Copernicus,2026-07-13 01:00:00 UTC
4638,2026-07-13 05:00:00,7,13,5,6,2018,28.614666,39.202141,Copernicus,Copernicus,2026-07-13 02:00:00 UTC
4639,2026-07-13 06:00:00,7,13,6,7,2018,28.685972,39.200275,Copernicus,Copernicus,2026-07-13 03:00:00 UTC
4640,2026-07-13 07:00:00,7,13,7,8,2018,28.768595,39.198463,Copernicus,Copernicus,2026-07-13 04:00:00 UTC
4641,2026-07-13 08:00:00,7,13,8,9,2018,28.852692,39.196865,Copernicus,Copernicus,2026-07-13 05:00:00 UTC
4642,2026-07-13 09:00:00,7,13,9,10,2018,28.928652,39.195396,Copernicus,Copernicus,2026-07-13 06:00:00 UTC
4643,2026-07-13 10:00:00,7,13,10,11,2018,28.989880,39.193848,Copernicus,Copernicus,2026-07-13 07:00:00 UTC
4644,2026-07-13 11:00:00,7,13,11,12,2018,29.038084,39.192123,Copernicus,Copernicus,2026-07-13 08:00:00 UTC
4645,2026-07-13 12:00:00,7,13,12,13,2018,29.076450,39.190239,Copernicus,Copernicus,2026-07-13 09:00:00 UTC
4646,2026-07-13 13:00:00,7,13,13,14,2018,29.107174,39.188278,Copernicus,Copernicus,2026-07-13 10:00:00 UTC
4647,2026-07-13 14:00:00,7,13,14,15,2018,29.131819,39.186310,Copernicus,Copernicus,2026-07-13 11:00:00 UTC
4648,2026-07-13 15:00:00,7,13,15,16,2018,29.151970,39.184380,Copernicus,Copernicus,2026-07-13 12:00:00 UTC
4649,2026-07-13 16:00:00,7,13,16,17,2018,29.168379,39.182487,Copernicus,Copernicus,2026-07-13 13:00:00 UTC
4650,2026-07-13 17:00:00,7,13,17,18,2018,29.179834,39.180931,Copernicus,Copernicus,2026-07-13 14:00:00 UTC
4651,2026-07-13 18:00:00,7,13,18,19,2018,29.184908,39.180000,Copernicus,Copernicus,2026-07-13 15:00:00 UTC
4652,2026-07-13 19:00:00,7,13,19,20,2018,29.180786,39.179878,Copernicus,Copernicus,2026-07-13 16:00:00 UTC
4653,2026-07-13 20:00:00,7,13,20,21,2018,29.163498,39.180420,Copernicus,Copernicus,2026-07-13 17:00:00 UTC
4654,2026-07-13 21:00:00,7,13,21,22,2018,29.131697,39.181480,Copernicus,Copernicus,2026-07-13 18:00:00 UTC
4655,2026-07-13 22:00:00,7,13,22,23,2018,29.087078,39.183105,Copernicus,Copernicus,2026-07-13 19:00:00 UTC
4656,2026-07-13 23:00:00,7,13,23,24,2018,29.034609,39.185329,Copernicus,Copernicus,2026-07-13 20:00:00 UTC
4657,2026-07-14 00:00:00,7,14,0,1,2018,28.980869,39.187828,Copernicus,Copernicus,2026-07-13 21:00:00 UTC
4658,2026-07-14 01:00:00,7,14,1,2,2018,28.932234,39.190247,Copernicus,Copernicus,2026-07-13 22:00:00 UTC
4659,2026-07-14 02:00:00,7,14,2,3,2018,28.894253,39.192257,Copernicus,Copernicus,2026-07-13 23:00:00 UTC
4660,2026-07-14 03:00:00,7,14,3,4,2018,28.870054,39.193657,Copernicus,Copernicus,2026-07-14 00:00:00 UTC
4661,2026-07-14 04:00:00,7,14,4,5,2018,28.861502,39.194283,Copernicus,Copernicus,2026-07-14 01:00:00 UTC
4662,2026-07-14 05:00:00,7,14,5,6,2018,28.865503,39.194088,Copernicus,Copernicus,2026-07-14 02:00:00 UTC
4663,2026-07-14 06:00:00,7,14,6,7,2018,28.879189,39.193275,Copernicus,Copernicus,2026-07-14 03:00:00 UTC
4664,2026-07-14 07:00:00,7,14,7,8,2018,28.900080,39.192226,Copernicus,Copernicus,2026-07-14 04:00:00 UTC
4665,2026-07-14 08:00:00,7,14,8,9,2018,28.924168,39.191269,Copernicus,Copernicus,2026-07-14 05:00:00 UTC
4666,2026-07-14 09:00:00,7,14,9,10,2018,28.948570,39.190601,Copernicus,Copernicus,2026-07-14 06:00:00 UTC
4667,2026-07-14 10:00:00,7,14,10,11,2018,28.970774,39.190323,Copernicus,Copernicus,2026-07-14 07:00:00 UTC
4668,2026-07-14 11:00:00,7,14,11,12,2018,28.989006,39.190495,Copernicus,Copernicus,2026-07-14 08:00:00 UTC
4669,2026-07-14 12:00:00,7,14,12,13,2018,29.002876,39.191139,Copernicus,Copernicus,2026-07-14 09:00:00 UTC
4670,2026-07-14 13:00:00,7,14,13,14,2018,29.012741,39.192284,Copernicus,Copernicus,2026-07-14 10:00:00 UTC
4671,2026-07-14 14:00:00,7,14,14,15,2018,29.019415,39.193848,Copernicus,Copernicus,2026-07-14 11:00:00 UTC
4672,2026-07-14 15:00:00,7,14,15,16,2018,29.025005,39.195637,Copernicus,Copernicus,2026-07-14 12:00:00 UTC
4673,2026-07-14 16:00:00,7,14,16,17,2018,29.030445,39.197529,Copernicus,Copernicus,2026-07-14 13:00:00 UTC
4674,2026-07-14 17:00:00,7,14,17,18,2018,29.031719,39.199753,Copernicus,Copernicus,2026-07-14 14:00:00 UTC
4675,2026-07-14 18:00:00,7,14,18,19,2018,29.022318,39.202602,Copernicus,Copernicus,2026-07-14 15:00:00 UTC
4676,2026-07-14 19:00:00,7,14,19,20,2018,28.997238,39.206337,Copernicus,Copernicus,2026-07-14 16:00:00 UTC
4677,2026-07-14 20:00:00,7,14,20,21,2018,28.956404,39.210979,Copernicus,Copernicus,2026-07-14 17:00:00 UTC
4678,2026-07-14 21:00:00,7,14,21,22,2018,28.902565,39.216343,Copernicus,Copernicus,2026-07-14 18:00:00 UTC
4679,2026-07-14 22:00:00,7,14,22,23,2018,28.841633,39.221958,Copernicus,Copernicus,2026-07-14 19:00:00 UTC
4680,2026-07-14 23:00:00,7,14,23,24,2018,28.781418,39.227364,Copernicus,Copernicus,2026-07-14 20:00:00 UTC
4681,2026-07-15 00:00:00,7,15,0,1,2018,28.729687,39.232193,Copernicus,Copernicus,2026-07-14 21:00:00 UTC
4682,2026-07-15 01:00:00,7,15,1,2,2018,28.692886,39.236237,Copernicus,Copernicus,2026-07-14 22:00:00 UTC
4683,2026-07-15 02:00:00,7,15,2,3,2018,28.675428,39.239372,Copernicus,Copernicus,2026-07-14 23:00:00 UTC
4684,2026-07-15 03:00:00,7,15,3,4,2018,28.677076,39.241428,Copernicus,Copernicus,2026-07-15 00:00:00 UTC
4685,2026-07-15 04:00:00,7,15,4,5,2018,28.697281,39.242210,Copernicus,Copernicus,2026-07-15 01:00:00 UTC
4686,2026-07-15 05:00:00,7,15,5,6,2018,28.733662,39.242165,Copernicus,Copernicus,2026-07-15 02:00:00 UTC
4687,2026-07-15 06:00:00,7,15,6,7,2018,28.782703,39.241917,Copernicus,Copernicus,2026-07-15 03:00:00 UTC
4688,2026-07-15 07:00:00,7,15,7,8,2018,28.839142,39.241997,Copernicus,Copernicus,2026-07-15 04:00:00 UTC
4689,2026-07-15 08:00:00,7,15,8,9,2018,28.896267,39.242741,Copernicus,Copernicus,2026-07-15 05:00:00 UTC
4690,2026-07-15 09:00:00,7,15,9,10,2018,28.946444,39.244236,Copernicus,Copernicus,2026-07-15 06:00:00 UTC
4691,2026-07-15 10:00:00,7,15,10,11,2018,28.986145,39.245975,Copernicus,Copernicus,2026-07-15 07:00:00 UTC
4692,2026-07-15 11:00:00,7,15,11,12,2018,29.014885,39.247902,Copernicus,Copernicus,2026-07-15 08:00:00 UTC
4693,2026-07-15 12:00:00,7,15,12,13,2018,29.032347,39.249969,Copernicus,Copernicus,2026-07-15 09:00:00 UTC
4694,2026-07-15 13:00:00,7,15,13,14,2018,29.039459,39.252052,Copernicus,Copernicus,2026-07-15 10:00:00 UTC
4695,2026-07-15 14:00:00,7,15,14,15,2018,29.037807,39.254078,Copernicus,Copernicus,2026-07-15 11:00:00 UTC
4696,2026-07-15 15:00:00,7,15,15,16,2018,29.028477,39.256039,Copernicus,Copernicus,2026-07-15 12:00:00 UTC
4697,2026-07-15 16:00:00,7,15,16,17,2018,29.010393,39.257946,Copernicus,Copernicus,2026-07-15 13:00:00 UTC
4698,2026-07-15 17:00:00,7,15,17,18,2018,28.980312,39.259930,Copernicus,Copernicus,2026-07-15 14:00:00 UTC
4699,2026-07-15 18:00:00,7,15,18,19,2018,28.934473,39.262112,Copernicus,Copernicus,2026-07-15 15:00:00 UTC
4700,2026-07-15 19:00:00,7,15,19,20,2018,28.871294,39.264503,Copernicus,Copernicus,2026-07-15 16:00:00 UTC
4701,2026-07-15 20:00:00,7,15,20,21,2018,28.792255,39.267056,Copernicus,Copernicus,2026-07-15 17:00:00 UTC
4702,2026-07-15 21:00:00,7,15,21,22,2018,28.702799,39.269722,Copernicus,Copernicus,2026-07-15 18:00:00 UTC
4703,2026-07-15 22:00:00,7,15,22,23,2018,28.609755,39.272373,Copernicus,Copernicus,2026-07-15 19:00:00 UTC
4704,2026-07-15 23:00:00,7,15,23,24,2018,28.521147,39.274815,Copernicus,Copernicus,2026-07-15 20:00:00 UTC
4705,2026-07-16 00:00:00,7,16,0,1,2018,28.443913,39.276993,Copernicus,Copernicus,2026-07-15 21:00:00 UTC
4706,2026-07-16 01:00:00,7,16,1,2,2018,28.383778,39.278831,Copernicus,Copernicus,2026-07-15 22:00:00 UTC
4707,2026-07-16 02:00:00,7,16,2,3,2018,28.344477,39.280277,Copernicus,Copernicus,2026-07-15 23:00:00 UTC
4708,2026-07-16 03:00:00,7,16,3,4,2018,28.327791,39.281349,Copernicus,Copernicus,2026-07-16 00:00:00 UTC
4709,2026-07-16 04:00:00,7,16,4,5,2018,28.334209,39.282124,Copernicus,Copernicus,2026-07-16 01:00:00 UTC
4710,2026-07-16 05:00:00,7,16,5,6,2018,28.362562,39.282803,Copernicus,Copernicus,2026-07-16 02:00:00 UTC
4711,2026-07-16 06:00:00,7,16,6,7,2018,28.412634,39.283493,Copernicus,Copernicus,2026-07-16 03:00:00 UTC
4712,2026-07-16 07:00:00,7,16,7,8,2018,28.484411,39.284126,Copernicus,Copernicus,2026-07-16 04:00:00 UTC
4713,2026-07-16 08:00:00,7,16,8,9,2018,28.574278,39.284702,Copernicus,Copernicus,2026-07-16 05:00:00 UTC
4714,2026-07-16 09:00:00,7,16,9,10,2018,28.673880,39.285259,Copernicus,Copernicus,2026-07-16 06:00:00 UTC
4715,2026-07-16 10:00:00,7,16,10,11,2018,28.771507,39.285946,Copernicus,Copernicus,2026-07-16 07:00:00 UTC
4716,2026-07-16 11:00:00,7,16,11,12,2018,28.859043,39.286732,Copernicus,Copernicus,2026-07-16 08:00:00 UTC
4717,2026-07-16 12:00:00,7,16,12,13,2018,28.931240,39.287605,Copernicus,Copernicus,2026-07-16 09:00:00 UTC
4718,2026-07-16 13:00:00,7,16,13,14,2018,28.986610,39.288551,Copernicus,Copernicus,2026-07-16 10:00:00 UTC
4719,2026-07-16 14:00:00,7,16,14,15,2018,29.026880,39.289478,Copernicus,Copernicus,2026-07-16 11:00:00 UTC
4720,2026-07-16 15:00:00,7,16,15,16,2018,29.055920,39.290325,Copernicus,Copernicus,2026-07-16 12:00:00 UTC
4721,2026-07-16 16:00:00,7,16,16,17,2018,29.075104,39.291103,Copernicus,Copernicus,2026-07-16 13:00:00 UTC
4722,2026-07-16 17:00:00,7,16,17,18,2018,29.081015,39.291843,Copernicus,Copernicus,2026-07-16 14:00:00 UTC
4723,2026-07-16 18:00:00,7,16,18,19,2018,29.068213,39.292618,Copernicus,Copernicus,2026-07-16 15:00:00 UTC
4724,2026-07-16 19:00:00,7,16,19,20,2018,29.033134,39.293476,Copernicus,Copernicus,2026-07-16 16:00:00 UTC
4725,2026-07-16 20:00:00,7,16,20,21,2018,28.974789,39.294441,Copernicus,Copernicus,2026-07-16 17:00:00 UTC
4726,2026-07-16 21:00:00,7,16,21,22,2018,28.896368,39.295544,Copernicus,Copernicus,2026-07-16 18:00:00 UTC
4727,2026-07-16 22:00:00,7,16,22,23,2018,28.801868,39.296879,Copernicus,Copernicus,2026-07-16 19:00:00 UTC
4728,2026-07-16 23:00:00,7,16,23,24,2018,28.700006,39.298306,Copernicus,Copernicus,2026-07-16 20:00:00 UTC
4729,2026-07-17 00:00:00,7,17,0,1,2018,28.604622,39.299656,Copernicus,Copernicus,2026-07-16 21:00:00 UTC
4730,2026-07-17 01:00:00,7,17,1,2,2018,28.527344,39.300873,Copernicus,Copernicus,2026-07-16 22:00:00 UTC
4731,2026-07-17 02:00:00,7,17,2,3,2018,28.474463,39.301968,Copernicus,Copernicus,2026-07-16 23:00:00 UTC
4732,2026-07-17 03:00:00,7,17,3,4,2018,28.447653,39.302963,Copernicus,Copernicus,2026-07-17 00:00:00 UTC
4733,2026-07-17 04:00:00,7,17,4,5,2018,28.447309,39.303802,Copernicus,Copernicus,2026-07-17 01:00:00 UTC
4734,2026-07-17 05:00:00,7,17,5,6,2018,28.473671,39.304371,Copernicus,Copernicus,2026-07-17 02:00:00 UTC
4735,2026-07-17 06:00:00,7,17,6,7,2018,28.527594,39.304665,Copernicus,Copernicus,2026-07-17 03:00:00 UTC
4736,2026-07-17 07:00:00,7,17,7,8,2018,28.609949,39.304710,Copernicus,Copernicus,2026-07-17 04:00:00 UTC
4737,2026-07-17 08:00:00,7,17,8,9,2018,28.715380,39.304516,Copernicus,Copernicus,2026-07-17 05:00:00 UTC
4738,2026-07-17 09:00:00,7,17,9,10,2018,28.830906,39.304279,Copernicus,Copernicus,2026-07-17 06:00:00 UTC
4739,2026-07-17 10:00:00,7,17,10,11,2018,28.942682,39.304272,Copernicus,Copernicus,2026-07-17 07:00:00 UTC
4740,2026-07-17 11:00:00,7,17,11,12,2018,29.039259,39.304607,Copernicus,Copernicus,2026-07-17 08:00:00 UTC
4741,2026-07-17 12:00:00,7,17,12,13,2018,29.116518,39.305233,Copernicus,Copernicus,2026-07-17 09:00:00 UTC
4742,2026-07-17 13:00:00,7,17,13,14,2018,29.175385,39.306084,Copernicus,Copernicus,2026-07-17 10:00:00 UTC
4743,2026-07-17 14:00:00,7,17,14,15,2018,29.217155,39.306950,Copernicus,Copernicus,2026-07-17 11:00:00 UTC
4744,2026-07-17 15:00:00,7,17,15,16,2018,29.244646,39.307777,Copernicus,Copernicus,2026-07-17 12:00:00 UTC
4745,2026-07-17 16:00:00,7,17,16,17,2018,29.257948,39.308575,Copernicus,Copernicus,2026-07-17 13:00:00 UTC
4746,2026-07-17 17:00:00,7,17,17,18,2018,29.253508,39.309387,Copernicus,Copernicus,2026-07-17 14:00:00 UTC
4747,2026-07-17 18:00:00,7,17,18,19,2018,29.225338,39.310280,Copernicus,Copernicus,2026-07-17 15:00:00 UTC
4748,2026-07-17 19:00:00,7,17,19,20,2018,29.166914,39.311237,Copernicus,Copernicus,2026-07-17 16:00:00 UTC
4749,2026-07-17 20:00:00,7,17,20,21,2018,29.077362,39.312195,Copernicus,Copernicus,2026-07-17 17:00:00 UTC
4750,2026-07-17 21:00:00,7,17,21,22,2018,28.963684,39.313091,Copernicus,Copernicus,2026-07-17 18:00:00 UTC
4751,2026-07-17 22:00:00,7,17,22,23,2018,28.838432,39.313812,Copernicus,Copernicus,2026-07-17 19:00:00 UTC
4752,2026-07-17 23:00:00,7,17,23,24,2018,28.717058,39.314400,Copernicus,Copernicus,2026-07-17 20:00:00 UTC
4753,2026-07-18 00:00:00,7,18,0,1,2018,28.611576,39.315071,Copernicus,Copernicus,2026-07-17 21:00:00 UTC
4754,2026-07-18 01:00:00,7,18,1,2,2018,28.530352,39.315914,Copernicus,Copernicus,2026-07-17 22:00:00 UTC
4755,2026-07-18 02:00:00,7,18,2,3,2018,28.477030,39.316959,Copernicus,Copernicus,2026-07-17 23:00:00 UTC
4756,2026-07-18 03:00:00,7,18,3,4,2018,28.451368,39.318237,Copernicus,Copernicus,2026-07-18 00:00:00 UTC
4757,2026-07-18 04:00:00,7,18,4,5,2018,28.452677,39.319756,Copernicus,Copernicus,2026-07-18 01:00:00 UTC
4758,2026-07-18 05:00:00,7,18,5,6,2018,28.480089,39.321354,Copernicus,Copernicus,2026-07-18 02:00:00 UTC
4759,2026-07-18 06:00:00,7,18,6,7,2018,28.533339,39.322819,Copernicus,Copernicus,2026-07-18 03:00:00 UTC
4760,2026-07-18 07:00:00,7,18,7,8,2018,28.613905,39.324017,Copernicus,Copernicus,2026-07-18 04:00:00 UTC
4761,2026-07-18 08:00:00,7,18,8,9,2018,28.718384,39.325069,Copernicus,Copernicus,2026-07-18 05:00:00 UTC
4762,2026-07-18 09:00:00,7,18,9,10,2018,28.835623,39.326214,Copernicus,Copernicus,2026-07-18 06:00:00 UTC
4763,2026-07-18 10:00:00,7,18,10,11,2018,28.949768,39.327579,Copernicus,Copernicus,2026-07-18 07:00:00 UTC
4764,2026-07-18 11:00:00,7,18,11,12,2018,29.048777,39.329247,Copernicus,Copernicus,2026-07-18 08:00:00 UTC
4765,2026-07-18 12:00:00,7,18,12,13,2018,29.127216,39.331028,Copernicus,Copernicus,2026-07-18 09:00:00 UTC
4766,2026-07-18 13:00:00,7,18,13,14,2018,29.185116,39.332733,Copernicus,Copernicus,2026-07-18 10:00:00 UTC
4767,2026-07-18 14:00:00,7,18,14,15,2018,29.224564,39.334240,Copernicus,Copernicus,2026-07-18 11:00:00 UTC
4768,2026-07-18 15:00:00,7,18,15,16,2018,29.248796,39.335468,Copernicus,Copernicus,2026-07-18 12:00:00 UTC
4769,2026-07-18 16:00:00,7,18,16,17,2018,29.260021,39.336365,Copernicus,Copernicus,2026-07-18 13:00:00 UTC
4770,2026-07-18 17:00:00,7,18,17,18,2018,29.258234,39.336922,Copernicus,Copernicus,2026-07-18 14:00:00 UTC
4771,2026-07-18 18:00:00,7,18,18,19,2018,29.241989,39.337215,Copernicus,Copernicus,2026-07-18 15:00:00 UTC
4772,2026-07-18 19:00:00,7,18,19,20,2018,29.209560,39.337337,Copernicus,Copernicus,2026-07-18 16:00:00 UTC
4773,2026-07-18 20:00:00,7,18,20,21,2018,29.161554,39.337387,Copernicus,Copernicus,2026-07-18 17:00:00 UTC
4774,2026-07-18 21:00:00,7,18,21,22,2018,29.101141,39.337433,Copernicus,Copernicus,2026-07-18 18:00:00 UTC
4775,2026-07-18 22:00:00,7,18,22,23,2018,29.036316,39.337440,Copernicus,Copernicus,2026-07-18 19:00:00 UTC
4776,2026-07-18 23:00:00,7,18,23,24,2018,28.975838,39.337471,Copernicus,Copernicus,2026-07-18 20:00:00 UTC
4777,2026-07-19 00:00:00,7,19,0,1,2018,28.927168,39.337624,Copernicus,Copernicus,2026-07-18 21:00:00 UTC
4778,2026-07-19 01:00:00,7,19,1,2,2018,28.894972,39.338001,Copernicus,Copernicus,2026-07-18 22:00:00 UTC
4779,2026-07-19 02:00:00,7,19,2,3,2018,28.881626,39.338673,Copernicus,Copernicus,2026-07-18 23:00:00 UTC
4780,2026-07-19 03:00:00,7,19,3,4,2018,28.885765,39.339684,Copernicus,Copernicus,2026-07-19 00:00:00 UTC
4781,2026-07-19 04:00:00,7,19,4,5,2018,28.906075,39.341095,Copernicus,Copernicus,2026-07-19 01:00:00 UTC
4782,2026-07-19 05:00:00,7,19,5,6,2018,28.941912,39.342754,Copernicus,Copernicus,2026-07-19 02:00:00 UTC
4783,2026-07-19 06:00:00,7,19,6,7,2018,28.992275,39.344429,Copernicus,Copernicus,2026-07-19 03:00:00 UTC
4784,2026-07-19 07:00:00,7,19,7,8,2018,29.056229,39.346004,Copernicus,Copernicus,2026-07-19 04:00:00 UTC
4785,2026-07-19 08:00:00,7,19,8,9,2018,29.129578,39.347576,Copernicus,Copernicus,2026-07-19 05:00:00 UTC
4786,2026-07-19 09:00:00,7,19,9,10,2018,29.203899,39.349350,Copernicus,Copernicus,2026-07-19 06:00:00 UTC
4787,2026-07-19 10:00:00,7,19,10,11,2018,29.271643,39.351406,Copernicus,Copernicus,2026-07-19 07:00:00 UTC
4788,2026-07-19 11:00:00,7,19,11,12,2018,29.327335,39.353397,Copernicus,Copernicus,2026-07-19 08:00:00 UTC
4789,2026-07-19 12:00:00,7,19,12,13,2018,29.369627,39.355145,Copernicus,Copernicus,2026-07-19 09:00:00 UTC
4790,2026-07-19 13:00:00,7,19,13,14,2018,29.399256,39.356556,Copernicus,Copernicus,2026-07-19 10:00:00 UTC
4791,2026-07-19 14:00:00,7,19,14,15,2018,29.417887,39.357635,Copernicus,Copernicus,2026-07-19 11:00:00 UTC
4792,2026-07-19 15:00:00,7,19,15,16,2018,29.427422,39.358368,Copernicus,Copernicus,2026-07-19 12:00:00 UTC
4793,2026-07-19 16:00:00,7,19,16,17,2018,29.429388,39.358654,Copernicus,Copernicus,2026-07-19 13:00:00 UTC
4794,2026-07-19 17:00:00,7,19,17,18,2018,29.422590,39.358528,Copernicus,Copernicus,2026-07-19 14:00:00 UTC
4795,2026-07-19 18:00:00,7,19,18,19,2018,29.403927,39.358093,Copernicus,Copernicus,2026-07-19 15:00:00 UTC
4796,2026-07-19 19:00:00,7,19,19,20,2018,29.371510,39.357445,Copernicus,Copernicus,2026-07-19 16:00:00 UTC
4797,2026-07-19 20:00:00,7,19,20,21,2018,29.326073,39.356686,Copernicus,Copernicus,2026-07-19 17:00:00 UTC
4798,2026-07-19 21:00:00,7,19,21,22,2018,29.272654,39.355957,Copernicus,Copernicus,2026-07-19 18:00:00 UTC
4799,2026-07-19 22:00:00,7,19,22,23,2018,29.217844,39.355347,Copernicus,Copernicus,2026-07-19 19:00:00 UTC
4800,2026-07-19 23:00:00,7,19,23,24,2018,29.167990,39.354935,Copernicus,Copernicus,2026-07-19 20:00:00 UTC
4801,2026-07-20 00:00:00,7,20,0,1,2018,29.127277,39.354889,Copernicus,Copernicus,2026-07-19 21:00:00 UTC
4802,2026-07-20 01:00:00,7,20,1,2,2018,29.099873,39.355255,Copernicus,Copernicus,2026-07-19 22:00:00 UTC
4803,2026-07-20 02:00:00,7,20,2,3,2018,29.088614,39.355991,Copernicus,Copernicus,2026-07-19 23:00:00 UTC
4804,2026-07-20 03:00:00,7,20,3,4,2018,29.092730,39.357006,Copernicus,Copernicus,2026-07-20 00:00:00 UTC
4805,2026-07-20 04:00:00,7,20,4,5,2018,29.112362,39.358181,Copernicus,Copernicus,2026-07-20 01:00:00 UTC
4806,2026-07-20 05:00:00,7,20,5,6,2018,29.148098,39.359333,Copernicus,Copernicus,2026-07-20 02:00:00 UTC
4807,2026-07-20 06:00:00,7,20,6,7,2018,29.199087,39.360287,Copernicus,Copernicus,2026-07-20 03:00:00 UTC
4808,2026-07-20 07:00:00,7,20,7,8,2018,29.264107,39.361610,Copernicus,Copernicus,2026-07-20 04:00:00 UTC
4809,2026-07-20 08:00:00,7,20,8,9,2018,29.334829,39.363918,Copernicus,Copernicus,2026-07-20 05:00:00 UTC
4810,2026-07-20 09:00:00,7,20,9,10,2018,29.401638,39.366787,Copernicus,Copernicus,2026-07-20 06:00:00 UTC
4811,2026-07-20 10:00:00,7,20,10,11,2018,29.459753,39.369965,Copernicus,Copernicus,2026-07-20 07:00:00 UTC
4812,2026-07-20 11:00:00,7,20,11,12,2018,29.507378,39.372997,Copernicus,Copernicus,2026-07-20 08:00:00 UTC
4813,2026-07-20 12:00:00,7,20,12,13,2018,29.544531,39.375572,Copernicus,Copernicus,2026-07-20 09:00:00 UTC
4814,2026-07-20 13:00:00,7,20,13,14,2018,29.572481,39.377590,Copernicus,Copernicus,2026-07-20 10:00:00 UTC
4815,2026-07-20 14:00:00,7,20,14,15,2018,29.592653,39.379055,Copernicus,Copernicus,2026-07-20 11:00:00 UTC
4816,2026-07-20 15:00:00,7,20,15,16,2018,29.605791,39.380001,Copernicus,Copernicus,2026-07-20 12:00:00 UTC
4817,2026-07-20 16:00:00,7,20,16,17,2018,29.611874,39.380421,Copernicus,Copernicus,2026-07-20 13:00:00 UTC
4818,2026-07-20 17:00:00,7,20,17,18,2018,29.611675,39.380245,Copernicus,Copernicus,2026-07-20 14:00:00 UTC
4819,2026-07-20 18:00:00,7,20,18,19,2018,29.604012,39.379490,Copernicus,Copernicus,2026-07-20 15:00:00 UTC
4820,2026-07-20 19:00:00,7,20,19,20,2018,29.585495,39.378254,Copernicus,Copernicus,2026-07-20 16:00:00 UTC
4821,2026-07-20 20:00:00,7,20,20,21,2018,29.553692,39.376637,Copernicus,Copernicus,2026-07-20 17:00:00 UTC
4822,2026-07-20 21:00:00,7,20,21,22,2018,29.508245,39.374790,Copernicus,Copernicus,2026-07-20 18:00:00 UTC
4823,2026-07-20 22:00:00,7,20,22,23,2018,29.451033,39.372898,Copernicus,Copernicus,2026-07-20 19:00:00 UTC
4824,2026-07-20 23:00:00,7,20,23,24,2018,29.386204,39.371151,Copernicus,Copernicus,2026-07-20 20:00:00 UTC
4825,2026-07-21 00:00:00,7,21,0,1,2018,29.319550,39.369778,Copernicus,Copernicus,2026-07-20 21:00:00 UTC
4826,2026-07-21 01:00:00,7,21,1,2,2018,29.260115,39.368900,Copernicus,Copernicus,2026-07-20 22:00:00 UTC
4827,2026-07-21 02:00:00,7,21,2,3,2018,29.214926,39.368587,Copernicus,Copernicus,2026-07-20 23:00:00 UTC
4828,2026-07-21 03:00:00,7,21,3,4,2018,29.187737,39.368813,Copernicus,Copernicus,2026-07-21 00:00:00 UTC
4829,2026-07-21 04:00:00,7,21,4,5,2018,29.181084,39.369434,Copernicus,Copernicus,2026-07-21 01:00:00 UTC
4830,2026-07-21 05:00:00,7,21,5,6,2018,29.195629,39.370277,Copernicus,Copernicus,2026-07-21 02:00:00 UTC
4831,2026-07-21 06:00:00,7,21,6,7,2018,29.231659,39.371159,Copernicus,Copernicus,2026-07-21 03:00:00 UTC
4832,2026-07-21 07:00:00,7,21,7,8,2018,29.289297,39.372002,Copernicus,Copernicus,2026-07-21 04:00:00 UTC
4833,2026-07-21 08:00:00,7,21,8,9,2018,29.362928,39.372780,Copernicus,Copernicus,2026-07-21 05:00:00 UTC
4834,2026-07-21 09:00:00,7,21,9,10,2018,29.444670,39.373486,Copernicus,Copernicus,2026-07-21 06:00:00 UTC
4835,2026-07-21 10:00:00,7,21,10,11,2018,29.526840,39.374264,Copernicus,Copernicus,2026-07-21 07:00:00 UTC
4836,2026-07-21 11:00:00,7,21,11,12,2018,29.600203,39.375175,Copernicus,Copernicus,2026-07-21 08:00:00 UTC
4837,2026-07-21 12:00:00,7,21,12,13,2018,29.661028,39.376152,Copernicus,Copernicus,2026-07-21 09:00:00 UTC
4838,2026-07-21 13:00:00,7,21,13,14,2018,29.709251,39.377094,Copernicus,Copernicus,2026-07-21 10:00:00 UTC
4839,2026-07-21 14:00:00,7,21,14,15,2018,29.746773,39.377937,Copernicus,Copernicus,2026-07-21 11:00:00 UTC
4840,2026-07-21 15:00:00,7,21,15,16,2018,29.775000,39.378559,Copernicus,Copernicus,2026-07-21 12:00:00 UTC
4841,2026-07-21 16:00:00,7,21,16,17,2018,29.795263,39.378891,Copernicus,Copernicus,2026-07-21 13:00:00 UTC
4842,2026-07-21 17:00:00,7,21,17,18,2018,29.808483,39.378883,Copernicus,Copernicus,2026-07-21 14:00:00 UTC
4843,2026-07-21 18:00:00,7,21,18,19,2018,29.815701,39.378555,Copernicus,Copernicus,2026-07-21 15:00:00 UTC
4844,2026-07-21 19:00:00,7,21,19,20,2018,29.817171,39.378021,Copernicus,Copernicus,2026-07-21 16:00:00 UTC
4845,2026-07-21 20:00:00,7,21,20,21,2018,29.811911,39.377361,Copernicus,Copernicus,2026-07-21 17:00:00 UTC
4846,2026-07-21 21:00:00,7,21,21,22,2018,29.800705,39.376686,Copernicus,Copernicus,2026-07-21 18:00:00 UTC
4847,2026-07-21 22:00:00,7,21,22,23,2018,29.784580,39.376072,Copernicus,Copernicus,2026-07-21 19:00:00 UTC
4848,2026-07-21 23:00:00,7,21,23,24,2018,29.765850,39.375553,Copernicus,Copernicus,2026-07-21 20:00:00 UTC
4849,2026-07-22 00:00:00,7,22,0,1,2018,29.748013,39.375122,Copernicus,Copernicus,2026-07-21 21:00:00 UTC
4850,2026-07-22 01:00:00,7,22,1,2,2018,29.734386,39.374714,Copernicus,Copernicus,2026-07-21 22:00:00 UTC
4851,2026-07-22 02:00:00,7,22,2,3,2018,29.728382,39.374271,Copernicus,Copernicus,2026-07-21 23:00:00 UTC
4852,2026-07-22 03:00:00,7,22,3,4,2018,29.732304,39.373714,Copernicus,Copernicus,2026-07-22 00:00:00 UTC
4853,2026-07-22 04:00:00,7,22,4,5,2018,29.747061,39.372925,Copernicus,Copernicus,2026-07-22 01:00:00 UTC
4854,2026-07-22 05:00:00,7,22,5,6,2018,29.772560,39.371765,Copernicus,Copernicus,2026-07-22 02:00:00 UTC
4855,2026-07-22 06:00:00,7,22,6,7,2018,29.807585,39.370285,Copernicus,Copernicus,2026-07-22 03:00:00 UTC
4856,2026-07-22 07:00:00,7,22,7,8,2018,29.851063,39.368843,Copernicus,Copernicus,2026-07-22 04:00:00 UTC
4857,2026-07-22 08:00:00,7,22,8,9,2018,29.895117,39.367538,Copernicus,Copernicus,2026-07-22 05:00:00 UTC
4858,2026-07-22 09:00:00,7,22,9,10,2018,29.935061,39.366329,Copernicus,Copernicus,2026-07-22 06:00:00 UTC
4859,2026-07-22 10:00:00,7,22,10,11,2018,29.969856,39.365200,Copernicus,Copernicus,2026-07-22 07:00:00 UTC
4860,2026-07-22 11:00:00,7,22,11,12,2018,29.998491,39.364182,Copernicus,Copernicus,2026-07-22 08:00:00 UTC
4861,2026-07-22 12:00:00,7,22,12,13,2018,30.020786,39.363251,Copernicus,Copernicus,2026-07-22 09:00:00 UTC
4862,2026-07-22 13:00:00,7,22,13,14,2018,30.037571,39.362415,Copernicus,Copernicus,2026-07-22 10:00:00 UTC
4863,2026-07-22 14:00:00,7,22,14,15,2018,30.049673,39.361607,Copernicus,Copernicus,2026-07-22 11:00:00 UTC
4864,2026-07-22 15:00:00,7,22,15,16,2018,30.057501,39.360733,Copernicus,Copernicus,2026-07-22 12:00:00 UTC
4865,2026-07-22 16:00:00,7,22,16,17,2018,30.061106,39.359737,Copernicus,Copernicus,2026-07-22 13:00:00 UTC
4866,2026-07-22 17:00:00,7,22,17,18,2018,30.059914,39.358696,Copernicus,Copernicus,2026-07-22 14:00:00 UTC
4867,2026-07-22 18:00:00,7,22,18,19,2018,30.050896,39.357773,Copernicus,Copernicus,2026-07-22 15:00:00 UTC
4868,2026-07-22 19:00:00,7,22,19,20,2018,30.029131,39.357197,Copernicus,Copernicus,2026-07-22 16:00:00 UTC
4869,2026-07-22 20:00:00,7,22,20,21,2018,29.990816,39.357353,Copernicus,Copernicus,2026-07-22 17:00:00 UTC
4870,2026-07-22 21:00:00,7,22,21,22,2018,29.936005,39.358021,Copernicus,Copernicus,2026-07-22 18:00:00 UTC
4871,2026-07-22 22:00:00,7,22,22,23,2018,29.869417,39.358807,Copernicus,Copernicus,2026-07-22 19:00:00 UTC
4872,2026-07-22 23:00:00,7,22,23,24,2018,29.799458,39.359550,Copernicus,Copernicus,2026-07-22 20:00:00 UTC
4873,2026-07-23 00:00:00,7,23,0,1,2018,29.735518,39.360123,Copernicus,Copernicus,2026-07-22 21:00:00 UTC
4874,2026-07-23 01:00:00,7,23,1,2,2018,29.684580,39.360447,Copernicus,Copernicus,2026-07-22 22:00:00 UTC
4875,2026-07-23 02:00:00,7,23,2,3,2018,29.650356,39.360607,Copernicus,Copernicus,2026-07-22 23:00:00 UTC
4876,2026-07-23 03:00:00,7,23,3,4,2018,29.633808,39.360664,Copernicus,Copernicus,2026-07-23 00:00:00 UTC
4877,2026-07-23 04:00:00,7,23,4,5,2018,29.634794,39.360561,Copernicus,Copernicus,2026-07-23 01:00:00 UTC
4878,2026-07-23 05:00:00,7,23,5,6,2018,29.652882,39.360023,Copernicus,Copernicus,2026-07-23 02:00:00 UTC
4879,2026-07-23 06:00:00,7,23,6,7,2018,29.687611,39.358582,Copernicus,Copernicus,2026-07-23 03:00:00 UTC
4880,2026-07-23 07:00:00,7,23,7,8,2018,29.738857,39.356129,Copernicus,Copernicus,2026-07-23 04:00:00 UTC
4881,2026-07-23 08:00:00,7,23,8,9,2018,29.802288,39.353329,Copernicus,Copernicus,2026-07-23 05:00:00 UTC
4882,2026-07-23 09:00:00,7,23,9,10,2018,29.873070,39.350571,Copernicus,Copernicus,2026-07-23 06:00:00 UTC
4883,2026-07-23 10:00:00,7,23,10,11,2018,29.940912,39.348316,Copernicus,Copernicus,2026-07-23 07:00:00 UTC
4884,2026-07-23 11:00:00,7,23,11,12,2018,29.999115,39.346741,Copernicus,Copernicus,2026-07-23 08:00:00 UTC
4885,2026-07-23 12:00:00,7,23,12,13,2018,30.046040,39.345634,Copernicus,Copernicus,2026-07-23 09:00:00 UTC
4886,2026-07-23 13:00:00,7,23,13,14,2018,30.082066,39.344780,Copernicus,Copernicus,2026-07-23 10:00:00 UTC
4887,2026-07-23 14:00:00,7,23,14,15,2018,30.108425,39.343994,Copernicus,Copernicus,2026-07-23 11:00:00 UTC
4888,2026-07-23 15:00:00,7,23,15,16,2018,30.126436,39.343224,Copernicus,Copernicus,2026-07-23 12:00:00 UTC
4889,2026-07-23 16:00:00,7,23,16,17,2018,30.137035,39.342449,Copernicus,Copernicus,2026-07-23 13:00:00 UTC
4890,2026-07-23 17:00:00,7,23,17,18,2018,30.140816,39.341667,Copernicus,Copernicus,2026-07-23 14:00:00 UTC
4891,2026-07-23 18:00:00,7,23,18,19,2018,30.137070,39.340961,Copernicus,Copernicus,2026-07-23 15:00:00 UTC
4892,2026-07-23 19:00:00,7,23,19,20,2018,30.123665,39.340435,Copernicus,Copernicus,2026-07-23 16:00:00 UTC
4893,2026-07-23 20:00:00,7,23,20,21,2018,30.098415,39.340153,Copernicus,Copernicus,2026-07-23 17:00:00 UTC
4894,2026-07-23 21:00:00,7,23,21,22,2018,30.061052,39.340107,Copernicus,Copernicus,2026-07-23 18:00:00 UTC
4895,2026-07-23 22:00:00,7,23,22,23,2018,30.013556,39.340309,Copernicus,Copernicus,2026-07-23 19:00:00 UTC
4896,2026-07-23 23:00:00,7,23,23,24,2018,29.960886,39.340767,Copernicus,Copernicus,2026-07-23 20:00:00 UTC
4897,2026-07-24 00:00:00,7,24,0,1,2018,29.909025,39.341354,Copernicus,Copernicus,2026-07-23 21:00:00 UTC
4898,2026-07-24 01:00:00,7,24,1,2,2018,29.863594,39.341885,Copernicus,Copernicus,2026-07-23 22:00:00 UTC
4899,2026-07-24 02:00:00,7,24,2,3,2018,29.830196,39.342278,Copernicus,Copernicus,2026-07-23 23:00:00 UTC
4900,2026-07-24 03:00:00,7,24,3,4,2018,29.812101,39.342476,Copernicus,Copernicus,2026-07-24 00:00:00 UTC
4901,2026-07-24 04:00:00,7,24,4,5,2018,29.810974,39.342442,Copernicus,Copernicus,2026-07-24 01:00:00 UTC
4902,2026-07-24 05:00:00,7,24,5,6,2018,29.829472,39.342079,Copernicus,Copernicus,2026-07-24 02:00:00 UTC
4903,2026-07-24 06:00:00,7,24,6,7,2018,29.867523,39.341118,Copernicus,Copernicus,2026-07-24 03:00:00 UTC
4904,2026-07-24 07:00:00,7,24,7,8,2018,29.920290,39.340115,Copernicus,Copernicus,2026-07-24 04:00:00 UTC
4905,2026-07-24 08:00:00,7,24,8,9,2018,29.990583,39.339649,Copernicus,Copernicus,2026-07-24 05:00:00 UTC
4906,2026-07-24 09:00:00,7,24,9,10,2018,30.061945,39.339458,Copernicus,Copernicus,2026-07-24 06:00:00 UTC
4907,2026-07-24 10:00:00,7,24,10,11,2018,30.122089,39.339500,Copernicus,Copernicus,2026-07-24 07:00:00 UTC
4908,2026-07-24 11:00:00,7,24,11,12,2018,30.167694,39.339775,Copernicus,Copernicus,2026-07-24 08:00:00 UTC
4909,2026-07-24 12:00:00,7,24,12,13,2018,30.201172,39.340111,Copernicus,Copernicus,2026-07-24 09:00:00 UTC
4910,2026-07-24 13:00:00,7,24,13,14,2018,30.226368,39.340439,Copernicus,Copernicus,2026-07-24 10:00:00 UTC
4911,2026-07-24 14:00:00,7,24,14,15,2018,30.245428,39.340694,Copernicus,Copernicus,2026-07-24 11:00:00 UTC
4912,2026-07-24 15:00:00,7,24,15,16,2018,30.259802,39.340836,Copernicus,Copernicus,2026-07-24 12:00:00 UTC
4913,2026-07-24 16:00:00,7,24,16,17,2018,30.270575,39.340797,Copernicus,Copernicus,2026-07-24 13:00:00 UTC
4914,2026-07-24 17:00:00,7,24,17,18,2018,30.279070,39.340519,Copernicus,Copernicus,2026-07-24 14:00:00 UTC
4915,2026-07-24 18:00:00,7,24,18,19,2018,30.286411,39.339996,Copernicus,Copernicus,2026-07-24 15:00:00 UTC
4916,2026-07-24 19:00:00,7,24,19,20,2018,30.293425,39.339283,Copernicus,Copernicus,2026-07-24 16:00:00 UTC
4917,2026-07-24 20:00:00,7,24,20,21,2018,30.299776,39.338417,Copernicus,Copernicus,2026-07-24 17:00:00 UTC
4918,2026-07-24 21:00:00,7,24,21,22,2018,30.302935,39.337406,Copernicus,Copernicus,2026-07-24 18:00:00 UTC
4919,2026-07-24 22:00:00,7,24,22,23,2018,30.299757,39.336357,Copernicus,Copernicus,2026-07-24 19:00:00 UTC
4920,2026-07-24 23:00:00,7,24,23,24,2018,30.288794,39.335396,Copernicus,Copernicus,2026-07-24 20:00:00 UTC
4921,2026-07-25 00:00:00,7,25,0,1,2018,30.270290,39.334614,Copernicus,Copernicus,2026-07-24 21:00:00 UTC
4922,2026-07-25 01:00:00,7,25,1,2,2018,30.247213,39.333996,Copernicus,Copernicus,2026-07-24 22:00:00 UTC
4923,2026-07-25 02:00:00,7,25,2,3,2018,30.225435,39.333706,Copernicus,Copernicus,2026-07-24 23:00:00 UTC
4924,2026-07-25 03:00:00,7,25,3,4,2018,30.207884,39.333660,Copernicus,Copernicus,2026-07-25 00:00:00 UTC
4925,2026-07-25 04:00:00,7,25,4,5,2018,30.196093,39.333687,Copernicus,Copernicus,2026-07-25 01:00:00 UTC
4926,2026-07-25 05:00:00,7,25,5,6,2018,30.190065,39.333618,Copernicus,Copernicus,2026-07-25 02:00:00 UTC
4927,2026-07-25 06:00:00,7,25,6,7,2018,30.189053,39.333244,Copernicus,Copernicus,2026-07-25 03:00:00 UTC
4928,2026-07-25 07:00:00,7,25,7,8,2018,30.195738,39.332489,Copernicus,Copernicus,2026-07-25 04:00:00 UTC
4929,2026-07-25 08:00:00,7,25,8,9,2018,30.207197,39.331547,Copernicus,Copernicus,2026-07-25 05:00:00 UTC
4930,2026-07-25 09:00:00,7,25,9,10,2018,30.221710,39.330620,Copernicus,Copernicus,2026-07-25 06:00:00 UTC
4931,2026-07-25 10:00:00,7,25,10,11,2018,30.238581,39.329796,Copernicus,Copernicus,2026-07-25 07:00:00 UTC
4932,2026-07-25 11:00:00,7,25,11,12,2018,30.257486,39.328960,Copernicus,Copernicus,2026-07-25 08:00:00 UTC
4933,2026-07-25 12:00:00,7,25,12,13,2018,30.277664,39.327969,Copernicus,Copernicus,2026-07-25 09:00:00 UTC
4934,2026-07-25 13:00:00,7,25,13,14,2018,30.297920,39.327057,Copernicus,Copernicus,2026-07-25 10:00:00 UTC
4935,2026-07-25 14:00:00,7,25,14,15,2018,30.323866,39.327286,Copernicus,Copernicus,2026-07-25 11:00:00 UTC
4936,2026-07-25 15:00:00,7,25,15,16,2018,30.348856,39.329494,Copernicus,Copernicus,2026-07-25 12:00:00 UTC
4937,2026-07-25 16:00:00,7,25,16,17,2018,30.370419,39.336689,Copernicus,Copernicus,2026-07-25 13:00:00 UTC
4938,2026-07-25 17:00:00,7,25,17,18,2018,30.365713,39.343693,Copernicus,Copernicus,2026-07-25 14:00:00 UTC
4939,2026-07-25 18:00:00,7,25,18,19,2018,30.342070,39.347187,Copernicus,Copernicus,2026-07-25 15:00:00 UTC
4940,2026-07-25 19:00:00,7,25,19,20,2018,30.290516,39.348480,Copernicus,Copernicus,2026-07-25 16:00:00 UTC
4941,2026-07-25 20:00:00,7,25,20,21,2018,30.189991,39.347645,Copernicus,Copernicus,2026-07-25 17:00:00 UTC
4942,2026-07-25 21:00:00,7,25,21,22,2018,30.039204,39.346333,Copernicus,Copernicus,2026-07-25 18:00:00 UTC
4943,2026-07-25 22:00:00,7,25,22,23,2018,29.859430,39.345348,Copernicus,Copernicus,2026-07-25 19:00:00 UTC
4944,2026-07-25 23:00:00,7,25,23,24,2018,29.679281,39.344597,Copernicus,Copernicus,2026-07-25 20:00:00 UTC
4945,2026-07-26 00:00:00,7,26,0,1,2018,29.512774,39.343842,Copernicus,Copernicus,2026-07-25 21:00:00 UTC
4946,2026-07-26 01:00:00,7,26,1,2,2018,29.367786,39.343143,Copernicus,Copernicus,2026-07-25 22:00:00 UTC
4947,2026-07-26 02:00:00,7,26,2,3,2018,29.242081,39.342419,Copernicus,Copernicus,2026-07-25 23:00:00 UTC
4948,2026-07-26 03:00:00,7,26,3,4,2018,29.132786,39.341526,Copernicus,Copernicus,2026-07-26 00:00:00 UTC
4949,2026-07-26 04:00:00,7,26,4,5,2018,29.050053,39.340633,Copernicus,Copernicus,2026-07-26 01:00:00 UTC
4950,2026-07-26 05:00:00,7,26,5,6,2018,28.999197,39.340038,Copernicus,Copernicus,2026-07-26 02:00:00 UTC
4951,2026-07-26 06:00:00,7,26,6,7,2018,28.988634,39.340065,Copernicus,Copernicus,2026-07-26 03:00:00 UTC
4952,2026-07-26 07:00:00,7,26,7,8,2018,29.031036,39.340782,Copernicus,Copernicus,2026-07-26 04:00:00 UTC
4953,2026-07-26 08:00:00,7,26,8,9,2018,29.134659,39.342545,Copernicus,Copernicus,2026-07-26 05:00:00 UTC
4954,2026-07-26 09:00:00,7,26,9,10,2018,29.281912,39.346092,Copernicus,Copernicus,2026-07-26 06:00:00 UTC
4955,2026-07-26 10:00:00,7,26,10,11,2018,29.431166,39.350700,Copernicus,Copernicus,2026-07-26 07:00:00 UTC
4956,2026-07-26 11:00:00,7,26,11,12,2018,29.546246,39.355053,Copernicus,Copernicus,2026-07-26 08:00:00 UTC
4957,2026-07-26 12:00:00,7,26,12,13,2018,29.623747,39.358616,Copernicus,Copernicus,2026-07-26 09:00:00 UTC
4958,2026-07-26 13:00:00,7,26,13,14,2018,29.674009,39.361408,Copernicus,Copernicus,2026-07-26 10:00:00 UTC
4959,2026-07-26 14:00:00,7,26,14,15,2018,29.707754,39.363621,Copernicus,Copernicus,2026-07-26 11:00:00 UTC
4960,2026-07-26 15:00:00,7,26,15,16,2018,29.730291,39.365440,Copernicus,Copernicus,2026-07-26 12:00:00 UTC
4961,2026-07-26 16:00:00,7,26,16,17,2018,29.744568,39.366970,Copernicus,Copernicus,2026-07-26 13:00:00 UTC
4962,2026-07-26 17:00:00,7,26,17,18,2018,29.751963,39.368221,Copernicus,Copernicus,2026-07-26 14:00:00 UTC
4963,2026-07-26 18:00:00,7,26,18,19,2018,29.753769,39.369221,Copernicus,Copernicus,2026-07-26 15:00:00 UTC
4964,2026-07-26 19:00:00,7,26,19,20,2018,29.751194,39.370018,Copernicus,Copernicus,2026-07-26 16:00:00 UTC
4965,2026-07-26 20:00:00,7,26,20,21,2018,29.747385,39.370907,Copernicus,Copernicus,2026-07-26 17:00:00 UTC
4966,2026-07-26 21:00:00,7,26,21,22,2018,29.745100,39.372433,Copernicus,Copernicus,2026-07-26 18:00:00 UTC
4967,2026-07-26 22:00:00,7,26,22,23,2018,29.739830,39.373672,Copernicus,Copernicus,2026-07-26 19:00:00 UTC
4968,2026-07-26 23:00:00,7,26,23,24,2018,29.730328,39.374046,Copernicus,Copernicus,2026-07-26 20:00:00 UTC
4969,2026-07-27 00:00:00,7,27,0,1,2018,29.741854,39.386093,Copernicus,Copernicus,2026-07-26 21:00:00 UTC
4970,2026-07-27 01:00:00,7,27,1,2,2018,29.731266,39.390541,Copernicus,Copernicus,2026-07-26 22:00:00 UTC
4971,2026-07-27 02:00:00,7,27,2,3,2018,29.712379,39.391052,Copernicus,Copernicus,2026-07-26 23:00:00 UTC
4972,2026-07-27 03:00:00,7,27,3,4,2018,29.693132,39.392006,Copernicus,Copernicus,2026-07-27 00:00:00 UTC
4973,2026-07-27 04:00:00,7,27,4,5,2018,29.674734,39.392582,Copernicus,Copernicus,2026-07-27 01:00:00 UTC
4974,2026-07-27 05:00:00,7,27,5,6,2018,29.658026,39.393120,Copernicus,Copernicus,2026-07-27 02:00:00 UTC
4975,2026-07-27 06:00:00,7,27,6,7,2018,29.644917,39.393658,Copernicus,Copernicus,2026-07-27 03:00:00 UTC
4976,2026-07-27 07:00:00,7,27,7,8,2018,29.640112,39.394222,Copernicus,Copernicus,2026-07-27 04:00:00 UTC
4977,2026-07-27 08:00:00,7,27,8,9,2018,29.643253,39.394676,Copernicus,Copernicus,2026-07-27 05:00:00 UTC
4978,2026-07-27 09:00:00,7,27,9,10,2018,29.648924,39.394894,Copernicus,Copernicus,2026-07-27 06:00:00 UTC
4979,2026-07-27 10:00:00,7,27,10,11,2018,29.656300,39.395149,Copernicus,Copernicus,2026-07-27 07:00:00 UTC
4980,2026-07-27 11:00:00,7,27,11,12,2018,29.665009,39.395451,Copernicus,Copernicus,2026-07-27 08:00:00 UTC
4981,2026-07-27 12:00:00,7,27,12,13,2018,29.674480,39.395779,Copernicus,Copernicus,2026-07-27 09:00:00 UTC
4982,2026-07-27 13:00:00,7,27,13,14,2018,29.684004,39.396126,Copernicus,Copernicus,2026-07-27 10:00:00 UTC
4983,2026-07-27 14:00:00,7,27,14,15,2018,29.692862,39.396481,Copernicus,Copernicus,2026-07-27 11:00:00 UTC
4984,2026-07-27 15:00:00,7,27,15,16,2018,29.700304,39.396835,Copernicus,Copernicus,2026-07-27 12:00:00 UTC
4985,2026-07-27 16:00:00,7,27,16,17,2018,29.705275,39.397114,Copernicus,Copernicus,2026-07-27 13:00:00 UTC
4986,2026-07-27 17:00:00,7,27,17,18,2018,29.706846,39.396931,Copernicus,Copernicus,2026-07-27 14:00:00 UTC
4987,2026-07-27 18:00:00,7,27,18,19,2018,29.703625,39.396114,Copernicus,Copernicus,2026-07-27 15:00:00 UTC
4988,2026-07-27 19:00:00,7,27,19,20,2018,29.689955,39.394768,Copernicus,Copernicus,2026-07-27 16:00:00 UTC
4989,2026-07-27 20:00:00,7,27,20,21,2018,29.663572,39.392860,Copernicus,Copernicus,2026-07-27 17:00:00 UTC
4990,2026-07-27 21:00:00,7,27,21,22,2018,29.625599,39.390335,Copernicus,Copernicus,2026-07-27 18:00:00 UTC
4991,2026-07-27 22:00:00,7,27,22,23,2018,29.577394,39.387318,Copernicus,Copernicus,2026-07-27 19:00:00 UTC
4992,2026-07-27 23:00:00,7,27,23,24,2018,29.525118,39.384300,Copernicus,Copernicus,2026-07-27 20:00:00 UTC
4993,2026-07-28 00:00:00,7,28,0,1,2018,29.473459,39.381882,Copernicus,Copernicus,2026-07-27 21:00:00 UTC
4994,2026-07-28 01:00:00,7,28,1,2,2018,29.425014,39.380070,Copernicus,Copernicus,2026-07-27 22:00:00 UTC
4995,2026-07-28 02:00:00,7,28,2,3,2018,29.381048,39.378979,Copernicus,Copernicus,2026-07-27 23:00:00 UTC
4996,2026-07-28 03:00:00,7,28,3,4,2018,29.342789,39.378429,Copernicus,Copernicus,2026-07-28 00:00:00 UTC
4997,2026-07-28 04:00:00,7,28,4,5,2018,29.311644,39.378181,Copernicus,Copernicus,2026-07-28 01:00:00 UTC
4998,2026-07-28 05:00:00,7,28,5,6,2018,29.287453,39.378246,Copernicus,Copernicus,2026-07-28 02:00:00 UTC
4999,2026-07-28 06:00:00,7,28,6,7,2018,29.271053,39.378609,Copernicus,Copernicus,2026-07-28 03:00:00 UTC
5000,2026-07-28 07:00:00,7,28,7,8,2018,29.264624,39.379230,Copernicus,Copernicus,2026-07-28 04:00:00 UTC
5001,2026-07-28 08:00:00,7,28,8,9,2018,29.269699,39.380257,Copernicus,Copernicus,2026-07-28 05:00:00 UTC
5002,2026-07-28 09:00:00,7,28,9,10,2018,29.285933,39.382126,Copernicus,Copernicus,2026-07-28 06:00:00 UTC
5003,2026-07-28 10:00:00,7,28,10,11,2018,29.309330,39.384674,Copernicus,Copernicus,2026-07-28 07:00:00 UTC
5004,2026-07-28 11:00:00,7,28,11,12,2018,29.336292,39.387543,Copernicus,Copernicus,2026-07-28 08:00:00 UTC
5005,2026-07-28 12:00:00,7,28,12,13,2018,29.364681,39.390507,Copernicus,Copernicus,2026-07-28 09:00:00 UTC
5006,2026-07-28 13:00:00,7,28,13,14,2018,29.393356,39.393379,Copernicus,Copernicus,2026-07-28 10:00:00 UTC
5007,2026-07-28 14:00:00,7,28,14,15,2018,29.422075,39.396080,Copernicus,Copernicus,2026-07-28 11:00:00 UTC
5008,2026-07-28 15:00:00,7,28,15,16,2018,29.449152,39.398613,Copernicus,Copernicus,2026-07-28 12:00:00 UTC
5009,2026-07-28 16:00:00,7,28,16,17,2018,29.471479,39.400772,Copernicus,Copernicus,2026-07-28 13:00:00 UTC
5010,2026-07-28 17:00:00,7,28,17,18,2018,29.486137,39.402126,Copernicus,Copernicus,2026-07-28 14:00:00 UTC
5011,2026-07-28 18:00:00,7,28,18,19,2018,29.489973,39.402493,Copernicus,Copernicus,2026-07-28 15:00:00 UTC
5012,2026-07-28 19:00:00,7,28,19,20,2018,29.477676,39.401978,Copernicus,Copernicus,2026-07-28 16:00:00 UTC
5013,2026-07-28 20:00:00,7,28,20,21,2018,29.450947,39.400932,Copernicus,Copernicus,2026-07-28 17:00:00 UTC
5014,2026-07-28 21:00:00,7,28,21,22,2018,29.408749,39.398746,Copernicus,Copernicus,2026-07-28 18:00:00 UTC
5015,2026-07-28 22:00:00,7,28,22,23,2018,29.353497,39.395405,Copernicus,Copernicus,2026-07-28 19:00:00 UTC
5016,2026-07-28 23:00:00,7,28,23,24,2018,29.293150,39.392033,Copernicus,Copernicus,2026-07-28 20:00:00 UTC
5017,2026-07-29 00:00:00,7,29,0,1,2018,29.235886,39.389381,Copernicus,Copernicus,2026-07-28 21:00:00 UTC
5018,2026-07-29 01:00:00,7,29,1,2,2018,29.187738,39.387787,Copernicus,Copernicus,2026-07-28 22:00:00 UTC
5019,2026-07-29 02:00:00,7,29,2,3,2018,29.151314,39.387249,Copernicus,Copernicus,2026-07-28 23:00:00 UTC
5020,2026-07-29 03:00:00,7,29,3,4,2018,29.124222,39.387447,Copernicus,Copernicus,2026-07-29 00:00:00 UTC
5021,2026-07-29 04:00:00,7,29,4,5,2018,29.103882,39.388062,Copernicus,Copernicus,2026-07-29 01:00:00 UTC
5022,2026-07-29 05:00:00,7,29,5,6,2018,29.088446,39.388775,Copernicus,Copernicus,2026-07-29 02:00:00 UTC
5023,2026-07-29 06:00:00,7,29,6,7,2018,29.077374,39.389473,Copernicus,Copernicus,2026-07-29 03:00:00 UTC
5024,2026-07-29 07:00:00,7,29,7,8,2018,29.071650,39.390163,Copernicus,Copernicus,2026-07-29 04:00:00 UTC
5025,2026-07-29 08:00:00,7,29,8,9,2018,29.072231,39.390915,Copernicus,Copernicus,2026-07-29 05:00:00 UTC
5026,2026-07-29 09:00:00,7,29,9,10,2018,29.079693,39.391796,Copernicus,Copernicus,2026-07-29 06:00:00 UTC
5027,2026-07-29 10:00:00,7,29,10,11,2018,29.094234,39.392807,Copernicus,Copernicus,2026-07-29 07:00:00 UTC
5028,2026-07-29 11:00:00,7,29,11,12,2018,29.115652,39.393944,Copernicus,Copernicus,2026-07-29 08:00:00 UTC
5029,2026-07-29 12:00:00,7,29,12,13,2018,29.143309,39.395248,Copernicus,Copernicus,2026-07-29 09:00:00 UTC
5030,2026-07-29 13:00:00,7,29,13,14,2018,29.176142,39.396904,Copernicus,Copernicus,2026-07-29 10:00:00 UTC
5031,2026-07-29 14:00:00,7,29,14,15,2018,29.213060,39.398994,Copernicus,Copernicus,2026-07-29 11:00:00 UTC
5032,2026-07-29 15:00:00,7,29,15,16,2018,29.252907,39.401573,Copernicus,Copernicus,2026-07-29 12:00:00 UTC
5033,2026-07-29 16:00:00,7,29,16,17,2018,29.293337,39.404510,Copernicus,Copernicus,2026-07-29 13:00:00 UTC
5034,2026-07-29 17:00:00,7,29,17,18,2018,29.330158,39.407494,Copernicus,Copernicus,2026-07-29 14:00:00 UTC
5035,2026-07-29 18:00:00,7,29,18,19,2018,29.360298,39.410175,Copernicus,Copernicus,2026-07-29 15:00:00 UTC
5036,2026-07-29 19:00:00,7,29,19,20,2018,29.382061,39.412312,Copernicus,Copernicus,2026-07-29 16:00:00 UTC
5037,2026-07-29 20:00:00,7,29,20,21,2018,29.395609,39.413803,Copernicus,Copernicus,2026-07-29 17:00:00 UTC
5038,2026-07-29 21:00:00,7,29,21,22,2018,29.402147,39.414646,Copernicus,Copernicus,2026-07-29 18:00:00 UTC
5039,2026-07-29 22:00:00,7,29,22,23,2018,29.401314,39.414852,Copernicus,Copernicus,2026-07-29 19:00:00 UTC
5040,2026-07-29 23:00:00,7,29,23,24,2018,29.392206,39.414440,Copernicus,Copernicus,2026-07-29 20:00:00 UTC
5041,2026-07-30 00:00:00,7,30,0,1,2018,29.375412,39.413441,Copernicus,Copernicus,2026-07-29 21:00:00 UTC
5042,2026-07-30 01:00:00,7,30,1,2,2018,29.352711,39.411945,Copernicus,Copernicus,2026-07-29 22:00:00 UTC
5043,2026-07-30 02:00:00,7,30,2,3,2018,29.326448,39.410152,Copernicus,Copernicus,2026-07-29 23:00:00 UTC
5044,2026-07-30 03:00:00,7,30,3,4,2018,29.299089,39.408287,Copernicus,Copernicus,2026-07-30 00:00:00 UTC
5045,2026-07-30 04:00:00,7,30,4,5,2018,29.273067,39.406559,Copernicus,Copernicus,2026-07-30 01:00:00 UTC
5046,2026-07-30 05:00:00,7,30,5,6,2018,29.250387,39.405132,Copernicus,Copernicus,2026-07-30 02:00:00 UTC
5047,2026-07-30 06:00:00,7,30,6,7,2018,29.232254,39.404049,Copernicus,Copernicus,2026-07-30 03:00:00 UTC
5048,2026-07-30 07:00:00,7,30,7,8,2018,29.219988,39.403313,Copernicus,Copernicus,2026-07-30 04:00:00 UTC
5049,2026-07-30 08:00:00,7,30,8,9,2018,29.215042,39.402927,Copernicus,Copernicus,2026-07-30 05:00:00 UTC
5050,2026-07-30 09:00:00,7,30,9,10,2018,29.217482,39.402855,Copernicus,Copernicus,2026-07-30 06:00:00 UTC
5051,2026-07-30 10:00:00,7,30,10,11,2018,29.226709,39.403034,Copernicus,Copernicus,2026-07-30 07:00:00 UTC
5052,2026-07-30 11:00:00,7,30,11,12,2018,29.241899,39.403465,Copernicus,Copernicus,2026-07-30 08:00:00 UTC
5053,2026-07-30 12:00:00,7,30,12,13,2018,29.261702,39.404057,Copernicus,Copernicus,2026-07-30 09:00:00 UTC
5054,2026-07-30 13:00:00,7,30,13,14,2018,29.285812,39.404877,Copernicus,Copernicus,2026-07-30 10:00:00 UTC
5055,2026-07-30 14:00:00,7,30,14,15,2018,29.314405,39.406090,Copernicus,Copernicus,2026-07-30 11:00:00 UTC
5056,2026-07-30 15:00:00,7,30,15,16,2018,29.347160,39.407780,Copernicus,Copernicus,2026-07-30 12:00:00 UTC
5057,2026-07-30 16:00:00,7,30,16,17,2018,29.382059,39.409874,Copernicus,Copernicus,2026-07-30 13:00:00 UTC
5058,2026-07-30 17:00:00,7,30,17,18,2018,29.415051,39.412075,Copernicus,Copernicus,2026-07-30 14:00:00 UTC
5059,2026-07-30 18:00:00,7,30,18,19,2018,29.441822,39.413982,Copernicus,Copernicus,2026-07-30 15:00:00 UTC
5060,2026-07-30 19:00:00,7,30,19,20,2018,29.459511,39.415283,Copernicus,Copernicus,2026-07-30 16:00:00 UTC
5061,2026-07-30 20:00:00,7,30,20,21,2018,29.467012,39.415798,Copernicus,Copernicus,2026-07-30 17:00:00 UTC
5062,2026-07-30 21:00:00,7,30,21,22,2018,29.463970,39.415558,Copernicus,Copernicus,2026-07-30 18:00:00 UTC
5063,2026-07-30 22:00:00,7,30,22,23,2018,29.450424,39.414680,Copernicus,Copernicus,2026-07-30 19:00:00 UTC
5064,2026-07-30 23:00:00,7,30,23,24,2018,29.427517,39.413223,Copernicus,Copernicus,2026-07-30 20:00:00 UTC
5065,2026-07-31 00:00:00,7,31,0,1,2018,29.397453,39.411285,Copernicus,Copernicus,2026-07-30 21:00:00 UTC
5066,2026-07-31 01:00:00,7,31,1,2,2018,29.363640,39.409084,Copernicus,Copernicus,2026-07-30 22:00:00 UTC
5067,2026-07-31 02:00:00,7,31,2,3,2018,29.329533,39.406883,Copernicus,Copernicus,2026-07-30 23:00:00 UTC
5068,2026-07-31 03:00:00,7,31,3,4,2018,29.297546,39.404896,Copernicus,Copernicus,2026-07-31 00:00:00 UTC
5069,2026-07-31 04:00:00,7,31,4,5,2018,29.269300,39.403278,Copernicus,Copernicus,2026-07-31 01:00:00 UTC
5070,2026-07-31 05:00:00,7,31,5,6,2018,29.246050,39.402134,Copernicus,Copernicus,2026-07-31 02:00:00 UTC
5071,2026-07-31 06:00:00,7,31,6,7,2018,29.229172,39.401459,Copernicus,Copernicus,2026-07-31 03:00:00 UTC
5072,2026-07-31 07:00:00,7,31,7,8,2018,29.220499,39.401211,Copernicus,Copernicus,2026-07-31 04:00:00 UTC
5073,2026-07-31 08:00:00,7,31,8,9,2018,29.221836,39.401356,Copernicus,Copernicus,2026-07-31 05:00:00 UTC
5074,2026-07-31 09:00:00,7,31,9,10,2018,29.233858,39.401810,Copernicus,Copernicus,2026-07-31 06:00:00 UTC
5075,2026-07-31 10:00:00,7,31,10,11,2018,29.256735,39.402672,Copernicus,Copernicus,2026-07-31 07:00:00 UTC
5076,2026-07-31 11:00:00,7,31,11,12,2018,29.289688,39.404251,Copernicus,Copernicus,2026-07-31 08:00:00 UTC
5077,2026-07-31 12:00:00,7,31,12,13,2018,29.331627,39.406666,Copernicus,Copernicus,2026-07-31 09:00:00 UTC
5078,2026-07-31 13:00:00,7,31,13,14,2018,29.381245,39.410042,Copernicus,Copernicus,2026-07-31 10:00:00 UTC
5079,2026-07-31 14:00:00,7,31,14,15,2018,29.436680,39.414394,Copernicus,Copernicus,2026-07-31 11:00:00 UTC
5080,2026-07-31 15:00:00,7,31,15,16,2018,29.494686,39.419548,Copernicus,Copernicus,2026-07-31 12:00:00 UTC
5081,2026-07-31 16:00:00,7,31,16,17,2018,29.550055,39.424984,Copernicus,Copernicus,2026-07-31 13:00:00 UTC
5082,2026-07-31 17:00:00,7,31,17,18,2018,29.597357,39.429962,Copernicus,Copernicus,2026-07-31 14:00:00 UTC
5083,2026-07-31 18:00:00,7,31,18,19,2018,29.633451,39.433941,Copernicus,Copernicus,2026-07-31 15:00:00 UTC
5084,2026-07-31 19:00:00,7,31,19,20,2018,29.657660,39.436573,Copernicus,Copernicus,2026-07-31 16:00:00 UTC
5085,2026-07-31 20:00:00,7,31,20,21,2018,29.670851,39.437805,Copernicus,Copernicus,2026-07-31 17:00:00 UTC
5086,2026-07-31 21:00:00,7,31,21,22,2018,29.674398,39.437901,Copernicus,Copernicus,2026-07-31 18:00:00 UTC
5087,2026-07-31 22:00:00,7,31,22,23,2018,29.669783,39.437149,Copernicus,Copernicus,2026-07-31 19:00:00 UTC
5088,2026-07-31 23:00:00,7,31,23,24,2018,29.660295,39.435818,Copernicus,Copernicus,2026-07-31 20:00:00 UTC
5089,2026-08-01 00:00:00,8,1,0,1,2018,29.639561,39.433540,Copernicus,Copernicus,2026-07-31 21:00:00 UTC
5090,2026-08-01 01:00:00,8,1,1,2,2018,29.609085,39.430454,Copernicus,Copernicus,2026-07-31 22:00:00 UTC
5091,2026-08-01 02:00:00,8,1,2,3,2018,29.574539,39.427013,Copernicus,Copernicus,2026-07-31 23:00:00 UTC
5092,2026-08-01 03:00:00,8,1,3,4,2018,29.540739,39.423653,Copernicus,Copernicus,2026-08-01 00:00:00 UTC
5093,2026-08-01 04:00:00,8,1,4,5,2018,29.512032,39.420765,Copernicus,Copernicus,2026-08-01 01:00:00 UTC
5094,2026-08-01 05:00:00,8,1,5,6,2018,29.490820,39.418602,Copernicus,Copernicus,2026-08-01 02:00:00 UTC
5095,2026-08-01 06:00:00,8,1,6,7,2018,29.478624,39.417278,Copernicus,Copernicus,2026-08-01 03:00:00 UTC
5096,2026-08-01 07:00:00,8,1,7,8,2018,29.478079,39.416889,Copernicus,Copernicus,2026-08-01 04:00:00 UTC
5097,2026-08-01 08:00:00,8,1,8,9,2018,29.490700,39.417423,Copernicus,Copernicus,2026-08-01 05:00:00 UTC
5098,2026-08-01 09:00:00,8,1,9,10,2018,29.516386,39.418941,Copernicus,Copernicus,2026-08-01 06:00:00 UTC
5099,2026-08-01 10:00:00,8,1,10,11,2018,29.553049,39.421452,Copernicus,Copernicus,2026-08-01 07:00:00 UTC
5100,2026-08-01 11:00:00,8,1,11,12,2018,29.595924,39.424648,Copernicus,Copernicus,2026-08-01 08:00:00 UTC
5101,2026-08-01 12:00:00,8,1,12,13,2018,29.640713,39.428219,Copernicus,Copernicus,2026-08-01 09:00:00 UTC
5102,2026-08-01 13:00:00,8,1,13,14,2018,29.683939,39.431839,Copernicus,Copernicus,2026-08-01 10:00:00 UTC
5103,2026-08-01 14:00:00,8,1,14,15,2018,29.723053,39.435234,Copernicus,Copernicus,2026-08-01 11:00:00 UTC
5104,2026-08-01 15:00:00,8,1,15,16,2018,29.756350,39.438229,Copernicus,Copernicus,2026-08-01 12:00:00 UTC
5105,2026-08-01 16:00:00,8,1,16,17,2018,29.782825,39.440708,Copernicus,Copernicus,2026-08-01 13:00:00 UTC
5106,2026-08-01 17:00:00,8,1,17,18,2018,29.802235,39.442608,Copernicus,Copernicus,2026-08-01 14:00:00 UTC
5107,2026-08-01 18:00:00,8,1,18,19,2018,29.815296,39.443909,Copernicus,Copernicus,2026-08-01 15:00:00 UTC
5108,2026-08-01 19:00:00,8,1,19,20,2018,29.822710,39.444580,Copernicus,Copernicus,2026-08-01 16:00:00 UTC
5109,2026-08-01 20:00:00,8,1,20,21,2018,29.825783,39.444645,Copernicus,Copernicus,2026-08-01 17:00:00 UTC
5110,2026-08-01 21:00:00,8,1,21,22,2018,29.825598,39.444206,Copernicus,Copernicus,2026-08-01 18:00:00 UTC
5111,2026-08-01 22:00:00,8,1,22,23,2018,29.821947,39.443352,Copernicus,Copernicus,2026-08-01 19:00:00 UTC
5112,2026-08-01 23:00:00,8,1,23,24,2018,29.814629,39.442116,Copernicus,Copernicus,2026-08-01 20:00:00 UTC
5113,2026-08-02 00:00:00,8,2,0,1,2018,29.803656,39.440544,Copernicus,Copernicus,2026-08-01 21:00:00 UTC
5114,2026-08-02 01:00:00,8,2,1,2,2018,29.789762,39.438740,Copernicus,Copernicus,2026-08-01 22:00:00 UTC
5115,2026-08-02 02:00:00,8,2,2,3,2018,29.774380,39.436848,Copernicus,Copernicus,2026-08-01 23:00:00 UTC
5116,2026-08-02 03:00:00,8,2,3,4,2018,29.759228,39.435036,Copernicus,Copernicus,2026-08-02 00:00:00 UTC
5117,2026-08-02 04:00:00,8,2,4,5,2018,29.746853,39.433624,Copernicus,Copernicus,2026-08-02 01:00:00 UTC
5118,2026-08-02 05:00:00,8,2,5,6,2018,29.738831,39.432735,Copernicus,Copernicus,2026-08-02 02:00:00 UTC
5119,2026-08-02 06:00:00,8,2,6,7,2018,29.736603,39.432449,Copernicus,Copernicus,2026-08-02 03:00:00 UTC
5120,2026-08-02 07:00:00,8,2,7,8,2018,29.741837,39.432976,Copernicus,Copernicus,2026-08-02 04:00:00 UTC
5121,2026-08-02 08:00:00,8,2,8,9,2018,29.755068,39.434677,Copernicus,Copernicus,2026-08-02 05:00:00 UTC
5122,2026-08-02 09:00:00,8,2,9,10,2018,29.772972,39.436817,Copernicus,Copernicus,2026-08-02 06:00:00 UTC
5123,2026-08-02 10:00:00,8,2,10,11,2018,29.793419,39.439064,Copernicus,Copernicus,2026-08-02 07:00:00 UTC
5124,2026-08-02 11:00:00,8,2,11,12,2018,29.814657,39.441212,Copernicus,Copernicus,2026-08-02 08:00:00 UTC
5125,2026-08-02 12:00:00,8,2,12,13,2018,29.835352,39.443138,Copernicus,Copernicus,2026-08-02 09:00:00 UTC
5126,2026-08-02 13:00:00,8,2,13,14,2018,29.854967,39.444828,Copernicus,Copernicus,2026-08-02 10:00:00 UTC
5127,2026-08-02 14:00:00,8,2,14,15,2018,29.873215,39.446304,Copernicus,Copernicus,2026-08-02 11:00:00 UTC
5128,2026-08-02 15:00:00,8,2,15,16,2018,29.889853,39.447620,Copernicus,Copernicus,2026-08-02 12:00:00 UTC
5129,2026-08-02 16:00:00,8,2,16,17,2018,29.904165,39.448727,Copernicus,Copernicus,2026-08-02 13:00:00 UTC
5130,2026-08-02 17:00:00,8,2,17,18,2018,29.914982,39.449505,Copernicus,Copernicus,2026-08-02 14:00:00 UTC
5131,2026-08-02 18:00:00,8,2,18,19,2018,29.921530,39.449875,Copernicus,Copernicus,2026-08-02 15:00:00 UTC
5132,2026-08-02 19:00:00,8,2,19,20,2018,29.923470,39.449734,Copernicus,Copernicus,2026-08-02 16:00:00 UTC
5133,2026-08-02 20:00:00,8,2,20,21,2018,29.921047,39.449024,Copernicus,Copernicus,2026-08-02 17:00:00 UTC
5134,2026-08-02 21:00:00,8,2,21,22,2018,29.913954,39.447662,Copernicus,Copernicus,2026-08-02 18:00:00 UTC
5135,2026-08-02 22:00:00,8,2,22,23,2018,29.901190,39.445576,Copernicus,Copernicus,2026-08-02 19:00:00 UTC
5136,2026-08-02 23:00:00,8,2,23,24,2018,29.882492,39.442833,Copernicus,Copernicus,2026-08-02 20:00:00 UTC
5137,2026-08-03 00:00:00,8,3,0,1,2018,29.858572,39.439587,Copernicus,Copernicus,2026-08-02 21:00:00 UTC
5138,2026-08-03 01:00:00,8,3,1,2,2018,29.831514,39.436123,Copernicus,Copernicus,2026-08-02 22:00:00 UTC
5139,2026-08-03 02:00:00,8,3,2,3,2018,29.803328,39.432697,Copernicus,Copernicus,2026-08-02 23:00:00 UTC
5140,2026-08-03 03:00:00,8,3,3,4,2018,29.776203,39.429615,Copernicus,Copernicus,2026-08-03 00:00:00 UTC
5141,2026-08-03 04:00:00,8,3,4,5,2018,29.753054,39.427151,Copernicus,Copernicus,2026-08-03 01:00:00 UTC
5142,2026-08-03 05:00:00,8,3,5,6,2018,29.735600,39.425404,Copernicus,Copernicus,2026-08-03 02:00:00 UTC
5143,2026-08-03 06:00:00,8,3,6,7,2018,29.724958,39.424400,Copernicus,Copernicus,2026-08-03 03:00:00 UTC
5144,2026-08-03 07:00:00,8,3,7,8,2018,29.722555,39.424118,Copernicus,Copernicus,2026-08-03 04:00:00 UTC
5145,2026-08-03 08:00:00,8,3,8,9,2018,29.729349,39.424488,Copernicus,Copernicus,2026-08-03 05:00:00 UTC
5146,2026-08-03 09:00:00,8,3,9,10,2018,29.746078,39.425564,Copernicus,Copernicus,2026-08-03 06:00:00 UTC
5147,2026-08-03 10:00:00,8,3,10,11,2018,29.772263,39.427456,Copernicus,Copernicus,2026-08-03 07:00:00 UTC
5148,2026-08-03 11:00:00,8,3,11,12,2018,29.805849,39.430161,Copernicus,Copernicus,2026-08-03 08:00:00 UTC
5149,2026-08-03 12:00:00,8,3,12,13,2018,29.844212,39.433594,Copernicus,Copernicus,2026-08-03 09:00:00 UTC
5150,2026-08-03 13:00:00,8,3,13,14,2018,29.884636,39.437584,Copernicus,Copernicus,2026-08-03 10:00:00 UTC
5151,2026-08-03 14:00:00,8,3,14,15,2018,29.924267,39.441883,Copernicus,Copernicus,2026-08-03 11:00:00 UTC
5152,2026-08-03 15:00:00,8,3,15,16,2018,29.960150,39.446201,Copernicus,Copernicus,2026-08-03 12:00:00 UTC
5153,2026-08-03 16:00:00,8,3,16,17,2018,29.989784,39.450142,Copernicus,Copernicus,2026-08-03 13:00:00 UTC
5154,2026-08-03 17:00:00,8,3,17,18,2018,30.011791,39.453255,Copernicus,Copernicus,2026-08-03 14:00:00 UTC
5155,2026-08-03 18:00:00,8,3,18,19,2018,30.025354,39.455158,Copernicus,Copernicus,2026-08-03 15:00:00 UTC
5156,2026-08-03 19:00:00,8,3,19,20,2018,30.030882,39.455788,Copernicus,Copernicus,2026-08-03 16:00:00 UTC
5157,2026-08-03 20:00:00,8,3,20,21,2018,30.029457,39.455330,Copernicus,Copernicus,2026-08-03 17:00:00 UTC
5158,2026-08-03 21:00:00,8,3,21,22,2018,30.021503,39.453964,Copernicus,Copernicus,2026-08-03 18:00:00 UTC
5159,2026-08-03 22:00:00,8,3,22,23,2018,30.015034,39.452709,Copernicus,Copernicus,2026-08-03 19:00:00 UTC
5160,2026-08-03 23:00:00,8,3,23,24,2018,29.987095,39.448887,Copernicus,Copernicus,2026-08-03 20:00:00 UTC
5161,2026-08-04 00:00:00,8,4,0,1,2018,29.942999,39.443050,Copernicus,Copernicus,2026-08-03 21:00:00 UTC
5162,2026-08-04 01:00:00,8,4,1,2,2018,29.897337,39.437168,Copernicus,Copernicus,2026-08-03 22:00:00 UTC
5163,2026-08-04 02:00:00,8,4,2,3,2018,29.854279,39.431786,Copernicus,Copernicus,2026-08-03 23:00:00 UTC
5164,2026-08-04 03:00:00,8,4,3,4,2018,29.816515,39.427223,Copernicus,Copernicus,2026-08-04 00:00:00 UTC
5165,2026-08-04 04:00:00,8,4,4,5,2018,29.785604,39.423637,Copernicus,Copernicus,2026-08-04 01:00:00 UTC
5166,2026-08-04 05:00:00,8,4,5,6,2018,29.762400,39.421112,Copernicus,Copernicus,2026-08-04 02:00:00 UTC
5167,2026-08-04 06:00:00,8,4,6,7,2018,29.748180,39.419659,Copernicus,Copernicus,2026-08-04 03:00:00 UTC
5168,2026-08-04 07:00:00,8,4,7,8,2018,29.744087,39.419189,Copernicus,Copernicus,2026-08-04 04:00:00 UTC
5169,2026-08-04 08:00:00,8,4,8,9,2018,29.750433,39.419621,Copernicus,Copernicus,2026-08-04 05:00:00 UTC
5170,2026-08-04 09:00:00,8,4,9,10,2018,29.767313,39.420906,Copernicus,Copernicus,2026-08-04 06:00:00 UTC
5171,2026-08-04 10:00:00,8,4,10,11,2018,29.793764,39.423065,Copernicus,Copernicus,2026-08-04 07:00:00 UTC
5172,2026-08-04 11:00:00,8,4,11,12,2018,29.826979,39.426029,Copernicus,Copernicus,2026-08-04 08:00:00 UTC
5173,2026-08-04 12:00:00,8,4,12,13,2018,29.863817,39.429649,Copernicus,Copernicus,2026-08-04 09:00:00 UTC
5174,2026-08-04 13:00:00,8,4,13,14,2018,29.901653,39.433712,Copernicus,Copernicus,2026-08-04 10:00:00 UTC
5175,2026-08-04 14:00:00,8,4,14,15,2018,29.937675,39.437878,Copernicus,Copernicus,2026-08-04 11:00:00 UTC
5176,2026-08-04 15:00:00,8,4,15,16,2018,29.969608,39.441811,Copernicus,Copernicus,2026-08-04 12:00:00 UTC
5177,2026-08-04 16:00:00,8,4,16,17,2018,29.995522,39.445122,Copernicus,Copernicus,2026-08-04 13:00:00 UTC
5178,2026-08-04 17:00:00,8,4,17,18,2018,30.013485,39.447487,Copernicus,Copernicus,2026-08-04 14:00:00 UTC
5179,2026-08-04 18:00:00,8,4,18,19,2018,30.022970,39.448772,Copernicus,Copernicus,2026-08-04 15:00:00 UTC
5180,2026-08-04 19:00:00,8,4,19,20,2018,30.024094,39.449028,Copernicus,Copernicus,2026-08-04 16:00:00 UTC
5181,2026-08-04 20:00:00,8,4,20,21,2018,30.017544,39.448368,Copernicus,Copernicus,2026-08-04 17:00:00 UTC
5182,2026-08-04 21:00:00,8,4,21,22,2018,30.004202,39.446850,Copernicus,Copernicus,2026-08-04 18:00:00 UTC
5183,2026-08-04 22:00:00,8,4,22,23,2018,29.984024,39.444500,Copernicus,Copernicus,2026-08-04 19:00:00 UTC
5184,2026-08-04 23:00:00,8,4,23,24,2018,29.957697,39.441448,Copernicus,Copernicus,2026-08-04 20:00:00 UTC
5185,2026-08-05 00:00:00,8,5,0,1,2018,29.927225,39.437977,Copernicus,Copernicus,2026-08-04 21:00:00 UTC
5186,2026-08-05 01:00:00,8,5,1,2,2018,29.895901,39.434444,Copernicus,Copernicus,2026-08-04 22:00:00 UTC
5187,2026-08-05 02:00:00,8,5,2,3,2018,29.866711,39.431221,Copernicus,Copernicus,2026-08-04 23:00:00 UTC
5188,2026-08-05 03:00:00,8,5,3,4,2018,29.841681,39.428543,Copernicus,Copernicus,2026-08-05 00:00:00 UTC
5189,2026-08-05 04:00:00,8,5,4,5,2018,29.822367,39.426594,Copernicus,Copernicus,2026-08-05 01:00:00 UTC
5190,2026-08-05 05:00:00,8,5,5,6,2018,29.810677,39.425560,Copernicus,Copernicus,2026-08-05 02:00:00 UTC
5191,2026-08-05 06:00:00,8,5,6,7,2018,29.806919,39.425354,Copernicus,Copernicus,2026-08-05 03:00:00 UTC
5192,2026-08-05 07:00:00,8,5,7,8,2018,29.812441,39.425922,Copernicus,Copernicus,2026-08-05 04:00:00 UTC
5193,2026-08-05 08:00:00,8,5,8,9,2018,29.827621,39.427250,Copernicus,Copernicus,2026-08-05 05:00:00 UTC
5194,2026-08-05 09:00:00,8,5,9,10,2018,29.851707,39.429386,Copernicus,Copernicus,2026-08-05 06:00:00 UTC
5195,2026-08-05 10:00:00,8,5,10,11,2018,29.882624,39.432323,Copernicus,Copernicus,2026-08-05 07:00:00 UTC
5196,2026-08-05 11:00:00,8,5,11,12,2018,29.917500,39.435925,Copernicus,Copernicus,2026-08-05 08:00:00 UTC
5197,2026-08-05 12:00:00,8,5,12,13,2018,29.953537,39.439911,Copernicus,Copernicus,2026-08-05 09:00:00 UTC
5198,2026-08-05 13:00:00,8,5,13,14,2018,29.988438,39.443951,Copernicus,Copernicus,2026-08-05 10:00:00 UTC
5199,2026-08-05 14:00:00,8,5,14,15,2018,30.020611,39.447784,Copernicus,Copernicus,2026-08-05 11:00:00 UTC
5200,2026-08-05 15:00:00,8,5,15,16,2018,30.049103,39.451225,Copernicus,Copernicus,2026-08-05 12:00:00 UTC
5201,2026-08-05 16:00:00,8,5,16,17,2018,30.072304,39.454014,Copernicus,Copernicus,2026-08-05 13:00:00 UTC
5202,2026-08-05 17:00:00,8,5,17,18,2018,30.088083,39.455864,Copernicus,Copernicus,2026-08-05 14:00:00 UTC
5203,2026-08-05 18:00:00,8,5,18,19,2018,30.096380,39.456715,Copernicus,Copernicus,2026-08-05 15:00:00 UTC
5204,2026-08-05 19:00:00,8,5,19,20,2018,30.097857,39.456673,Copernicus,Copernicus,2026-08-05 16:00:00 UTC
5205,2026-08-05 20:00:00,8,5,20,21,2018,30.093441,39.455898,Copernicus,Copernicus,2026-08-05 17:00:00 UTC
5206,2026-08-05 21:00:00,8,5,21,22,2018,30.084305,39.454506,Copernicus,Copernicus,2026-08-05 18:00:00 UTC
5207,2026-08-05 22:00:00,8,5,22,23,2018,30.069193,39.452320,Copernicus,Copernicus,2026-08-05 19:00:00 UTC
5208,2026-08-05 23:00:00,8,5,23,24,2018,30.053150,39.450085,Copernicus,Copernicus,2026-08-05 20:00:00 UTC
5209,2026-08-06 00:00:00,8,6,0,1,2018,30.030476,39.447063,Copernicus,Copernicus,2026-08-05 21:00:00 UTC
5210,2026-08-06 01:00:00,8,6,1,2,2018,29.999706,39.443115,Copernicus,Copernicus,2026-08-05 22:00:00 UTC
5211,2026-08-06 02:00:00,8,6,2,3,2018,29.968279,39.439274,Copernicus,Copernicus,2026-08-05 23:00:00 UTC
5212,2026-08-06 03:00:00,8,6,3,4,2018,29.940298,39.436035,Copernicus,Copernicus,2026-08-06 00:00:00 UTC
5213,2026-08-06 04:00:00,8,6,4,5,2018,29.918344,39.433640,Copernicus,Copernicus,2026-08-06 01:00:00 UTC
5214,2026-08-06 05:00:00,8,6,5,6,2018,29.903879,39.432190,Copernicus,Copernicus,2026-08-06 02:00:00 UTC
5215,2026-08-06 06:00:00,8,6,6,7,2018,29.897873,39.431679,Copernicus,Copernicus,2026-08-06 03:00:00 UTC
5216,2026-08-06 07:00:00,8,6,7,8,2018,29.901445,39.432087,Copernicus,Copernicus,2026-08-06 04:00:00 UTC
5217,2026-08-06 08:00:00,8,6,8,9,2018,29.916922,39.433624,Copernicus,Copernicus,2026-08-06 05:00:00 UTC
5218,2026-08-06 09:00:00,8,6,9,10,2018,29.942488,39.436131,Copernicus,Copernicus,2026-08-06 06:00:00 UTC
5219,2026-08-06 10:00:00,8,6,10,11,2018,29.975985,39.439499,Copernicus,Copernicus,2026-08-06 07:00:00 UTC
5220,2026-08-06 11:00:00,8,6,11,12,2018,30.014915,39.443581,Copernicus,Copernicus,2026-08-06 08:00:00 UTC
5221,2026-08-06 12:00:00,8,6,12,13,2018,30.056644,39.448090,Copernicus,Copernicus,2026-08-06 09:00:00 UTC
5222,2026-08-06 13:00:00,8,6,13,14,2018,30.098419,39.452698,Copernicus,Copernicus,2026-08-06 10:00:00 UTC
5223,2026-08-06 14:00:00,8,6,14,15,2018,30.137794,39.457127,Copernicus,Copernicus,2026-08-06 11:00:00 UTC
5224,2026-08-06 15:00:00,8,6,15,16,2018,30.172342,39.461174,Copernicus,Copernicus,2026-08-06 12:00:00 UTC
5225,2026-08-06 16:00:00,8,6,16,17,2018,30.199196,39.464458,Copernicus,Copernicus,2026-08-06 13:00:00 UTC
5226,2026-08-06 17:00:00,8,6,17,18,2018,30.216246,39.466446,Copernicus,Copernicus,2026-08-06 14:00:00 UTC
5227,2026-08-06 18:00:00,8,6,18,19,2018,30.223585,39.467087,Copernicus,Copernicus,2026-08-06 15:00:00 UTC
5228,2026-08-06 19:00:00,8,6,19,20,2018,30.222281,39.466721,Copernicus,Copernicus,2026-08-06 16:00:00 UTC
5229,2026-08-06 20:00:00,8,6,20,21,2018,30.211945,39.465401,Copernicus,Copernicus,2026-08-06 17:00:00 UTC
5230,2026-08-06 21:00:00,8,6,21,22,2018,30.189138,39.462509,Copernicus,Copernicus,2026-08-06 18:00:00 UTC
5231,2026-08-06 22:00:00,8,6,22,23,2018,30.154091,39.457989,Copernicus,Copernicus,2026-08-06 19:00:00 UTC
5232,2026-08-06 23:00:00,8,6,23,24,2018,30.113413,39.452728,Copernicus,Copernicus,2026-08-06 20:00:00 UTC
5233,2026-08-07 00:00:00,8,7,0,1,2018,30.067341,39.446938,Copernicus,Copernicus,2026-08-06 21:00:00 UTC
5234,2026-08-07 01:00:00,8,7,1,2,2018,30.019197,39.441154,Copernicus,Copernicus,2026-08-06 22:00:00 UTC
5235,2026-08-07 02:00:00,8,7,2,3,2018,29.971577,39.435799,Copernicus,Copernicus,2026-08-06 23:00:00 UTC
5236,2026-08-07 03:00:00,8,7,3,4,2018,29.929125,39.431427,Copernicus,Copernicus,2026-08-07 00:00:00 UTC
5237,2026-08-07 04:00:00,8,7,4,5,2018,29.893133,39.428150,Copernicus,Copernicus,2026-08-07 01:00:00 UTC
5238,2026-08-07 05:00:00,8,7,5,6,2018,29.864687,39.425941,Copernicus,Copernicus,2026-08-07 02:00:00 UTC
5239,2026-08-07 06:00:00,8,7,6,7,2018,29.846357,39.424736,Copernicus,Copernicus,2026-08-07 03:00:00 UTC
5240,2026-08-07 07:00:00,8,7,7,8,2018,29.839983,39.424446,Copernicus,Copernicus,2026-08-07 04:00:00 UTC
5241,2026-08-07 08:00:00,8,7,8,9,2018,29.845146,39.424950,Copernicus,Copernicus,2026-08-07 05:00:00 UTC
5242,2026-08-07 09:00:00,8,7,9,10,2018,29.860907,39.426086,Copernicus,Copernicus,2026-08-07 06:00:00 UTC
5243,2026-08-07 10:00:00,8,7,10,11,2018,29.884880,39.427757,Copernicus,Copernicus,2026-08-07 07:00:00 UTC
5244,2026-08-07 11:00:00,8,7,11,12,2018,29.914341,39.429901,Copernicus,Copernicus,2026-08-07 08:00:00 UTC
5245,2026-08-07 12:00:00,8,7,12,13,2018,29.946836,39.432362,Copernicus,Copernicus,2026-08-07 09:00:00 UTC
5246,2026-08-07 13:00:00,8,7,13,14,2018,29.980165,39.435028,Copernicus,Copernicus,2026-08-07 10:00:00 UTC
5247,2026-08-07 14:00:00,8,7,14,15,2018,30.013212,39.437840,Copernicus,Copernicus,2026-08-07 11:00:00 UTC
5248,2026-08-07 15:00:00,8,7,15,16,2018,30.044716,39.440685,Copernicus,Copernicus,2026-08-07 12:00:00 UTC
5249,2026-08-07 16:00:00,8,7,16,17,2018,30.071039,39.443176,Copernicus,Copernicus,2026-08-07 13:00:00 UTC
5250,2026-08-07 17:00:00,8,7,17,18,2018,30.087597,39.444717,Copernicus,Copernicus,2026-08-07 14:00:00 UTC
5251,2026-08-07 18:00:00,8,7,18,19,2018,30.092428,39.445068,Copernicus,Copernicus,2026-08-07 15:00:00 UTC
5252,2026-08-07 19:00:00,8,7,19,20,2018,30.085020,39.444393,Copernicus,Copernicus,2026-08-07 16:00:00 UTC
5253,2026-08-07 20:00:00,8,7,20,21,2018,30.066835,39.442799,Copernicus,Copernicus,2026-08-07 17:00:00 UTC
5254,2026-08-07 21:00:00,8,7,21,22,2018,30.037954,39.440140,Copernicus,Copernicus,2026-08-07 18:00:00 UTC
5255,2026-08-07 22:00:00,8,7,22,23,2018,29.999950,39.436565,Copernicus,Copernicus,2026-08-07 19:00:00 UTC
5256,2026-08-07 23:00:00,8,7,23,24,2018,29.957058,39.432549,Copernicus,Copernicus,2026-08-07 20:00:00 UTC
5257,2026-08-08 00:00:00,8,8,0,1,2018,29.914484,39.428669,Copernicus,Copernicus,2026-08-07 21:00:00 UTC
5258,2026-08-08 01:00:00,8,8,1,2,2018,29.876419,39.425350,Copernicus,Copernicus,2026-08-07 22:00:00 UTC
5259,2026-08-08 02:00:00,8,8,2,3,2018,29.844509,39.422771,Copernicus,Copernicus,2026-08-07 23:00:00 UTC
5260,2026-08-08 03:00:00,8,8,3,4,2018,29.819244,39.420902,Copernicus,Copernicus,2026-08-08 00:00:00 UTC
5261,2026-08-08 04:00:00,8,8,4,5,2018,29.801197,39.419731,Copernicus,Copernicus,2026-08-08 01:00:00 UTC
5262,2026-08-08 05:00:00,8,8,5,6,2018,29.790312,39.419209,Copernicus,Copernicus,2026-08-08 02:00:00 UTC
5263,2026-08-08 06:00:00,8,8,6,7,2018,29.786161,39.419243,Copernicus,Copernicus,2026-08-08 03:00:00 UTC
5264,2026-08-08 07:00:00,8,8,7,8,2018,29.789455,39.419735,Copernicus,Copernicus,2026-08-08 04:00:00 UTC
5265,2026-08-08 08:00:00,8,8,8,9,2018,29.802017,39.420708,Copernicus,Copernicus,2026-08-08 05:00:00 UTC
5266,2026-08-08 09:00:00,8,8,9,10,2018,29.824339,39.422226,Copernicus,Copernicus,2026-08-08 06:00:00 UTC
5267,2026-08-08 10:00:00,8,8,10,11,2018,29.854908,39.424389,Copernicus,Copernicus,2026-08-08 07:00:00 UTC
5268,2026-08-08 11:00:00,8,8,11,12,2018,29.891785,39.427204,Copernicus,Copernicus,2026-08-08 08:00:00 UTC
5269,2026-08-08 12:00:00,8,8,12,13,2018,29.932407,39.430569,Copernicus,Copernicus,2026-08-08 09:00:00 UTC
5270,2026-08-08 13:00:00,8,8,13,14,2018,29.974222,39.434303,Copernicus,Copernicus,2026-08-08 10:00:00 UTC
5271,2026-08-08 14:00:00,8,8,14,15,2018,30.014841,39.438194,Copernicus,Copernicus,2026-08-08 11:00:00 UTC
5272,2026-08-08 15:00:00,8,8,15,16,2018,30.052059,39.442024,Copernicus,Copernicus,2026-08-08 12:00:00 UTC
5273,2026-08-08 16:00:00,8,8,16,17,2018,30.082823,39.445328,Copernicus,Copernicus,2026-08-08 13:00:00 UTC
5274,2026-08-08 17:00:00,8,8,17,18,2018,30.104008,39.447598,Copernicus,Copernicus,2026-08-08 14:00:00 UTC
5275,2026-08-08 18:00:00,8,8,18,19,2018,30.114893,39.448681,Copernicus,Copernicus,2026-08-08 15:00:00 UTC
5276,2026-08-08 19:00:00,8,8,19,20,2018,30.115681,39.448700,Copernicus,Copernicus,2026-08-08 16:00:00 UTC
5277,2026-08-08 20:00:00,8,8,20,21,2018,30.107338,39.447849,Copernicus,Copernicus,2026-08-08 17:00:00 UTC
5278,2026-08-08 21:00:00,8,8,21,22,2018,30.091728,39.446224,Copernicus,Copernicus,2026-08-08 18:00:00 UTC
5279,2026-08-08 22:00:00,8,8,22,23,2018,30.070303,39.443924,Copernicus,Copernicus,2026-08-08 19:00:00 UTC
5280,2026-08-08 23:00:00,8,8,23,24,2018,30.045107,39.441196,Copernicus,Copernicus,2026-08-08 20:00:00 UTC
5281,2026-08-09 00:00:00,8,9,0,1,2018,30.018665,39.438374,Copernicus,Copernicus,2026-08-08 21:00:00 UTC
5282,2026-08-09 01:00:00,8,9,1,2,2018,29.992916,39.435757,Copernicus,Copernicus,2026-08-08 22:00:00 UTC
5283,2026-08-09 02:00:00,8,9,2,3,2018,29.970091,39.433537,Copernicus,Copernicus,2026-08-08 23:00:00 UTC
5284,2026-08-09 03:00:00,8,9,3,4,2018,29.951994,39.431877,Copernicus,Copernicus,2026-08-09 00:00:00 UTC
5285,2026-08-09 04:00:00,8,9,4,5,2018,29.940359,39.430939,Copernicus,Copernicus,2026-08-09 01:00:00 UTC
5286,2026-08-09 05:00:00,8,9,5,6,2018,29.935886,39.430771,Copernicus,Copernicus,2026-08-09 02:00:00 UTC
5287,2026-08-09 06:00:00,8,9,6,7,2018,29.938145,39.431396,Copernicus,Copernicus,2026-08-09 03:00:00 UTC
5288,2026-08-09 07:00:00,8,9,7,8,2018,29.955196,39.434212,Copernicus,Copernicus,2026-08-09 04:00:00 UTC
5289,2026-08-09 08:00:00,8,9,8,9,2018,29.980757,39.438236,Copernicus,Copernicus,2026-08-09 05:00:00 UTC
5290,2026-08-09 09:00:00,8,9,9,10,2018,30.008867,39.442234,Copernicus,Copernicus,2026-08-09 06:00:00 UTC
5291,2026-08-09 10:00:00,8,9,10,11,2018,30.036524,39.445847,Copernicus,Copernicus,2026-08-09 07:00:00 UTC
5292,2026-08-09 11:00:00,8,9,11,12,2018,30.062244,39.448936,Copernicus,Copernicus,2026-08-09 08:00:00 UTC
5293,2026-08-09 12:00:00,8,9,12,13,2018,30.085657,39.451488,Copernicus,Copernicus,2026-08-09 09:00:00 UTC
5294,2026-08-09 13:00:00,8,9,13,14,2018,30.107132,39.453594,Copernicus,Copernicus,2026-08-09 10:00:00 UTC
5295,2026-08-09 14:00:00,8,9,14,15,2018,30.126972,39.455379,Copernicus,Copernicus,2026-08-09 11:00:00 UTC
5296,2026-08-09 15:00:00,8,9,15,16,2018,30.144833,39.456917,Copernicus,Copernicus,2026-08-09 12:00:00 UTC
5297,2026-08-09 16:00:00,8,9,16,17,2018,30.159210,39.458126,Copernicus,Copernicus,2026-08-09 13:00:00 UTC
5298,2026-08-09 17:00:00,8,9,17,18,2018,30.168730,39.458855,Copernicus,Copernicus,2026-08-09 14:00:00 UTC
5299,2026-08-09 18:00:00,8,9,18,19,2018,30.173561,39.459095,Copernicus,Copernicus,2026-08-09 15:00:00 UTC
5300,2026-08-09 19:00:00,8,9,19,20,2018,30.174843,39.458973,Copernicus,Copernicus,2026-08-09 16:00:00 UTC
5301,2026-08-09 20:00:00,8,9,20,21,2018,30.173891,39.458572,Copernicus,Copernicus,2026-08-09 17:00:00 UTC
5302,2026-08-09 21:00:00,8,9,21,22,2018,30.171320,39.457920,Copernicus,Copernicus,2026-08-09 18:00:00 UTC
5303,2026-08-09 22:00:00,8,9,22,23,2018,30.167088,39.457016,Copernicus,Copernicus,2026-08-09 19:00:00 UTC
5304,2026-08-09 23:00:00,8,9,23,24,2018,30.161285,39.455921,Copernicus,Copernicus,2026-08-09 20:00:00 UTC
5305,2026-08-10 00:00:00,8,10,0,1,2018,30.154593,39.454769,Copernicus,Copernicus,2026-08-09 21:00:00 UTC
5306,2026-08-10 01:00:00,8,10,1,2,2018,30.148458,39.453735,Copernicus,Copernicus,2026-08-09 22:00:00 UTC
5307,2026-08-10 02:00:00,8,10,2,3,2018,30.144133,39.452953,Copernicus,Copernicus,2026-08-09 23:00:00 UTC
5308,2026-08-10 03:00:00,8,10,3,4,2018,30.143518,39.452682,Copernicus,Copernicus,2026-08-10 00:00:00 UTC
5309,2026-08-10 04:00:00,8,10,4,5,2018,30.148262,39.453121,Copernicus,Copernicus,2026-08-10 01:00:00 UTC
5310,2026-08-10 05:00:00,8,10,5,6,2018,30.158146,39.454166,Copernicus,Copernicus,2026-08-10 02:00:00 UTC
5311,2026-08-10 06:00:00,8,10,6,7,2018,30.174927,39.456459,Copernicus,Copernicus,2026-08-10 03:00:00 UTC
5312,2026-08-10 07:00:00,8,10,7,8,2018,30.197048,39.459915,Copernicus,Copernicus,2026-08-10 04:00:00 UTC
5313,2026-08-10 08:00:00,8,10,8,9,2018,30.221375,39.463490,Copernicus,Copernicus,2026-08-10 05:00:00 UTC
5314,2026-08-10 09:00:00,8,10,9,10,2018,30.244915,39.466507,Copernicus,Copernicus,2026-08-10 06:00:00 UTC
5315,2026-08-10 10:00:00,8,10,10,11,2018,30.266466,39.469032,Copernicus,Copernicus,2026-08-10 07:00:00 UTC
5316,2026-08-10 11:00:00,8,10,11,12,2018,30.286043,39.471016,Copernicus,Copernicus,2026-08-10 08:00:00 UTC
5317,2026-08-10 12:00:00,8,10,12,13,2018,30.304316,39.472496,Copernicus,Copernicus,2026-08-10 09:00:00 UTC
5318,2026-08-10 13:00:00,8,10,13,14,2018,30.320704,39.473553,Copernicus,Copernicus,2026-08-10 10:00:00 UTC
5319,2026-08-10 14:00:00,8,10,14,15,2018,30.335001,39.474243,Copernicus,Copernicus,2026-08-10 11:00:00 UTC
5320,2026-08-10 15:00:00,8,10,15,16,2018,30.347464,39.474632,Copernicus,Copernicus,2026-08-10 12:00:00 UTC
5321,2026-08-10 16:00:00,8,10,16,17,2018,30.358339,39.474808,Copernicus,Copernicus,2026-08-10 13:00:00 UTC
5322,2026-08-10 17:00:00,8,10,17,18,2018,30.367228,39.474834,Copernicus,Copernicus,2026-08-10 14:00:00 UTC
5323,2026-08-10 18:00:00,8,10,18,19,2018,30.374035,39.474812,Copernicus,Copernicus,2026-08-10 15:00:00 UTC
5324,2026-08-10 19:00:00,8,10,19,20,2018,30.379395,39.474796,Copernicus,Copernicus,2026-08-10 16:00:00 UTC
5325,2026-08-10 20:00:00,8,10,20,21,2018,30.384533,39.474808,Copernicus,Copernicus,2026-08-10 17:00:00 UTC
5326,2026-08-10 21:00:00,8,10,21,22,2018,30.389532,39.474815,Copernicus,Copernicus,2026-08-10 18:00:00 UTC
5327,2026-08-10 22:00:00,8,10,22,23,2018,30.394850,39.474827,Copernicus,Copernicus,2026-08-10 19:00:00 UTC
5328,2026-08-10 23:00:00,8,10,23,24,2018,30.402205,39.474957,Copernicus,Copernicus,2026-08-10 20:00:00 UTC
5329,2026-08-11 00:00:00,8,11,0,1,2018,30.412798,39.475288,Copernicus,Copernicus,2026-08-10 21:00:00 UTC
5330,2026-08-11 01:00:00,8,11,1,2,2018,30.428102,39.476067,Copernicus,Copernicus,2026-08-10 22:00:00 UTC
5331,2026-08-11 02:00:00,8,11,2,3,2018,30.447300,39.477379,Copernicus,Copernicus,2026-08-10 23:00:00 UTC
5332,2026-08-11 03:00:00,8,11,3,4,2018,30.469208,39.479153,Copernicus,Copernicus,2026-08-11 00:00:00 UTC
5333,2026-08-11 04:00:00,8,11,4,5,2018,30.494802,39.481720,Copernicus,Copernicus,2026-08-11 01:00:00 UTC
5334,2026-08-11 05:00:00,8,11,5,6,2018,30.522333,39.485832,Copernicus,Copernicus,2026-08-11 02:00:00 UTC
5335,2026-08-11 06:00:00,8,11,6,7,2018,30.541973,39.489281,Copernicus,Copernicus,2026-08-11 03:00:00 UTC
5336,2026-08-11 07:00:00,8,11,7,8,2018,30.554264,39.491661,Copernicus,Copernicus,2026-08-11 04:00:00 UTC
5337,2026-08-11 08:00:00,8,11,8,9,2018,30.562737,39.493145,Copernicus,Copernicus,2026-08-11 05:00:00 UTC
5338,2026-08-11 09:00:00,8,11,9,10,2018,30.569595,39.493950,Copernicus,Copernicus,2026-08-11 06:00:00 UTC
5339,2026-08-11 10:00:00,8,11,10,11,2018,30.576654,39.494347,Copernicus,Copernicus,2026-08-11 07:00:00 UTC
5340,2026-08-11 11:00:00,8,11,11,12,2018,30.584803,39.494549,Copernicus,Copernicus,2026-08-11 08:00:00 UTC
5341,2026-08-11 12:00:00,8,11,12,13,2018,30.594048,39.494690,Copernicus,Copernicus,2026-08-11 09:00:00 UTC
5342,2026-08-11 13:00:00,8,11,13,14,2018,30.603685,39.494766,Copernicus,Copernicus,2026-08-11 10:00:00 UTC
5343,2026-08-11 14:00:00,8,11,14,15,2018,30.612801,39.494755,Copernicus,Copernicus,2026-08-11 11:00:00 UTC
5344,2026-08-11 15:00:00,8,11,15,16,2018,30.620813,39.494682,Copernicus,Copernicus,2026-08-11 12:00:00 UTC
5345,2026-08-11 16:00:00,8,11,16,17,2018,30.627224,39.494564,Copernicus,Copernicus,2026-08-11 13:00:00 UTC
5346,2026-08-11 17:00:00,8,11,17,18,2018,30.631895,39.494396,Copernicus,Copernicus,2026-08-11 14:00:00 UTC
5347,2026-08-11 18:00:00,8,11,18,19,2018,30.634832,39.494175,Copernicus,Copernicus,2026-08-11 15:00:00 UTC
5348,2026-08-11 19:00:00,8,11,19,20,2018,30.636318,39.493919,Copernicus,Copernicus,2026-08-11 16:00:00 UTC
5349,2026-08-11 20:00:00,8,11,20,21,2018,30.637260,39.493649,Copernicus,Copernicus,2026-08-11 17:00:00 UTC
5350,2026-08-11 21:00:00,8,11,21,22,2018,30.638130,39.493389,Copernicus,Copernicus,2026-08-11 18:00:00 UTC
5351,2026-08-11 22:00:00,8,11,22,23,2018,30.638853,39.493160,Copernicus,Copernicus,2026-08-11 19:00:00 UTC
5352,2026-08-11 23:00:00,8,11,23,24,2018,30.639414,39.492989,Copernicus,Copernicus,2026-08-11 20:00:00 UTC
5353,2026-08-12 00:00:00,8,12,0,1,2018,30.639906,39.492882,Copernicus,Copernicus,2026-08-11 21:00:00 UTC
5354,2026-08-12 01:00:00,8,12,1,2,2018,30.640528,39.492825,Copernicus,Copernicus,2026-08-11 22:00:00 UTC
5355,2026-08-12 02:00:00,8,12,2,3,2018,30.641510,39.492817,Copernicus,Copernicus,2026-08-11 23:00:00 UTC
5356,2026-08-12 03:00:00,8,12,3,4,2018,30.642851,39.492847,Copernicus,Copernicus,2026-08-12 00:00:00 UTC
5357,2026-08-12 04:00:00,8,12,4,5,2018,30.644619,39.492928,Copernicus,Copernicus,2026-08-12 01:00:00 UTC
5358,2026-08-12 05:00:00,8,12,5,6,2018,30.646969,39.493130,Copernicus,Copernicus,2026-08-12 02:00:00 UTC
5359,2026-08-12 06:00:00,8,12,6,7,2018,30.649939,39.493336,Copernicus,Copernicus,2026-08-12 03:00:00 UTC
5360,2026-08-12 07:00:00,8,12,7,8,2018,30.654982,39.493542,Copernicus,Copernicus,2026-08-12 04:00:00 UTC
5361,2026-08-12 08:00:00,8,12,8,9,2018,30.662195,39.493740,Copernicus,Copernicus,2026-08-12 05:00:00 UTC
5362,2026-08-12 09:00:00,8,12,9,10,2018,30.671467,39.493954,Copernicus,Copernicus,2026-08-12 06:00:00 UTC
5363,2026-08-12 10:00:00,8,12,10,11,2018,30.682417,39.494198,Copernicus,Copernicus,2026-08-12 07:00:00 UTC
5364,2026-08-12 11:00:00,8,12,11,12,2018,30.694582,39.494480,Copernicus,Copernicus,2026-08-12 08:00:00 UTC
5365,2026-08-12 12:00:00,8,12,12,13,2018,30.707516,39.494797,Copernicus,Copernicus,2026-08-12 09:00:00 UTC
5366,2026-08-12 13:00:00,8,12,13,14,2018,30.720842,39.495148,Copernicus,Copernicus,2026-08-12 10:00:00 UTC
5367,2026-08-12 14:00:00,8,12,14,15,2018,30.734062,39.495529,Copernicus,Copernicus,2026-08-12 11:00:00 UTC
5368,2026-08-12 15:00:00,8,12,15,16,2018,30.746592,39.495918,Copernicus,Copernicus,2026-08-12 12:00:00 UTC
5369,2026-08-12 16:00:00,8,12,16,17,2018,30.757965,39.496307,Copernicus,Copernicus,2026-08-12 13:00:00 UTC
5370,2026-08-12 17:00:00,8,12,17,18,2018,30.767872,39.496708,Copernicus,Copernicus,2026-08-12 14:00:00 UTC
5371,2026-08-12 18:00:00,8,12,18,19,2018,30.776140,39.497124,Copernicus,Copernicus,2026-08-12 15:00:00 UTC
5372,2026-08-12 19:00:00,8,12,19,20,2018,30.782946,39.497566,Copernicus,Copernicus,2026-08-12 16:00:00 UTC
5373,2026-08-12 20:00:00,8,12,20,21,2018,30.789169,39.498051,Copernicus,Copernicus,2026-08-12 17:00:00 UTC
5374,2026-08-12 21:00:00,8,12,21,22,2018,30.795343,39.498589,Copernicus,Copernicus,2026-08-12 18:00:00 UTC
5375,2026-08-12 22:00:00,8,12,22,23,2018,30.801613,39.499184,Copernicus,Copernicus,2026-08-12 19:00:00 UTC
5376,2026-08-12 23:00:00,8,12,23,24,2018,30.808409,39.499798,Copernicus,Copernicus,2026-08-12 20:00:00 UTC
5377,2026-08-13 00:00:00,8,13,0,1,2018,30.816729,39.500401,Copernicus,Copernicus,2026-08-12 21:00:00 UTC
5378,2026-08-13 01:00:00,8,13,1,2,2018,30.827717,39.500999,Copernicus,Copernicus,2026-08-12 22:00:00 UTC
5379,2026-08-13 02:00:00,8,13,2,3,2018,30.841816,39.501476,Copernicus,Copernicus,2026-08-12 23:00:00 UTC
5380,2026-08-13 03:00:00,8,13,3,4,2018,30.857967,39.501659,Copernicus,Copernicus,2026-08-13 00:00:00 UTC
5381,2026-08-13 04:00:00,8,13,4,5,2018,30.875330,39.501785,Copernicus,Copernicus,2026-08-13 01:00:00 UTC
5382,2026-08-13 05:00:00,8,13,5,6,2018,30.891474,39.501942,Copernicus,Copernicus,2026-08-13 02:00:00 UTC
5383,2026-08-13 06:00:00,8,13,6,7,2018,30.902676,39.501320,Copernicus,Copernicus,2026-08-13 03:00:00 UTC
5384,2026-08-13 07:00:00,8,13,7,8,2018,30.909637,39.500416,Copernicus,Copernicus,2026-08-13 04:00:00 UTC
5385,2026-08-13 08:00:00,8,13,8,9,2018,30.915859,39.499813,Copernicus,Copernicus,2026-08-13 05:00:00 UTC
5386,2026-08-13 09:00:00,8,13,9,10,2018,30.922724,39.499523,Copernicus,Copernicus,2026-08-13 06:00:00 UTC
5387,2026-08-13 10:00:00,8,13,10,11,2018,30.930771,39.499470,Copernicus,Copernicus,2026-08-13 07:00:00 UTC
5388,2026-08-13 11:00:00,8,13,11,12,2018,30.940105,39.499561,Copernicus,Copernicus,2026-08-13 08:00:00 UTC
5389,2026-08-13 12:00:00,8,13,12,13,2018,30.950592,39.499710,Copernicus,Copernicus,2026-08-13 09:00:00 UTC
5390,2026-08-13 13:00:00,8,13,13,14,2018,30.961992,39.499866,Copernicus,Copernicus,2026-08-13 10:00:00 UTC
5391,2026-08-13 14:00:00,8,13,14,15,2018,30.973227,39.499989,Copernicus,Copernicus,2026-08-13 11:00:00 UTC
5392,2026-08-13 15:00:00,8,13,15,16,2018,30.983679,39.500034,Copernicus,Copernicus,2026-08-13 12:00:00 UTC
5393,2026-08-13 16:00:00,8,13,16,17,2018,30.992838,39.499966,Copernicus,Copernicus,2026-08-13 13:00:00 UTC
5394,2026-08-13 17:00:00,8,13,17,18,2018,31.000387,39.499741,Copernicus,Copernicus,2026-08-13 14:00:00 UTC
5395,2026-08-13 18:00:00,8,13,18,19,2018,31.006592,39.499348,Copernicus,Copernicus,2026-08-13 15:00:00 UTC
5396,2026-08-13 19:00:00,8,13,19,20,2018,31.012112,39.498787,Copernicus,Copernicus,2026-08-13 16:00:00 UTC
5397,2026-08-13 20:00:00,8,13,20,21,2018,31.017687,39.498051,Copernicus,Copernicus,2026-08-13 17:00:00 UTC
5398,2026-08-13 21:00:00,8,13,21,22,2018,31.023165,39.497150,Copernicus,Copernicus,2026-08-13 18:00:00 UTC
5399,2026-08-13 22:00:00,8,13,22,23,2018,31.028400,39.496075,Copernicus,Copernicus,2026-08-13 19:00:00 UTC
5400,2026-08-13 23:00:00,8,13,23,24,2018,31.033823,39.494938,Copernicus,Copernicus,2026-08-13 20:00:00 UTC
5401,2026-08-14 00:00:00,8,14,0,1,2018,31.040442,39.493931,Copernicus,Copernicus,2026-08-13 21:00:00 UTC
5402,2026-08-14 01:00:00,8,14,1,2,2018,31.048124,39.493179,Copernicus,Copernicus,2026-08-13 22:00:00 UTC
5403,2026-08-14 02:00:00,8,14,2,3,2018,31.056004,39.492733,Copernicus,Copernicus,2026-08-13 23:00:00 UTC
5404,2026-08-14 03:00:00,8,14,3,4,2018,31.063421,39.492550,Copernicus,Copernicus,2026-08-14 00:00:00 UTC
5405,2026-08-14 04:00:00,8,14,4,5,2018,31.070082,39.492554,Copernicus,Copernicus,2026-08-14 01:00:00 UTC
5406,2026-08-14 05:00:00,8,14,5,6,2018,31.076029,39.492680,Copernicus,Copernicus,2026-08-14 02:00:00 UTC
5407,2026-08-14 06:00:00,8,14,6,7,2018,31.081110,39.492706,Copernicus,Copernicus,2026-08-14 03:00:00 UTC
5408,2026-08-14 07:00:00,8,14,7,8,2018,31.086226,39.492584,Copernicus,Copernicus,2026-08-14 04:00:00 UTC
5409,2026-08-14 08:00:00,8,14,8,9,2018,31.092138,39.492195,Copernicus,Copernicus,2026-08-14 05:00:00 UTC
5410,2026-08-14 09:00:00,8,14,9,10,2018,31.099113,39.491508,Copernicus,Copernicus,2026-08-14 06:00:00 UTC
5411,2026-08-14 10:00:00,8,14,10,11,2018,31.107115,39.490517,Copernicus,Copernicus,2026-08-14 07:00:00 UTC
5412,2026-08-14 11:00:00,8,14,11,12,2018,31.116045,39.489178,Copernicus,Copernicus,2026-08-14 08:00:00 UTC
5413,2026-08-14 12:00:00,8,14,12,13,2018,31.125668,39.487427,Copernicus,Copernicus,2026-08-14 09:00:00 UTC
5414,2026-08-14 13:00:00,8,14,13,14,2018,31.135637,39.485188,Copernicus,Copernicus,2026-08-14 10:00:00 UTC
5415,2026-08-14 14:00:00,8,14,14,15,2018,31.145514,39.482464,Copernicus,Copernicus,2026-08-14 11:00:00 UTC
5416,2026-08-14 15:00:00,8,14,15,16,2018,31.154905,39.479382,Copernicus,Copernicus,2026-08-14 12:00:00 UTC
5417,2026-08-14 16:00:00,8,14,16,17,2018,31.163496,39.476028,Copernicus,Copernicus,2026-08-14 13:00:00 UTC
5418,2026-08-14 17:00:00,8,14,17,18,2018,31.170984,39.472557,Copernicus,Copernicus,2026-08-14 14:00:00 UTC
5419,2026-08-14 18:00:00,8,14,18,19,2018,31.176979,39.469154,Copernicus,Copernicus,2026-08-14 15:00:00 UTC
5420,2026-08-14 19:00:00,8,14,19,20,2018,31.181818,39.466003,Copernicus,Copernicus,2026-08-14 16:00:00 UTC
5421,2026-08-14 20:00:00,8,14,20,21,2018,31.186789,39.463215,Copernicus,Copernicus,2026-08-14 17:00:00 UTC
5422,2026-08-14 21:00:00,8,14,21,22,2018,31.192875,39.460846,Copernicus,Copernicus,2026-08-14 18:00:00 UTC
5423,2026-08-14 22:00:00,8,14,22,23,2018,31.200649,39.458908,Copernicus,Copernicus,2026-08-14 19:00:00 UTC
5424,2026-08-14 23:00:00,8,14,23,24,2018,31.210098,39.457439,Copernicus,Copernicus,2026-08-14 20:00:00 UTC
5425,2026-08-15 00:00:00,8,15,0,1,2018,31.220119,39.456406,Copernicus,Copernicus,2026-08-14 21:00:00 UTC
5426,2026-08-15 01:00:00,8,15,1,2,2018,31.229841,39.455822,Copernicus,Copernicus,2026-08-14 22:00:00 UTC
5427,2026-08-15 02:00:00,8,15,2,3,2018,31.238930,39.455711,Copernicus,Copernicus,2026-08-14 23:00:00 UTC
5428,2026-08-15 03:00:00,8,15,3,4,2018,31.147966,39.479958,Estimated_harmonic,Estimated_harmonic,
5429,2026-08-15 04:00:00,8,15,4,5,2018,31.148000,39.480176,Estimated_harmonic,Estimated_harmonic,
5430,2026-08-15 05:00:00,8,15,5,6,2018,31.148026,39.480395,Estimated_harmonic,Estimated_harmonic,
5431,2026-08-15 06:00:00,8,15,6,7,2018,31.148045,39.480613,Estimated_harmonic,Estimated_harmonic,
5432,2026-08-15 07:00:00,8,15,7,8,2018,31.148057,39.480832,Estimated_harmonic,Estimated_harmonic,
5433,2026-08-15 08:00:00,8,15,8,9,2018,31.148061,39.481051,Estimated_harmonic,Estimated_harmonic,
5434,2026-08-15 09:00:00,8,15,9,10,2018,31.148058,39.481270,Estimated_harmonic,Estimated_harmonic,
5435,2026-08-15 10:00:00,8,15,10,11,2018,31.148047,39.481489,Estimated_harmonic,Estimated_harmonic,
5436,2026-08-15 11:00:00,8,15,11,12,2018,31.148029,39.481708,Estimated_harmonic,Estimated_harmonic,
5437,2026-08-15 12:00:00,8,15,12,13,2018,31.148003,39.481927,Estimated_harmonic,Estimated_harmonic,
5438,2026-08-15 13:00:00,8,15,13,14,2018,31.147970,39.482146,Estimated_harmonic,Estimated_harmonic,
5439,2026-08-15 14:00:00,8,15,14,15,2018,31.147930,39.482365,Estimated_harmonic,Estimated_harmonic,
5440,2026-08-15 15:00:00,8,15,15,16,2018,31.147882,39.482585,Estimated_harmonic,Estimated_harmonic,
5441,2026-08-15 16:00:00,8,15,16,17,2018,31.147827,39.482804,Estimated_harmonic,Estimated_harmonic,
5442,2026-08-15 17:00:00,8,15,17,18,2018,31.147764,39.483024,Estimated_harmonic,Estimated_harmonic,
5443,2026-08-15 18:00:00,8,15,18,19,2018,31.147694,39.483244,Estimated_harmonic,Estimated_harmonic,
5444,2026-08-15 19:00:00,8,15,19,20,2018,31.147617,39.483464,Estimated_harmonic,Estimated_harmonic,
5445,2026-08-15 20:00:00,8,15,20,21,2018,31.147532,39.483683,Estimated_harmonic,Estimated_harmonic,
5446,2026-08-15 21:00:00,8,15,21,22,2018,31.147440,39.483904,Estimated_harmonic,Estimated_harmonic,
5447,2026-08-15 22:00:00,8,15,22,23,2018,31.147340,39.484124,Estimated_harmonic,Estimated_harmonic,
5448,2026-08-15 23:00:00,8,15,23,24,2018,31.147233,39.484344,Estimated_harmonic,Estimated_harmonic,
5449,2026-08-16 00:00:00,8,16,0,1,2018,31.147119,39.484564,Estimated_harmonic,Estimated_harmonic,
5450,2026-08-16 01:00:00,8,16,1,2,2018,31.146998,39.484785,Estimated_harmonic,Estimated_harmonic,
5451,2026-08-16 02:00:00,8,16,2,3,2018,31.146869,39.485005,Estimated_harmonic,Estimated_harmonic,
5452,2026-08-16 03:00:00,8,16,3,4,2018,31.146733,39.485226,Estimated_harmonic,Estimated_harmonic,
5453,2026-08-16 04:00:00,8,16,4,5,2018,31.146589,39.485446,Estimated_harmonic,Estimated_harmonic,
5454,2026-08-16 05:00:00,8,16,5,6,2018,31.146438,39.485667,Estimated_harmonic,Estimated_harmonic,
5455,2026-08-16 06:00:00,8,16,6,7,2018,31.146280,39.485888,Estimated_harmonic,Estimated_harmonic,
5456,2026-08-16 07:00:00,8,16,7,8,2018,31.146114,39.486109,Estimated_harmonic,Estimated_harmonic,
5457,2026-08-16 08:00:00,8,16,8,9,2018,31.145941,39.486330,Estimated_harmonic,Estimated_harmonic,
5458,2026-08-16 09:00:00,8,16,9,10,2018,31.145761,39.486551,Estimated_harmonic,Estimated_harmonic,
5459,2026-08-16 10:00:00,8,16,10,11,2018,31.145574,39.486773,Estimated_harmonic,Estimated_harmonic,
5460,2026-08-16 11:00:00,8,16,11,12,2018,31.145379,39.486994,Estimated_harmonic,Estimated_harmonic,
5461,2026-08-16 12:00:00,8,16,12,13,2018,31.145177,39.487216,Estimated_harmonic,Estimated_harmonic,
5462,2026-08-16 13:00:00,8,16,13,14,2018,31.144968,39.487437,Estimated_harmonic,Estimated_harmonic,
5463,2026-08-16 14:00:00,8,16,14,15,2018,31.144751,39.487659,Estimated_harmonic,Estimated_harmonic,
5464,2026-08-16 15:00:00,8,16,15,16,2018,31.144527,39.487881,Estimated_harmonic,Estimated_harmonic,
5465,2026-08-16 16:00:00,8,16,16,17,2018,31.144296,39.488103,Estimated_harmonic,Estimated_harmonic,
5466,2026-08-16 17:00:00,8,16,17,18,2018,31.144058,39.488324,Estimated_harmonic,Estimated_harmonic,
5467,2026-08-16 18:00:00,8,16,18,19,2018,31.143812,39.488547,Estimated_harmonic,Estimated_harmonic,
5468,2026-08-16 19:00:00,8,16,19,20,2018,31.143559,39.488769,Estimated_harmonic,Estimated_harmonic,
5469,2026-08-16 20:00:00,8,16,20,21,2018,31.143299,39.488991,Estimated_harmonic,Estimated_harmonic,
5470,2026-08-16 21:00:00,8,16,21,22,2018,31.143032,39.489213,Estimated_harmonic,Estimated_harmonic,
5471,2026-08-16 22:00:00,8,16,22,23,2018,31.142758,39.489436,Estimated_harmonic,Estimated_harmonic,
5472,2026-08-16 23:00:00,8,16,23,24,2018,31.142476,39.489658,Estimated_harmonic,Estimated_harmonic,
5473,2026-08-17 00:00:00,8,17,0,1,2018,31.142187,39.489881,Estimated_harmonic,Estimated_harmonic,
5474,2026-08-17 01:00:00,8,17,1,2,2018,31.141891,39.490103,Estimated_harmonic,Estimated_harmonic,
5475,2026-08-17 02:00:00,8,17,2,3,2018,31.141587,39.490326,Estimated_harmonic,Estimated_harmonic,
5476,2026-08-17 03:00:00,8,17,3,4,2018,31.141277,39.490549,Estimated_harmonic,Estimated_harmonic,
5477,2026-08-17 04:00:00,8,17,4,5,2018,31.140959,39.490772,Estimated_harmonic,Estimated_harmonic,
5478,2026-08-17 05:00:00,8,17,5,6,2018,31.140634,39.490995,Estimated_harmonic,Estimated_harmonic,
5479,2026-08-17 06:00:00,8,17,6,7,2018,31.140302,39.491218,Estimated_harmonic,Estimated_harmonic,
5480,2026-08-17 07:00:00,8,17,7,8,2018,31.139963,39.491442,Estimated_harmonic,Estimated_harmonic,
5481,2026-08-17 08:00:00,8,17,8,9,2018,31.139616,39.491665,Estimated_harmonic,Estimated_harmonic,
5482,2026-08-17 09:00:00,8,17,9,10,2018,31.139263,39.491888,Estimated_harmonic,Estimated_harmonic,
5483,2026-08-17 10:00:00,8,17,10,11,2018,31.138902,39.492112,Estimated_harmonic,Estimated_harmonic,
5484,2026-08-17 11:00:00,8,17,11,12,2018,31.138534,39.492335,Estimated_harmonic,Estimated_harmonic,
5485,2026-08-17 12:00:00,8,17,12,13,2018,31.138159,39.492559,Estimated_harmonic,Estimated_harmonic,
5486,2026-08-17 13:00:00,8,17,13,14,2018,31.137777,39.492783,Estimated_harmonic,Estimated_harmonic,
5487,2026-08-17 14:00:00,8,17,14,15,2018,31.137388,39.493007,Estimated_harmonic,Estimated_harmonic,
5488,2026-08-17 15:00:00,8,17,15,16,2018,31.136991,39.493231,Estimated_harmonic,Estimated_harmonic,
5489,2026-08-17 16:00:00,8,17,16,17,2018,31.136588,39.493455,Estimated_harmonic,Estimated_harmonic,
5490,2026-08-17 17:00:00,8,17,17,18,2018,31.136177,39.493679,Estimated_harmonic,Estimated_harmonic,
5491,2026-08-17 18:00:00,8,17,18,19,2018,31.135759,39.493903,Estimated_harmonic,Estimated_harmonic,
5492,2026-08-17 19:00:00,8,17,19,20,2018,31.135335,39.494128,Estimated_harmonic,Estimated_harmonic,
5493,2026-08-17 20:00:00,8,17,20,21,2018,31.134903,39.494352,Estimated_harmonic,Estimated_harmonic,
5494,2026-08-17 21:00:00,8,17,21,22,2018,31.134464,39.494576,Estimated_harmonic,Estimated_harmonic,
5495,2026-08-17 22:00:00,8,17,22,23,2018,31.134018,39.494801,Estimated_harmonic,Estimated_harmonic,
5496,2026-08-17 23:00:00,8,17,23,24,2018,31.133565,39.495026,Estimated_harmonic,Estimated_harmonic,
5497,2026-08-18 00:00:00,8,18,0,1,2018,31.133104,39.495250,Estimated_harmonic,Estimated_harmonic,
5498,2026-08-18 01:00:00,8,18,1,2,2018,31.132637,39.495475,Estimated_harmonic,Estimated_harmonic,
5499,2026-08-18 02:00:00,8,18,2,3,2018,31.132163,39.495700,Estimated_harmonic,Estimated_harmonic,
5500,2026-08-18 03:00:00,8,18,3,4,2018,31.131682,39.495925,Estimated_harmonic,Estimated_harmonic,
5501,2026-08-18 04:00:00,8,18,4,5,2018,31.131193,39.496150,Estimated_harmonic,Estimated_harmonic,
5502,2026-08-18 05:00:00,8,18,5,6,2018,31.130698,39.496376,Estimated_harmonic,Estimated_harmonic,
5503,2026-08-18 06:00:00,8,18,6,7,2018,31.130195,39.496601,Estimated_harmonic,Estimated_harmonic,
5504,2026-08-18 07:00:00,8,18,7,8,2018,31.129686,39.496826,Estimated_harmonic,Estimated_harmonic,
5505,2026-08-18 08:00:00,8,18,8,9,2018,31.129170,39.497052,Estimated_harmonic,Estimated_harmonic,
5506,2026-08-18 09:00:00,8,18,9,10,2018,31.128646,39.497277,Estimated_harmonic,Estimated_harmonic,
5507,2026-08-18 10:00:00,8,18,10,11,2018,31.128116,39.497503,Estimated_harmonic,Estimated_harmonic,
5508,2026-08-18 11:00:00,8,18,11,12,2018,31.127578,39.497729,Estimated_harmonic,Estimated_harmonic,
5509,2026-08-18 12:00:00,8,18,12,13,2018,31.127034,39.497954,Estimated_harmonic,Estimated_harmonic,
5510,2026-08-18 13:00:00,8,18,13,14,2018,31.126482,39.498180,Estimated_harmonic,Estimated_harmonic,
5511,2026-08-18 14:00:00,8,18,14,15,2018,31.125924,39.498406,Estimated_harmonic,Estimated_harmonic,
5512,2026-08-18 15:00:00,8,18,15,16,2018,31.125359,39.498632,Estimated_harmonic,Estimated_harmonic,
5513,2026-08-18 16:00:00,8,18,16,17,2018,31.124786,39.498858,Estimated_harmonic,Estimated_harmonic,
5514,2026-08-18 17:00:00,8,18,17,18,2018,31.124207,39.499085,Estimated_harmonic,Estimated_harmonic,
5515,2026-08-18 18:00:00,8,18,18,19,2018,31.123621,39.499311,Estimated_harmonic,Estimated_harmonic,
5516,2026-08-18 19:00:00,8,18,19,20,2018,31.123028,39.499537,Estimated_harmonic,Estimated_harmonic,
5517,2026-08-18 20:00:00,8,18,20,21,2018,31.122428,39.499764,Estimated_harmonic,Estimated_harmonic,
5518,2026-08-18 21:00:00,8,18,21,22,2018,31.121821,39.499990,Estimated_harmonic,Estimated_harmonic,
5519,2026-08-18 22:00:00,8,18,22,23,2018,31.121207,39.500217,Estimated_harmonic,Estimated_harmonic,
5520,2026-08-18 23:00:00,8,18,23,24,2018,31.120586,39.500444,Estimated_harmonic,Estimated_harmonic,
5521,2026-08-19 00:00:00,8,19,0,1,2018,31.119958,39.500670,Estimated_harmonic,Estimated_harmonic,
5522,2026-08-19 01:00:00,8,19,1,2,2018,31.119323,39.500897,Estimated_harmonic,Estimated_harmonic,
5523,2026-08-19 02:00:00,8,19,2,3,2018,31.118682,39.501124,Estimated_harmonic,Estimated_harmonic,
5524,2026-08-19 03:00:00,8,19,3,4,2018,31.118033,39.501351,Estimated_harmonic,Estimated_harmonic,
5525,2026-08-19 04:00:00,8,19,4,5,2018,31.117378,39.501578,Estimated_harmonic,Estimated_harmonic,
5526,2026-08-19 05:00:00,8,19,5,6,2018,31.116716,39.501805,Estimated_harmonic,Estimated_harmonic,
5527,2026-08-19 06:00:00,8,19,6,7,2018,31.116047,39.502033,Estimated_harmonic,Estimated_harmonic,
5528,2026-08-19 07:00:00,8,19,7,8,2018,31.115371,39.502260,Estimated_harmonic,Estimated_harmonic,
5529,2026-08-19 08:00:00,8,19,8,9,2018,31.114688,39.502488,Estimated_harmonic,Estimated_harmonic,
5530,2026-08-19 09:00:00,8,19,9,10,2018,31.113998,39.502715,Estimated_harmonic,Estimated_harmonic,
5531,2026-08-19 10:00:00,8,19,10,11,2018,31.113302,39.502943,Estimated_harmonic,Estimated_harmonic,
5532,2026-08-19 11:00:00,8,19,11,12,2018,31.112599,39.503170,Estimated_harmonic,Estimated_harmonic,
5533,2026-08-19 12:00:00,8,19,12,13,2018,31.111888,39.503398,Estimated_harmonic,Estimated_harmonic,
5534,2026-08-19 13:00:00,8,19,13,14,2018,31.111172,39.503626,Estimated_harmonic,Estimated_harmonic,
5535,2026-08-19 14:00:00,8,19,14,15,2018,31.110448,39.503854,Estimated_harmonic,Estimated_harmonic,
5536,2026-08-19 15:00:00,8,19,15,16,2018,31.109717,39.504082,Estimated_harmonic,Estimated_harmonic,
5537,2026-08-19 16:00:00,8,19,16,17,2018,31.108980,39.504310,Estimated_harmonic,Estimated_harmonic,
5538,2026-08-19 17:00:00,8,19,17,18,2018,31.108236,39.504538,Estimated_harmonic,Estimated_harmonic,
5539,2026-08-19 18:00:00,8,19,18,19,2018,31.107485,39.504766,Estimated_harmonic,Estimated_harmonic,
5540,2026-08-19 19:00:00,8,19,19,20,2018,31.106727,39.504995,Estimated_harmonic,Estimated_harmonic,
5541,2026-08-19 20:00:00,8,19,20,21,2018,31.105962,39.505223,Estimated_harmonic,Estimated_harmonic,
5542,2026-08-19 21:00:00,8,19,21,22,2018,31.105191,39.505451,Estimated_harmonic,Estimated_harmonic,
5543,2026-08-19 22:00:00,8,19,22,23,2018,31.104413,39.505680,Estimated_harmonic,Estimated_harmonic,
5544,2026-08-19 23:00:00,8,19,23,24,2018,31.103628,39.505909,Estimated_harmonic,Estimated_harmonic,
5545,2026-08-20 00:00:00,8,20,0,1,2018,31.102836,39.506137,Estimated_harmonic,Estimated_harmonic,
5546,2026-08-20 01:00:00,8,20,1,2,2018,31.102038,39.506366,Estimated_harmonic,Estimated_harmonic,
5547,2026-08-20 02:00:00,8,20,2,3,2018,31.101233,39.506595,Estimated_harmonic,Estimated_harmonic,
5548,2026-08-20 03:00:00,8,20,3,4,2018,31.100421,39.506824,Estimated_harmonic,Estimated_harmonic,
5549,2026-08-20 04:00:00,8,20,4,5,2018,31.099603,39.507053,Estimated_harmonic,Estimated_harmonic,
5550,2026-08-20 05:00:00,8,20,5,6,2018,31.098778,39.507282,Estimated_harmonic,Estimated_harmonic,
5551,2026-08-20 06:00:00,8,20,6,7,2018,31.097946,39.507511,Estimated_harmonic,Estimated_harmonic,
5552,2026-08-20 07:00:00,8,20,7,8,2018,31.097107,39.507740,Estimated_harmonic,Estimated_harmonic,
5553,2026-08-20 08:00:00,8,20,8,9,2018,31.096262,39.507970,Estimated_harmonic,Estimated_harmonic,
5554,2026-08-20 09:00:00,8,20,9,10,2018,31.095410,39.508199,Estimated_harmonic,Estimated_harmonic,
5555,2026-08-20 10:00:00,8,20,10,11,2018,31.094551,39.508428,Estimated_harmonic,Estimated_harmonic,
5556,2026-08-20 11:00:00,8,20,11,12,2018,31.093686,39.508658,Estimated_harmonic,Estimated_harmonic,
5557,2026-08-20 12:00:00,8,20,12,13,2018,31.092814,39.508888,Estimated_harmonic,Estimated_harmonic,
5558,2026-08-20 13:00:00,8,20,13,14,2018,31.091935,39.509117,Estimated_harmonic,Estimated_harmonic,
5559,2026-08-20 14:00:00,8,20,14,15,2018,31.091050,39.509347,Estimated_harmonic,Estimated_harmonic,
5560,2026-08-20 15:00:00,8,20,15,16,2018,31.090158,39.509577,Estimated_harmonic,Estimated_harmonic,
5561,2026-08-20 16:00:00,8,20,16,17,2018,31.089259,39.509807,Estimated_harmonic,Estimated_harmonic,
5562,2026-08-20 17:00:00,8,20,17,18,2018,31.088354,39.510037,Estimated_harmonic,Estimated_harmonic,
5563,2026-08-20 18:00:00,8,20,18,19,2018,31.087442,39.510267,Estimated_harmonic,Estimated_harmonic,
5564,2026-08-20 19:00:00,8,20,19,20,2018,31.086523,39.510497,Estimated_harmonic,Estimated_harmonic,
5565,2026-08-20 20:00:00,8,20,20,21,2018,31.085598,39.510727,Estimated_harmonic,Estimated_harmonic,
5566,2026-08-20 21:00:00,8,20,21,22,2018,31.084666,39.510957,Estimated_harmonic,Estimated_harmonic,
5567,2026-08-20 22:00:00,8,20,22,23,2018,31.083728,39.511188,Estimated_harmonic,Estimated_harmonic,
5568,2026-08-20 23:00:00,8,20,23,24,2018,31.082783,39.511418,Estimated_harmonic,Estimated_harmonic,
5569,2026-08-21 00:00:00,8,21,0,1,2018,31.081832,39.511648,Estimated_harmonic,Estimated_harmonic,
5570,2026-08-21 01:00:00,8,21,1,2,2018,31.080874,39.511879,Estimated_harmonic,Estimated_harmonic,
5571,2026-08-21 02:00:00,8,21,2,3,2018,31.079909,39.512110,Estimated_harmonic,Estimated_harmonic,
5572,2026-08-21 03:00:00,8,21,3,4,2018,31.078938,39.512340,Estimated_harmonic,Estimated_harmonic,
5573,2026-08-21 04:00:00,8,21,4,5,2018,31.077960,39.512571,Estimated_harmonic,Estimated_harmonic,
5574,2026-08-21 05:00:00,8,21,5,6,2018,31.076976,39.512802,Estimated_harmonic,Estimated_harmonic,
5575,2026-08-21 06:00:00,8,21,6,7,2018,31.075985,39.513033,Estimated_harmonic,Estimated_harmonic,
5576,2026-08-21 07:00:00,8,21,7,8,2018,31.074987,39.513264,Estimated_harmonic,Estimated_harmonic,
5577,2026-08-21 08:00:00,8,21,8,9,2018,31.073984,39.513495,Estimated_harmonic,Estimated_harmonic,
5578,2026-08-21 09:00:00,8,21,9,10,2018,31.072973,39.513726,Estimated_harmonic,Estimated_harmonic,
5579,2026-08-21 10:00:00,8,21,10,11,2018,31.071956,39.513957,Estimated_harmonic,Estimated_harmonic,
5580,2026-08-21 11:00:00,8,21,11,12,2018,31.070933,39.514188,Estimated_harmonic,Estimated_harmonic,
5581,2026-08-21 12:00:00,8,21,12,13,2018,31.069903,39.514420,Estimated_harmonic,Estimated_harmonic,
5582,2026-08-21 13:00:00,8,21,13,14,2018,31.068866,39.514651,Estimated_harmonic,Estimated_harmonic,
5583,2026-08-21 14:00:00,8,21,14,15,2018,31.067823,39.514883,Estimated_harmonic,Estimated_harmonic,
5584,2026-08-21 15:00:00,8,21,15,16,2018,31.066774,39.515114,Estimated_harmonic,Estimated_harmonic,
5585,2026-08-21 16:00:00,8,21,16,17,2018,31.065718,39.515346,Estimated_harmonic,Estimated_harmonic,
5586,2026-08-21 17:00:00,8,21,17,18,2018,31.064656,39.515577,Estimated_harmonic,Estimated_harmonic,
5587,2026-08-21 18:00:00,8,21,18,19,2018,31.063587,39.515809,Estimated_harmonic,Estimated_harmonic,
5588,2026-08-21 19:00:00,8,21,19,20,2018,31.062511,39.516041,Estimated_harmonic,Estimated_harmonic,
5589,2026-08-21 20:00:00,8,21,20,21,2018,31.061430,39.516273,Estimated_harmonic,Estimated_harmonic,
5590,2026-08-21 21:00:00,8,21,21,22,2018,31.060342,39.516505,Estimated_harmonic,Estimated_harmonic,
5591,2026-08-21 22:00:00,8,21,22,23,2018,31.059247,39.516737,Estimated_harmonic,Estimated_harmonic,
5592,2026-08-21 23:00:00,8,21,23,24,2018,31.058146,39.516969,Estimated_harmonic,Estimated_harmonic,
5593,2026-08-22 00:00:00,8,22,0,1,2018,31.057039,39.517201,Estimated_harmonic,Estimated_harmonic,
5594,2026-08-22 01:00:00,8,22,1,2,2018,31.055925,39.517433,Estimated_harmonic,Estimated_harmonic,
5595,2026-08-22 02:00:00,8,22,2,3,2018,31.054805,39.517665,Estimated_harmonic,Estimated_harmonic,
5596,2026-08-22 03:00:00,8,22,3,4,2018,31.053678,39.517898,Estimated_harmonic,Estimated_harmonic,
5597,2026-08-22 04:00:00,8,22,4,5,2018,31.052545,39.518130,Estimated_harmonic,Estimated_harmonic,
5598,2026-08-22 05:00:00,8,22,5,6,2018,31.051406,39.518363,Estimated_harmonic,Estimated_harmonic,
5599,2026-08-22 06:00:00,8,22,6,7,2018,31.050260,39.518595,Estimated_harmonic,Estimated_harmonic,
5600,2026-08-22 07:00:00,8,22,7,8,2018,31.049108,39.518828,Estimated_harmonic,Estimated_harmonic,
5601,2026-08-22 08:00:00,8,22,8,9,2018,31.047949,39.519061,Estimated_harmonic,Estimated_harmonic,
5602,2026-08-22 09:00:00,8,22,9,10,2018,31.046784,39.519293,Estimated_harmonic,Estimated_harmonic,
5603,2026-08-22 10:00:00,8,22,10,11,2018,31.045613,39.519526,Estimated_harmonic,Estimated_harmonic,
5604,2026-08-22 11:00:00,8,22,11,12,2018,31.044436,39.519759,Estimated_harmonic,Estimated_harmonic,
5605,2026-08-22 12:00:00,8,22,12,13,2018,31.043252,39.519992,Estimated_harmonic,Estimated_harmonic,
5606,2026-08-22 13:00:00,8,22,13,14,2018,31.042062,39.520225,Estimated_harmonic,Estimated_harmonic,
5607,2026-08-22 14:00:00,8,22,14,15,2018,31.040865,39.520458,Estimated_harmonic,Estimated_harmonic,
5608,2026-08-22 15:00:00,8,22,15,16,2018,31.039662,39.520691,Estimated_harmonic,Estimated_harmonic,
5609,2026-08-22 16:00:00,8,22,16,17,2018,31.038453,39.520924,Estimated_harmonic,Estimated_harmonic,
5610,2026-08-22 17:00:00,8,22,17,18,2018,31.037238,39.521157,Estimated_harmonic,Estimated_harmonic,
5611,2026-08-22 18:00:00,8,22,18,19,2018,31.036016,39.521391,Estimated_harmonic,Estimated_harmonic,
5612,2026-08-22 19:00:00,8,22,19,20,2018,31.034788,39.521624,Estimated_harmonic,Estimated_harmonic,
5613,2026-08-22 20:00:00,8,22,20,21,2018,31.033554,39.521858,Estimated_harmonic,Estimated_harmonic,
5614,2026-08-22 21:00:00,8,22,21,22,2018,31.032314,39.522091,Estimated_harmonic,Estimated_harmonic,
5615,2026-08-22 22:00:00,8,22,22,23,2018,31.031067,39.522325,Estimated_harmonic,Estimated_harmonic,
5616,2026-08-22 23:00:00,8,22,23,24,2018,31.029814,39.522558,Estimated_harmonic,Estimated_harmonic,
5617,2026-08-23 00:00:00,8,23,0,1,2018,31.028555,39.522792,Estimated_harmonic,Estimated_harmonic,
5618,2026-08-23 01:00:00,8,23,1,2,2018,31.027289,39.523026,Estimated_harmonic,Estimated_harmonic,
5619,2026-08-23 02:00:00,8,23,2,3,2018,31.026018,39.523259,Estimated_harmonic,Estimated_harmonic,
5620,2026-08-23 03:00:00,8,23,3,4,2018,31.024740,39.523493,Estimated_harmonic,Estimated_harmonic,
5621,2026-08-23 04:00:00,8,23,4,5,2018,31.023456,39.523727,Estimated_harmonic,Estimated_harmonic,
5622,2026-08-23 05:00:00,8,23,5,6,2018,31.022165,39.523961,Estimated_harmonic,Estimated_harmonic,
5623,2026-08-23 06:00:00,8,23,6,7,2018,31.020869,39.524195,Estimated_harmonic,Estimated_harmonic,
5624,2026-08-23 07:00:00,8,23,7,8,2018,31.019566,39.524429,Estimated_harmonic,Estimated_harmonic,
5625,2026-08-23 08:00:00,8,23,8,9,2018,31.018257,39.524664,Estimated_harmonic,Estimated_harmonic,
5626,2026-08-23 09:00:00,8,23,9,10,2018,31.016942,39.524898,Estimated_harmonic,Estimated_harmonic,
5627,2026-08-23 10:00:00,8,23,10,11,2018,31.015621,39.525132,Estimated_harmonic,Estimated_harmonic,
5628,2026-08-23 11:00:00,8,23,11,12,2018,31.014294,39.525366,Estimated_harmonic,Estimated_harmonic,
5629,2026-08-23 12:00:00,8,23,12,13,2018,31.012960,39.525601,Estimated_harmonic,Estimated_harmonic,
5630,2026-08-23 13:00:00,8,23,13,14,2018,31.011621,39.525835,Estimated_harmonic,Estimated_harmonic,
5631,2026-08-23 14:00:00,8,23,14,15,2018,31.010275,39.526070,Estimated_harmonic,Estimated_harmonic,
5632,2026-08-23 15:00:00,8,23,15,16,2018,31.008923,39.526304,Estimated_harmonic,Estimated_harmonic,
5633,2026-08-23 16:00:00,8,23,16,17,2018,31.007565,39.526539,Estimated_harmonic,Estimated_harmonic,
5634,2026-08-23 17:00:00,8,23,17,18,2018,31.006201,39.526774,Estimated_harmonic,Estimated_harmonic,
5635,2026-08-23 18:00:00,8,23,18,19,2018,31.004830,39.527009,Estimated_harmonic,Estimated_harmonic,
5636,2026-08-23 19:00:00,8,23,19,20,2018,31.003454,39.527243,Estimated_harmonic,Estimated_harmonic,
5637,2026-08-23 20:00:00,8,23,20,21,2018,31.002071,39.527478,Estimated_harmonic,Estimated_harmonic,
5638,2026-08-23 21:00:00,8,23,21,22,2018,31.000683,39.527713,Estimated_harmonic,Estimated_harmonic,
5639,2026-08-23 22:00:00,8,23,22,23,2018,30.999288,39.527948,Estimated_harmonic,Estimated_harmonic,
5640,2026-08-23 23:00:00,8,23,23,24,2018,30.997887,39.528183,Estimated_harmonic,Estimated_harmonic,
5641,2026-08-24 00:00:00,8,24,0,1,2018,30.996481,39.528418,Estimated_harmonic,Estimated_harmonic,
5642,2026-08-24 01:00:00,8,24,1,2,2018,30.995068,39.528653,Estimated_harmonic,Estimated_harmonic,
5643,2026-08-24 02:00:00,8,24,2,3,2018,30.993649,39.528889,Estimated_harmonic,Estimated_harmonic,
5644,2026-08-24 03:00:00,8,24,3,4,2018,30.992224,39.529124,Estimated_harmonic,Estimated_harmonic,
5645,2026-08-24 04:00:00,8,24,4,5,2018,30.990793,39.529359,Estimated_harmonic,Estimated_harmonic,
5646,2026-08-24 05:00:00,8,24,5,6,2018,30.989356,39.529595,Estimated_harmonic,Estimated_harmonic,
5647,2026-08-24 06:00:00,8,24,6,7,2018,30.987913,39.529830,Estimated_harmonic,Estimated_harmonic,
5648,2026-08-24 07:00:00,8,24,7,8,2018,30.986464,39.530066,Estimated_harmonic,Estimated_harmonic,
5649,2026-08-24 08:00:00,8,24,8,9,2018,30.985009,39.530301,Estimated_harmonic,Estimated_harmonic,
5650,2026-08-24 09:00:00,8,24,9,10,2018,30.983548,39.530537,Estimated_harmonic,Estimated_harmonic,
5651,2026-08-24 10:00:00,8,24,10,11,2018,30.982081,39.530772,Estimated_harmonic,Estimated_harmonic,
5652,2026-08-24 11:00:00,8,24,11,12,2018,30.980608,39.531008,Estimated_harmonic,Estimated_harmonic,
5653,2026-08-24 12:00:00,8,24,12,13,2018,30.979129,39.531244,Estimated_harmonic,Estimated_harmonic,
5654,2026-08-24 13:00:00,8,24,13,14,2018,30.977644,39.531480,Estimated_harmonic,Estimated_harmonic,
5655,2026-08-24 14:00:00,8,24,14,15,2018,30.976153,39.531716,Estimated_harmonic,Estimated_harmonic,
5656,2026-08-24 15:00:00,8,24,15,16,2018,30.974657,39.531952,Estimated_harmonic,Estimated_harmonic,
5657,2026-08-24 16:00:00,8,24,16,17,2018,30.973154,39.532188,Estimated_harmonic,Estimated_harmonic,
5658,2026-08-24 17:00:00,8,24,17,18,2018,30.971645,39.532424,Estimated_harmonic,Estimated_harmonic,
5659,2026-08-24 18:00:00,8,24,18,19,2018,30.970130,39.532660,Estimated_harmonic,Estimated_harmonic,
5660,2026-08-24 19:00:00,8,24,19,20,2018,30.968610,39.532896,Estimated_harmonic,Estimated_harmonic,
5661,2026-08-24 20:00:00,8,24,20,21,2018,30.967083,39.533132,Estimated_harmonic,Estimated_harmonic,
5662,2026-08-24 21:00:00,8,24,21,22,2018,30.965551,39.533368,Estimated_harmonic,Estimated_harmonic,
5663,2026-08-24 22:00:00,8,24,22,23,2018,30.964013,39.533605,Estimated_harmonic,Estimated_harmonic,
5664,2026-08-24 23:00:00,8,24,23,24,2018,30.962469,39.533841,Estimated_harmonic,Estimated_harmonic,
5665,2026-08-25 00:00:00,8,25,0,1,2018,30.960919,39.534077,Estimated_harmonic,Estimated_harmonic,
5666,2026-08-25 01:00:00,8,25,1,2,2018,30.959363,39.534314,Estimated_harmonic,Estimated_harmonic,
5667,2026-08-25 02:00:00,8,25,2,3,2018,30.957801,39.534550,Estimated_harmonic,Estimated_harmonic,
5668,2026-08-25 03:00:00,8,25,3,4,2018,30.956233,39.534787,Estimated_harmonic,Estimated_harmonic,
5669,2026-08-25 04:00:00,8,25,4,5,2018,30.954660,39.535024,Estimated_harmonic,Estimated_harmonic,
5670,2026-08-25 05:00:00,8,25,5,6,2018,30.953081,39.535260,Estimated_harmonic,Estimated_harmonic,
5671,2026-08-25 06:00:00,8,25,6,7,2018,30.951496,39.535497,Estimated_harmonic,Estimated_harmonic,
5672,2026-08-25 07:00:00,8,25,7,8,2018,30.949905,39.535734,Estimated_harmonic,Estimated_harmonic,
5673,2026-08-25 08:00:00,8,25,8,9,2018,30.948308,39.535970,Estimated_harmonic,Estimated_harmonic,
5674,2026-08-25 09:00:00,8,25,9,10,2018,30.946705,39.536207,Estimated_harmonic,Estimated_harmonic,
5675,2026-08-25 10:00:00,8,25,10,11,2018,30.945097,39.536444,Estimated_harmonic,Estimated_harmonic,
5676,2026-08-25 11:00:00,8,25,11,12,2018,30.943483,39.536681,Estimated_harmonic,Estimated_harmonic,
5677,2026-08-25 12:00:00,8,25,12,13,2018,30.941863,39.536918,Estimated_harmonic,Estimated_harmonic,
5678,2026-08-25 13:00:00,8,25,13,14,2018,30.940237,39.537155,Estimated_harmonic,Estimated_harmonic,
5679,2026-08-25 14:00:00,8,25,14,15,2018,30.938605,39.537392,Estimated_harmonic,Estimated_harmonic,
5680,2026-08-25 15:00:00,8,25,15,16,2018,30.936968,39.537630,Estimated_harmonic,Estimated_harmonic,
5681,2026-08-25 16:00:00,8,25,16,17,2018,30.935325,39.537867,Estimated_harmonic,Estimated_harmonic,
5682,2026-08-25 17:00:00,8,25,17,18,2018,30.933676,39.538104,Estimated_harmonic,Estimated_harmonic,
5683,2026-08-25 18:00:00,8,25,18,19,2018,30.932022,39.538341,Estimated_harmonic,Estimated_harmonic,
5684,2026-08-25 19:00:00,8,25,19,20,2018,30.930361,39.538579,Estimated_harmonic,Estimated_harmonic,
5685,2026-08-25 20:00:00,8,25,20,21,2018,30.928695,39.538816,Estimated_harmonic,Estimated_harmonic,
5686,2026-08-25 21:00:00,8,25,21,22,2018,30.927023,39.539053,Estimated_harmonic,Estimated_harmonic,
5687,2026-08-25 22:00:00,8,25,22,23,2018,30.925346,39.539291,Estimated_harmonic,Estimated_harmonic,
5688,2026-08-25 23:00:00,8,25,23,24,2018,30.923663,39.539529,Estimated_harmonic,Estimated_harmonic,
5689,2026-08-26 00:00:00,8,26,0,1,2018,30.921974,39.539766,Estimated_harmonic,Estimated_harmonic,
5690,2026-08-26 01:00:00,8,26,1,2,2018,30.920280,39.540004,Estimated_harmonic,Estimated_harmonic,
5691,2026-08-26 02:00:00,8,26,2,3,2018,30.918579,39.540241,Estimated_harmonic,Estimated_harmonic,
5692,2026-08-26 03:00:00,8,26,3,4,2018,30.916873,39.540479,Estimated_harmonic,Estimated_harmonic,
5693,2026-08-26 04:00:00,8,26,4,5,2018,30.915162,39.540717,Estimated_harmonic,Estimated_harmonic,
5694,2026-08-26 05:00:00,8,26,5,6,2018,30.913445,39.540955,Estimated_harmonic,Estimated_harmonic,
5695,2026-08-26 06:00:00,8,26,6,7,2018,30.911722,39.541193,Estimated_harmonic,Estimated_harmonic,
5696,2026-08-26 07:00:00,8,26,7,8,2018,30.909993,39.541430,Estimated_harmonic,Estimated_harmonic,
5697,2026-08-26 08:00:00,8,26,8,9,2018,30.908259,39.541668,Estimated_harmonic,Estimated_harmonic,
5698,2026-08-26 09:00:00,8,26,9,10,2018,30.906519,39.541906,Estimated_harmonic,Estimated_harmonic,
5699,2026-08-26 10:00:00,8,26,10,11,2018,30.904774,39.542144,Estimated_harmonic,Estimated_harmonic,
5700,2026-08-26 11:00:00,8,26,11,12,2018,30.903023,39.542383,Estimated_harmonic,Estimated_harmonic,
5701,2026-08-26 12:00:00,8,26,12,13,2018,30.901267,39.542621,Estimated_harmonic,Estimated_harmonic,
5702,2026-08-26 13:00:00,8,26,13,14,2018,30.899504,39.542859,Estimated_harmonic,Estimated_harmonic,
5703,2026-08-26 14:00:00,8,26,14,15,2018,30.897737,39.543097,Estimated_harmonic,Estimated_harmonic,
5704,2026-08-26 15:00:00,8,26,15,16,2018,30.895963,39.543335,Estimated_harmonic,Estimated_harmonic,
5705,2026-08-26 16:00:00,8,26,16,17,2018,30.894184,39.543574,Estimated_harmonic,Estimated_harmonic,
5706,2026-08-26 17:00:00,8,26,17,18,2018,30.892400,39.543812,Estimated_harmonic,Estimated_harmonic,
5707,2026-08-26 18:00:00,8,26,18,19,2018,30.890610,39.544050,Estimated_harmonic,Estimated_harmonic,
5708,2026-08-26 19:00:00,8,26,19,20,2018,30.888814,39.544289,Estimated_harmonic,Estimated_harmonic,
5709,2026-08-26 20:00:00,8,26,20,21,2018,30.887013,39.544527,Estimated_harmonic,Estimated_harmonic,
5710,2026-08-26 21:00:00,8,26,21,22,2018,30.885207,39.544766,Estimated_harmonic,Estimated_harmonic,
5711,2026-08-26 22:00:00,8,26,22,23,2018,30.883395,39.545004,Estimated_harmonic,Estimated_harmonic,
5712,2026-08-26 23:00:00,8,26,23,24,2018,30.881577,39.545243,Estimated_harmonic,Estimated_harmonic,
5713,2026-08-27 00:00:00,8,27,0,1,2018,30.879754,39.545482,Estimated_harmonic,Estimated_harmonic,
5714,2026-08-27 01:00:00,8,27,1,2,2018,30.877925,39.545720,Estimated_harmonic,Estimated_harmonic,
5715,2026-08-27 02:00:00,8,27,2,3,2018,30.876091,39.545959,Estimated_harmonic,Estimated_harmonic,
5716,2026-08-27 03:00:00,8,27,3,4,2018,30.874251,39.546198,Estimated_harmonic,Estimated_harmonic,
5717,2026-08-27 04:00:00,8,27,4,5,2018,30.872406,39.546437,Estimated_harmonic,Estimated_harmonic,
5718,2026-08-27 05:00:00,8,27,5,6,2018,30.870556,39.546675,Estimated_harmonic,Estimated_harmonic,
5719,2026-08-27 06:00:00,8,27,6,7,2018,30.868700,39.546914,Estimated_harmonic,Estimated_harmonic,
5720,2026-08-27 07:00:00,8,27,7,8,2018,30.866838,39.547153,Estimated_harmonic,Estimated_harmonic,
5721,2026-08-27 08:00:00,8,27,8,9,2018,30.864971,39.547392,Estimated_harmonic,Estimated_harmonic,
5722,2026-08-27 09:00:00,8,27,9,10,2018,30.863099,39.547631,Estimated_harmonic,Estimated_harmonic,
5723,2026-08-27 10:00:00,8,27,10,11,2018,30.861221,39.547870,Estimated_harmonic,Estimated_harmonic,
5724,2026-08-27 11:00:00,8,27,11,12,2018,30.859338,39.548109,Estimated_harmonic,Estimated_harmonic,
5725,2026-08-27 12:00:00,8,27,12,13,2018,30.857449,39.548348,Estimated_harmonic,Estimated_harmonic,
5726,2026-08-27 13:00:00,8,27,13,14,2018,30.855555,39.548588,Estimated_harmonic,Estimated_harmonic,
5727,2026-08-27 14:00:00,8,27,14,15,2018,30.853656,39.548827,Estimated_harmonic,Estimated_harmonic,
5728,2026-08-27 15:00:00,8,27,15,16,2018,30.851751,39.549066,Estimated_harmonic,Estimated_harmonic,
5729,2026-08-27 16:00:00,8,27,16,17,2018,30.849841,39.549305,Estimated_harmonic,Estimated_harmonic,
5730,2026-08-27 17:00:00,8,27,17,18,2018,30.847925,39.549545,Estimated_harmonic,Estimated_harmonic,
5731,2026-08-27 18:00:00,8,27,18,19,2018,30.846005,39.549784,Estimated_harmonic,Estimated_harmonic,
5732,2026-08-27 19:00:00,8,27,19,20,2018,30.844078,39.550023,Estimated_harmonic,Estimated_harmonic,
5733,2026-08-27 20:00:00,8,27,20,21,2018,30.842147,39.550263,Estimated_harmonic,Estimated_harmonic,
5734,2026-08-27 21:00:00,8,27,21,22,2018,30.840210,39.550502,Estimated_harmonic,Estimated_harmonic,
5735,2026-08-27 22:00:00,8,27,22,23,2018,30.838268,39.550742,Estimated_harmonic,Estimated_harmonic,
5736,2026-08-27 23:00:00,8,27,23,24,2018,30.836320,39.550981,Estimated_harmonic,Estimated_harmonic,
5737,2026-08-28 00:00:00,8,28,0,1,2018,30.834367,39.551221,Estimated_harmonic,Estimated_harmonic,
5738,2026-08-28 01:00:00,8,28,1,2,2018,30.832409,39.551461,Estimated_harmonic,Estimated_harmonic,
5739,2026-08-28 02:00:00,8,28,2,3,2018,30.830445,39.551700,Estimated_harmonic,Estimated_harmonic,
5740,2026-08-28 03:00:00,8,28,3,4,2018,30.828477,39.551940,Estimated_harmonic,Estimated_harmonic,
5741,2026-08-28 04:00:00,8,28,4,5,2018,30.826502,39.552180,Estimated_harmonic,Estimated_harmonic,
5742,2026-08-28 05:00:00,8,28,5,6,2018,30.824523,39.552419,Estimated_harmonic,Estimated_harmonic,
5743,2026-08-28 06:00:00,8,28,6,7,2018,30.822539,39.552659,Estimated_harmonic,Estimated_harmonic,
5744,2026-08-28 07:00:00,8,28,7,8,2018,30.820549,39.552899,Estimated_harmonic,Estimated_harmonic,
5745,2026-08-28 08:00:00,8,28,8,9,2018,30.818554,39.553139,Estimated_harmonic,Estimated_harmonic,
5746,2026-08-28 09:00:00,8,28,9,10,2018,30.816553,39.553379,Estimated_harmonic,Estimated_harmonic,
5747,2026-08-28 10:00:00,8,28,10,11,2018,30.814548,39.553619,Estimated_harmonic,Estimated_harmonic,
5748,2026-08-28 11:00:00,8,28,11,12,2018,30.812537,39.553859,Estimated_harmonic,Estimated_harmonic,
5749,2026-08-28 12:00:00,8,28,12,13,2018,30.810521,39.554099,Estimated_harmonic,Estimated_harmonic,
5750,2026-08-28 13:00:00,8,28,13,14,2018,30.808500,39.554339,Estimated_harmonic,Estimated_harmonic,
5751,2026-08-28 14:00:00,8,28,14,15,2018,30.806473,39.554579,Estimated_harmonic,Estimated_harmonic,
5752,2026-08-28 15:00:00,8,28,15,16,2018,30.804442,39.554819,Estimated_harmonic,Estimated_harmonic,
5753,2026-08-28 16:00:00,8,28,16,17,2018,30.802405,39.555059,Estimated_harmonic,Estimated_harmonic,
5754,2026-08-28 17:00:00,8,28,17,18,2018,30.800363,39.555299,Estimated_harmonic,Estimated_harmonic,
5755,2026-08-28 18:00:00,8,28,18,19,2018,30.798316,39.555539,Estimated_harmonic,Estimated_harmonic,
5756,2026-08-28 19:00:00,8,28,19,20,2018,30.796263,39.555780,Estimated_harmonic,Estimated_harmonic,
5757,2026-08-28 20:00:00,8,28,20,21,2018,30.794206,39.556020,Estimated_harmonic,Estimated_harmonic,
5758,2026-08-28 21:00:00,8,28,21,22,2018,30.792143,39.556260,Estimated_harmonic,Estimated_harmonic,
5759,2026-08-28 22:00:00,8,28,22,23,2018,30.790076,39.556500,Estimated_harmonic,Estimated_harmonic,
5760,2026-08-28 23:00:00,8,28,23,24,2018,30.788003,39.556741,Estimated_harmonic,Estimated_harmonic,
5761,2026-08-29 00:00:00,8,29,0,1,2018,30.785925,39.556981,Estimated_harmonic,Estimated_harmonic,
5762,2026-08-29 01:00:00,8,29,1,2,2018,30.783842,39.557222,Estimated_harmonic,Estimated_harmonic,
5763,2026-08-29 02:00:00,8,29,2,3,2018,30.781754,39.557462,Estimated_harmonic,Estimated_harmonic,
5764,2026-08-29 03:00:00,8,29,3,4,2018,30.779660,39.557702,Estimated_harmonic,Estimated_harmonic,
5765,2026-08-29 04:00:00,8,29,4,5,2018,30.777562,39.557943,Estimated_harmonic,Estimated_harmonic,
5766,2026-08-29 05:00:00,8,29,5,6,2018,30.775458,39.558183,Estimated_harmonic,Estimated_harmonic,
5767,2026-08-29 06:00:00,8,29,6,7,2018,30.773350,39.558424,Estimated_harmonic,Estimated_harmonic,
5768,2026-08-29 07:00:00,8,29,7,8,2018,30.771236,39.558665,Estimated_harmonic,Estimated_harmonic,
5769,2026-08-29 08:00:00,8,29,8,9,2018,30.769118,39.558905,Estimated_harmonic,Estimated_harmonic,
5770,2026-08-29 09:00:00,8,29,9,10,2018,30.766994,39.559146,Estimated_harmonic,Estimated_harmonic,
5771,2026-08-29 10:00:00,8,29,10,11,2018,30.764865,39.559387,Estimated_harmonic,Estimated_harmonic,
5772,2026-08-29 11:00:00,8,29,11,12,2018,30.762732,39.559627,Estimated_harmonic,Estimated_harmonic,
5773,2026-08-29 12:00:00,8,29,12,13,2018,30.760593,39.559868,Estimated_harmonic,Estimated_harmonic,
5774,2026-08-29 13:00:00,8,29,13,14,2018,30.758449,39.560109,Estimated_harmonic,Estimated_harmonic,
5775,2026-08-29 14:00:00,8,29,14,15,2018,30.756300,39.560350,Estimated_harmonic,Estimated_harmonic,
5776,2026-08-29 15:00:00,8,29,15,16,2018,30.754147,39.560590,Estimated_harmonic,Estimated_harmonic,
5777,2026-08-29 16:00:00,8,29,16,17,2018,30.751988,39.560831,Estimated_harmonic,Estimated_harmonic,
5778,2026-08-29 17:00:00,8,29,17,18,2018,30.749824,39.561072,Estimated_harmonic,Estimated_harmonic,
5779,2026-08-29 18:00:00,8,29,18,19,2018,30.747656,39.561313,Estimated_harmonic,Estimated_harmonic,
5780,2026-08-29 19:00:00,8,29,19,20,2018,30.745482,39.561554,Estimated_harmonic,Estimated_harmonic,
5781,2026-08-29 20:00:00,8,29,20,21,2018,30.743303,39.561795,Estimated_harmonic,Estimated_harmonic,
5782,2026-08-29 21:00:00,8,29,21,22,2018,30.741120,39.562036,Estimated_harmonic,Estimated_harmonic,
5783,2026-08-29 22:00:00,8,29,22,23,2018,30.738931,39.562277,Estimated_harmonic,Estimated_harmonic,
5784,2026-08-29 23:00:00,8,29,23,24,2018,30.736738,39.562518,Estimated_harmonic,Estimated_harmonic,
5785,2026-08-30 00:00:00,8,30,0,1,2018,30.734540,39.562759,Estimated_harmonic,Estimated_harmonic,
5786,2026-08-30 01:00:00,8,30,1,2,2018,30.732336,39.563000,Estimated_harmonic,Estimated_harmonic,
5787,2026-08-30 02:00:00,8,30,2,3,2018,30.730128,39.563241,Estimated_harmonic,Estimated_harmonic,
5788,2026-08-30 03:00:00,8,30,3,4,2018,30.727915,39.563482,Estimated_harmonic,Estimated_harmonic,
5789,2026-08-30 04:00:00,8,30,4,5,2018,30.725697,39.563724,Estimated_harmonic,Estimated_harmonic,
5790,2026-08-30 05:00:00,8,30,5,6,2018,30.723474,39.563965,Estimated_harmonic,Estimated_harmonic,
5791,2026-08-30 06:00:00,8,30,6,7,2018,30.721247,39.564206,Estimated_harmonic,Estimated_harmonic,
5792,2026-08-30 07:00:00,8,30,7,8,2018,30.719014,39.564447,Estimated_harmonic,Estimated_harmonic,
5793,2026-08-30 08:00:00,8,30,8,9,2018,30.716777,39.564689,Estimated_harmonic,Estimated_harmonic,
5794,2026-08-30 09:00:00,8,30,9,10,2018,30.714535,39.564930,Estimated_harmonic,Estimated_harmonic,
5795,2026-08-30 10:00:00,8,30,10,11,2018,30.712288,39.565171,Estimated_harmonic,Estimated_harmonic,
5796,2026-08-30 11:00:00,8,30,11,12,2018,30.710036,39.565412,Estimated_harmonic,Estimated_harmonic,
5797,2026-08-30 12:00:00,8,30,12,13,2018,30.707779,39.565654,Estimated_harmonic,Estimated_harmonic,
5798,2026-08-30 13:00:00,8,30,13,14,2018,30.705518,39.565895,Estimated_harmonic,Estimated_harmonic,
5799,2026-08-30 14:00:00,8,30,14,15,2018,30.703251,39.566137,Estimated_harmonic,Estimated_harmonic,
5800,2026-08-30 15:00:00,8,30,15,16,2018,30.700980,39.566378,Estimated_harmonic,Estimated_harmonic,
5801,2026-08-30 16:00:00,8,30,16,17,2018,30.698704,39.566619,Estimated_harmonic,Estimated_harmonic,
5802,2026-08-30 17:00:00,8,30,17,18,2018,30.696423,39.566861,Estimated_harmonic,Estimated_harmonic,
5803,2026-08-30 18:00:00,8,30,18,19,2018,30.694138,39.567102,Estimated_harmonic,Estimated_harmonic,
5804,2026-08-30 19:00:00,8,30,19,20,2018,30.691848,39.567344,Estimated_harmonic,Estimated_harmonic,
5805,2026-08-30 20:00:00,8,30,20,21,2018,30.689553,39.567585,Estimated_harmonic,Estimated_harmonic,
5806,2026-08-30 21:00:00,8,30,21,22,2018,30.687253,39.567827,Estimated_harmonic,Estimated_harmonic,
5807,2026-08-30 22:00:00,8,30,22,23,2018,30.684949,39.568069,Estimated_harmonic,Estimated_harmonic,
5808,2026-08-30 23:00:00,8,30,23,24,2018,30.682640,39.568310,Estimated_harmonic,Estimated_harmonic,
5809,2026-08-31 00:00:00,8,31,0,1,2018,30.680326,39.568552,Estimated_harmonic,Estimated_harmonic,
5810,2026-08-31 01:00:00,8,31,1,2,2018,30.678007,39.568793,Estimated_harmonic,Estimated_harmonic,
5811,2026-08-31 02:00:00,8,31,2,3,2018,30.675684,39.569035,Estimated_harmonic,Estimated_harmonic,
5812,2026-08-31 03:00:00,8,31,3,4,2018,30.673356,39.569277,Estimated_harmonic,Estimated_harmonic,
5813,2026-08-31 04:00:00,8,31,4,5,2018,30.671023,39.569519,Estimated_harmonic,Estimated_harmonic,
5814,2026-08-31 05:00:00,8,31,5,6,2018,30.668686,39.569760,Estimated_harmonic,Estimated_harmonic,
5815,2026-08-31 06:00:00,8,31,6,7,2018,30.666344,39.570002,Estimated_harmonic,Estimated_harmonic,
5816,2026-08-31 07:00:00,8,31,7,8,2018,30.663997,39.570244,Estimated_harmonic,Estimated_harmonic,
5817,2026-08-31 08:00:00,8,31,8,9,2018,30.661646,39.570486,Estimated_harmonic,Estimated_harmonic,
5818,2026-08-31 09:00:00,8,31,9,10,2018,30.659290,39.570727,Estimated_harmonic,Estimated_harmonic,
5819,2026-08-31 10:00:00,8,31,10,11,2018,30.656929,39.570969,Estimated_harmonic,Estimated_harmonic,
5820,2026-08-31 11:00:00,8,31,11,12,2018,30.654564,39.571211,Estimated_harmonic,Estimated_harmonic,
5821,2026-08-31 12:00:00,8,31,12,13,2018,30.652194,39.571453,Estimated_harmonic,Estimated_harmonic,
5822,2026-08-31 13:00:00,8,31,13,14,2018,30.649819,39.571695,Estimated_harmonic,Estimated_harmonic,
5823,2026-08-31 14:00:00,8,31,14,15,2018,30.647440,39.571937,Estimated_harmonic,Estimated_harmonic,
5824,2026-08-31 15:00:00,8,31,15,16,2018,30.645057,39.572178,Estimated_harmonic,Estimated_harmonic,
5825,2026-08-31 16:00:00,8,31,16,17,2018,30.642668,39.572420,Estimated_harmonic,Estimated_harmonic,
5826,2026-08-31 17:00:00,8,31,17,18,2018,30.640275,39.572662,Estimated_harmonic,Estimated_harmonic,
5827,2026-08-31 18:00:00,8,31,18,19,2018,30.637878,39.572904,Estimated_harmonic,Estimated_harmonic,
5828,2026-08-31 19:00:00,8,31,19,20,2018,30.635476,39.573146,Estimated_harmonic,Estimated_harmonic,
5829,2026-08-31 20:00:00,8,31,20,21,2018,30.633070,39.573388,Estimated_harmonic,Estimated_harmonic,
5830,2026-08-31 21:00:00,8,31,21,22,2018,30.630659,39.573630,Estimated_harmonic,Estimated_harmonic,
5831,2026-08-31 22:00:00,8,31,22,23,2018,30.628243,39.573872,Estimated_harmonic,Estimated_harmonic,
5832,2026-08-31 23:00:00,8,31,23,24,2018,30.625823,39.574114,Estimated_harmonic,Estimated_harmonic,
5833,2026-09-01 00:00:00,9,1,0,1,2018,30.623398,39.574356,Estimated_harmonic,Estimated_harmonic,
5834,2026-09-01 01:00:00,9,1,1,2,2018,30.620969,39.574598,Estimated_harmonic,Estimated_harmonic,
5835,2026-09-01 02:00:00,9,1,2,3,2018,30.618535,39.574840,Estimated_harmonic,Estimated_harmonic,
5836,2026-09-01 03:00:00,9,1,3,4,2018,30.616097,39.575082,Estimated_harmonic,Estimated_harmonic,
5837,2026-09-01 04:00:00,9,1,4,5,2018,30.613655,39.575325,Estimated_harmonic,Estimated_harmonic,
5838,2026-09-01 05:00:00,9,1,5,6,2018,30.611208,39.575567,Estimated_harmonic,Estimated_harmonic,
5839,2026-09-01 06:00:00,9,1,6,7,2018,30.608756,39.575809,Estimated_harmonic,Estimated_harmonic,
5840,2026-09-01 07:00:00,9,1,7,8,2018,30.606300,39.576051,Estimated_harmonic,Estimated_harmonic,
5841,2026-09-01 08:00:00,9,1,8,9,2018,30.603839,39.576293,Estimated_harmonic,Estimated_harmonic,
5842,2026-09-01 09:00:00,9,1,9,10,2018,30.601375,39.576535,Estimated_harmonic,Estimated_harmonic,
5843,2026-09-01 10:00:00,9,1,10,11,2018,30.598905,39.576777,Estimated_harmonic,Estimated_harmonic,
5844,2026-09-01 11:00:00,9,1,11,12,2018,30.596431,39.577020,Estimated_harmonic,Estimated_harmonic,
5845,2026-09-01 12:00:00,9,1,12,13,2018,30.593953,39.577262,Estimated_harmonic,Estimated_harmonic,
5846,2026-09-01 13:00:00,9,1,13,14,2018,30.591471,39.577504,Estimated_harmonic,Estimated_harmonic,
5847,2026-09-01 14:00:00,9,1,14,15,2018,30.588984,39.577746,Estimated_harmonic,Estimated_harmonic,
5848,2026-09-01 15:00:00,9,1,15,16,2018,30.586492,39.577988,Estimated_harmonic,Estimated_harmonic,
5849,2026-09-01 16:00:00,9,1,16,17,2018,30.583997,39.578231,Estimated_harmonic,Estimated_harmonic,
5850,2026-09-01 17:00:00,9,1,17,18,2018,30.581496,39.578473,Estimated_harmonic,Estimated_harmonic,
5851,2026-09-01 18:00:00,9,1,18,19,2018,30.578992,39.578715,Estimated_harmonic,Estimated_harmonic,
5852,2026-09-01 19:00:00,9,1,19,20,2018,30.576483,39.578958,Estimated_harmonic,Estimated_harmonic,
5853,2026-09-01 20:00:00,9,1,20,21,2018,30.573970,39.579200,Estimated_harmonic,Estimated_harmonic,
5854,2026-09-01 21:00:00,9,1,21,22,2018,30.571452,39.579442,Estimated_harmonic,Estimated_harmonic,
5855,2026-09-01 22:00:00,9,1,22,23,2018,30.568930,39.579684,Estimated_harmonic,Estimated_harmonic,
5856,2026-09-01 23:00:00,9,1,23,24,2018,30.566404,39.579927,Estimated_harmonic,Estimated_harmonic,
5857,2026-09-02 00:00:00,9,2,0,1,2018,30.563874,39.580169,Estimated_harmonic,Estimated_harmonic,
5858,2026-09-02 01:00:00,9,2,1,2,2018,30.561339,39.580411,Estimated_harmonic,Estimated_harmonic,
5859,2026-09-02 02:00:00,9,2,2,3,2018,30.558800,39.580654,Estimated_harmonic,Estimated_harmonic,
5860,2026-09-02 03:00:00,9,2,3,4,2018,30.556256,39.580896,Estimated_harmonic,Estimated_harmonic,
5861,2026-09-02 04:00:00,9,2,4,5,2018,30.553709,39.581139,Estimated_harmonic,Estimated_harmonic,
5862,2026-09-02 05:00:00,9,2,5,6,2018,30.551157,39.581381,Estimated_harmonic,Estimated_harmonic,
5863,2026-09-02 06:00:00,9,2,6,7,2018,30.548601,39.581623,Estimated_harmonic,Estimated_harmonic,
5864,2026-09-02 07:00:00,9,2,7,8,2018,30.546040,39.581866,Estimated_harmonic,Estimated_harmonic,
5865,2026-09-02 08:00:00,9,2,8,9,2018,30.543476,39.582108,Estimated_harmonic,Estimated_harmonic,
5866,2026-09-02 09:00:00,9,2,9,10,2018,30.540907,39.582350,Estimated_harmonic,Estimated_harmonic,
5867,2026-09-02 10:00:00,9,2,10,11,2018,30.538333,39.582593,Estimated_harmonic,Estimated_harmonic,
5868,2026-09-02 11:00:00,9,2,11,12,2018,30.535756,39.582835,Estimated_harmonic,Estimated_harmonic,
5869,2026-09-02 12:00:00,9,2,12,13,2018,30.533174,39.583078,Estimated_harmonic,Estimated_harmonic,
5870,2026-09-02 13:00:00,9,2,13,14,2018,30.530589,39.583320,Estimated_harmonic,Estimated_harmonic,
5871,2026-09-02 14:00:00,9,2,14,15,2018,30.527999,39.583563,Estimated_harmonic,Estimated_harmonic,
5872,2026-09-02 15:00:00,9,2,15,16,2018,30.525404,39.583805,Estimated_harmonic,Estimated_harmonic,
5873,2026-09-02 16:00:00,9,2,16,17,2018,30.522806,39.584047,Estimated_harmonic,Estimated_harmonic,
5874,2026-09-02 17:00:00,9,2,17,18,2018,30.520204,39.584290,Estimated_harmonic,Estimated_harmonic,
5875,2026-09-02 18:00:00,9,2,18,19,2018,30.517597,39.584532,Estimated_harmonic,Estimated_harmonic,
5876,2026-09-02 19:00:00,9,2,19,20,2018,30.514986,39.584775,Estimated_harmonic,Estimated_harmonic,
5877,2026-09-02 20:00:00,9,2,20,21,2018,30.512371,39.585017,Estimated_harmonic,Estimated_harmonic,
5878,2026-09-02 21:00:00,9,2,21,22,2018,30.509752,39.585260,Estimated_harmonic,Estimated_harmonic,
5879,2026-09-02 22:00:00,9,2,22,23,2018,30.507129,39.585502,Estimated_harmonic,Estimated_harmonic,
5880,2026-09-02 23:00:00,9,2,23,24,2018,30.504501,39.585745,Estimated_harmonic,Estimated_harmonic,
5881,2026-09-03 00:00:00,9,3,0,1,2018,30.501870,39.585987,Estimated_harmonic,Estimated_harmonic,
5882,2026-09-03 01:00:00,9,3,1,2,2018,30.499234,39.586230,Estimated_harmonic,Estimated_harmonic,
5883,2026-09-03 02:00:00,9,3,2,3,2018,30.496595,39.586472,Estimated_harmonic,Estimated_harmonic,
5884,2026-09-03 03:00:00,9,3,3,4,2018,30.493951,39.586715,Estimated_harmonic,Estimated_harmonic,
5885,2026-09-03 04:00:00,9,3,4,5,2018,30.491303,39.586957,Estimated_harmonic,Estimated_harmonic,
5886,2026-09-03 05:00:00,9,3,5,6,2018,30.488651,39.587200,Estimated_harmonic,Estimated_harmonic,
5887,2026-09-03 06:00:00,9,3,6,7,2018,30.485995,39.587442,Estimated_harmonic,Estimated_harmonic,
5888,2026-09-03 07:00:00,9,3,7,8,2018,30.483335,39.587685,Estimated_harmonic,Estimated_harmonic,
5889,2026-09-03 08:00:00,9,3,8,9,2018,30.480671,39.587927,Estimated_harmonic,Estimated_harmonic,
5890,2026-09-03 09:00:00,9,3,9,10,2018,30.478003,39.588170,Estimated_harmonic,Estimated_harmonic,
5891,2026-09-03 10:00:00,9,3,10,11,2018,30.475331,39.588412,Estimated_harmonic,Estimated_harmonic,
5892,2026-09-03 11:00:00,9,3,11,12,2018,30.472655,39.588655,Estimated_harmonic,Estimated_harmonic,
5893,2026-09-03 12:00:00,9,3,12,13,2018,30.469975,39.588897,Estimated_harmonic,Estimated_harmonic,
5894,2026-09-03 13:00:00,9,3,13,14,2018,30.467291,39.589140,Estimated_harmonic,Estimated_harmonic,
5895,2026-09-03 14:00:00,9,3,14,15,2018,30.464603,39.589382,Estimated_harmonic,Estimated_harmonic,
5896,2026-09-03 15:00:00,9,3,15,16,2018,30.461911,39.589625,Estimated_harmonic,Estimated_harmonic,
5897,2026-09-03 16:00:00,9,3,16,17,2018,30.459215,39.589867,Estimated_harmonic,Estimated_harmonic,
5898,2026-09-03 17:00:00,9,3,17,18,2018,30.456515,39.590110,Estimated_harmonic,Estimated_harmonic,
5899,2026-09-03 18:00:00,9,3,18,19,2018,30.453811,39.590352,Estimated_harmonic,Estimated_harmonic,
5900,2026-09-03 19:00:00,9,3,19,20,2018,30.451103,39.590595,Estimated_harmonic,Estimated_harmonic,
5901,2026-09-03 20:00:00,9,3,20,21,2018,30.448391,39.590837,Estimated_harmonic,Estimated_harmonic,
5902,2026-09-03 21:00:00,9,3,21,22,2018,30.445676,39.591080,Estimated_harmonic,Estimated_harmonic,
5903,2026-09-03 22:00:00,9,3,22,23,2018,30.442956,39.591322,Estimated_harmonic,Estimated_harmonic,
5904,2026-09-03 23:00:00,9,3,23,24,2018,30.440232,39.591565,Estimated_harmonic,Estimated_harmonic,
5905,2026-09-04 00:00:00,9,4,0,1,2018,30.437505,39.591807,Estimated_harmonic,Estimated_harmonic,
5906,2026-09-04 01:00:00,9,4,1,2,2018,30.434774,39.592050,Estimated_harmonic,Estimated_harmonic,
5907,2026-09-04 02:00:00,9,4,2,3,2018,30.432038,39.592292,Estimated_harmonic,Estimated_harmonic,
5908,2026-09-04 03:00:00,9,4,3,4,2018,30.429299,39.592535,Estimated_harmonic,Estimated_harmonic,
5909,2026-09-04 04:00:00,9,4,4,5,2018,30.426556,39.592777,Estimated_harmonic,Estimated_harmonic,
5910,2026-09-04 05:00:00,9,4,5,6,2018,30.423809,39.593020,Estimated_harmonic,Estimated_harmonic,
5911,2026-09-04 06:00:00,9,4,6,7,2018,30.421059,39.593262,Estimated_harmonic,Estimated_harmonic,
5912,2026-09-04 07:00:00,9,4,7,8,2018,30.418304,39.593505,Estimated_harmonic,Estimated_harmonic,
5913,2026-09-04 08:00:00,9,4,8,9,2018,30.415546,39.593747,Estimated_harmonic,Estimated_harmonic,
5914,2026-09-04 09:00:00,9,4,9,10,2018,30.412784,39.593990,Estimated_harmonic,Estimated_harmonic,
5915,2026-09-04 10:00:00,9,4,10,11,2018,30.410018,39.594232,Estimated_harmonic,Estimated_harmonic,
5916,2026-09-04 11:00:00,9,4,11,12,2018,30.407248,39.594474,Estimated_harmonic,Estimated_harmonic,
5917,2026-09-04 12:00:00,9,4,12,13,2018,30.404474,39.594717,Estimated_harmonic,Estimated_harmonic,
5918,2026-09-04 13:00:00,9,4,13,14,2018,30.401697,39.594959,Estimated_harmonic,Estimated_harmonic,
5919,2026-09-04 14:00:00,9,4,14,15,2018,30.398916,39.595202,Estimated_harmonic,Estimated_harmonic,
5920,2026-09-04 15:00:00,9,4,15,16,2018,30.396131,39.595444,Estimated_harmonic,Estimated_harmonic,
5921,2026-09-04 16:00:00,9,4,16,17,2018,30.393342,39.595687,Estimated_harmonic,Estimated_harmonic,
5922,2026-09-04 17:00:00,9,4,17,18,2018,30.390549,39.595929,Estimated_harmonic,Estimated_harmonic,
5923,2026-09-04 18:00:00,9,4,18,19,2018,30.387753,39.596171,Estimated_harmonic,Estimated_harmonic,
5924,2026-09-04 19:00:00,9,4,19,20,2018,30.384953,39.596414,Estimated_harmonic,Estimated_harmonic,
5925,2026-09-04 20:00:00,9,4,20,21,2018,30.382150,39.596656,Estimated_harmonic,Estimated_harmonic,
5926,2026-09-04 21:00:00,9,4,21,22,2018,30.379342,39.596899,Estimated_harmonic,Estimated_harmonic,
5927,2026-09-04 22:00:00,9,4,22,23,2018,30.376531,39.597141,Estimated_harmonic,Estimated_harmonic,
5928,2026-09-04 23:00:00,9,4,23,24,2018,30.373716,39.597383,Estimated_harmonic,Estimated_harmonic,
5929,2026-09-05 00:00:00,9,5,0,1,2018,30.370898,39.597626,Estimated_harmonic,Estimated_harmonic,
5930,2026-09-05 01:00:00,9,5,1,2,2018,30.368076,39.597868,Estimated_harmonic,Estimated_harmonic,
5931,2026-09-05 02:00:00,9,5,2,3,2018,30.365250,39.598111,Estimated_harmonic,Estimated_harmonic,
5932,2026-09-05 03:00:00,9,5,3,4,2018,30.362420,39.598353,Estimated_harmonic,Estimated_harmonic,
5933,2026-09-05 04:00:00,9,5,4,5,2018,30.359587,39.598595,Estimated_harmonic,Estimated_harmonic,
5934,2026-09-05 05:00:00,9,5,5,6,2018,30.356750,39.598838,Estimated_harmonic,Estimated_harmonic,
5935,2026-09-05 06:00:00,9,5,6,7,2018,30.353910,39.599080,Estimated_harmonic,Estimated_harmonic,
5936,2026-09-05 07:00:00,9,5,7,8,2018,30.351065,39.599322,Estimated_harmonic,Estimated_harmonic,
5937,2026-09-05 08:00:00,9,5,8,9,2018,30.348218,39.599564,Estimated_harmonic,Estimated_harmonic,
5938,2026-09-05 09:00:00,9,5,9,10,2018,30.345366,39.599807,Estimated_harmonic,Estimated_harmonic,
5939,2026-09-05 10:00:00,9,5,10,11,2018,30.342511,39.600049,Estimated_harmonic,Estimated_harmonic,
5940,2026-09-05 11:00:00,9,5,11,12,2018,30.339653,39.600291,Estimated_harmonic,Estimated_harmonic,
5941,2026-09-05 12:00:00,9,5,12,13,2018,30.336790,39.600533,Estimated_harmonic,Estimated_harmonic,
5942,2026-09-05 13:00:00,9,5,13,14,2018,30.333925,39.600776,Estimated_harmonic,Estimated_harmonic,
5943,2026-09-05 14:00:00,9,5,14,15,2018,30.331055,39.601018,Estimated_harmonic,Estimated_harmonic,
5944,2026-09-05 15:00:00,9,5,15,16,2018,30.328183,39.601260,Estimated_harmonic,Estimated_harmonic,
5945,2026-09-05 16:00:00,9,5,16,17,2018,30.325306,39.601502,Estimated_harmonic,Estimated_harmonic,
5946,2026-09-05 17:00:00,9,5,17,18,2018,30.322426,39.601745,Estimated_harmonic,Estimated_harmonic,
5947,2026-09-05 18:00:00,9,5,18,19,2018,30.319543,39.601987,Estimated_harmonic,Estimated_harmonic,
5948,2026-09-05 19:00:00,9,5,19,20,2018,30.316655,39.602229,Estimated_harmonic,Estimated_harmonic,
5949,2026-09-05 20:00:00,9,5,20,21,2018,30.313765,39.602471,Estimated_harmonic,Estimated_harmonic,
5950,2026-09-05 21:00:00,9,5,21,22,2018,30.310871,39.602713,Estimated_harmonic,Estimated_harmonic,
5951,2026-09-05 22:00:00,9,5,22,23,2018,30.307973,39.602955,Estimated_harmonic,Estimated_harmonic,
5952,2026-09-05 23:00:00,9,5,23,24,2018,30.305072,39.603197,Estimated_harmonic,Estimated_harmonic,
5953,2026-09-06 00:00:00,9,6,0,1,2018,30.302167,39.603439,Estimated_harmonic,Estimated_harmonic,
5954,2026-09-06 01:00:00,9,6,1,2,2018,30.299259,39.603682,Estimated_harmonic,Estimated_harmonic,
5955,2026-09-06 02:00:00,9,6,2,3,2018,30.296348,39.603924,Estimated_harmonic,Estimated_harmonic,
5956,2026-09-06 03:00:00,9,6,3,4,2018,30.293433,39.604166,Estimated_harmonic,Estimated_harmonic,
5957,2026-09-06 04:00:00,9,6,4,5,2018,30.290514,39.604408,Estimated_harmonic,Estimated_harmonic,
5958,2026-09-06 05:00:00,9,6,5,6,2018,30.287593,39.604650,Estimated_harmonic,Estimated_harmonic,
5959,2026-09-06 06:00:00,9,6,6,7,2018,30.284667,39.604892,Estimated_harmonic,Estimated_harmonic,
5960,2026-09-06 07:00:00,9,6,7,8,2018,30.281738,39.605134,Estimated_harmonic,Estimated_harmonic,
5961,2026-09-06 08:00:00,9,6,8,9,2018,30.278806,39.605376,Estimated_harmonic,Estimated_harmonic,
5962,2026-09-06 09:00:00,9,6,9,10,2018,30.275871,39.605618,Estimated_harmonic,Estimated_harmonic,
5963,2026-09-06 10:00:00,9,6,10,11,2018,30.272932,39.605860,Estimated_harmonic,Estimated_harmonic,
5964,2026-09-06 11:00:00,9,6,11,12,2018,30.269989,39.606101,Estimated_harmonic,Estimated_harmonic,
5965,2026-09-06 12:00:00,9,6,12,13,2018,30.267044,39.606343,Estimated_harmonic,Estimated_harmonic,
5966,2026-09-06 13:00:00,9,6,13,14,2018,30.264094,39.606585,Estimated_harmonic,Estimated_harmonic,
5967,2026-09-06 14:00:00,9,6,14,15,2018,30.261142,39.606827,Estimated_harmonic,Estimated_harmonic,
5968,2026-09-06 15:00:00,9,6,15,16,2018,30.258186,39.607069,Estimated_harmonic,Estimated_harmonic,
5969,2026-09-06 16:00:00,9,6,16,17,2018,30.255227,39.607311,Estimated_harmonic,Estimated_harmonic,
5970,2026-09-06 17:00:00,9,6,17,18,2018,30.252264,39.607553,Estimated_harmonic,Estimated_harmonic,
5971,2026-09-06 18:00:00,9,6,18,19,2018,30.249298,39.607794,Estimated_harmonic,Estimated_harmonic,
5972,2026-09-06 19:00:00,9,6,19,20,2018,30.246329,39.608036,Estimated_harmonic,Estimated_harmonic,
5973,2026-09-06 20:00:00,9,6,20,21,2018,30.243357,39.608278,Estimated_harmonic,Estimated_harmonic,
5974,2026-09-06 21:00:00,9,6,21,22,2018,30.240381,39.608520,Estimated_harmonic,Estimated_harmonic,
5975,2026-09-06 22:00:00,9,6,22,23,2018,30.237402,39.608761,Estimated_harmonic,Estimated_harmonic,
5976,2026-09-06 23:00:00,9,6,23,24,2018,30.234419,39.609003,Estimated_harmonic,Estimated_harmonic,
5977,2026-09-07 00:00:00,9,7,0,1,2018,30.231434,39.609245,Estimated_harmonic,Estimated_harmonic,
5978,2026-09-07 01:00:00,9,7,1,2,2018,30.228445,39.609486,Estimated_harmonic,Estimated_harmonic,
5979,2026-09-07 02:00:00,9,7,2,3,2018,30.225453,39.609728,Estimated_harmonic,Estimated_harmonic,
5980,2026-09-07 03:00:00,9,7,3,4,2018,30.222457,39.609969,Estimated_harmonic,Estimated_harmonic,
5981,2026-09-07 04:00:00,9,7,4,5,2018,30.219458,39.610211,Estimated_harmonic,Estimated_harmonic,
5982,2026-09-07 05:00:00,9,7,5,6,2018,30.216457,39.610453,Estimated_harmonic,Estimated_harmonic,
5983,2026-09-07 06:00:00,9,7,6,7,2018,30.213451,39.610694,Estimated_harmonic,Estimated_harmonic,
5984,2026-09-07 07:00:00,9,7,7,8,2018,30.210443,39.610936,Estimated_harmonic,Estimated_harmonic,
5985,2026-09-07 08:00:00,9,7,8,9,2018,30.207431,39.611177,Estimated_harmonic,Estimated_harmonic,
5986,2026-09-07 09:00:00,9,7,9,10,2018,30.204417,39.611419,Estimated_harmonic,Estimated_harmonic,
5987,2026-09-07 10:00:00,9,7,10,11,2018,30.201399,39.611660,Estimated_harmonic,Estimated_harmonic,
5988,2026-09-07 11:00:00,9,7,11,12,2018,30.198377,39.611902,Estimated_harmonic,Estimated_harmonic,
5989,2026-09-07 12:00:00,9,7,12,13,2018,30.195353,39.612143,Estimated_harmonic,Estimated_harmonic,
5990,2026-09-07 13:00:00,9,7,13,14,2018,30.192326,39.612384,Estimated_harmonic,Estimated_harmonic,
5991,2026-09-07 14:00:00,9,7,14,15,2018,30.189295,39.612626,Estimated_harmonic,Estimated_harmonic,
5992,2026-09-07 15:00:00,9,7,15,16,2018,30.186261,39.612867,Estimated_harmonic,Estimated_harmonic,
5993,2026-09-07 16:00:00,9,7,16,17,2018,30.183224,39.613108,Estimated_harmonic,Estimated_harmonic,
5994,2026-09-07 17:00:00,9,7,17,18,2018,30.180184,39.613350,Estimated_harmonic,Estimated_harmonic,
5995,2026-09-07 18:00:00,9,7,18,19,2018,30.177141,39.613591,Estimated_harmonic,Estimated_harmonic,
5996,2026-09-07 19:00:00,9,7,19,20,2018,30.174094,39.613832,Estimated_harmonic,Estimated_harmonic,
5997,2026-09-07 20:00:00,9,7,20,21,2018,30.171045,39.614073,Estimated_harmonic,Estimated_harmonic,
5998,2026-09-07 21:00:00,9,7,21,22,2018,30.167993,39.614314,Estimated_harmonic,Estimated_harmonic,
5999,2026-09-07 22:00:00,9,7,22,23,2018,30.164937,39.614555,Estimated_harmonic,Estimated_harmonic,
6000,2026-09-07 23:00:00,9,7,23,24,2018,30.161878,39.614797,Estimated_harmonic,Estimated_harmonic,
6001,2026-09-08 00:00:00,9,8,0,1,2018,30.158816,39.615038,Estimated_harmonic,Estimated_harmonic,
6002,2026-09-08 01:00:00,9,8,1,2,2018,30.155752,39.615279,Estimated_harmonic,Estimated_harmonic,
6003,2026-09-08 02:00:00,9,8,2,3,2018,30.152684,39.615520,Estimated_harmonic,Estimated_harmonic,
6004,2026-09-08 03:00:00,9,8,3,4,2018,30.149613,39.615761,Estimated_harmonic,Estimated_harmonic,
6005,2026-09-08 04:00:00,9,8,4,5,2018,30.146539,39.616002,Estimated_harmonic,Estimated_harmonic,
6006,2026-09-08 05:00:00,9,8,5,6,2018,30.143462,39.616243,Estimated_harmonic,Estimated_harmonic,
6007,2026-09-08 06:00:00,9,8,6,7,2018,30.140382,39.616484,Estimated_harmonic,Estimated_harmonic,
6008,2026-09-08 07:00:00,9,8,7,8,2018,30.137299,39.616724,Estimated_harmonic,Estimated_harmonic,
6009,2026-09-08 08:00:00,9,8,8,9,2018,30.134213,39.616965,Estimated_harmonic,Estimated_harmonic,
6010,2026-09-08 09:00:00,9,8,9,10,2018,30.131124,39.617206,Estimated_harmonic,Estimated_harmonic,
6011,2026-09-08 10:00:00,9,8,10,11,2018,30.128032,39.617447,Estimated_harmonic,Estimated_harmonic,
6012,2026-09-08 11:00:00,9,8,11,12,2018,30.124937,39.617688,Estimated_harmonic,Estimated_harmonic,
6013,2026-09-08 12:00:00,9,8,12,13,2018,30.121839,39.617928,Estimated_harmonic,Estimated_harmonic,
6014,2026-09-08 13:00:00,9,8,13,14,2018,30.118738,39.618169,Estimated_harmonic,Estimated_harmonic,
6015,2026-09-08 14:00:00,9,8,14,15,2018,30.115634,39.618410,Estimated_harmonic,Estimated_harmonic,
6016,2026-09-08 15:00:00,9,8,15,16,2018,30.112527,39.618651,Estimated_harmonic,Estimated_harmonic,
6017,2026-09-08 16:00:00,9,8,16,17,2018,30.109417,39.618891,Estimated_harmonic,Estimated_harmonic,
6018,2026-09-08 17:00:00,9,8,17,18,2018,30.106305,39.619132,Estimated_harmonic,Estimated_harmonic,
6019,2026-09-08 18:00:00,9,8,18,19,2018,30.103189,39.619372,Estimated_harmonic,Estimated_harmonic,
6020,2026-09-08 19:00:00,9,8,19,20,2018,30.100071,39.619613,Estimated_harmonic,Estimated_harmonic,
6021,2026-09-08 20:00:00,9,8,20,21,2018,30.096949,39.619853,Estimated_harmonic,Estimated_harmonic,
6022,2026-09-08 21:00:00,9,8,21,22,2018,30.093825,39.620094,Estimated_harmonic,Estimated_harmonic,
6023,2026-09-08 22:00:00,9,8,22,23,2018,30.090698,39.620334,Estimated_harmonic,Estimated_harmonic,
6024,2026-09-08 23:00:00,9,8,23,24,2018,30.087568,39.620574,Estimated_harmonic,Estimated_harmonic,
6025,2026-09-09 00:00:00,9,9,0,1,2018,30.084435,39.620815,Estimated_harmonic,Estimated_harmonic,
6026,2026-09-09 01:00:00,9,9,1,2,2018,30.081299,39.621055,Estimated_harmonic,Estimated_harmonic,
6027,2026-09-09 02:00:00,9,9,2,3,2018,30.078161,39.621295,Estimated_harmonic,Estimated_harmonic,
6028,2026-09-09 03:00:00,9,9,3,4,2018,30.075019,39.621536,Estimated_harmonic,Estimated_harmonic,
6029,2026-09-09 04:00:00,9,9,4,5,2018,30.071875,39.621776,Estimated_harmonic,Estimated_harmonic,
6030,2026-09-09 05:00:00,9,9,5,6,2018,30.068728,39.622016,Estimated_harmonic,Estimated_harmonic,
6031,2026-09-09 06:00:00,9,9,6,7,2018,30.065578,39.622256,Estimated_harmonic,Estimated_harmonic,
6032,2026-09-09 07:00:00,9,9,7,8,2018,30.062425,39.622496,Estimated_harmonic,Estimated_harmonic,
6033,2026-09-09 08:00:00,9,9,8,9,2018,30.059270,39.622736,Estimated_harmonic,Estimated_harmonic,
6034,2026-09-09 09:00:00,9,9,9,10,2018,30.056111,39.622976,Estimated_harmonic,Estimated_harmonic,
6035,2026-09-09 10:00:00,9,9,10,11,2018,30.052950,39.623216,Estimated_harmonic,Estimated_harmonic,
6036,2026-09-09 11:00:00,9,9,11,12,2018,30.049786,39.623456,Estimated_harmonic,Estimated_harmonic,
6037,2026-09-09 12:00:00,9,9,12,13,2018,30.046620,39.623696,Estimated_harmonic,Estimated_harmonic,
6038,2026-09-09 13:00:00,9,9,13,14,2018,30.043450,39.623936,Estimated_harmonic,Estimated_harmonic,
6039,2026-09-09 14:00:00,9,9,14,15,2018,30.040278,39.624176,Estimated_harmonic,Estimated_harmonic,
6040,2026-09-09 15:00:00,9,9,15,16,2018,30.037104,39.624416,Estimated_harmonic,Estimated_harmonic,
6041,2026-09-09 16:00:00,9,9,16,17,2018,30.033926,39.624656,Estimated_harmonic,Estimated_harmonic,
6042,2026-09-09 17:00:00,9,9,17,18,2018,30.030746,39.624895,Estimated_harmonic,Estimated_harmonic,
6043,2026-09-09 18:00:00,9,9,18,19,2018,30.027563,39.625135,Estimated_harmonic,Estimated_harmonic,
6044,2026-09-09 19:00:00,9,9,19,20,2018,30.024377,39.625375,Estimated_harmonic,Estimated_harmonic,
6045,2026-09-09 20:00:00,9,9,20,21,2018,30.021189,39.625614,Estimated_harmonic,Estimated_harmonic,
6046,2026-09-09 21:00:00,9,9,21,22,2018,30.017998,39.625854,Estimated_harmonic,Estimated_harmonic,
6047,2026-09-09 22:00:00,9,9,22,23,2018,30.014804,39.626093,Estimated_harmonic,Estimated_harmonic,
6048,2026-09-09 23:00:00,9,9,23,24,2018,30.011608,39.626333,Estimated_harmonic,Estimated_harmonic,
6049,2026-09-10 00:00:00,9,10,0,1,2018,30.008408,39.626572,Estimated_harmonic,Estimated_harmonic,
6050,2026-09-10 01:00:00,9,10,1,2,2018,30.005207,39.626812,Estimated_harmonic,Estimated_harmonic,
6051,2026-09-10 02:00:00,9,10,2,3,2018,30.002002,39.627051,Estimated_harmonic,Estimated_harmonic,
6052,2026-09-10 03:00:00,9,10,3,4,2018,29.998795,39.627290,Estimated_harmonic,Estimated_harmonic,
6053,2026-09-10 04:00:00,9,10,4,5,2018,29.995586,39.627530,Estimated_harmonic,Estimated_harmonic,
6054,2026-09-10 05:00:00,9,10,5,6,2018,29.992374,39.627769,Estimated_harmonic,Estimated_harmonic,
6055,2026-09-10 06:00:00,9,10,6,7,2018,29.989159,39.628008,Estimated_harmonic,Estimated_harmonic,
6056,2026-09-10 07:00:00,9,10,7,8,2018,29.985941,39.628247,Estimated_harmonic,Estimated_harmonic,
6057,2026-09-10 08:00:00,9,10,8,9,2018,29.982721,39.628486,Estimated_harmonic,Estimated_harmonic,
6058,2026-09-10 09:00:00,9,10,9,10,2018,29.979499,39.628725,Estimated_harmonic,Estimated_harmonic,
6059,2026-09-10 10:00:00,9,10,10,11,2018,29.976274,39.628964,Estimated_harmonic,Estimated_harmonic,
6060,2026-09-10 11:00:00,9,10,11,12,2018,29.973046,39.629203,Estimated_harmonic,Estimated_harmonic,
6061,2026-09-10 12:00:00,9,10,12,13,2018,29.969816,39.629442,Estimated_harmonic,Estimated_harmonic,
6062,2026-09-10 13:00:00,9,10,13,14,2018,29.966583,39.629681,Estimated_harmonic,Estimated_harmonic,
6063,2026-09-10 14:00:00,9,10,14,15,2018,29.963347,39.629920,Estimated_harmonic,Estimated_harmonic,
6064,2026-09-10 15:00:00,9,10,15,16,2018,29.960110,39.630159,Estimated_harmonic,Estimated_harmonic,
6065,2026-09-10 16:00:00,9,10,16,17,2018,29.956869,39.630398,Estimated_harmonic,Estimated_harmonic,
6066,2026-09-10 17:00:00,9,10,17,18,2018,29.953626,39.630636,Estimated_harmonic,Estimated_harmonic,
6067,2026-09-10 18:00:00,9,10,18,19,2018,29.950381,39.630875,Estimated_harmonic,Estimated_harmonic,
6068,2026-09-10 19:00:00,9,10,19,20,2018,29.947133,39.631114,Estimated_harmonic,Estimated_harmonic,
6069,2026-09-10 20:00:00,9,10,20,21,2018,29.943883,39.631352,Estimated_harmonic,Estimated_harmonic,
6070,2026-09-10 21:00:00,9,10,21,22,2018,29.940630,39.631591,Estimated_harmonic,Estimated_harmonic,
6071,2026-09-10 22:00:00,9,10,22,23,2018,29.937374,39.631829,Estimated_harmonic,Estimated_harmonic,
6072,2026-09-10 23:00:00,9,10,23,24,2018,29.934116,39.632068,Estimated_harmonic,Estimated_harmonic,
6073,2026-09-11 00:00:00,9,11,0,1,2018,29.930856,39.632306,Estimated_harmonic,Estimated_harmonic,
6074,2026-09-11 01:00:00,9,11,1,2,2018,29.927593,39.632544,Estimated_harmonic,Estimated_harmonic,
6075,2026-09-11 02:00:00,9,11,2,3,2018,29.924328,39.632783,Estimated_harmonic,Estimated_harmonic,
6076,2026-09-11 03:00:00,9,11,3,4,2018,29.921061,39.633021,Estimated_harmonic,Estimated_harmonic,
6077,2026-09-11 04:00:00,9,11,4,5,2018,29.917791,39.633259,Estimated_harmonic,Estimated_harmonic,
6078,2026-09-11 05:00:00,9,11,5,6,2018,29.914518,39.633497,Estimated_harmonic,Estimated_harmonic,
6079,2026-09-11 06:00:00,9,11,6,7,2018,29.911244,39.633735,Estimated_harmonic,Estimated_harmonic,
6080,2026-09-11 07:00:00,9,11,7,8,2018,29.907966,39.633973,Estimated_harmonic,Estimated_harmonic,
6081,2026-09-11 08:00:00,9,11,8,9,2018,29.904687,39.634211,Estimated_harmonic,Estimated_harmonic,
6082,2026-09-11 09:00:00,9,11,9,10,2018,29.901405,39.634449,Estimated_harmonic,Estimated_harmonic,
6083,2026-09-11 10:00:00,9,11,10,11,2018,29.898121,39.634687,Estimated_harmonic,Estimated_harmonic,
6084,2026-09-11 11:00:00,9,11,11,12,2018,29.894834,39.634925,Estimated_harmonic,Estimated_harmonic,
6085,2026-09-11 12:00:00,9,11,12,13,2018,29.891545,39.635163,Estimated_harmonic,Estimated_harmonic,
6086,2026-09-11 13:00:00,9,11,13,14,2018,29.888253,39.635400,Estimated_harmonic,Estimated_harmonic,
6087,2026-09-11 14:00:00,9,11,14,15,2018,29.884960,39.635638,Estimated_harmonic,Estimated_harmonic,
6088,2026-09-11 15:00:00,9,11,15,16,2018,29.881664,39.635876,Estimated_harmonic,Estimated_harmonic,
6089,2026-09-11 16:00:00,9,11,16,17,2018,29.878365,39.636113,Estimated_harmonic,Estimated_harmonic,
6090,2026-09-11 17:00:00,9,11,17,18,2018,29.875065,39.636351,Estimated_harmonic,Estimated_harmonic,
6091,2026-09-11 18:00:00,9,11,18,19,2018,29.871762,39.636588,Estimated_harmonic,Estimated_harmonic,
6092,2026-09-11 19:00:00,9,11,19,20,2018,29.868457,39.636826,Estimated_harmonic,Estimated_harmonic,
6093,2026-09-11 20:00:00,9,11,20,21,2018,29.865149,39.637063,Estimated_harmonic,Estimated_harmonic,
6094,2026-09-11 21:00:00,9,11,21,22,2018,29.861839,39.637300,Estimated_harmonic,Estimated_harmonic,
6095,2026-09-11 22:00:00,9,11,22,23,2018,29.858527,39.637538,Estimated_harmonic,Estimated_harmonic,
6096,2026-09-11 23:00:00,9,11,23,24,2018,29.855213,39.637775,Estimated_harmonic,Estimated_harmonic,
6097,2026-09-12 00:00:00,9,12,0,1,2018,29.851896,39.638012,Estimated_harmonic,Estimated_harmonic,
6098,2026-09-12 01:00:00,9,12,1,2,2018,29.848577,39.638249,Estimated_harmonic,Estimated_harmonic,
6099,2026-09-12 02:00:00,9,12,2,3,2018,29.845256,39.638486,Estimated_harmonic,Estimated_harmonic,
6100,2026-09-12 03:00:00,9,12,3,4,2018,29.841933,39.638723,Estimated_harmonic,Estimated_harmonic,
6101,2026-09-12 04:00:00,9,12,4,5,2018,29.838608,39.638960,Estimated_harmonic,Estimated_harmonic,
6102,2026-09-12 05:00:00,9,12,5,6,2018,29.835280,39.639197,Estimated_harmonic,Estimated_harmonic,
6103,2026-09-12 06:00:00,9,12,6,7,2018,29.831950,39.639434,Estimated_harmonic,Estimated_harmonic,
6104,2026-09-12 07:00:00,9,12,7,8,2018,29.828618,39.639670,Estimated_harmonic,Estimated_harmonic,
6105,2026-09-12 08:00:00,9,12,8,9,2018,29.825284,39.639907,Estimated_harmonic,Estimated_harmonic,
6106,2026-09-12 09:00:00,9,12,9,10,2018,29.821947,39.640144,Estimated_harmonic,Estimated_harmonic,
6107,2026-09-12 10:00:00,9,12,10,11,2018,29.818609,39.640380,Estimated_harmonic,Estimated_harmonic,
6108,2026-09-12 11:00:00,9,12,11,12,2018,29.815268,39.640617,Estimated_harmonic,Estimated_harmonic,
6109,2026-09-12 12:00:00,9,12,12,13,2018,29.811925,39.640853,Estimated_harmonic,Estimated_harmonic,
6110,2026-09-12 13:00:00,9,12,13,14,2018,29.808580,39.641090,Estimated_harmonic,Estimated_harmonic,
6111,2026-09-12 14:00:00,9,12,14,15,2018,29.805233,39.641326,Estimated_harmonic,Estimated_harmonic,
6112,2026-09-12 15:00:00,9,12,15,16,2018,29.801884,39.641562,Estimated_harmonic,Estimated_harmonic,
6113,2026-09-12 16:00:00,9,12,16,17,2018,29.798532,39.641798,Estimated_harmonic,Estimated_harmonic,
6114,2026-09-12 17:00:00,9,12,17,18,2018,29.795179,39.642035,Estimated_harmonic,Estimated_harmonic,
6115,2026-09-12 18:00:00,9,12,18,19,2018,29.791823,39.642271,Estimated_harmonic,Estimated_harmonic,
6116,2026-09-12 19:00:00,9,12,19,20,2018,29.788466,39.642507,Estimated_harmonic,Estimated_harmonic,
6117,2026-09-12 20:00:00,9,12,20,21,2018,29.785106,39.642743,Estimated_harmonic,Estimated_harmonic,
6118,2026-09-12 21:00:00,9,12,21,22,2018,29.781744,39.642979,Estimated_harmonic,Estimated_harmonic,
6119,2026-09-12 22:00:00,9,12,22,23,2018,29.778380,39.643214,Estimated_harmonic,Estimated_harmonic,
6120,2026-09-12 23:00:00,9,12,23,24,2018,29.775014,39.643450,Estimated_harmonic,Estimated_harmonic,
6121,2026-09-13 00:00:00,9,13,0,1,2018,29.771646,39.643686,Estimated_harmonic,Estimated_harmonic,
6122,2026-09-13 01:00:00,9,13,1,2,2018,29.768276,39.643922,Estimated_harmonic,Estimated_harmonic,
6123,2026-09-13 02:00:00,9,13,2,3,2018,29.764904,39.644157,Estimated_harmonic,Estimated_harmonic,
6124,2026-09-13 03:00:00,9,13,3,4,2018,29.761530,39.644393,Estimated_harmonic,Estimated_harmonic,
6125,2026-09-13 04:00:00,9,13,4,5,2018,29.758154,39.644628,Estimated_harmonic,Estimated_harmonic,
6126,2026-09-13 05:00:00,9,13,5,6,2018,29.754776,39.644863,Estimated_harmonic,Estimated_harmonic,
6127,2026-09-13 06:00:00,9,13,6,7,2018,29.751396,39.645099,Estimated_harmonic,Estimated_harmonic,
6128,2026-09-13 07:00:00,9,13,7,8,2018,29.748014,39.645334,Estimated_harmonic,Estimated_harmonic,
6129,2026-09-13 08:00:00,9,13,8,9,2018,29.744630,39.645569,Estimated_harmonic,Estimated_harmonic,
6130,2026-09-13 09:00:00,9,13,9,10,2018,29.741244,39.645804,Estimated_harmonic,Estimated_harmonic,
6131,2026-09-13 10:00:00,9,13,10,11,2018,29.737856,39.646040,Estimated_harmonic,Estimated_harmonic,
6132,2026-09-13 11:00:00,9,13,11,12,2018,29.734466,39.646275,Estimated_harmonic,Estimated_harmonic,
6133,2026-09-13 12:00:00,9,13,12,13,2018,29.731074,39.646509,Estimated_harmonic,Estimated_harmonic,
6134,2026-09-13 13:00:00,9,13,13,14,2018,29.727680,39.646744,Estimated_harmonic,Estimated_harmonic,
6135,2026-09-13 14:00:00,9,13,14,15,2018,29.724285,39.646979,Estimated_harmonic,Estimated_harmonic,
6136,2026-09-13 15:00:00,9,13,15,16,2018,29.720887,39.647214,Estimated_harmonic,Estimated_harmonic,
6137,2026-09-13 16:00:00,9,13,16,17,2018,29.717487,39.647449,Estimated_harmonic,Estimated_harmonic,
6138,2026-09-13 17:00:00,9,13,17,18,2018,29.714086,39.647683,Estimated_harmonic,Estimated_harmonic,
6139,2026-09-13 18:00:00,9,13,18,19,2018,29.710683,39.647918,Estimated_harmonic,Estimated_harmonic,
6140,2026-09-13 19:00:00,9,13,19,20,2018,29.707277,39.648152,Estimated_harmonic,Estimated_harmonic,
6141,2026-09-13 20:00:00,9,13,20,21,2018,29.703870,39.648387,Estimated_harmonic,Estimated_harmonic,
6142,2026-09-13 21:00:00,9,13,21,22,2018,29.700461,39.648621,Estimated_harmonic,Estimated_harmonic,
6143,2026-09-13 22:00:00,9,13,22,23,2018,29.697050,39.648855,Estimated_harmonic,Estimated_harmonic,
6144,2026-09-13 23:00:00,9,13,23,24,2018,29.693638,39.649089,Estimated_harmonic,Estimated_harmonic,
6145,2026-09-14 00:00:00,9,14,0,1,2018,29.690223,39.649323,Estimated_harmonic,Estimated_harmonic,
6146,2026-09-14 01:00:00,9,14,1,2,2018,29.686807,39.649557,Estimated_harmonic,Estimated_harmonic,
6147,2026-09-14 02:00:00,9,14,2,3,2018,29.683388,39.649791,Estimated_harmonic,Estimated_harmonic,
6148,2026-09-14 03:00:00,9,14,3,4,2018,29.679968,39.650025,Estimated_harmonic,Estimated_harmonic,
6149,2026-09-14 04:00:00,9,14,4,5,2018,29.676547,39.650259,Estimated_harmonic,Estimated_harmonic,
6150,2026-09-14 05:00:00,9,14,5,6,2018,29.673123,39.650493,Estimated_harmonic,Estimated_harmonic,
6151,2026-09-14 06:00:00,9,14,6,7,2018,29.669697,39.650727,Estimated_harmonic,Estimated_harmonic,
6152,2026-09-14 07:00:00,9,14,7,8,2018,29.666270,39.650960,Estimated_harmonic,Estimated_harmonic,
6153,2026-09-14 08:00:00,9,14,8,9,2018,29.662841,39.651194,Estimated_harmonic,Estimated_harmonic,
6154,2026-09-14 09:00:00,9,14,9,10,2018,29.659410,39.651427,Estimated_harmonic,Estimated_harmonic,
6155,2026-09-14 10:00:00,9,14,10,11,2018,29.655978,39.651661,Estimated_harmonic,Estimated_harmonic,
6156,2026-09-14 11:00:00,9,14,11,12,2018,29.652544,39.651894,Estimated_harmonic,Estimated_harmonic,
6157,2026-09-14 12:00:00,9,14,12,13,2018,29.649108,39.652127,Estimated_harmonic,Estimated_harmonic,
6158,2026-09-14 13:00:00,9,14,13,14,2018,29.645670,39.652360,Estimated_harmonic,Estimated_harmonic,
6159,2026-09-14 14:00:00,9,14,14,15,2018,29.642230,39.652593,Estimated_harmonic,Estimated_harmonic,
6160,2026-09-14 15:00:00,9,14,15,16,2018,29.638789,39.652827,Estimated_harmonic,Estimated_harmonic,
6161,2026-09-14 16:00:00,9,14,16,17,2018,29.635346,39.653059,Estimated_harmonic,Estimated_harmonic,
6162,2026-09-14 17:00:00,9,14,17,18,2018,29.631902,39.653292,Estimated_harmonic,Estimated_harmonic,
6163,2026-09-14 18:00:00,9,14,18,19,2018,29.628455,39.653525,Estimated_harmonic,Estimated_harmonic,
6164,2026-09-14 19:00:00,9,14,19,20,2018,29.625007,39.653758,Estimated_harmonic,Estimated_harmonic,
6165,2026-09-14 20:00:00,9,14,20,21,2018,29.621557,39.653990,Estimated_harmonic,Estimated_harmonic,
6166,2026-09-14 21:00:00,9,14,21,22,2018,29.618106,39.654223,Estimated_harmonic,Estimated_harmonic,
6167,2026-09-14 22:00:00,9,14,22,23,2018,29.614653,39.654456,Estimated_harmonic,Estimated_harmonic,
6168,2026-09-14 23:00:00,9,14,23,24,2018,29.611198,39.654688,Estimated_harmonic,Estimated_harmonic,
6169,2026-09-15 00:00:00,9,15,0,1,2018,29.607742,39.654920,Estimated_harmonic,Estimated_harmonic,
6170,2026-09-15 01:00:00,9,15,1,2,2018,29.604284,39.655152,Estimated_harmonic,Estimated_harmonic,
6171,2026-09-15 02:00:00,9,15,2,3,2018,29.600824,39.655385,Estimated_harmonic,Estimated_harmonic,
6172,2026-09-15 03:00:00,9,15,3,4,2018,29.597363,39.655617,Estimated_harmonic,Estimated_harmonic,
6173,2026-09-15 04:00:00,9,15,4,5,2018,29.593900,39.655849,Estimated_harmonic,Estimated_harmonic,
6174,2026-09-15 05:00:00,9,15,5,6,2018,29.590436,39.656081,Estimated_harmonic,Estimated_harmonic,
6175,2026-09-15 06:00:00,9,15,6,7,2018,29.586970,39.656313,Estimated_harmonic,Estimated_harmonic,
6176,2026-09-15 07:00:00,9,15,7,8,2018,29.583502,39.656544,Estimated_harmonic,Estimated_harmonic,
6177,2026-09-15 08:00:00,9,15,8,9,2018,29.580033,39.656776,Estimated_harmonic,Estimated_harmonic,
6178,2026-09-15 09:00:00,9,15,9,10,2018,29.576562,39.657008,Estimated_harmonic,Estimated_harmonic,
6179,2026-09-15 10:00:00,9,15,10,11,2018,29.573090,39.657239,Estimated_harmonic,Estimated_harmonic,
6180,2026-09-15 11:00:00,9,15,11,12,2018,29.569616,39.657471,Estimated_harmonic,Estimated_harmonic,
6181,2026-09-15 12:00:00,9,15,12,13,2018,29.566141,39.657702,Estimated_harmonic,Estimated_harmonic,
6182,2026-09-15 13:00:00,9,15,13,14,2018,29.562664,39.657933,Estimated_harmonic,Estimated_harmonic,
6183,2026-09-15 14:00:00,9,15,14,15,2018,29.559185,39.658164,Estimated_harmonic,Estimated_harmonic,
6184,2026-09-15 15:00:00,9,15,15,16,2018,29.555705,39.658395,Estimated_harmonic,Estimated_harmonic,
6185,2026-09-15 16:00:00,9,15,16,17,2018,29.552224,39.658627,Estimated_harmonic,Estimated_harmonic,
6186,2026-09-15 17:00:00,9,15,17,18,2018,29.548741,39.658857,Estimated_harmonic,Estimated_harmonic,
6187,2026-09-15 18:00:00,9,15,18,19,2018,29.545256,39.659088,Estimated_harmonic,Estimated_harmonic,
6188,2026-09-15 19:00:00,9,15,19,20,2018,29.541770,39.659319,Estimated_harmonic,Estimated_harmonic,
6189,2026-09-15 20:00:00,9,15,20,21,2018,29.538282,39.659550,Estimated_harmonic,Estimated_harmonic,
6190,2026-09-15 21:00:00,9,15,21,22,2018,29.534793,39.659780,Estimated_harmonic,Estimated_harmonic,
6191,2026-09-15 22:00:00,9,15,22,23,2018,29.531303,39.660011,Estimated_harmonic,Estimated_harmonic,
6192,2026-09-15 23:00:00,9,15,23,24,2018,29.527811,39.660241,Estimated_harmonic,Estimated_harmonic,
6193,2026-09-16 00:00:00,9,16,0,1,2018,29.524318,39.660472,Estimated_harmonic,Estimated_harmonic,
6194,2026-09-16 01:00:00,9,16,1,2,2018,29.520823,39.660702,Estimated_harmonic,Estimated_harmonic,
6195,2026-09-16 02:00:00,9,16,2,3,2018,29.517327,39.660932,Estimated_harmonic,Estimated_harmonic,
6196,2026-09-16 03:00:00,9,16,3,4,2018,29.513829,39.661162,Estimated_harmonic,Estimated_harmonic,
6197,2026-09-16 04:00:00,9,16,4,5,2018,29.510330,39.661392,Estimated_harmonic,Estimated_harmonic,
6198,2026-09-16 05:00:00,9,16,5,6,2018,29.506829,39.661622,Estimated_harmonic,Estimated_harmonic,
6199,2026-09-16 06:00:00,9,16,6,7,2018,29.503327,39.661852,Estimated_harmonic,Estimated_harmonic,
6200,2026-09-16 07:00:00,9,16,7,8,2018,29.499824,39.662082,Estimated_harmonic,Estimated_harmonic,
6201,2026-09-16 08:00:00,9,16,8,9,2018,29.496319,39.662311,Estimated_harmonic,Estimated_harmonic,
6202,2026-09-16 09:00:00,9,16,9,10,2018,29.492813,39.662541,Estimated_harmonic,Estimated_harmonic,
6203,2026-09-16 10:00:00,9,16,10,11,2018,29.489306,39.662770,Estimated_harmonic,Estimated_harmonic,
6204,2026-09-16 11:00:00,9,16,11,12,2018,29.485797,39.663000,Estimated_harmonic,Estimated_harmonic,
6205,2026-09-16 12:00:00,9,16,12,13,2018,29.482287,39.663229,Estimated_harmonic,Estimated_harmonic,
6206,2026-09-16 13:00:00,9,16,13,14,2018,29.478776,39.663458,Estimated_harmonic,Estimated_harmonic,
6207,2026-09-16 14:00:00,9,16,14,15,2018,29.475263,39.663687,Estimated_harmonic,Estimated_harmonic,
6208,2026-09-16 15:00:00,9,16,15,16,2018,29.471749,39.663916,Estimated_harmonic,Estimated_harmonic,
6209,2026-09-16 16:00:00,9,16,16,17,2018,29.468233,39.664145,Estimated_harmonic,Estimated_harmonic,
6210,2026-09-16 17:00:00,9,16,17,18,2018,29.464716,39.664374,Estimated_harmonic,Estimated_harmonic,
6211,2026-09-16 18:00:00,9,16,18,19,2018,29.461198,39.664603,Estimated_harmonic,Estimated_harmonic,
6212,2026-09-16 19:00:00,9,16,19,20,2018,29.457679,39.664831,Estimated_harmonic,Estimated_harmonic,
6213,2026-09-16 20:00:00,9,16,20,21,2018,29.454158,39.665060,Estimated_harmonic,Estimated_harmonic,
6214,2026-09-16 21:00:00,9,16,21,22,2018,29.450636,39.665288,Estimated_harmonic,Estimated_harmonic,
6215,2026-09-16 22:00:00,9,16,22,23,2018,29.447113,39.665516,Estimated_harmonic,Estimated_harmonic,
6216,2026-09-16 23:00:00,9,16,23,24,2018,29.443589,39.665745,Estimated_harmonic,Estimated_harmonic,
6217,2026-09-17 00:00:00,9,17,0,1,2018,29.440063,39.665973,Estimated_harmonic,Estimated_harmonic,
6218,2026-09-17 01:00:00,9,17,1,2,2018,29.436536,39.666201,Estimated_harmonic,Estimated_harmonic,
6219,2026-09-17 02:00:00,9,17,2,3,2018,29.433008,39.666429,Estimated_harmonic,Estimated_harmonic,
6220,2026-09-17 03:00:00,9,17,3,4,2018,29.429478,39.666657,Estimated_harmonic,Estimated_harmonic,
6221,2026-09-17 04:00:00,9,17,4,5,2018,29.425948,39.666885,Estimated_harmonic,Estimated_harmonic,
6222,2026-09-17 05:00:00,9,17,5,6,2018,29.422416,39.667112,Estimated_harmonic,Estimated_harmonic,
6223,2026-09-17 06:00:00,9,17,6,7,2018,29.418883,39.667340,Estimated_harmonic,Estimated_harmonic,
6224,2026-09-17 07:00:00,9,17,7,8,2018,29.415348,39.667567,Estimated_harmonic,Estimated_harmonic,
6225,2026-09-17 08:00:00,9,17,8,9,2018,29.411813,39.667795,Estimated_harmonic,Estimated_harmonic,
6226,2026-09-17 09:00:00,9,17,9,10,2018,29.408276,39.668022,Estimated_harmonic,Estimated_harmonic,
6227,2026-09-17 10:00:00,9,17,10,11,2018,29.404738,39.668249,Estimated_harmonic,Estimated_harmonic,
6228,2026-09-17 11:00:00,9,17,11,12,2018,29.401199,39.668476,Estimated_harmonic,Estimated_harmonic,
6229,2026-09-17 12:00:00,9,17,12,13,2018,29.397659,39.668703,Estimated_harmonic,Estimated_harmonic,
6230,2026-09-17 13:00:00,9,17,13,14,2018,29.394118,39.668930,Estimated_harmonic,Estimated_harmonic,
6231,2026-09-17 14:00:00,9,17,14,15,2018,29.390575,39.669157,Estimated_harmonic,Estimated_harmonic,
6232,2026-09-17 15:00:00,9,17,15,16,2018,29.387032,39.669384,Estimated_harmonic,Estimated_harmonic,
6233,2026-09-17 16:00:00,9,17,16,17,2018,29.383487,39.669610,Estimated_harmonic,Estimated_harmonic,
6234,2026-09-17 17:00:00,9,17,17,18,2018,29.379941,39.669837,Estimated_harmonic,Estimated_harmonic,
6235,2026-09-17 18:00:00,9,17,18,19,2018,29.376394,39.670063,Estimated_harmonic,Estimated_harmonic,
6236,2026-09-17 19:00:00,9,17,19,20,2018,29.372846,39.670289,Estimated_harmonic,Estimated_harmonic,
6237,2026-09-17 20:00:00,9,17,20,21,2018,29.369297,39.670515,Estimated_harmonic,Estimated_harmonic,
6238,2026-09-17 21:00:00,9,17,21,22,2018,29.365747,39.670742,Estimated_harmonic,Estimated_harmonic,
6239,2026-09-17 22:00:00,9,17,22,23,2018,29.362195,39.670967,Estimated_harmonic,Estimated_harmonic,
6240,2026-09-17 23:00:00,9,17,23,24,2018,29.358643,39.671193,Estimated_harmonic,Estimated_harmonic,
6241,2026-09-18 00:00:00,9,18,0,1,2018,29.355090,39.671419,Estimated_harmonic,Estimated_harmonic,
6242,2026-09-18 01:00:00,9,18,1,2,2018,29.351535,39.671645,Estimated_harmonic,Estimated_harmonic,
6243,2026-09-18 02:00:00,9,18,2,3,2018,29.347979,39.671870,Estimated_harmonic,Estimated_harmonic,
6244,2026-09-18 03:00:00,9,18,3,4,2018,29.344423,39.672096,Estimated_harmonic,Estimated_harmonic,
6245,2026-09-18 04:00:00,9,18,4,5,2018,29.340865,39.672321,Estimated_harmonic,Estimated_harmonic,
6246,2026-09-18 05:00:00,9,18,5,6,2018,29.337307,39.672546,Estimated_harmonic,Estimated_harmonic,
6247,2026-09-18 06:00:00,9,18,6,7,2018,29.333747,39.672771,Estimated_harmonic,Estimated_harmonic,
6248,2026-09-18 07:00:00,9,18,7,8,2018,29.330186,39.672996,Estimated_harmonic,Estimated_harmonic,
6249,2026-09-18 08:00:00,9,18,8,9,2018,29.326624,39.673221,Estimated_harmonic,Estimated_harmonic,
6250,2026-09-18 09:00:00,9,18,9,10,2018,29.323062,39.673446,Estimated_harmonic,Estimated_harmonic,
6251,2026-09-18 10:00:00,9,18,10,11,2018,29.319498,39.673671,Estimated_harmonic,Estimated_harmonic,
6252,2026-09-18 11:00:00,9,18,11,12,2018,29.315933,39.673896,Estimated_harmonic,Estimated_harmonic,
6253,2026-09-18 12:00:00,9,18,12,13,2018,29.312368,39.674120,Estimated_harmonic,Estimated_harmonic,
6254,2026-09-18 13:00:00,9,18,13,14,2018,29.308801,39.674344,Estimated_harmonic,Estimated_harmonic,
6255,2026-09-18 14:00:00,9,18,14,15,2018,29.305234,39.674569,Estimated_harmonic,Estimated_harmonic,
6256,2026-09-18 15:00:00,9,18,15,16,2018,29.301665,39.674793,Estimated_harmonic,Estimated_harmonic,
6257,2026-09-18 16:00:00,9,18,16,17,2018,29.298096,39.675017,Estimated_harmonic,Estimated_harmonic,
6258,2026-09-18 17:00:00,9,18,17,18,2018,29.294525,39.675241,Estimated_harmonic,Estimated_harmonic,
6259,2026-09-18 18:00:00,9,18,18,19,2018,29.290954,39.675465,Estimated_harmonic,Estimated_harmonic,
6260,2026-09-18 19:00:00,9,18,19,20,2018,29.287382,39.675688,Estimated_harmonic,Estimated_harmonic,
6261,2026-09-18 20:00:00,9,18,20,21,2018,29.283809,39.675912,Estimated_harmonic,Estimated_harmonic,
6262,2026-09-18 21:00:00,9,18,21,22,2018,29.280235,39.676135,Estimated_harmonic,Estimated_harmonic,
6263,2026-09-18 22:00:00,9,18,22,23,2018,29.276660,39.676359,Estimated_harmonic,Estimated_harmonic,
6264,2026-09-18 23:00:00,9,18,23,24,2018,29.273084,39.676582,Estimated_harmonic,Estimated_harmonic,
6265,2026-09-19 00:00:00,9,19,0,1,2018,29.269507,39.676805,Estimated_harmonic,Estimated_harmonic,
6266,2026-09-19 01:00:00,9,19,1,2,2018,29.265930,39.677028,Estimated_harmonic,Estimated_harmonic,
6267,2026-09-19 02:00:00,9,19,2,3,2018,29.262351,39.677251,Estimated_harmonic,Estimated_harmonic,
6268,2026-09-19 03:00:00,9,19,3,4,2018,29.258772,39.677474,Estimated_harmonic,Estimated_harmonic,
6269,2026-09-19 04:00:00,9,19,4,5,2018,29.255192,39.677697,Estimated_harmonic,Estimated_harmonic,
6270,2026-09-19 05:00:00,9,19,5,6,2018,29.251611,39.677919,Estimated_harmonic,Estimated_harmonic,
6271,2026-09-19 06:00:00,9,19,6,7,2018,29.248029,39.678142,Estimated_harmonic,Estimated_harmonic,
6272,2026-09-19 07:00:00,9,19,7,8,2018,29.244447,39.678364,Estimated_harmonic,Estimated_harmonic,
6273,2026-09-19 08:00:00,9,19,8,9,2018,29.240863,39.678586,Estimated_harmonic,Estimated_harmonic,
6274,2026-09-19 09:00:00,9,19,9,10,2018,29.237279,39.678809,Estimated_harmonic,Estimated_harmonic,
6275,2026-09-19 10:00:00,9,19,10,11,2018,29.233694,39.679031,Estimated_harmonic,Estimated_harmonic,
6276,2026-09-19 11:00:00,9,19,11,12,2018,29.230108,39.679252,Estimated_harmonic,Estimated_harmonic,
6277,2026-09-19 12:00:00,9,19,12,13,2018,29.226522,39.679474,Estimated_harmonic,Estimated_harmonic,
6278,2026-09-19 13:00:00,9,19,13,14,2018,29.222934,39.679696,Estimated_harmonic,Estimated_harmonic,
6279,2026-09-19 14:00:00,9,19,14,15,2018,29.219346,39.679917,Estimated_harmonic,Estimated_harmonic,
6280,2026-09-19 15:00:00,9,19,15,16,2018,29.215757,39.680139,Estimated_harmonic,Estimated_harmonic,
6281,2026-09-19 16:00:00,9,19,16,17,2018,29.212168,39.680360,Estimated_harmonic,Estimated_harmonic,
6282,2026-09-19 17:00:00,9,19,17,18,2018,29.208577,39.680581,Estimated_harmonic,Estimated_harmonic,
6283,2026-09-19 18:00:00,9,19,18,19,2018,29.204986,39.680802,Estimated_harmonic,Estimated_harmonic,
6284,2026-09-19 19:00:00,9,19,19,20,2018,29.201394,39.681023,Estimated_harmonic,Estimated_harmonic,
6285,2026-09-19 20:00:00,9,19,20,21,2018,29.197802,39.681244,Estimated_harmonic,Estimated_harmonic,
6286,2026-09-19 21:00:00,9,19,21,22,2018,29.194209,39.681465,Estimated_harmonic,Estimated_harmonic,
6287,2026-09-19 22:00:00,9,19,22,23,2018,29.190615,39.681685,Estimated_harmonic,Estimated_harmonic,
6288,2026-09-19 23:00:00,9,19,23,24,2018,29.187020,39.681906,Estimated_harmonic,Estimated_harmonic,
6289,2026-09-20 00:00:00,9,20,0,1,2018,29.183424,39.682126,Estimated_harmonic,Estimated_harmonic,
6290,2026-09-20 01:00:00,9,20,1,2,2018,29.179828,39.682346,Estimated_harmonic,Estimated_harmonic,
6291,2026-09-20 02:00:00,9,20,2,3,2018,29.176232,39.682566,Estimated_harmonic,Estimated_harmonic,
6292,2026-09-20 03:00:00,9,20,3,4,2018,29.172634,39.682786,Estimated_harmonic,Estimated_harmonic,
6293,2026-09-20 04:00:00,9,20,4,5,2018,29.169036,39.683006,Estimated_harmonic,Estimated_harmonic,
6294,2026-09-20 05:00:00,9,20,5,6,2018,29.165437,39.683226,Estimated_harmonic,Estimated_harmonic,
6295,2026-09-20 06:00:00,9,20,6,7,2018,29.161838,39.683446,Estimated_harmonic,Estimated_harmonic,
6296,2026-09-20 07:00:00,9,20,7,8,2018,29.158238,39.683665,Estimated_harmonic,Estimated_harmonic,
6297,2026-09-20 08:00:00,9,20,8,9,2018,29.154637,39.683884,Estimated_harmonic,Estimated_harmonic,
6298,2026-09-20 09:00:00,9,20,9,10,2018,29.151036,39.684104,Estimated_harmonic,Estimated_harmonic,
6299,2026-09-20 10:00:00,9,20,10,11,2018,29.147434,39.684323,Estimated_harmonic,Estimated_harmonic,
6300,2026-09-20 11:00:00,9,20,11,12,2018,29.143832,39.684542,Estimated_harmonic,Estimated_harmonic,
6301,2026-09-20 12:00:00,9,20,12,13,2018,29.140229,39.684760,Estimated_harmonic,Estimated_harmonic,
6302,2026-09-20 13:00:00,9,20,13,14,2018,29.136625,39.684979,Estimated_harmonic,Estimated_harmonic,
6303,2026-09-20 14:00:00,9,20,14,15,2018,29.133021,39.685198,Estimated_harmonic,Estimated_harmonic,
6304,2026-09-20 15:00:00,9,20,15,16,2018,29.129416,39.685416,Estimated_harmonic,Estimated_harmonic,
6305,2026-09-20 16:00:00,9,20,16,17,2018,29.125810,39.685635,Estimated_harmonic,Estimated_harmonic,
6306,2026-09-20 17:00:00,9,20,17,18,2018,29.122204,39.685853,Estimated_harmonic,Estimated_harmonic,
6307,2026-09-20 18:00:00,9,20,18,19,2018,29.118598,39.686071,Estimated_harmonic,Estimated_harmonic,
6308,2026-09-20 19:00:00,9,20,19,20,2018,29.114991,39.686289,Estimated_harmonic,Estimated_harmonic,
6309,2026-09-20 20:00:00,9,20,20,21,2018,29.111383,39.686507,Estimated_harmonic,Estimated_harmonic,
6310,2026-09-20 21:00:00,9,20,21,22,2018,29.107775,39.686724,Estimated_harmonic,Estimated_harmonic,
6311,2026-09-20 22:00:00,9,20,22,23,2018,29.104166,39.686942,Estimated_harmonic,Estimated_harmonic,
6312,2026-09-20 23:00:00,9,20,23,24,2018,29.100557,39.687159,Estimated_harmonic,Estimated_harmonic,
6313,2026-09-21 00:00:00,9,21,0,1,2018,29.096947,39.687376,Estimated_harmonic,Estimated_harmonic,
6314,2026-09-21 01:00:00,9,21,1,2,2018,29.093337,39.687594,Estimated_harmonic,Estimated_harmonic,
6315,2026-09-21 02:00:00,9,21,2,3,2018,29.089726,39.687811,Estimated_harmonic,Estimated_harmonic,
6316,2026-09-21 03:00:00,9,21,3,4,2018,29.086115,39.688028,Estimated_harmonic,Estimated_harmonic,
6317,2026-09-21 04:00:00,9,21,4,5,2018,29.082503,39.688244,Estimated_harmonic,Estimated_harmonic,
6318,2026-09-21 05:00:00,9,21,5,6,2018,29.078891,39.688461,Estimated_harmonic,Estimated_harmonic,
6319,2026-09-21 06:00:00,9,21,6,7,2018,29.075279,39.688677,Estimated_harmonic,Estimated_harmonic,
6320,2026-09-21 07:00:00,9,21,7,8,2018,29.071665,39.688894,Estimated_harmonic,Estimated_harmonic,
6321,2026-09-21 08:00:00,9,21,8,9,2018,29.068052,39.689110,Estimated_harmonic,Estimated_harmonic,
6322,2026-09-21 09:00:00,9,21,9,10,2018,29.064438,39.689326,Estimated_harmonic,Estimated_harmonic,
6323,2026-09-21 10:00:00,9,21,10,11,2018,29.060823,39.689542,Estimated_harmonic,Estimated_harmonic,
6324,2026-09-21 11:00:00,9,21,11,12,2018,29.057209,39.689758,Estimated_harmonic,Estimated_harmonic,
6325,2026-09-21 12:00:00,9,21,12,13,2018,29.053593,39.689973,Estimated_harmonic,Estimated_harmonic,
6326,2026-09-21 13:00:00,9,21,13,14,2018,29.049978,39.690189,Estimated_harmonic,Estimated_harmonic,
6327,2026-09-21 14:00:00,9,21,14,15,2018,29.046362,39.690404,Estimated_harmonic,Estimated_harmonic,
6328,2026-09-21 15:00:00,9,21,15,16,2018,29.042745,39.690620,Estimated_harmonic,Estimated_harmonic,
6329,2026-09-21 16:00:00,9,21,16,17,2018,29.039128,39.690835,Estimated_harmonic,Estimated_harmonic,
6330,2026-09-21 17:00:00,9,21,17,18,2018,29.035511,39.691050,Estimated_harmonic,Estimated_harmonic,
6331,2026-09-21 18:00:00,9,21,18,19,2018,29.031893,39.691265,Estimated_harmonic,Estimated_harmonic,
6332,2026-09-21 19:00:00,9,21,19,20,2018,29.028275,39.691479,Estimated_harmonic,Estimated_harmonic,
6333,2026-09-21 20:00:00,9,21,20,21,2018,29.024657,39.691694,Estimated_harmonic,Estimated_harmonic,
6334,2026-09-21 21:00:00,9,21,21,22,2018,29.021038,39.691908,Estimated_harmonic,Estimated_harmonic,
6335,2026-09-21 22:00:00,9,21,22,23,2018,29.017419,39.692123,Estimated_harmonic,Estimated_harmonic,
6336,2026-09-21 23:00:00,9,21,23,24,2018,29.013800,39.692337,Estimated_harmonic,Estimated_harmonic,
6337,2026-09-22 00:00:00,9,22,0,1,2018,29.010180,39.692551,Estimated_harmonic,Estimated_harmonic,
6338,2026-09-22 01:00:00,9,22,1,2,2018,29.006560,39.692765,Estimated_harmonic,Estimated_harmonic,
6339,2026-09-22 02:00:00,9,22,2,3,2018,29.002939,39.692978,Estimated_harmonic,Estimated_harmonic,
6340,2026-09-22 03:00:00,9,22,3,4,2018,28.999319,39.693192,Estimated_harmonic,Estimated_harmonic,
6341,2026-09-22 04:00:00,9,22,4,5,2018,28.995698,39.693405,Estimated_harmonic,Estimated_harmonic,
6342,2026-09-22 05:00:00,9,22,5,6,2018,28.992076,39.693619,Estimated_harmonic,Estimated_harmonic,
6343,2026-09-22 06:00:00,9,22,6,7,2018,28.988455,39.693832,Estimated_harmonic,Estimated_harmonic,
6344,2026-09-22 07:00:00,9,22,7,8,2018,28.984833,39.694045,Estimated_harmonic,Estimated_harmonic,
6345,2026-09-22 08:00:00,9,22,8,9,2018,28.981211,39.694258,Estimated_harmonic,Estimated_harmonic,
6346,2026-09-22 09:00:00,9,22,9,10,2018,28.977588,39.694470,Estimated_harmonic,Estimated_harmonic,
6347,2026-09-22 10:00:00,9,22,10,11,2018,28.973966,39.694683,Estimated_harmonic,Estimated_harmonic,
6348,2026-09-22 11:00:00,9,22,11,12,2018,28.970343,39.694895,Estimated_harmonic,Estimated_harmonic,
6349,2026-09-22 12:00:00,9,22,12,13,2018,28.966719,39.695108,Estimated_harmonic,Estimated_harmonic,
6350,2026-09-22 13:00:00,9,22,13,14,2018,28.963096,39.695320,Estimated_harmonic,Estimated_harmonic,
6351,2026-09-22 14:00:00,9,22,14,15,2018,28.959472,39.695532,Estimated_harmonic,Estimated_harmonic,
6352,2026-09-22 15:00:00,9,22,15,16,2018,28.955848,39.695743,Estimated_harmonic,Estimated_harmonic,
6353,2026-09-22 16:00:00,9,22,16,17,2018,28.952224,39.695955,Estimated_harmonic,Estimated_harmonic,
6354,2026-09-22 17:00:00,9,22,17,18,2018,28.948600,39.696167,Estimated_harmonic,Estimated_harmonic,
6355,2026-09-22 18:00:00,9,22,18,19,2018,28.944975,39.696378,Estimated_harmonic,Estimated_harmonic,
6356,2026-09-22 19:00:00,9,22,19,20,2018,28.941351,39.696589,Estimated_harmonic,Estimated_harmonic,
6357,2026-09-22 20:00:00,9,22,20,21,2018,28.937726,39.696800,Estimated_harmonic,Estimated_harmonic,
6358,2026-09-22 21:00:00,9,22,21,22,2018,28.934101,39.697011,Estimated_harmonic,Estimated_harmonic,
6359,2026-09-22 22:00:00,9,22,22,23,2018,28.930476,39.697222,Estimated_harmonic,Estimated_harmonic,
6360,2026-09-22 23:00:00,9,22,23,24,2018,28.926850,39.697433,Estimated_harmonic,Estimated_harmonic,
6361,2026-09-23 00:00:00,9,23,0,1,2018,28.923225,39.697643,Estimated_harmonic,Estimated_harmonic,
6362,2026-09-23 01:00:00,9,23,1,2,2018,28.919599,39.697854,Estimated_harmonic,Estimated_harmonic,
6363,2026-09-23 02:00:00,9,23,2,3,2018,28.915973,39.698064,Estimated_harmonic,Estimated_harmonic,
6364,2026-09-23 03:00:00,9,23,3,4,2018,28.912347,39.698274,Estimated_harmonic,Estimated_harmonic,
6365,2026-09-23 04:00:00,9,23,4,5,2018,28.908721,39.698484,Estimated_harmonic,Estimated_harmonic,
6366,2026-09-23 05:00:00,9,23,5,6,2018,28.905094,39.698693,Estimated_harmonic,Estimated_harmonic,
6367,2026-09-23 06:00:00,9,23,6,7,2018,28.901468,39.698903,Estimated_harmonic,Estimated_harmonic,
6368,2026-09-23 07:00:00,9,23,7,8,2018,28.897842,39.699112,Estimated_harmonic,Estimated_harmonic,
6369,2026-09-23 08:00:00,9,23,8,9,2018,28.894215,39.699322,Estimated_harmonic,Estimated_harmonic,
6370,2026-09-23 09:00:00,9,23,9,10,2018,28.890588,39.699531,Estimated_harmonic,Estimated_harmonic,
6371,2026-09-23 10:00:00,9,23,10,11,2018,28.886962,39.699740,Estimated_harmonic,Estimated_harmonic,
6372,2026-09-23 11:00:00,9,23,11,12,2018,28.883335,39.699948,Estimated_harmonic,Estimated_harmonic,
6373,2026-09-23 12:00:00,9,23,12,13,2018,28.879708,39.700157,Estimated_harmonic,Estimated_harmonic,
6374,2026-09-23 13:00:00,9,23,13,14,2018,28.876081,39.700365,Estimated_harmonic,Estimated_harmonic,
6375,2026-09-23 14:00:00,9,23,14,15,2018,28.872454,39.700574,Estimated_harmonic,Estimated_harmonic,
6376,2026-09-23 15:00:00,9,23,15,16,2018,28.868827,39.700782,Estimated_harmonic,Estimated_harmonic,
6377,2026-09-23 16:00:00,9,23,16,17,2018,28.865199,39.700990,Estimated_harmonic,Estimated_harmonic,
6378,2026-09-23 17:00:00,9,23,17,18,2018,28.861572,39.701198,Estimated_harmonic,Estimated_harmonic,
6379,2026-09-23 18:00:00,9,23,18,19,2018,28.857945,39.701405,Estimated_harmonic,Estimated_harmonic,
6380,2026-09-23 19:00:00,9,23,19,20,2018,28.854318,39.701613,Estimated_harmonic,Estimated_harmonic,
6381,2026-09-23 20:00:00,9,23,20,21,2018,28.850690,39.701820,Estimated_harmonic,Estimated_harmonic,
6382,2026-09-23 21:00:00,9,23,21,22,2018,28.847063,39.702028,Estimated_harmonic,Estimated_harmonic,
6383,2026-09-23 22:00:00,9,23,22,23,2018,28.843436,39.702235,Estimated_harmonic,Estimated_harmonic,
6384,2026-09-23 23:00:00,9,23,23,24,2018,28.839809,39.702441,Estimated_harmonic,Estimated_harmonic,
6385,2026-09-24 00:00:00,9,24,0,1,2018,28.836181,39.702648,Estimated_harmonic,Estimated_harmonic,
6386,2026-09-24 01:00:00,9,24,1,2,2018,28.832554,39.702855,Estimated_harmonic,Estimated_harmonic,
6387,2026-09-24 02:00:00,9,24,2,3,2018,28.828927,39.703061,Estimated_harmonic,Estimated_harmonic,
6388,2026-09-24 03:00:00,9,24,3,4,2018,28.825300,39.703267,Estimated_harmonic,Estimated_harmonic,
6389,2026-09-24 04:00:00,9,24,4,5,2018,28.821672,39.703473,Estimated_harmonic,Estimated_harmonic,
6390,2026-09-24 05:00:00,9,24,5,6,2018,28.818045,39.703679,Estimated_harmonic,Estimated_harmonic,
6391,2026-09-24 06:00:00,9,24,6,7,2018,28.814418,39.703885,Estimated_harmonic,Estimated_harmonic,
6392,2026-09-24 07:00:00,9,24,7,8,2018,28.810791,39.704091,Estimated_harmonic,Estimated_harmonic,
6393,2026-09-24 08:00:00,9,24,8,9,2018,28.807164,39.704296,Estimated_harmonic,Estimated_harmonic,
6394,2026-09-24 09:00:00,9,24,9,10,2018,28.803537,39.704501,Estimated_harmonic,Estimated_harmonic,
6395,2026-09-24 10:00:00,9,24,10,11,2018,28.799911,39.704706,Estimated_harmonic,Estimated_harmonic,
6396,2026-09-24 11:00:00,9,24,11,12,2018,28.796284,39.704911,Estimated_harmonic,Estimated_harmonic,
6397,2026-09-24 12:00:00,9,24,12,13,2018,28.792657,39.705116,Estimated_harmonic,Estimated_harmonic,
6398,2026-09-24 13:00:00,9,24,13,14,2018,28.789031,39.705320,Estimated_harmonic,Estimated_harmonic,
6399,2026-09-24 14:00:00,9,24,14,15,2018,28.785404,39.705525,Estimated_harmonic,Estimated_harmonic,
6400,2026-09-24 15:00:00,9,24,15,16,2018,28.781778,39.705729,Estimated_harmonic,Estimated_harmonic,
6401,2026-09-24 16:00:00,9,24,16,17,2018,28.778152,39.705933,Estimated_harmonic,Estimated_harmonic,
6402,2026-09-24 17:00:00,9,24,17,18,2018,28.774526,39.706137,Estimated_harmonic,Estimated_harmonic,
6403,2026-09-24 18:00:00,9,24,18,19,2018,28.770900,39.706341,Estimated_harmonic,Estimated_harmonic,
6404,2026-09-24 19:00:00,9,24,19,20,2018,28.767274,39.706544,Estimated_harmonic,Estimated_harmonic,
6405,2026-09-24 20:00:00,9,24,20,21,2018,28.763649,39.706748,Estimated_harmonic,Estimated_harmonic,
6406,2026-09-24 21:00:00,9,24,21,22,2018,28.760023,39.706951,Estimated_harmonic,Estimated_harmonic,
6407,2026-09-24 22:00:00,9,24,22,23,2018,28.756398,39.707154,Estimated_harmonic,Estimated_harmonic,
6408,2026-09-24 23:00:00,9,24,23,24,2018,28.752773,39.707357,Estimated_harmonic,Estimated_harmonic,
6409,2026-09-25 00:00:00,9,25,0,1,2018,28.749148,39.707560,Estimated_harmonic,Estimated_harmonic,
6410,2026-09-25 01:00:00,9,25,1,2,2018,28.745523,39.707762,Estimated_harmonic,Estimated_harmonic,
6411,2026-09-25 02:00:00,9,25,2,3,2018,28.741898,39.707964,Estimated_harmonic,Estimated_harmonic,
6412,2026-09-25 03:00:00,9,25,3,4,2018,28.738274,39.708167,Estimated_harmonic,Estimated_harmonic,
6413,2026-09-25 04:00:00,9,25,4,5,2018,28.734650,39.708369,Estimated_harmonic,Estimated_harmonic,
6414,2026-09-25 05:00:00,9,25,5,6,2018,28.731026,39.708570,Estimated_harmonic,Estimated_harmonic,
6415,2026-09-25 06:00:00,9,25,6,7,2018,28.727402,39.708772,Estimated_harmonic,Estimated_harmonic,
6416,2026-09-25 07:00:00,9,25,7,8,2018,28.723778,39.708973,Estimated_harmonic,Estimated_harmonic,
6417,2026-09-25 08:00:00,9,25,8,9,2018,28.720155,39.709175,Estimated_harmonic,Estimated_harmonic,
6418,2026-09-25 09:00:00,9,25,9,10,2018,28.716532,39.709376,Estimated_harmonic,Estimated_harmonic,
6419,2026-09-25 10:00:00,9,25,10,11,2018,28.712909,39.709577,Estimated_harmonic,Estimated_harmonic,
6420,2026-09-25 11:00:00,9,25,11,12,2018,28.709287,39.709778,Estimated_harmonic,Estimated_harmonic,
6421,2026-09-25 12:00:00,9,25,12,13,2018,28.705664,39.709978,Estimated_harmonic,Estimated_harmonic,
6422,2026-09-25 13:00:00,9,25,13,14,2018,28.702042,39.710179,Estimated_harmonic,Estimated_harmonic,
6423,2026-09-25 14:00:00,9,25,14,15,2018,28.698420,39.710379,Estimated_harmonic,Estimated_harmonic,
6424,2026-09-25 15:00:00,9,25,15,16,2018,28.694799,39.710579,Estimated_harmonic,Estimated_harmonic,
6425,2026-09-25 16:00:00,9,25,16,17,2018,28.691178,39.710779,Estimated_harmonic,Estimated_harmonic,
6426,2026-09-25 17:00:00,9,25,17,18,2018,28.687557,39.710978,Estimated_harmonic,Estimated_harmonic,
6427,2026-09-25 18:00:00,9,25,18,19,2018,28.683936,39.711178,Estimated_harmonic,Estimated_harmonic,
6428,2026-09-25 19:00:00,9,25,19,20,2018,28.680316,39.711377,Estimated_harmonic,Estimated_harmonic,
6429,2026-09-25 20:00:00,9,25,20,21,2018,28.676696,39.711576,Estimated_harmonic,Estimated_harmonic,
6430,2026-09-25 21:00:00,9,25,21,22,2018,28.673076,39.711775,Estimated_harmonic,Estimated_harmonic,
6431,2026-09-25 22:00:00,9,25,22,23,2018,28.669457,39.711974,Estimated_harmonic,Estimated_harmonic,
6432,2026-09-25 23:00:00,9,25,23,24,2018,28.665838,39.712173,Estimated_harmonic,Estimated_harmonic,
6433,2026-09-26 00:00:00,9,26,0,1,2018,28.662219,39.712371,Estimated_harmonic,Estimated_harmonic,
6434,2026-09-26 01:00:00,9,26,1,2,2018,28.658601,39.712569,Estimated_harmonic,Estimated_harmonic,
6435,2026-09-26 02:00:00,9,26,2,3,2018,28.654982,39.712767,Estimated_harmonic,Estimated_harmonic,
6436,2026-09-26 03:00:00,9,26,3,4,2018,28.651365,39.712965,Estimated_harmonic,Estimated_harmonic,
6437,2026-09-26 04:00:00,9,26,4,5,2018,28.647748,39.713163,Estimated_harmonic,Estimated_harmonic,
6438,2026-09-26 05:00:00,9,26,5,6,2018,28.644131,39.713360,Estimated_harmonic,Estimated_harmonic,
6439,2026-09-26 06:00:00,9,26,6,7,2018,28.640514,39.713558,Estimated_harmonic,Estimated_harmonic,
6440,2026-09-26 07:00:00,9,26,7,8,2018,28.636898,39.713755,Estimated_harmonic,Estimated_harmonic,
6441,2026-09-26 08:00:00,9,26,8,9,2018,28.633282,39.713952,Estimated_harmonic,Estimated_harmonic,
6442,2026-09-26 09:00:00,9,26,9,10,2018,28.629667,39.714149,Estimated_harmonic,Estimated_harmonic,
6443,2026-09-26 10:00:00,9,26,10,11,2018,28.626052,39.714345,Estimated_harmonic,Estimated_harmonic,
6444,2026-09-26 11:00:00,9,26,11,12,2018,28.622437,39.714541,Estimated_harmonic,Estimated_harmonic,
6445,2026-09-26 12:00:00,9,26,12,13,2018,28.618823,39.714738,Estimated_harmonic,Estimated_harmonic,
6446,2026-09-26 13:00:00,9,26,13,14,2018,28.615209,39.714934,Estimated_harmonic,Estimated_harmonic,
6447,2026-09-26 14:00:00,9,26,14,15,2018,28.611596,39.715129,Estimated_harmonic,Estimated_harmonic,
6448,2026-09-26 15:00:00,9,26,15,16,2018,28.607983,39.715325,Estimated_harmonic,Estimated_harmonic,
6449,2026-09-26 16:00:00,9,26,16,17,2018,28.604371,39.715520,Estimated_harmonic,Estimated_harmonic,
6450,2026-09-26 17:00:00,9,26,17,18,2018,28.600759,39.715716,Estimated_harmonic,Estimated_harmonic,
6451,2026-09-26 18:00:00,9,26,18,19,2018,28.597147,39.715911,Estimated_harmonic,Estimated_harmonic,
6452,2026-09-26 19:00:00,9,26,19,20,2018,28.593536,39.716106,Estimated_harmonic,Estimated_harmonic,
6453,2026-09-26 20:00:00,9,26,20,21,2018,28.589925,39.716300,Estimated_harmonic,Estimated_harmonic,
6454,2026-09-26 21:00:00,9,26,21,22,2018,28.586315,39.716495,Estimated_harmonic,Estimated_harmonic,
6455,2026-09-26 22:00:00,9,26,22,23,2018,28.582706,39.716689,Estimated_harmonic,Estimated_harmonic,
6456,2026-09-26 23:00:00,9,26,23,24,2018,28.579096,39.716883,Estimated_harmonic,Estimated_harmonic,
6457,2026-09-27 00:00:00,9,27,0,1,2018,28.575488,39.717077,Estimated_harmonic,Estimated_harmonic,
6458,2026-09-27 01:00:00,9,27,1,2,2018,28.571880,39.717270,Estimated_harmonic,Estimated_harmonic,
6459,2026-09-27 02:00:00,9,27,2,3,2018,28.568272,39.717464,Estimated_harmonic,Estimated_harmonic,
6460,2026-09-27 03:00:00,9,27,3,4,2018,28.564665,39.717657,Estimated_harmonic,Estimated_harmonic,
6461,2026-09-27 04:00:00,9,27,4,5,2018,28.561058,39.717850,Estimated_harmonic,Estimated_harmonic,
6462,2026-09-27 05:00:00,9,27,5,6,2018,28.557452,39.718043,Estimated_harmonic,Estimated_harmonic,
6463,2026-09-27 06:00:00,9,27,6,7,2018,28.553846,39.718236,Estimated_harmonic,Estimated_harmonic,
6464,2026-09-27 07:00:00,9,27,7,8,2018,28.550241,39.718428,Estimated_harmonic,Estimated_harmonic,
6465,2026-09-27 08:00:00,9,27,8,9,2018,28.546637,39.718621,Estimated_harmonic,Estimated_harmonic,
6466,2026-09-27 09:00:00,9,27,9,10,2018,28.543033,39.718813,Estimated_harmonic,Estimated_harmonic,
6467,2026-09-27 10:00:00,9,27,10,11,2018,28.539430,39.719005,Estimated_harmonic,Estimated_harmonic,
6468,2026-09-27 11:00:00,9,27,11,12,2018,28.535827,39.719196,Estimated_harmonic,Estimated_harmonic,
6469,2026-09-27 12:00:00,9,27,12,13,2018,28.532225,39.719388,Estimated_harmonic,Estimated_harmonic,
6470,2026-09-27 13:00:00,9,27,13,14,2018,28.528623,39.719579,Estimated_harmonic,Estimated_harmonic,
6471,2026-09-27 14:00:00,9,27,14,15,2018,28.525022,39.719770,Estimated_harmonic,Estimated_harmonic,
6472,2026-09-27 15:00:00,9,27,15,16,2018,28.521421,39.719961,Estimated_harmonic,Estimated_harmonic,
6473,2026-09-27 16:00:00,9,27,16,17,2018,28.517821,39.720152,Estimated_harmonic,Estimated_harmonic,
6474,2026-09-27 17:00:00,9,27,17,18,2018,28.514222,39.720342,Estimated_harmonic,Estimated_harmonic,
6475,2026-09-27 18:00:00,9,27,18,19,2018,28.510623,39.720533,Estimated_harmonic,Estimated_harmonic,
6476,2026-09-27 19:00:00,9,27,19,20,2018,28.507025,39.720723,Estimated_harmonic,Estimated_harmonic,
6477,2026-09-27 20:00:00,9,27,20,21,2018,28.503428,39.720912,Estimated_harmonic,Estimated_harmonic,
6478,2026-09-27 21:00:00,9,27,21,22,2018,28.499831,39.721102,Estimated_harmonic,Estimated_harmonic,
6479,2026-09-27 22:00:00,9,27,22,23,2018,28.496235,39.721292,Estimated_harmonic,Estimated_harmonic,
6480,2026-09-27 23:00:00,9,27,23,24,2018,28.492639,39.721481,Estimated_harmonic,Estimated_harmonic,
6481,2026-09-28 00:00:00,9,28,0,1,2018,28.489044,39.721670,Estimated_harmonic,Estimated_harmonic,
6482,2026-09-28 01:00:00,9,28,1,2,2018,28.485450,39.721859,Estimated_harmonic,Estimated_harmonic,
6483,2026-09-28 02:00:00,9,28,2,3,2018,28.481857,39.722047,Estimated_harmonic,Estimated_harmonic,
6484,2026-09-28 03:00:00,9,28,3,4,2018,28.478264,39.722236,Estimated_harmonic,Estimated_harmonic,
6485,2026-09-28 04:00:00,9,28,4,5,2018,28.474671,39.722424,Estimated_harmonic,Estimated_harmonic,
6486,2026-09-28 05:00:00,9,28,5,6,2018,28.471080,39.722612,Estimated_harmonic,Estimated_harmonic,
6487,2026-09-28 06:00:00,9,28,6,7,2018,28.467489,39.722800,Estimated_harmonic,Estimated_harmonic,
6488,2026-09-28 07:00:00,9,28,7,8,2018,28.463899,39.722987,Estimated_harmonic,Estimated_harmonic,
6489,2026-09-28 08:00:00,9,28,8,9,2018,28.460309,39.723175,Estimated_harmonic,Estimated_harmonic,
6490,2026-09-28 09:00:00,9,28,9,10,2018,28.456720,39.723362,Estimated_harmonic,Estimated_harmonic,
6491,2026-09-28 10:00:00,9,28,10,11,2018,28.453132,39.723549,Estimated_harmonic,Estimated_harmonic,
6492,2026-09-28 11:00:00,9,28,11,12,2018,28.449545,39.723736,Estimated_harmonic,Estimated_harmonic,
6493,2026-09-28 12:00:00,9,28,12,13,2018,28.445958,39.723922,Estimated_harmonic,Estimated_harmonic,
6494,2026-09-28 13:00:00,9,28,13,14,2018,28.442372,39.724108,Estimated_harmonic,Estimated_harmonic,
6495,2026-09-28 14:00:00,9,28,14,15,2018,28.438787,39.724295,Estimated_harmonic,Estimated_harmonic,
6496,2026-09-28 15:00:00,9,28,15,16,2018,28.435202,39.724480,Estimated_harmonic,Estimated_harmonic,
6497,2026-09-28 16:00:00,9,28,16,17,2018,28.431619,39.724666,Estimated_harmonic,Estimated_harmonic,
6498,2026-09-28 17:00:00,9,28,17,18,2018,28.428036,39.724852,Estimated_harmonic,Estimated_harmonic,
6499,2026-09-28 18:00:00,9,28,18,19,2018,28.424454,39.725037,Estimated_harmonic,Estimated_harmonic,
6500,2026-09-28 19:00:00,9,28,19,20,2018,28.420872,39.725222,Estimated_harmonic,Estimated_harmonic,
6501,2026-09-28 20:00:00,9,28,20,21,2018,28.417291,39.725407,Estimated_harmonic,Estimated_harmonic,
6502,2026-09-28 21:00:00,9,28,21,22,2018,28.413711,39.725591,Estimated_harmonic,Estimated_harmonic,
6503,2026-09-28 22:00:00,9,28,22,23,2018,28.410132,39.725776,Estimated_harmonic,Estimated_harmonic,
6504,2026-09-28 23:00:00,9,28,23,24,2018,28.406554,39.725960,Estimated_harmonic,Estimated_harmonic,
6505,2026-09-29 00:00:00,9,29,0,1,2018,28.402976,39.726144,Estimated_harmonic,Estimated_harmonic,
6506,2026-09-29 01:00:00,9,29,1,2,2018,28.399400,39.726327,Estimated_harmonic,Estimated_harmonic,
6507,2026-09-29 02:00:00,9,29,2,3,2018,28.395824,39.726511,Estimated_harmonic,Estimated_harmonic,
6508,2026-09-29 03:00:00,9,29,3,4,2018,28.392249,39.726694,Estimated_harmonic,Estimated_harmonic,
6509,2026-09-29 04:00:00,9,29,4,5,2018,28.388674,39.726877,Estimated_harmonic,Estimated_harmonic,
6510,2026-09-29 05:00:00,9,29,5,6,2018,28.385101,39.727060,Estimated_harmonic,Estimated_harmonic,
6511,2026-09-29 06:00:00,9,29,6,7,2018,28.381528,39.727243,Estimated_harmonic,Estimated_harmonic,
6512,2026-09-29 07:00:00,9,29,7,8,2018,28.377956,39.727425,Estimated_harmonic,Estimated_harmonic,
6513,2026-09-29 08:00:00,9,29,8,9,2018,28.374385,39.727607,Estimated_harmonic,Estimated_harmonic,
6514,2026-09-29 09:00:00,9,29,9,10,2018,28.370815,39.727789,Estimated_harmonic,Estimated_harmonic,
6515,2026-09-29 10:00:00,9,29,10,11,2018,28.367246,39.727971,Estimated_harmonic,Estimated_harmonic,
6516,2026-09-29 11:00:00,9,29,11,12,2018,28.363677,39.728153,Estimated_harmonic,Estimated_harmonic,
6517,2026-09-29 12:00:00,9,29,12,13,2018,28.360110,39.728334,Estimated_harmonic,Estimated_harmonic,
6518,2026-09-29 13:00:00,9,29,13,14,2018,28.356543,39.728515,Estimated_harmonic,Estimated_harmonic,
6519,2026-09-29 14:00:00,9,29,14,15,2018,28.352977,39.728696,Estimated_harmonic,Estimated_harmonic,
6520,2026-09-29 15:00:00,9,29,15,16,2018,28.349412,39.728876,Estimated_harmonic,Estimated_harmonic,
6521,2026-09-29 16:00:00,9,29,16,17,2018,28.345848,39.729057,Estimated_harmonic,Estimated_harmonic,
6522,2026-09-29 17:00:00,9,29,17,18,2018,28.342285,39.729237,Estimated_harmonic,Estimated_harmonic,
6523,2026-09-29 18:00:00,9,29,18,19,2018,28.338723,39.729417,Estimated_harmonic,Estimated_harmonic,
6524,2026-09-29 19:00:00,9,29,19,20,2018,28.335161,39.729597,Estimated_harmonic,Estimated_harmonic,
6525,2026-09-29 20:00:00,9,29,20,21,2018,28.331601,39.729776,Estimated_harmonic,Estimated_harmonic,
6526,2026-09-29 21:00:00,9,29,21,22,2018,28.328042,39.729955,Estimated_harmonic,Estimated_harmonic,
6527,2026-09-29 22:00:00,9,29,22,23,2018,28.324483,39.730134,Estimated_harmonic,Estimated_harmonic,
6528,2026-09-29 23:00:00,9,29,23,24,2018,28.320925,39.730313,Estimated_harmonic,Estimated_harmonic,
6529,2026-09-30 00:00:00,9,30,0,1,2018,28.317369,39.730492,Estimated_harmonic,Estimated_harmonic,
6530,2026-09-30 01:00:00,9,30,1,2,2018,28.313813,39.730670,Estimated_harmonic,Estimated_harmonic,
6531,2026-09-30 02:00:00,9,30,2,3,2018,28.310258,39.730848,Estimated_harmonic,Estimated_harmonic,
6532,2026-09-30 03:00:00,9,30,3,4,2018,28.306704,39.731026,Estimated_harmonic,Estimated_harmonic,
6533,2026-09-30 04:00:00,9,30,4,5,2018,28.303151,39.731203,Estimated_harmonic,Estimated_harmonic,
6534,2026-09-30 05:00:00,9,30,5,6,2018,28.299599,39.731381,Estimated_harmonic,Estimated_harmonic,
6535,2026-09-30 06:00:00,9,30,6,7,2018,28.296048,39.731558,Estimated_harmonic,Estimated_harmonic,
6536,2026-09-30 07:00:00,9,30,7,8,2018,28.292498,39.731735,Estimated_harmonic,Estimated_harmonic,
6537,2026-09-30 08:00:00,9,30,8,9,2018,28.288949,39.731912,Estimated_harmonic,Estimated_harmonic,
6538,2026-09-30 09:00:00,9,30,9,10,2018,28.285401,39.732088,Estimated_harmonic,Estimated_harmonic,
6539,2026-09-30 10:00:00,9,30,10,11,2018,28.281854,39.732264,Estimated_harmonic,Estimated_harmonic,
6540,2026-09-30 11:00:00,9,30,11,12,2018,28.278308,39.732440,Estimated_harmonic,Estimated_harmonic,
6541,2026-09-30 12:00:00,9,30,12,13,2018,28.274763,39.732616,Estimated_harmonic,Estimated_harmonic,
6542,2026-09-30 13:00:00,9,30,13,14,2018,28.271219,39.732792,Estimated_harmonic,Estimated_harmonic,
6543,2026-09-30 14:00:00,9,30,14,15,2018,28.267676,39.732967,Estimated_harmonic,Estimated_harmonic,
6544,2026-09-30 15:00:00,9,30,15,16,2018,28.264134,39.733142,Estimated_harmonic,Estimated_harmonic,
6545,2026-09-30 16:00:00,9,30,16,17,2018,28.260593,39.733317,Estimated_harmonic,Estimated_harmonic,
6546,2026-09-30 17:00:00,9,30,17,18,2018,28.257053,39.733491,Estimated_harmonic,Estimated_harmonic,
6547,2026-09-30 18:00:00,9,30,18,19,2018,28.253514,39.733666,Estimated_harmonic,Estimated_harmonic,
6548,2026-09-30 19:00:00,9,30,19,20,2018,28.249976,39.733840,Estimated_harmonic,Estimated_harmonic,
6549,2026-09-30 20:00:00,9,30,20,21,2018,28.246439,39.734013,Estimated_harmonic,Estimated_harmonic,
6550,2026-09-30 21:00:00,9,30,21,22,2018,28.242904,39.734187,Estimated_harmonic,Estimated_harmonic,
6551,2026-09-30 22:00:00,9,30,22,23,2018,28.239369,39.734360,Estimated_harmonic,Estimated_harmonic,
6552,2026-09-30 23:00:00,9,30,23,24,2018,28.235835,39.734533,Estimated_harmonic,Estimated_harmonic,
6553,2026-10-01 00:00:00,10,1,0,1,2018,28.232303,39.734706,Estimated_harmonic,Estimated_harmonic,
6554,2026-10-01 01:00:00,10,1,1,2,2018,28.228771,39.734879,Estimated_harmonic,Estimated_harmonic,
6555,2026-10-01 02:00:00,10,1,2,3,2018,28.225241,39.735051,Estimated_harmonic,Estimated_harmonic,
6556,2026-10-01 03:00:00,10,1,3,4,2018,28.221712,39.735223,Estimated_harmonic,Estimated_harmonic,
6557,2026-10-01 04:00:00,10,1,4,5,2018,28.218184,39.735395,Estimated_harmonic,Estimated_harmonic,
6558,2026-10-01 05:00:00,10,1,5,6,2018,28.214657,39.735567,Estimated_harmonic,Estimated_harmonic,
6559,2026-10-01 06:00:00,10,1,6,7,2018,28.211131,39.735738,Estimated_harmonic,Estimated_harmonic,
6560,2026-10-01 07:00:00,10,1,7,8,2018,28.207606,39.735910,Estimated_harmonic,Estimated_harmonic,
6561,2026-10-01 08:00:00,10,1,8,9,2018,28.204082,39.736080,Estimated_harmonic,Estimated_harmonic,
6562,2026-10-01 09:00:00,10,1,9,10,2018,28.200559,39.736251,Estimated_harmonic,Estimated_harmonic,
6563,2026-10-01 10:00:00,10,1,10,11,2018,28.197038,39.736422,Estimated_harmonic,Estimated_harmonic,
6564,2026-10-01 11:00:00,10,1,11,12,2018,28.193518,39.736592,Estimated_harmonic,Estimated_harmonic,
6565,2026-10-01 12:00:00,10,1,12,13,2018,28.189998,39.736762,Estimated_harmonic,Estimated_harmonic,
6566,2026-10-01 13:00:00,10,1,13,14,2018,28.186480,39.736931,Estimated_harmonic,Estimated_harmonic,
6567,2026-10-01 14:00:00,10,1,14,15,2018,28.182963,39.737101,Estimated_harmonic,Estimated_harmonic,
6568,2026-10-01 15:00:00,10,1,15,16,2018,28.179448,39.737270,Estimated_harmonic,Estimated_harmonic,
6569,2026-10-01 16:00:00,10,1,16,17,2018,28.175933,39.737439,Estimated_harmonic,Estimated_harmonic,
6570,2026-10-01 17:00:00,10,1,17,18,2018,28.172420,39.737607,Estimated_harmonic,Estimated_harmonic,
6571,2026-10-01 18:00:00,10,1,18,19,2018,28.168907,39.737776,Estimated_harmonic,Estimated_harmonic,
6572,2026-10-01 19:00:00,10,1,19,20,2018,28.165396,39.737944,Estimated_harmonic,Estimated_harmonic,
6573,2026-10-01 20:00:00,10,1,20,21,2018,28.161886,39.738112,Estimated_harmonic,Estimated_harmonic,
6574,2026-10-01 21:00:00,10,1,21,22,2018,28.158378,39.738279,Estimated_harmonic,Estimated_harmonic,
6575,2026-10-01 22:00:00,10,1,22,23,2018,28.154870,39.738447,Estimated_harmonic,Estimated_harmonic,
6576,2026-10-01 23:00:00,10,1,23,24,2018,28.151364,39.738614,Estimated_harmonic,Estimated_harmonic,
6577,2026-10-02 00:00:00,10,2,0,1,2018,28.147859,39.738781,Estimated_harmonic,Estimated_harmonic,
6578,2026-10-02 01:00:00,10,2,1,2,2018,28.144355,39.738947,Estimated_harmonic,Estimated_harmonic,
6579,2026-10-02 02:00:00,10,2,2,3,2018,28.140852,39.739114,Estimated_harmonic,Estimated_harmonic,
6580,2026-10-02 03:00:00,10,2,3,4,2018,28.137351,39.739280,Estimated_harmonic,Estimated_harmonic,
6581,2026-10-02 04:00:00,10,2,4,5,2018,28.133851,39.739446,Estimated_harmonic,Estimated_harmonic,
6582,2026-10-02 05:00:00,10,2,5,6,2018,28.130352,39.739611,Estimated_harmonic,Estimated_harmonic,
6583,2026-10-02 06:00:00,10,2,6,7,2018,28.126854,39.739777,Estimated_harmonic,Estimated_harmonic,
6584,2026-10-02 07:00:00,10,2,7,8,2018,28.123357,39.739942,Estimated_harmonic,Estimated_harmonic,
6585,2026-10-02 08:00:00,10,2,8,9,2018,28.119862,39.740107,Estimated_harmonic,Estimated_harmonic,
6586,2026-10-02 09:00:00,10,2,9,10,2018,28.116368,39.740271,Estimated_harmonic,Estimated_harmonic,
6587,2026-10-02 10:00:00,10,2,10,11,2018,28.112875,39.740435,Estimated_harmonic,Estimated_harmonic,
6588,2026-10-02 11:00:00,10,2,11,12,2018,28.109384,39.740599,Estimated_harmonic,Estimated_harmonic,
6589,2026-10-02 12:00:00,10,2,12,13,2018,28.105894,39.740763,Estimated_harmonic,Estimated_harmonic,
6590,2026-10-02 13:00:00,10,2,13,14,2018,28.102405,39.740927,Estimated_harmonic,Estimated_harmonic,
6591,2026-10-02 14:00:00,10,2,14,15,2018,28.098917,39.741090,Estimated_harmonic,Estimated_harmonic,
6592,2026-10-02 15:00:00,10,2,15,16,2018,28.095431,39.741253,Estimated_harmonic,Estimated_harmonic,
6593,2026-10-02 16:00:00,10,2,16,17,2018,28.091946,39.741416,Estimated_harmonic,Estimated_harmonic,
6594,2026-10-02 17:00:00,10,2,17,18,2018,28.088462,39.741578,Estimated_harmonic,Estimated_harmonic,
6595,2026-10-02 18:00:00,10,2,18,19,2018,28.084980,39.741740,Estimated_harmonic,Estimated_harmonic,
6596,2026-10-02 19:00:00,10,2,19,20,2018,28.081499,39.741902,Estimated_harmonic,Estimated_harmonic,
6597,2026-10-02 20:00:00,10,2,20,21,2018,28.078019,39.742064,Estimated_harmonic,Estimated_harmonic,
6598,2026-10-02 21:00:00,10,2,21,22,2018,28.074540,39.742225,Estimated_harmonic,Estimated_harmonic,
6599,2026-10-02 22:00:00,10,2,22,23,2018,28.071063,39.742386,Estimated_harmonic,Estimated_harmonic,
6600,2026-10-02 23:00:00,10,2,23,24,2018,28.067587,39.742547,Estimated_harmonic,Estimated_harmonic,
6601,2026-10-03 00:00:00,10,3,0,1,2018,28.064113,39.742708,Estimated_harmonic,Estimated_harmonic,
6602,2026-10-03 01:00:00,10,3,1,2,2018,28.060640,39.742868,Estimated_harmonic,Estimated_harmonic,
6603,2026-10-03 02:00:00,10,3,2,3,2018,28.057168,39.743028,Estimated_harmonic,Estimated_harmonic,
6604,2026-10-03 03:00:00,10,3,3,4,2018,28.053697,39.743188,Estimated_harmonic,Estimated_harmonic,
6605,2026-10-03 04:00:00,10,3,4,5,2018,28.050228,39.743347,Estimated_harmonic,Estimated_harmonic,
6606,2026-10-03 05:00:00,10,3,5,6,2018,28.046760,39.743507,Estimated_harmonic,Estimated_harmonic,
6607,2026-10-03 06:00:00,10,3,6,7,2018,28.043294,39.743665,Estimated_harmonic,Estimated_harmonic,
6608,2026-10-03 07:00:00,10,3,7,8,2018,28.039829,39.743824,Estimated_harmonic,Estimated_harmonic,
6609,2026-10-03 08:00:00,10,3,8,9,2018,28.036365,39.743983,Estimated_harmonic,Estimated_harmonic,
6610,2026-10-03 09:00:00,10,3,9,10,2018,28.032903,39.744141,Estimated_harmonic,Estimated_harmonic,
6611,2026-10-03 10:00:00,10,3,10,11,2018,28.029442,39.744299,Estimated_harmonic,Estimated_harmonic,
6612,2026-10-03 11:00:00,10,3,11,12,2018,28.025983,39.744456,Estimated_harmonic,Estimated_harmonic,
6613,2026-10-03 12:00:00,10,3,12,13,2018,28.022525,39.744613,Estimated_harmonic,Estimated_harmonic,
6614,2026-10-03 13:00:00,10,3,13,14,2018,28.019068,39.744770,Estimated_harmonic,Estimated_harmonic,
6615,2026-10-03 14:00:00,10,3,14,15,2018,28.015613,39.744927,Estimated_harmonic,Estimated_harmonic,
6616,2026-10-03 15:00:00,10,3,15,16,2018,28.012159,39.745084,Estimated_harmonic,Estimated_harmonic,
6617,2026-10-03 16:00:00,10,3,16,17,2018,28.008706,39.745240,Estimated_harmonic,Estimated_harmonic,
6618,2026-10-03 17:00:00,10,3,17,18,2018,28.005255,39.745396,Estimated_harmonic,Estimated_harmonic,
6619,2026-10-03 18:00:00,10,3,18,19,2018,28.001806,39.745551,Estimated_harmonic,Estimated_harmonic,
6620,2026-10-03 19:00:00,10,3,19,20,2018,27.998357,39.745707,Estimated_harmonic,Estimated_harmonic,
6621,2026-10-03 20:00:00,10,3,20,21,2018,27.994911,39.745862,Estimated_harmonic,Estimated_harmonic,
6622,2026-10-03 21:00:00,10,3,21,22,2018,27.991465,39.746017,Estimated_harmonic,Estimated_harmonic,
6623,2026-10-03 22:00:00,10,3,22,23,2018,27.988022,39.746171,Estimated_harmonic,Estimated_harmonic,
6624,2026-10-03 23:00:00,10,3,23,24,2018,27.984579,39.746325,Estimated_harmonic,Estimated_harmonic,
6625,2026-10-04 00:00:00,10,4,0,1,2018,27.981138,39.746479,Estimated_harmonic,Estimated_harmonic,
6626,2026-10-04 01:00:00,10,4,1,2,2018,27.977699,39.746633,Estimated_harmonic,Estimated_harmonic,
6627,2026-10-04 02:00:00,10,4,2,3,2018,27.974261,39.746786,Estimated_harmonic,Estimated_harmonic,
6628,2026-10-04 03:00:00,10,4,3,4,2018,27.970824,39.746940,Estimated_harmonic,Estimated_harmonic,
6629,2026-10-04 04:00:00,10,4,4,5,2018,27.967389,39.747092,Estimated_harmonic,Estimated_harmonic,
6630,2026-10-04 05:00:00,10,4,5,6,2018,27.963956,39.747245,Estimated_harmonic,Estimated_harmonic,
6631,2026-10-04 06:00:00,10,4,6,7,2018,27.960523,39.747397,Estimated_harmonic,Estimated_harmonic,
6632,2026-10-04 07:00:00,10,4,7,8,2018,27.957093,39.747549,Estimated_harmonic,Estimated_harmonic,
6633,2026-10-04 08:00:00,10,4,8,9,2018,27.953664,39.747701,Estimated_harmonic,Estimated_harmonic,
6634,2026-10-04 09:00:00,10,4,9,10,2018,27.950236,39.747852,Estimated_harmonic,Estimated_harmonic,
6635,2026-10-04 10:00:00,10,4,10,11,2018,27.946810,39.748003,Estimated_harmonic,Estimated_harmonic,
6636,2026-10-04 11:00:00,10,4,11,12,2018,27.943386,39.748154,Estimated_harmonic,Estimated_harmonic,
6637,2026-10-04 12:00:00,10,4,12,13,2018,27.939963,39.748305,Estimated_harmonic,Estimated_harmonic,
6638,2026-10-04 13:00:00,10,4,13,14,2018,27.936541,39.748455,Estimated_harmonic,Estimated_harmonic,
6639,2026-10-04 14:00:00,10,4,14,15,2018,27.933121,39.748605,Estimated_harmonic,Estimated_harmonic,
6640,2026-10-04 15:00:00,10,4,15,16,2018,27.929702,39.748754,Estimated_harmonic,Estimated_harmonic,
6641,2026-10-04 16:00:00,10,4,16,17,2018,27.926286,39.748904,Estimated_harmonic,Estimated_harmonic,
6642,2026-10-04 17:00:00,10,4,17,18,2018,27.922870,39.749053,Estimated_harmonic,Estimated_harmonic,
6643,2026-10-04 18:00:00,10,4,18,19,2018,27.919456,39.749202,Estimated_harmonic,Estimated_harmonic,
6644,2026-10-04 19:00:00,10,4,19,20,2018,27.916044,39.749350,Estimated_harmonic,Estimated_harmonic,
6645,2026-10-04 20:00:00,10,4,20,21,2018,27.912633,39.749498,Estimated_harmonic,Estimated_harmonic,
6646,2026-10-04 21:00:00,10,4,21,22,2018,27.909224,39.749646,Estimated_harmonic,Estimated_harmonic,
6647,2026-10-04 22:00:00,10,4,22,23,2018,27.905816,39.749794,Estimated_harmonic,Estimated_harmonic,
6648,2026-10-04 23:00:00,10,4,23,24,2018,27.902410,39.749941,Estimated_harmonic,Estimated_harmonic,
6649,2026-10-05 00:00:00,10,5,0,1,2018,27.899006,39.750088,Estimated_harmonic,Estimated_harmonic,
6650,2026-10-05 01:00:00,10,5,1,2,2018,27.895603,39.750235,Estimated_harmonic,Estimated_harmonic,
6651,2026-10-05 02:00:00,10,5,2,3,2018,27.892202,39.750381,Estimated_harmonic,Estimated_harmonic,
6652,2026-10-05 03:00:00,10,5,3,4,2018,27.888802,39.750527,Estimated_harmonic,Estimated_harmonic,
6653,2026-10-05 04:00:00,10,5,4,5,2018,27.885404,39.750673,Estimated_harmonic,Estimated_harmonic,
6654,2026-10-05 05:00:00,10,5,5,6,2018,27.882007,39.750819,Estimated_harmonic,Estimated_harmonic,
6655,2026-10-05 06:00:00,10,5,6,7,2018,27.878613,39.750964,Estimated_harmonic,Estimated_harmonic,
6656,2026-10-05 07:00:00,10,5,7,8,2018,27.875219,39.751109,Estimated_harmonic,Estimated_harmonic,
6657,2026-10-05 08:00:00,10,5,8,9,2018,27.871828,39.751254,Estimated_harmonic,Estimated_harmonic,
6658,2026-10-05 09:00:00,10,5,9,10,2018,27.868437,39.751398,Estimated_harmonic,Estimated_harmonic,
6659,2026-10-05 10:00:00,10,5,10,11,2018,27.865049,39.751542,Estimated_harmonic,Estimated_harmonic,
6660,2026-10-05 11:00:00,10,5,11,12,2018,27.861662,39.751686,Estimated_harmonic,Estimated_harmonic,
6661,2026-10-05 12:00:00,10,5,12,13,2018,27.858277,39.751829,Estimated_harmonic,Estimated_harmonic,
6662,2026-10-05 13:00:00,10,5,13,14,2018,27.854894,39.751972,Estimated_harmonic,Estimated_harmonic,
6663,2026-10-05 14:00:00,10,5,14,15,2018,27.851512,39.752115,Estimated_harmonic,Estimated_harmonic,
6664,2026-10-05 15:00:00,10,5,15,16,2018,27.848131,39.752257,Estimated_harmonic,Estimated_harmonic,
6665,2026-10-05 16:00:00,10,5,16,17,2018,27.844753,39.752400,Estimated_harmonic,Estimated_harmonic,
6666,2026-10-05 17:00:00,10,5,17,18,2018,27.841376,39.752542,Estimated_harmonic,Estimated_harmonic,
6667,2026-10-05 18:00:00,10,5,18,19,2018,27.838000,39.752683,Estimated_harmonic,Estimated_harmonic,
6668,2026-10-05 19:00:00,10,5,19,20,2018,27.834627,39.752824,Estimated_harmonic,Estimated_harmonic,
6669,2026-10-05 20:00:00,10,5,20,21,2018,27.831255,39.752965,Estimated_harmonic,Estimated_harmonic,
6670,2026-10-05 21:00:00,10,5,21,22,2018,27.827885,39.753106,Estimated_harmonic,Estimated_harmonic,
6671,2026-10-05 22:00:00,10,5,22,23,2018,27.824516,39.753246,Estimated_harmonic,Estimated_harmonic,
6672,2026-10-05 23:00:00,10,5,23,24,2018,27.821149,39.753386,Estimated_harmonic,Estimated_harmonic,
6673,2026-10-06 00:00:00,10,6,0,1,2018,27.817784,39.753526,Estimated_harmonic,Estimated_harmonic,
6674,2026-10-06 01:00:00,10,6,1,2,2018,27.814420,39.753666,Estimated_harmonic,Estimated_harmonic,
6675,2026-10-06 02:00:00,10,6,2,3,2018,27.811059,39.753805,Estimated_harmonic,Estimated_harmonic,
6676,2026-10-06 03:00:00,10,6,3,4,2018,27.798424,39.746349,Copernicus,Copernicus,2025-10-06 00:00:00 UTC
6677,2026-10-06 04:00:00,10,6,4,5,2018,27.787294,39.746723,Copernicus,Copernicus,2025-10-06 01:00:00 UTC
6678,2026-10-06 05:00:00,10,6,5,6,2018,27.775669,39.747139,Copernicus,Copernicus,2025-10-06 02:00:00 UTC
6679,2026-10-06 06:00:00,10,6,6,7,2018,27.763332,39.747643,Copernicus,Copernicus,2025-10-06 03:00:00 UTC
6680,2026-10-06 07:00:00,10,6,7,8,2018,27.750750,39.748268,Copernicus,Copernicus,2025-10-06 04:00:00 UTC
6681,2026-10-06 08:00:00,10,6,8,9,2018,27.741632,39.749054,Copernicus,Copernicus,2025-10-06 05:00:00 UTC
6682,2026-10-06 09:00:00,10,6,9,10,2018,27.738646,39.750011,Copernicus,Copernicus,2025-10-06 06:00:00 UTC
6683,2026-10-06 10:00:00,10,6,10,11,2018,27.743820,39.750996,Copernicus,Copernicus,2025-10-06 07:00:00 UTC
6684,2026-10-06 11:00:00,10,6,11,12,2018,27.753590,39.751808,Copernicus,Copernicus,2025-10-06 08:00:00 UTC
6685,2026-10-06 12:00:00,10,6,12,13,2018,27.764568,39.752636,Copernicus,Copernicus,2025-10-06 09:00:00 UTC
6686,2026-10-06 13:00:00,10,6,13,14,2018,27.775723,39.753517,Copernicus,Copernicus,2025-10-06 10:00:00 UTC
6687,2026-10-06 14:00:00,10,6,14,15,2018,27.786011,39.754440,Copernicus,Copernicus,2025-10-06 11:00:00 UTC
6688,2026-10-06 15:00:00,10,6,15,16,2018,27.794521,39.755379,Copernicus,Copernicus,2025-10-06 12:00:00 UTC
6689,2026-10-06 16:00:00,10,6,16,17,2018,27.800648,39.756310,Copernicus,Copernicus,2025-10-06 13:00:00 UTC
6690,2026-10-06 17:00:00,10,6,17,18,2018,27.804382,39.757626,Copernicus,Copernicus,2025-10-06 14:00:00 UTC
6691,2026-10-06 18:00:00,10,6,18,19,2018,27.801020,39.759731,Copernicus,Copernicus,2025-10-06 15:00:00 UTC
6692,2026-10-06 19:00:00,10,6,19,20,2018,27.791567,39.760422,Copernicus,Copernicus,2025-10-06 16:00:00 UTC
6693,2026-10-06 20:00:00,10,6,20,21,2018,27.782528,39.761086,Copernicus,Copernicus,2025-10-06 17:00:00 UTC
6694,2026-10-06 21:00:00,10,6,21,22,2018,27.773705,39.761787,Copernicus,Copernicus,2025-10-06 18:00:00 UTC
6695,2026-10-06 22:00:00,10,6,22,23,2018,27.764877,39.762569,Copernicus,Copernicus,2025-10-06 19:00:00 UTC
6696,2026-10-06 23:00:00,10,6,23,24,2018,27.755871,39.763432,Copernicus,Copernicus,2025-10-06 20:00:00 UTC
6697,2026-10-07 00:00:00,10,7,0,1,2018,27.746456,39.764355,Copernicus,Copernicus,2025-10-06 21:00:00 UTC
6698,2026-10-07 01:00:00,10,7,1,2,2018,27.736479,39.765339,Copernicus,Copernicus,2025-10-06 22:00:00 UTC
6699,2026-10-07 02:00:00,10,7,2,3,2018,27.725750,39.766350,Copernicus,Copernicus,2025-10-06 23:00:00 UTC
6700,2026-10-07 03:00:00,10,7,3,4,2018,27.716124,39.770184,Copernicus,Copernicus,2025-10-07 00:00:00 UTC
6701,2026-10-07 04:00:00,10,7,4,5,2018,27.703836,39.771137,Copernicus,Copernicus,2025-10-07 01:00:00 UTC
6702,2026-10-07 05:00:00,10,7,5,6,2018,27.690989,39.771912,Copernicus,Copernicus,2025-10-07 02:00:00 UTC
6703,2026-10-07 06:00:00,10,7,6,7,2018,27.677790,39.772552,Copernicus,Copernicus,2025-10-07 03:00:00 UTC
6704,2026-10-07 07:00:00,10,7,7,8,2018,27.665056,39.773083,Copernicus,Copernicus,2025-10-07 04:00:00 UTC
6705,2026-10-07 08:00:00,10,7,8,9,2018,27.656706,39.773563,Copernicus,Copernicus,2025-10-07 05:00:00 UTC
6706,2026-10-07 09:00:00,10,7,9,10,2018,27.655388,39.773987,Copernicus,Copernicus,2025-10-07 06:00:00 UTC
6707,2026-10-07 10:00:00,10,7,10,11,2018,27.661402,39.774269,Copernicus,Copernicus,2025-10-07 07:00:00 UTC
6708,2026-10-07 11:00:00,10,7,11,12,2018,27.670506,39.774410,Copernicus,Copernicus,2025-10-07 08:00:00 UTC
6709,2026-10-07 12:00:00,10,7,12,13,2018,27.680979,39.774570,Copernicus,Copernicus,2025-10-07 09:00:00 UTC
6710,2026-10-07 13:00:00,10,7,13,14,2018,27.691843,39.774784,Copernicus,Copernicus,2025-10-07 10:00:00 UTC
6711,2026-10-07 14:00:00,10,7,14,15,2018,27.702047,39.775074,Copernicus,Copernicus,2025-10-07 11:00:00 UTC
6712,2026-10-07 15:00:00,10,7,15,16,2018,27.710701,39.775417,Copernicus,Copernicus,2025-10-07 12:00:00 UTC
6713,2026-10-07 16:00:00,10,7,16,17,2018,27.717022,39.775795,Copernicus,Copernicus,2025-10-07 13:00:00 UTC
6714,2026-10-07 17:00:00,10,7,17,18,2018,27.720076,39.776798,Copernicus,Copernicus,2025-10-07 14:00:00 UTC
6715,2026-10-07 18:00:00,10,7,18,19,2018,27.711708,39.777760,Copernicus,Copernicus,2025-10-07 15:00:00 UTC
6716,2026-10-07 19:00:00,10,7,19,20,2018,27.699383,39.778091,Copernicus,Copernicus,2025-10-07 16:00:00 UTC
6717,2026-10-07 20:00:00,10,7,20,21,2018,27.687258,39.778385,Copernicus,Copernicus,2025-10-07 17:00:00 UTC
6718,2026-10-07 21:00:00,10,7,21,22,2018,27.675581,39.778637,Copernicus,Copernicus,2025-10-07 18:00:00 UTC
6719,2026-10-07 22:00:00,10,7,22,23,2018,27.665171,39.778831,Copernicus,Copernicus,2025-10-07 19:00:00 UTC
6720,2026-10-07 23:00:00,10,7,23,24,2018,27.655811,39.779003,Copernicus,Copernicus,2025-10-07 20:00:00 UTC
6721,2026-10-08 00:00:00,10,8,0,1,2018,27.646914,39.779186,Copernicus,Copernicus,2025-10-07 21:00:00 UTC
6722,2026-10-08 01:00:00,10,8,1,2,2018,27.637339,39.779453,Copernicus,Copernicus,2025-10-07 22:00:00 UTC
6723,2026-10-08 02:00:00,10,8,2,3,2018,27.626535,39.779835,Copernicus,Copernicus,2025-10-07 23:00:00 UTC
6724,2026-10-08 03:00:00,10,8,3,4,2018,27.616467,39.783592,Copernicus,Copernicus,2025-10-08 00:00:00 UTC
6725,2026-10-08 04:00:00,10,8,4,5,2018,27.603195,39.784115,Copernicus,Copernicus,2025-10-08 01:00:00 UTC
6726,2026-10-08 05:00:00,10,8,5,6,2018,27.589115,39.784546,Copernicus,Copernicus,2025-10-08 02:00:00 UTC
6727,2026-10-08 06:00:00,10,8,6,7,2018,27.574219,39.784931,Copernicus,Copernicus,2025-10-08 03:00:00 UTC
6728,2026-10-08 07:00:00,10,8,7,8,2018,27.559135,39.785294,Copernicus,Copernicus,2025-10-08 04:00:00 UTC
6729,2026-10-08 08:00:00,10,8,8,9,2018,27.547728,39.785686,Copernicus,Copernicus,2025-10-08 05:00:00 UTC
6730,2026-10-08 09:00:00,10,8,9,10,2018,27.543123,39.786163,Copernicus,Copernicus,2025-10-08 06:00:00 UTC
6731,2026-10-08 10:00:00,10,8,10,11,2018,27.547853,39.786701,Copernicus,Copernicus,2025-10-08 07:00:00 UTC
6732,2026-10-08 11:00:00,10,8,11,12,2018,27.557407,39.787357,Copernicus,Copernicus,2025-10-08 08:00:00 UTC
6733,2026-10-08 12:00:00,10,8,12,13,2018,27.568136,39.788063,Copernicus,Copernicus,2025-10-08 09:00:00 UTC
6734,2026-10-08 13:00:00,10,8,13,14,2018,27.579037,39.788799,Copernicus,Copernicus,2025-10-08 10:00:00 UTC
6735,2026-10-08 14:00:00,10,8,14,15,2018,27.589161,39.789558,Copernicus,Copernicus,2025-10-08 11:00:00 UTC
6736,2026-10-08 15:00:00,10,8,15,16,2018,27.597843,39.790226,Copernicus,Copernicus,2025-10-08 12:00:00 UTC
6737,2026-10-08 16:00:00,10,8,16,17,2018,27.602516,39.790512,Copernicus,Copernicus,2025-10-08 13:00:00 UTC
6738,2026-10-08 17:00:00,10,8,17,18,2018,27.594587,39.790604,Copernicus,Copernicus,2025-10-08 14:00:00 UTC
6739,2026-10-08 18:00:00,10,8,18,19,2018,27.579966,39.790466,Copernicus,Copernicus,2025-10-08 15:00:00 UTC
6740,2026-10-08 19:00:00,10,8,19,20,2018,27.563562,39.790142,Copernicus,Copernicus,2025-10-08 16:00:00 UTC
6741,2026-10-08 20:00:00,10,8,20,21,2018,27.547369,39.789673,Copernicus,Copernicus,2025-10-08 17:00:00 UTC
6742,2026-10-08 21:00:00,10,8,21,22,2018,27.531408,39.789127,Copernicus,Copernicus,2025-10-08 18:00:00 UTC
6743,2026-10-08 22:00:00,10,8,22,23,2018,27.515486,39.788544,Copernicus,Copernicus,2025-10-08 19:00:00 UTC
6744,2026-10-08 23:00:00,10,8,23,24,2018,27.499573,39.787949,Copernicus,Copernicus,2025-10-08 20:00:00 UTC
6745,2026-10-09 00:00:00,10,9,0,1,2018,27.483688,39.787361,Copernicus,Copernicus,2025-10-08 21:00:00 UTC
6746,2026-10-09 01:00:00,10,9,1,2,2018,27.467838,39.786800,Copernicus,Copernicus,2025-10-08 22:00:00 UTC
6747,2026-10-09 02:00:00,10,9,2,3,2018,27.452013,39.786240,Copernicus,Copernicus,2025-10-08 23:00:00 UTC
6748,2026-10-09 03:00:00,10,9,3,4,2018,27.436964,39.786362,Copernicus,Copernicus,2025-10-09 00:00:00 UTC
6749,2026-10-09 04:00:00,10,9,4,5,2018,27.422812,39.785778,Copernicus,Copernicus,2025-10-09 01:00:00 UTC
6750,2026-10-09 05:00:00,10,9,5,6,2018,27.409668,39.785194,Copernicus,Copernicus,2025-10-09 02:00:00 UTC
6751,2026-10-09 06:00:00,10,9,6,7,2018,27.396832,39.784630,Copernicus,Copernicus,2025-10-09 03:00:00 UTC
6752,2026-10-09 07:00:00,10,9,7,8,2018,27.384029,39.784092,Copernicus,Copernicus,2025-10-09 04:00:00 UTC
6753,2026-10-09 08:00:00,10,9,8,9,2018,27.373123,39.783619,Copernicus,Copernicus,2025-10-09 05:00:00 UTC
6754,2026-10-09 09:00:00,10,9,9,10,2018,27.365698,39.783199,Copernicus,Copernicus,2025-10-09 06:00:00 UTC
6755,2026-10-09 10:00:00,10,9,10,11,2018,27.365091,39.782734,Copernicus,Copernicus,2025-10-09 07:00:00 UTC
6756,2026-10-09 11:00:00,10,9,11,12,2018,27.370832,39.782318,Copernicus,Copernicus,2025-10-09 08:00:00 UTC
6757,2026-10-09 12:00:00,10,9,12,13,2018,27.379583,39.782108,Copernicus,Copernicus,2025-10-09 09:00:00 UTC
6758,2026-10-09 13:00:00,10,9,13,14,2018,27.389835,39.781933,Copernicus,Copernicus,2025-10-09 10:00:00 UTC
6759,2026-10-09 14:00:00,10,9,14,15,2018,27.400198,39.781788,Copernicus,Copernicus,2025-10-09 11:00:00 UTC
6760,2026-10-09 15:00:00,10,9,15,16,2018,27.408981,39.781662,Copernicus,Copernicus,2025-10-09 12:00:00 UTC
6761,2026-10-09 16:00:00,10,9,16,17,2018,27.415424,39.781540,Copernicus,Copernicus,2025-10-09 13:00:00 UTC
6762,2026-10-09 17:00:00,10,9,17,18,2018,27.417843,39.780960,Copernicus,Copernicus,2025-10-09 14:00:00 UTC
6763,2026-10-09 18:00:00,10,9,18,19,2018,27.408756,39.779377,Copernicus,Copernicus,2025-10-09 15:00:00 UTC
6764,2026-10-09 19:00:00,10,9,19,20,2018,27.396450,39.779186,Copernicus,Copernicus,2025-10-09 16:00:00 UTC
6765,2026-10-09 20:00:00,10,9,20,21,2018,27.380985,39.779224,Copernicus,Copernicus,2025-10-09 17:00:00 UTC
6766,2026-10-09 21:00:00,10,9,21,22,2018,27.362972,39.779480,Copernicus,Copernicus,2025-10-09 18:00:00 UTC
6767,2026-10-09 22:00:00,10,9,22,23,2018,27.344736,39.779850,Copernicus,Copernicus,2025-10-09 19:00:00 UTC
6768,2026-10-09 23:00:00,10,9,23,24,2018,27.326855,39.780289,Copernicus,Copernicus,2025-10-09 20:00:00 UTC
6769,2026-10-10 00:00:00,10,10,0,1,2018,27.309341,39.780766,Copernicus,Copernicus,2025-10-09 21:00:00 UTC
6770,2026-10-10 01:00:00,10,10,1,2,2018,27.292233,39.781265,Copernicus,Copernicus,2025-10-09 22:00:00 UTC
6771,2026-10-10 02:00:00,10,10,2,3,2018,27.275450,39.781769,Copernicus,Copernicus,2025-10-09 23:00:00 UTC
6772,2026-10-10 03:00:00,10,10,3,4,2018,27.260691,39.785168,Copernicus,Copernicus,2025-10-10 00:00:00 UTC
6773,2026-10-10 04:00:00,10,10,4,5,2018,27.243238,39.785751,Copernicus,Copernicus,2025-10-10 01:00:00 UTC
6774,2026-10-10 05:00:00,10,10,5,6,2018,27.224852,39.786324,Copernicus,Copernicus,2025-10-10 02:00:00 UTC
6775,2026-10-10 06:00:00,10,10,6,7,2018,27.205694,39.786953,Copernicus,Copernicus,2025-10-10 03:00:00 UTC
6776,2026-10-10 07:00:00,10,10,7,8,2018,27.186419,39.787621,Copernicus,Copernicus,2025-10-10 04:00:00 UTC
6777,2026-10-10 08:00:00,10,10,8,9,2018,27.170904,39.788330,Copernicus,Copernicus,2025-10-10 05:00:00 UTC
6778,2026-10-10 09:00:00,10,10,9,10,2018,27.162247,39.789074,Copernicus,Copernicus,2025-10-10 06:00:00 UTC
6779,2026-10-10 10:00:00,10,10,10,11,2018,27.162333,39.789684,Copernicus,Copernicus,2025-10-10 07:00:00 UTC
6780,2026-10-10 11:00:00,10,10,11,12,2018,27.169958,39.790195,Copernicus,Copernicus,2025-10-10 08:00:00 UTC
6781,2026-10-10 12:00:00,10,10,12,13,2018,27.180922,39.790455,Copernicus,Copernicus,2025-10-10 09:00:00 UTC
6782,2026-10-10 13:00:00,10,10,13,14,2018,27.192095,39.790691,Copernicus,Copernicus,2025-10-10 10:00:00 UTC
6783,2026-10-10 14:00:00,10,10,14,15,2018,27.202494,39.791042,Copernicus,Copernicus,2025-10-10 11:00:00 UTC
6784,2026-10-10 15:00:00,10,10,15,16,2018,27.211206,39.791553,Copernicus,Copernicus,2025-10-10 12:00:00 UTC
6785,2026-10-10 16:00:00,10,10,16,17,2018,27.219395,39.793839,Copernicus,Copernicus,2025-10-10 13:00:00 UTC
6786,2026-10-10 17:00:00,10,10,17,18,2018,27.217857,39.795120,Copernicus,Copernicus,2025-10-10 14:00:00 UTC
6787,2026-10-10 18:00:00,10,10,18,19,2018,27.210348,39.796154,Copernicus,Copernicus,2025-10-10 15:00:00 UTC
6788,2026-10-10 19:00:00,10,10,19,20,2018,27.200289,39.797207,Copernicus,Copernicus,2025-10-10 16:00:00 UTC
6789,2026-10-10 20:00:00,10,10,20,21,2018,27.188740,39.798328,Copernicus,Copernicus,2025-10-10 17:00:00 UTC
6790,2026-10-10 21:00:00,10,10,21,22,2018,27.175577,39.799522,Copernicus,Copernicus,2025-10-10 18:00:00 UTC
6791,2026-10-10 22:00:00,10,10,22,23,2018,27.162653,39.800690,Copernicus,Copernicus,2025-10-10 19:00:00 UTC
6792,2026-10-10 23:00:00,10,10,23,24,2018,27.150307,39.801865,Copernicus,Copernicus,2025-10-10 20:00:00 UTC
6793,2026-10-11 00:00:00,10,11,0,1,2018,27.138174,39.803104,Copernicus,Copernicus,2025-10-10 21:00:00 UTC
6794,2026-10-11 01:00:00,10,11,1,2,2018,27.125719,39.804474,Copernicus,Copernicus,2025-10-10 22:00:00 UTC
6795,2026-10-11 02:00:00,10,11,2,3,2018,27.112373,39.805981,Copernicus,Copernicus,2025-10-10 23:00:00 UTC
6796,2026-10-11 03:00:00,10,11,3,4,2018,27.098118,39.808022,Copernicus,Copernicus,2025-10-11 00:00:00 UTC
6797,2026-10-11 04:00:00,10,11,4,5,2018,27.083229,39.809677,Copernicus,Copernicus,2025-10-11 01:00:00 UTC
6798,2026-10-11 05:00:00,10,11,5,6,2018,27.068296,39.811325,Copernicus,Copernicus,2025-10-11 02:00:00 UTC
6799,2026-10-11 06:00:00,10,11,6,7,2018,27.053368,39.812920,Copernicus,Copernicus,2025-10-11 03:00:00 UTC
6800,2026-10-11 07:00:00,10,11,7,8,2018,27.039108,39.814426,Copernicus,Copernicus,2025-10-11 04:00:00 UTC
6801,2026-10-11 08:00:00,10,11,8,9,2018,27.029268,39.815834,Copernicus,Copernicus,2025-10-11 05:00:00 UTC
6802,2026-10-11 09:00:00,10,11,9,10,2018,27.026327,39.817154,Copernicus,Copernicus,2025-10-11 06:00:00 UTC
6803,2026-10-11 10:00:00,10,11,10,11,2018,27.029835,39.818455,Copernicus,Copernicus,2025-10-11 07:00:00 UTC
6804,2026-10-11 11:00:00,10,11,11,12,2018,27.037716,39.819740,Copernicus,Copernicus,2025-10-11 08:00:00 UTC
6805,2026-10-11 12:00:00,10,11,12,13,2018,27.046858,39.820950,Copernicus,Copernicus,2025-10-11 09:00:00 UTC
6806,2026-10-11 13:00:00,10,11,13,14,2018,27.056059,39.822285,Copernicus,Copernicus,2025-10-11 10:00:00 UTC
6807,2026-10-11 14:00:00,10,11,14,15,2018,27.065578,39.824799,Copernicus,Copernicus,2025-10-11 11:00:00 UTC
6808,2026-10-11 15:00:00,10,11,15,16,2018,27.068926,39.827236,Copernicus,Copernicus,2025-10-11 12:00:00 UTC
6809,2026-10-11 16:00:00,10,11,16,17,2018,27.067419,39.829353,Copernicus,Copernicus,2025-10-11 13:00:00 UTC
6810,2026-10-11 17:00:00,10,11,17,18,2018,27.061117,39.831329,Copernicus,Copernicus,2025-10-11 14:00:00 UTC
6811,2026-10-11 18:00:00,10,11,18,19,2018,27.050508,39.833206,Copernicus,Copernicus,2025-10-11 15:00:00 UTC
6812,2026-10-11 19:00:00,10,11,19,20,2018,27.038685,39.834976,Copernicus,Copernicus,2025-10-11 16:00:00 UTC
6813,2026-10-11 20:00:00,10,11,20,21,2018,27.026310,39.836681,Copernicus,Copernicus,2025-10-11 17:00:00 UTC
6814,2026-10-11 21:00:00,10,11,21,22,2018,27.013153,39.838318,Copernicus,Copernicus,2025-10-11 18:00:00 UTC
6815,2026-10-11 22:00:00,10,11,22,23,2018,27.000111,39.839817,Copernicus,Copernicus,2025-10-11 19:00:00 UTC
6816,2026-10-11 23:00:00,10,11,23,24,2018,26.987375,39.841183,Copernicus,Copernicus,2025-10-11 20:00:00 UTC
6817,2026-10-12 00:00:00,10,12,0,1,2018,26.974752,39.842426,Copernicus,Copernicus,2025-10-11 21:00:00 UTC
6818,2026-10-12 01:00:00,10,12,1,2,2018,26.962002,39.843594,Copernicus,Copernicus,2025-10-11 22:00:00 UTC
6819,2026-10-12 02:00:00,10,12,2,3,2018,26.948887,39.844673,Copernicus,Copernicus,2025-10-11 23:00:00 UTC
6820,2026-10-12 03:00:00,10,12,3,4,2018,26.935543,39.846291,Copernicus,Copernicus,2025-10-12 00:00:00 UTC
6821,2026-10-12 04:00:00,10,12,4,5,2018,26.921247,39.847054,Copernicus,Copernicus,2025-10-12 01:00:00 UTC
6822,2026-10-12 05:00:00,10,12,5,6,2018,26.906532,39.847683,Copernicus,Copernicus,2025-10-12 02:00:00 UTC
6823,2026-10-12 06:00:00,10,12,6,7,2018,26.891388,39.848225,Copernicus,Copernicus,2025-10-12 03:00:00 UTC
6824,2026-10-12 07:00:00,10,12,7,8,2018,26.876316,39.848679,Copernicus,Copernicus,2025-10-12 04:00:00 UTC
6825,2026-10-12 08:00:00,10,12,8,9,2018,26.864693,39.849083,Copernicus,Copernicus,2025-10-12 05:00:00 UTC
6826,2026-10-12 09:00:00,10,12,9,10,2018,26.858091,39.849457,Copernicus,Copernicus,2025-10-12 06:00:00 UTC
6827,2026-10-12 10:00:00,10,12,10,11,2018,26.856224,39.849804,Copernicus,Copernicus,2025-10-12 07:00:00 UTC
6828,2026-10-12 11:00:00,10,12,11,12,2018,26.857410,39.850136,Copernicus,Copernicus,2025-10-12 08:00:00 UTC
6829,2026-10-12 12:00:00,10,12,12,13,2018,26.859737,39.850475,Copernicus,Copernicus,2025-10-12 09:00:00 UTC
6830,2026-10-12 13:00:00,10,12,13,14,2018,26.861464,39.850864,Copernicus,Copernicus,2025-10-12 10:00:00 UTC
6831,2026-10-12 14:00:00,10,12,14,15,2018,26.861208,39.851311,Copernicus,Copernicus,2025-10-12 11:00:00 UTC
6832,2026-10-12 15:00:00,10,12,15,16,2018,26.858486,39.851807,Copernicus,Copernicus,2025-10-12 12:00:00 UTC
6833,2026-10-12 16:00:00,10,12,16,17,2018,26.854158,39.852295,Copernicus,Copernicus,2025-10-12 13:00:00 UTC
6834,2026-10-12 17:00:00,10,12,17,18,2018,26.846983,39.852730,Copernicus,Copernicus,2025-10-12 14:00:00 UTC
6835,2026-10-12 18:00:00,10,12,18,19,2018,26.836283,39.853088,Copernicus,Copernicus,2025-10-12 15:00:00 UTC
6836,2026-10-12 19:00:00,10,12,19,20,2018,26.824005,39.853333,Copernicus,Copernicus,2025-10-12 16:00:00 UTC
6837,2026-10-12 20:00:00,10,12,20,21,2018,26.810991,39.853462,Copernicus,Copernicus,2025-10-12 17:00:00 UTC
6838,2026-10-12 21:00:00,10,12,21,22,2018,26.797115,39.853489,Copernicus,Copernicus,2025-10-12 18:00:00 UTC
6839,2026-10-12 22:00:00,10,12,22,23,2018,26.782862,39.853424,Copernicus,Copernicus,2025-10-12 19:00:00 UTC
6840,2026-10-12 23:00:00,10,12,23,24,2018,26.768158,39.853325,Copernicus,Copernicus,2025-10-12 20:00:00 UTC
6841,2026-10-13 00:00:00,10,13,0,1,2018,26.752674,39.853260,Copernicus,Copernicus,2025-10-12 21:00:00 UTC
6842,2026-10-13 01:00:00,10,13,1,2,2018,26.736078,39.853294,Copernicus,Copernicus,2025-10-12 22:00:00 UTC
6843,2026-10-13 02:00:00,10,13,2,3,2018,26.718010,39.853481,Copernicus,Copernicus,2025-10-12 23:00:00 UTC
6844,2026-10-13 03:00:00,10,13,3,4,2018,26.699415,39.855152,Copernicus,Copernicus,2025-10-13 00:00:00 UTC
6845,2026-10-13 04:00:00,10,13,4,5,2018,26.680079,39.855595,Copernicus,Copernicus,2025-10-13 01:00:00 UTC
6846,2026-10-13 05:00:00,10,13,5,6,2018,26.661226,39.856052,Copernicus,Copernicus,2025-10-13 02:00:00 UTC
6847,2026-10-13 06:00:00,10,13,6,7,2018,26.642796,39.856541,Copernicus,Copernicus,2025-10-13 03:00:00 UTC
6848,2026-10-13 07:00:00,10,13,7,8,2018,26.625122,39.857029,Copernicus,Copernicus,2025-10-13 04:00:00 UTC
6849,2026-10-13 08:00:00,10,13,8,9,2018,26.611534,39.857517,Copernicus,Copernicus,2025-10-13 05:00:00 UTC
6850,2026-10-13 09:00:00,10,13,9,10,2018,26.604870,39.857979,Copernicus,Copernicus,2025-10-13 06:00:00 UTC
6851,2026-10-13 10:00:00,10,13,10,11,2018,26.606445,39.858288,Copernicus,Copernicus,2025-10-13 07:00:00 UTC
6852,2026-10-13 11:00:00,10,13,11,12,2018,26.614193,39.858433,Copernicus,Copernicus,2025-10-13 08:00:00 UTC
6853,2026-10-13 12:00:00,10,13,12,13,2018,26.624044,39.858337,Copernicus,Copernicus,2025-10-13 09:00:00 UTC
6854,2026-10-13 13:00:00,10,13,13,14,2018,26.634546,39.858429,Copernicus,Copernicus,2025-10-13 10:00:00 UTC
6855,2026-10-13 14:00:00,10,13,14,15,2018,26.642235,39.858887,Copernicus,Copernicus,2025-10-13 11:00:00 UTC
6856,2026-10-13 15:00:00,10,13,15,16,2018,26.643917,39.859047,Copernicus,Copernicus,2025-10-13 12:00:00 UTC
6857,2026-10-13 16:00:00,10,13,16,17,2018,26.641197,39.858994,Copernicus,Copernicus,2025-10-13 13:00:00 UTC
6858,2026-10-13 17:00:00,10,13,17,18,2018,26.633730,39.858727,Copernicus,Copernicus,2025-10-13 14:00:00 UTC
6859,2026-10-13 18:00:00,10,13,18,19,2018,26.622353,39.858307,Copernicus,Copernicus,2025-10-13 15:00:00 UTC
6860,2026-10-13 19:00:00,10,13,19,20,2018,26.610569,39.857761,Copernicus,Copernicus,2025-10-13 16:00:00 UTC
6861,2026-10-13 20:00:00,10,13,20,21,2018,26.599432,39.857128,Copernicus,Copernicus,2025-10-13 17:00:00 UTC
6862,2026-10-13 21:00:00,10,13,21,22,2018,26.588543,39.856441,Copernicus,Copernicus,2025-10-13 18:00:00 UTC
6863,2026-10-13 22:00:00,10,13,22,23,2018,26.577913,39.855713,Copernicus,Copernicus,2025-10-13 19:00:00 UTC
6864,2026-10-13 23:00:00,10,13,23,24,2018,26.567463,39.854958,Copernicus,Copernicus,2025-10-13 20:00:00 UTC
6865,2026-10-14 00:00:00,10,14,0,1,2018,26.556963,39.854206,Copernicus,Copernicus,2025-10-13 21:00:00 UTC
6866,2026-10-14 01:00:00,10,14,1,2,2018,26.546026,39.853497,Copernicus,Copernicus,2025-10-13 22:00:00 UTC
6867,2026-10-14 02:00:00,10,14,2,3,2018,26.534191,39.852848,Copernicus,Copernicus,2025-10-13 23:00:00 UTC
6868,2026-10-14 03:00:00,10,14,3,4,2018,26.521254,39.852283,Copernicus,Copernicus,2025-10-14 00:00:00 UTC
6869,2026-10-14 04:00:00,10,14,4,5,2018,26.507988,39.851761,Copernicus,Copernicus,2025-10-14 01:00:00 UTC
6870,2026-10-14 05:00:00,10,14,5,6,2018,26.494589,39.851292,Copernicus,Copernicus,2025-10-14 02:00:00 UTC
6871,2026-10-14 06:00:00,10,14,6,7,2018,26.480980,39.850895,Copernicus,Copernicus,2025-10-14 03:00:00 UTC
6872,2026-10-14 07:00:00,10,14,7,8,2018,26.467775,39.850552,Copernicus,Copernicus,2025-10-14 04:00:00 UTC
6873,2026-10-14 08:00:00,10,14,8,9,2018,26.458498,39.850277,Copernicus,Copernicus,2025-10-14 05:00:00 UTC
6874,2026-10-14 09:00:00,10,14,9,10,2018,26.456116,39.850040,Copernicus,Copernicus,2025-10-14 06:00:00 UTC
6875,2026-10-14 10:00:00,10,14,10,11,2018,26.460873,39.849842,Copernicus,Copernicus,2025-10-14 07:00:00 UTC
6876,2026-10-14 11:00:00,10,14,11,12,2018,26.470491,39.849636,Copernicus,Copernicus,2025-10-14 08:00:00 UTC
6877,2026-10-14 12:00:00,10,14,12,13,2018,26.481796,39.849403,Copernicus,Copernicus,2025-10-14 09:00:00 UTC
6878,2026-10-14 13:00:00,10,14,13,14,2018,26.493555,39.849213,Copernicus,Copernicus,2025-10-14 10:00:00 UTC
6879,2026-10-14 14:00:00,10,14,14,15,2018,26.504627,39.849083,Copernicus,Copernicus,2025-10-14 11:00:00 UTC
6880,2026-10-14 15:00:00,10,14,15,16,2018,26.514191,39.849068,Copernicus,Copernicus,2025-10-14 12:00:00 UTC
6881,2026-10-14 16:00:00,10,14,16,17,2018,26.520985,39.849815,Copernicus,Copernicus,2025-10-14 13:00:00 UTC
6882,2026-10-14 17:00:00,10,14,17,18,2018,26.518484,39.850197,Copernicus,Copernicus,2025-10-14 14:00:00 UTC
6883,2026-10-14 18:00:00,10,14,18,19,2018,26.510508,39.850391,Copernicus,Copernicus,2025-10-14 15:00:00 UTC
6884,2026-10-14 19:00:00,10,14,19,20,2018,26.500938,39.850628,Copernicus,Copernicus,2025-10-14 16:00:00 UTC
6885,2026-10-14 20:00:00,10,14,20,21,2018,26.490791,39.850964,Copernicus,Copernicus,2025-10-14 17:00:00 UTC
6886,2026-10-14 21:00:00,10,14,21,22,2018,26.479744,39.851429,Copernicus,Copernicus,2025-10-14 18:00:00 UTC
6887,2026-10-14 22:00:00,10,14,22,23,2018,26.468533,39.851952,Copernicus,Copernicus,2025-10-14 19:00:00 UTC
6888,2026-10-14 23:00:00,10,14,23,24,2018,26.457314,39.852516,Copernicus,Copernicus,2025-10-14 20:00:00 UTC
6889,2026-10-15 00:00:00,10,15,0,1,2018,26.445974,39.853104,Copernicus,Copernicus,2025-10-14 21:00:00 UTC
6890,2026-10-15 01:00:00,10,15,1,2,2018,26.434286,39.853714,Copernicus,Copernicus,2025-10-14 22:00:00 UTC
6891,2026-10-15 02:00:00,10,15,2,3,2018,26.421944,39.854336,Copernicus,Copernicus,2025-10-14 23:00:00 UTC
6892,2026-10-15 03:00:00,10,15,3,4,2018,26.408100,39.854065,Copernicus,Copernicus,2025-10-15 00:00:00 UTC
6893,2026-10-15 04:00:00,10,15,4,5,2018,26.394262,39.854691,Copernicus,Copernicus,2025-10-15 01:00:00 UTC
6894,2026-10-15 05:00:00,10,15,5,6,2018,26.380016,39.855312,Copernicus,Copernicus,2025-10-15 02:00:00 UTC
6895,2026-10-15 06:00:00,10,15,6,7,2018,26.365530,39.855930,Copernicus,Copernicus,2025-10-15 03:00:00 UTC
6896,2026-10-15 07:00:00,10,15,7,8,2018,26.351410,39.856525,Copernicus,Copernicus,2025-10-15 04:00:00 UTC
6897,2026-10-15 08:00:00,10,15,8,9,2018,26.341177,39.857086,Copernicus,Copernicus,2025-10-15 05:00:00 UTC
6898,2026-10-15 09:00:00,10,15,9,10,2018,26.337769,39.857597,Copernicus,Copernicus,2025-10-15 06:00:00 UTC
6899,2026-10-15 10:00:00,10,15,10,11,2018,26.341917,39.857994,Copernicus,Copernicus,2025-10-15 07:00:00 UTC
6900,2026-10-15 11:00:00,10,15,11,12,2018,26.350771,39.858227,Copernicus,Copernicus,2025-10-15 08:00:00 UTC
6901,2026-10-15 12:00:00,10,15,12,13,2018,26.361145,39.858372,Copernicus,Copernicus,2025-10-15 09:00:00 UTC
6902,2026-10-15 13:00:00,10,15,13,14,2018,26.371933,39.858482,Copernicus,Copernicus,2025-10-15 10:00:00 UTC
6903,2026-10-15 14:00:00,10,15,14,15,2018,26.382027,39.858578,Copernicus,Copernicus,2025-10-15 11:00:00 UTC
6904,2026-10-15 15:00:00,10,15,15,16,2018,26.390514,39.858711,Copernicus,Copernicus,2025-10-15 12:00:00 UTC
6905,2026-10-15 16:00:00,10,15,16,17,2018,26.396282,39.858505,Copernicus,Copernicus,2025-10-15 13:00:00 UTC
6906,2026-10-15 17:00:00,10,15,17,18,2018,26.398565,39.859863,Copernicus,Copernicus,2025-10-15 14:00:00 UTC
6907,2026-10-15 18:00:00,10,15,18,19,2018,26.390516,39.859898,Copernicus,Copernicus,2025-10-15 15:00:00 UTC
6908,2026-10-15 19:00:00,10,15,19,20,2018,26.381191,39.859936,Copernicus,Copernicus,2025-10-15 16:00:00 UTC
6909,2026-10-15 20:00:00,10,15,20,21,2018,26.371588,39.859985,Copernicus,Copernicus,2025-10-15 17:00:00 UTC
6910,2026-10-15 21:00:00,10,15,21,22,2018,26.361591,39.860043,Copernicus,Copernicus,2025-10-15 18:00:00 UTC
6911,2026-10-15 22:00:00,10,15,22,23,2018,26.351780,39.860100,Copernicus,Copernicus,2025-10-15 19:00:00 UTC
6912,2026-10-15 23:00:00,10,15,23,24,2018,26.342070,39.860161,Copernicus,Copernicus,2025-10-15 20:00:00 UTC
6913,2026-10-16 00:00:00,10,16,0,1,2018,26.332191,39.860249,Copernicus,Copernicus,2025-10-15 21:00:00 UTC
6914,2026-10-16 01:00:00,10,16,1,2,2018,26.321867,39.860394,Copernicus,Copernicus,2025-10-15 22:00:00 UTC
6915,2026-10-16 02:00:00,10,16,2,3,2018,26.310802,39.860611,Copernicus,Copernicus,2025-10-15 23:00:00 UTC
6916,2026-10-16 03:00:00,10,16,3,4,2018,26.297794,39.859444,Copernicus,Copernicus,2025-10-16 00:00:00 UTC
6917,2026-10-16 04:00:00,10,16,4,5,2018,26.285330,39.859806,Copernicus,Copernicus,2025-10-16 01:00:00 UTC
6918,2026-10-16 05:00:00,10,16,5,6,2018,26.272697,39.860268,Copernicus,Copernicus,2025-10-16 02:00:00 UTC
6919,2026-10-16 06:00:00,10,16,6,7,2018,26.259932,39.860825,Copernicus,Copernicus,2025-10-16 03:00:00 UTC
6920,2026-10-16 07:00:00,10,16,7,8,2018,26.247417,39.861477,Copernicus,Copernicus,2025-10-16 04:00:00 UTC
6921,2026-10-16 08:00:00,10,16,8,9,2018,26.238516,39.862225,Copernicus,Copernicus,2025-10-16 05:00:00 UTC
6922,2026-10-16 09:00:00,10,16,9,10,2018,26.236151,39.863056,Copernicus,Copernicus,2025-10-16 06:00:00 UTC
6923,2026-10-16 10:00:00,10,16,10,11,2018,26.240986,39.863895,Copernicus,Copernicus,2025-10-16 07:00:00 UTC
6924,2026-10-16 11:00:00,10,16,11,12,2018,26.249489,39.864647,Copernicus,Copernicus,2025-10-16 08:00:00 UTC
6925,2026-10-16 12:00:00,10,16,12,13,2018,26.259127,39.865440,Copernicus,Copernicus,2025-10-16 09:00:00 UTC
6926,2026-10-16 13:00:00,10,16,13,14,2018,26.268867,39.866283,Copernicus,Copernicus,2025-10-16 10:00:00 UTC
6927,2026-10-16 14:00:00,10,16,14,15,2018,26.277645,39.867161,Copernicus,Copernicus,2025-10-16 11:00:00 UTC
6928,2026-10-16 15:00:00,10,16,15,16,2018,26.284513,39.868076,Copernicus,Copernicus,2025-10-16 12:00:00 UTC
6929,2026-10-16 16:00:00,10,16,16,17,2018,26.288942,39.869003,Copernicus,Copernicus,2025-10-16 13:00:00 UTC
6930,2026-10-16 17:00:00,10,16,17,18,2018,26.290909,39.869812,Copernicus,Copernicus,2025-10-16 14:00:00 UTC
6931,2026-10-16 18:00:00,10,16,18,19,2018,26.289383,39.871647,Copernicus,Copernicus,2025-10-16 15:00:00 UTC
6932,2026-10-16 19:00:00,10,16,19,20,2018,26.280083,39.872711,Copernicus,Copernicus,2025-10-16 16:00:00 UTC
6933,2026-10-16 20:00:00,10,16,20,21,2018,26.270266,39.873600,Copernicus,Copernicus,2025-10-16 17:00:00 UTC
6934,2026-10-16 21:00:00,10,16,21,22,2018,26.260092,39.874516,Copernicus,Copernicus,2025-10-16 18:00:00 UTC
6935,2026-10-16 22:00:00,10,16,22,23,2018,26.249805,39.875439,Copernicus,Copernicus,2025-10-16 19:00:00 UTC
6936,2026-10-16 23:00:00,10,16,23,24,2018,26.239408,39.876377,Copernicus,Copernicus,2025-10-16 20:00:00 UTC
6937,2026-10-17 00:00:00,10,17,0,1,2018,26.228811,39.877300,Copernicus,Copernicus,2025-10-16 21:00:00 UTC
6938,2026-10-17 01:00:00,10,17,1,2,2018,26.217861,39.878208,Copernicus,Copernicus,2025-10-16 22:00:00 UTC
6939,2026-10-17 02:00:00,10,17,2,3,2018,26.206358,39.879108,Copernicus,Copernicus,2025-10-16 23:00:00 UTC
6940,2026-10-17 03:00:00,10,17,3,4,2018,26.193050,39.878300,Copernicus,Copernicus,2025-10-17 00:00:00 UTC
6941,2026-10-17 04:00:00,10,17,4,5,2018,26.180382,39.879196,Copernicus,Copernicus,2025-10-17 01:00:00 UTC
6942,2026-10-17 05:00:00,10,17,5,6,2018,26.167393,39.880138,Copernicus,Copernicus,2025-10-17 02:00:00 UTC
6943,2026-10-17 06:00:00,10,17,6,7,2018,26.154173,39.881119,Copernicus,Copernicus,2025-10-17 03:00:00 UTC
6944,2026-10-17 07:00:00,10,17,7,8,2018,26.141121,39.882153,Copernicus,Copernicus,2025-10-17 04:00:00 UTC
6945,2026-10-17 08:00:00,10,17,8,9,2018,26.131491,39.883255,Copernicus,Copernicus,2025-10-17 05:00:00 UTC
6946,2026-10-17 09:00:00,10,17,9,10,2018,26.128147,39.884422,Copernicus,Copernicus,2025-10-17 06:00:00 UTC
6947,2026-10-17 10:00:00,10,17,10,11,2018,26.131504,39.885612,Copernicus,Copernicus,2025-10-17 07:00:00 UTC
6948,2026-10-17 11:00:00,10,17,11,12,2018,26.138029,39.886745,Copernicus,Copernicus,2025-10-17 08:00:00 UTC
6949,2026-10-17 12:00:00,10,17,12,13,2018,26.145466,39.887913,Copernicus,Copernicus,2025-10-17 09:00:00 UTC
6950,2026-10-17 13:00:00,10,17,13,14,2018,26.152811,39.889095,Copernicus,Copernicus,2025-10-17 10:00:00 UTC
6951,2026-10-17 14:00:00,10,17,14,15,2018,26.159071,39.890282,Copernicus,Copernicus,2025-10-17 11:00:00 UTC
6952,2026-10-17 15:00:00,10,17,15,16,2018,26.163387,39.891468,Copernicus,Copernicus,2025-10-17 12:00:00 UTC
6953,2026-10-17 16:00:00,10,17,16,17,2018,26.165194,39.892639,Copernicus,Copernicus,2025-10-17 13:00:00 UTC
6954,2026-10-17 17:00:00,10,17,17,18,2018,26.164434,39.893661,Copernicus,Copernicus,2025-10-17 14:00:00 UTC
6955,2026-10-17 18:00:00,10,17,18,19,2018,26.161428,39.895279,Copernicus,Copernicus,2025-10-17 15:00:00 UTC
6956,2026-10-17 19:00:00,10,17,19,20,2018,26.151829,39.896694,Copernicus,Copernicus,2025-10-17 16:00:00 UTC
6957,2026-10-17 20:00:00,10,17,20,21,2018,26.141441,39.897694,Copernicus,Copernicus,2025-10-17 17:00:00 UTC
6958,2026-10-17 21:00:00,10,17,21,22,2018,26.131159,39.898720,Copernicus,Copernicus,2025-10-17 18:00:00 UTC
6959,2026-10-17 22:00:00,10,17,22,23,2018,26.120281,39.899761,Copernicus,Copernicus,2025-10-17 19:00:00 UTC
6960,2026-10-17 23:00:00,10,17,23,24,2018,26.108582,39.900829,Copernicus,Copernicus,2025-10-17 20:00:00 UTC
6961,2026-10-18 00:00:00,10,18,0,1,2018,26.096041,39.901917,Copernicus,Copernicus,2025-10-17 21:00:00 UTC
6962,2026-10-18 01:00:00,10,18,1,2,2018,26.082607,39.903027,Copernicus,Copernicus,2025-10-17 22:00:00 UTC
6963,2026-10-18 02:00:00,10,18,2,3,2018,26.068182,39.904148,Copernicus,Copernicus,2025-10-17 23:00:00 UTC
6964,2026-10-18 03:00:00,10,18,3,4,2018,26.052744,39.905266,Copernicus,Copernicus,2025-10-18 00:00:00 UTC
6965,2026-10-18 04:00:00,10,18,4,5,2018,26.037016,39.906353,Copernicus,Copernicus,2025-10-18 01:00:00 UTC
6966,2026-10-18 05:00:00,10,18,5,6,2018,26.021271,39.907383,Copernicus,Copernicus,2025-10-18 02:00:00 UTC
6967,2026-10-18 06:00:00,10,18,6,7,2018,26.005569,39.908375,Copernicus,Copernicus,2025-10-18 03:00:00 UTC
6968,2026-10-18 07:00:00,10,18,7,8,2018,25.990265,39.909355,Copernicus,Copernicus,2025-10-18 04:00:00 UTC
6969,2026-10-18 08:00:00,10,18,8,9,2018,25.978485,39.910343,Copernicus,Copernicus,2025-10-18 05:00:00 UTC
6970,2026-10-18 09:00:00,10,18,9,10,2018,25.973209,39.911346,Copernicus,Copernicus,2025-10-18 06:00:00 UTC
6971,2026-10-18 10:00:00,10,18,10,11,2018,25.975275,39.912281,Copernicus,Copernicus,2025-10-18 07:00:00 UTC
6972,2026-10-18 11:00:00,10,18,11,12,2018,25.981026,39.913082,Copernicus,Copernicus,2025-10-18 08:00:00 UTC
6973,2026-10-18 12:00:00,10,18,12,13,2018,25.987988,39.913872,Copernicus,Copernicus,2025-10-18 09:00:00 UTC
6974,2026-10-18 13:00:00,10,18,13,14,2018,25.995289,39.914631,Copernicus,Copernicus,2025-10-18 10:00:00 UTC
6975,2026-10-18 14:00:00,10,18,14,15,2018,26.001936,39.915340,Copernicus,Copernicus,2025-10-18 11:00:00 UTC
6976,2026-10-18 15:00:00,10,18,15,16,2018,26.007027,39.916008,Copernicus,Copernicus,2025-10-18 12:00:00 UTC
6977,2026-10-18 16:00:00,10,18,16,17,2018,26.009764,39.916584,Copernicus,Copernicus,2025-10-18 13:00:00 UTC
6978,2026-10-18 17:00:00,10,18,17,18,2018,26.009933,39.916668,Copernicus,Copernicus,2025-10-18 14:00:00 UTC
6979,2026-10-18 18:00:00,10,18,18,19,2018,26.009993,39.916309,Copernicus,Copernicus,2025-10-18 15:00:00 UTC
6980,2026-10-18 19:00:00,10,18,19,20,2018,26.005699,39.917084,Copernicus,Copernicus,2025-10-18 16:00:00 UTC
6981,2026-10-18 20:00:00,10,18,20,21,2018,25.997536,39.917995,Copernicus,Copernicus,2025-10-18 17:00:00 UTC
6982,2026-10-18 21:00:00,10,18,21,22,2018,25.988874,39.918331,Copernicus,Copernicus,2025-10-18 18:00:00 UTC
6983,2026-10-18 22:00:00,10,18,22,23,2018,25.979568,39.918758,Copernicus,Copernicus,2025-10-18 19:00:00 UTC
6984,2026-10-18 23:00:00,10,18,23,24,2018,25.969471,39.919285,Copernicus,Copernicus,2025-10-18 20:00:00 UTC
6985,2026-10-19 00:00:00,10,19,0,1,2018,25.958572,39.919895,Copernicus,Copernicus,2025-10-18 21:00:00 UTC
6986,2026-10-19 01:00:00,10,19,1,2,2018,25.946726,39.920597,Copernicus,Copernicus,2025-10-18 22:00:00 UTC
6987,2026-10-19 02:00:00,10,19,2,3,2018,25.933819,39.921371,Copernicus,Copernicus,2025-10-18 23:00:00 UTC
6988,2026-10-19 03:00:00,10,19,3,4,2018,25.919693,39.921886,Copernicus,Copernicus,2025-10-19 00:00:00 UTC
6989,2026-10-19 04:00:00,10,19,4,5,2018,25.905336,39.922718,Copernicus,Copernicus,2025-10-19 01:00:00 UTC
6990,2026-10-19 05:00:00,10,19,5,6,2018,25.890806,39.923546,Copernicus,Copernicus,2025-10-19 02:00:00 UTC
6991,2026-10-19 06:00:00,10,19,6,7,2018,25.876163,39.924385,Copernicus,Copernicus,2025-10-19 03:00:00 UTC
6992,2026-10-19 07:00:00,10,19,7,8,2018,25.861780,39.925240,Copernicus,Copernicus,2025-10-19 04:00:00 UTC
6993,2026-10-19 08:00:00,10,19,8,9,2018,25.850679,39.926147,Copernicus,Copernicus,2025-10-19 05:00:00 UTC
6994,2026-10-19 09:00:00,10,19,9,10,2018,25.846003,39.927113,Copernicus,Copernicus,2025-10-19 06:00:00 UTC
6995,2026-10-19 10:00:00,10,19,10,11,2018,25.848753,39.928013,Copernicus,Copernicus,2025-10-19 07:00:00 UTC
6996,2026-10-19 11:00:00,10,19,11,12,2018,25.854660,39.928799,Copernicus,Copernicus,2025-10-19 08:00:00 UTC
6997,2026-10-19 12:00:00,10,19,12,13,2018,25.861635,39.929611,Copernicus,Copernicus,2025-10-19 09:00:00 UTC
6998,2026-10-19 13:00:00,10,19,13,14,2018,25.868652,39.930458,Copernicus,Copernicus,2025-10-19 10:00:00 UTC
6999,2026-10-19 14:00:00,10,19,14,15,2018,25.874609,39.931309,Copernicus,Copernicus,2025-10-19 11:00:00 UTC
7000,2026-10-19 15:00:00,10,19,15,16,2018,25.878052,39.932163,Copernicus,Copernicus,2025-10-19 12:00:00 UTC
7001,2026-10-19 16:00:00,10,19,16,17,2018,25.879179,39.933022,Copernicus,Copernicus,2025-10-19 13:00:00 UTC
7002,2026-10-19 17:00:00,10,19,17,18,2018,25.877771,39.933811,Copernicus,Copernicus,2025-10-19 14:00:00 UTC
7003,2026-10-19 18:00:00,10,19,18,19,2018,25.874638,39.934406,Copernicus,Copernicus,2025-10-19 15:00:00 UTC
7004,2026-10-19 19:00:00,10,19,19,20,2018,25.871614,39.934868,Copernicus,Copernicus,2025-10-19 16:00:00 UTC
7005,2026-10-19 20:00:00,10,19,20,21,2018,25.868752,39.935280,Copernicus,Copernicus,2025-10-19 17:00:00 UTC
7006,2026-10-19 21:00:00,10,19,21,22,2018,25.860090,39.936123,Copernicus,Copernicus,2025-10-19 18:00:00 UTC
7007,2026-10-19 22:00:00,10,19,22,23,2018,25.850885,39.936478,Copernicus,Copernicus,2025-10-19 19:00:00 UTC
7008,2026-10-19 23:00:00,10,19,23,24,2018,25.841677,39.936714,Copernicus,Copernicus,2025-10-19 20:00:00 UTC
7009,2026-10-20 00:00:00,10,20,0,1,2018,25.832266,39.936924,Copernicus,Copernicus,2025-10-19 21:00:00 UTC
7010,2026-10-20 01:00:00,10,20,1,2,2018,25.822336,39.937138,Copernicus,Copernicus,2025-10-19 22:00:00 UTC
7011,2026-10-20 02:00:00,10,20,2,3,2018,25.811586,39.937405,Copernicus,Copernicus,2025-10-19 23:00:00 UTC
7012,2026-10-20 03:00:00,10,20,3,4,2018,25.800846,39.939007,Copernicus,Copernicus,2025-10-20 00:00:00 UTC
7013,2026-10-20 04:00:00,10,20,4,5,2018,25.789055,39.939400,Copernicus,Copernicus,2025-10-20 01:00:00 UTC
7014,2026-10-20 05:00:00,10,20,5,6,2018,25.777142,39.939800,Copernicus,Copernicus,2025-10-20 02:00:00 UTC
7015,2026-10-20 06:00:00,10,20,6,7,2018,25.765026,39.940231,Copernicus,Copernicus,2025-10-20 03:00:00 UTC
7016,2026-10-20 07:00:00,10,20,7,8,2018,25.752874,39.940693,Copernicus,Copernicus,2025-10-20 04:00:00 UTC
7017,2026-10-20 08:00:00,10,20,8,9,2018,25.743723,39.941181,Copernicus,Copernicus,2025-10-20 05:00:00 UTC
7018,2026-10-20 09:00:00,10,20,9,10,2018,25.740816,39.941669,Copernicus,Copernicus,2025-10-20 06:00:00 UTC
7019,2026-10-20 10:00:00,10,20,10,11,2018,25.745668,39.941998,Copernicus,Copernicus,2025-10-20 07:00:00 UTC
7020,2026-10-20 11:00:00,10,20,11,12,2018,25.753954,39.942062,Copernicus,Copernicus,2025-10-20 08:00:00 UTC
7021,2026-10-20 12:00:00,10,20,12,13,2018,25.763437,39.942089,Copernicus,Copernicus,2025-10-20 09:00:00 UTC
7022,2026-10-20 13:00:00,10,20,13,14,2018,25.773212,39.942104,Copernicus,Copernicus,2025-10-20 10:00:00 UTC
7023,2026-10-20 14:00:00,10,20,14,15,2018,25.782293,39.942101,Copernicus,Copernicus,2025-10-20 11:00:00 UTC
7024,2026-10-20 15:00:00,10,20,15,16,2018,25.789730,39.942078,Copernicus,Copernicus,2025-10-20 12:00:00 UTC
7025,2026-10-20 16:00:00,10,20,16,17,2018,25.794817,39.942043,Copernicus,Copernicus,2025-10-20 13:00:00 UTC
7026,2026-10-20 17:00:00,10,20,17,18,2018,25.797218,39.941944,Copernicus,Copernicus,2025-10-20 14:00:00 UTC
7027,2026-10-20 18:00:00,10,20,18,19,2018,25.797928,39.941704,Copernicus,Copernicus,2025-10-20 15:00:00 UTC
7028,2026-10-20 19:00:00,10,20,19,20,2018,25.798508,39.941437,Copernicus,Copernicus,2025-10-20 16:00:00 UTC
7029,2026-10-20 20:00:00,10,20,20,21,2018,25.799202,39.941780,Copernicus,Copernicus,2025-10-20 17:00:00 UTC
7030,2026-10-20 21:00:00,10,20,21,22,2018,25.791721,39.942451,Copernicus,Copernicus,2025-10-20 18:00:00 UTC
7031,2026-10-20 22:00:00,10,20,22,23,2018,25.781754,39.942295,Copernicus,Copernicus,2025-10-20 19:00:00 UTC
7032,2026-10-20 23:00:00,10,20,23,24,2018,25.771584,39.942101,Copernicus,Copernicus,2025-10-20 20:00:00 UTC
7033,2026-10-21 00:00:00,10,21,0,1,2018,25.761110,39.941902,Copernicus,Copernicus,2025-10-20 21:00:00 UTC
7034,2026-10-21 01:00:00,10,21,1,2,2018,25.750246,39.941696,Copernicus,Copernicus,2025-10-20 22:00:00 UTC
7035,2026-10-21 02:00:00,10,21,2,3,2018,25.738974,39.941502,Copernicus,Copernicus,2025-10-20 23:00:00 UTC
7036,2026-10-21 03:00:00,10,21,3,4,2018,25.727371,39.941238,Copernicus,Copernicus,2025-10-21 00:00:00 UTC
7037,2026-10-21 04:00:00,10,21,4,5,2018,25.716105,39.941067,Copernicus,Copernicus,2025-10-21 01:00:00 UTC
7038,2026-10-21 05:00:00,10,21,5,6,2018,25.705324,39.940895,Copernicus,Copernicus,2025-10-21 02:00:00 UTC
7039,2026-10-21 06:00:00,10,21,6,7,2018,25.695055,39.940720,Copernicus,Copernicus,2025-10-21 03:00:00 UTC
7040,2026-10-21 07:00:00,10,21,7,8,2018,25.685398,39.940536,Copernicus,Copernicus,2025-10-21 04:00:00 UTC
7041,2026-10-21 08:00:00,10,21,8,9,2018,25.678144,39.940346,Copernicus,Copernicus,2025-10-21 05:00:00 UTC
7042,2026-10-21 09:00:00,10,21,9,10,2018,25.674591,39.940132,Copernicus,Copernicus,2025-10-21 06:00:00 UTC
7043,2026-10-21 10:00:00,10,21,10,11,2018,25.674713,39.939831,Copernicus,Copernicus,2025-10-21 07:00:00 UTC
7044,2026-10-21 11:00:00,10,21,11,12,2018,25.676340,39.939392,Copernicus,Copernicus,2025-10-21 08:00:00 UTC
7045,2026-10-21 12:00:00,10,21,12,13,2018,25.678753,39.938911,Copernicus,Copernicus,2025-10-21 09:00:00 UTC
7046,2026-10-21 13:00:00,10,21,13,14,2018,25.681520,39.938381,Copernicus,Copernicus,2025-10-21 10:00:00 UTC
7047,2026-10-21 14:00:00,10,21,14,15,2018,25.684134,39.937794,Copernicus,Copernicus,2025-10-21 11:00:00 UTC
7048,2026-10-21 15:00:00,10,21,15,16,2018,25.686628,39.937725,Copernicus,Copernicus,2025-10-21 12:00:00 UTC
7049,2026-10-21 16:00:00,10,21,16,17,2018,25.685045,39.937294,Copernicus,Copernicus,2025-10-21 13:00:00 UTC
7050,2026-10-21 17:00:00,10,21,17,18,2018,25.680185,39.936211,Copernicus,Copernicus,2025-10-21 14:00:00 UTC
7051,2026-10-21 18:00:00,10,21,18,19,2018,25.673550,39.934734,Copernicus,Copernicus,2025-10-21 15:00:00 UTC
7052,2026-10-21 19:00:00,10,21,19,20,2018,25.666821,39.932827,Copernicus,Copernicus,2025-10-21 16:00:00 UTC
7053,2026-10-21 20:00:00,10,21,20,21,2018,25.659258,39.930450,Copernicus,Copernicus,2025-10-21 17:00:00 UTC
7054,2026-10-21 21:00:00,10,21,21,22,2018,25.650728,39.927525,Copernicus,Copernicus,2025-10-21 18:00:00 UTC
7055,2026-10-21 22:00:00,10,21,22,23,2018,25.641680,39.923954,Copernicus,Copernicus,2025-10-21 19:00:00 UTC
7056,2026-10-21 23:00:00,10,21,23,24,2018,25.632198,39.919731,Copernicus,Copernicus,2025-10-21 20:00:00 UTC
7057,2026-10-22 00:00:00,10,22,0,1,2018,25.623339,39.914970,Copernicus,Copernicus,2025-10-21 21:00:00 UTC
7058,2026-10-22 01:00:00,10,22,1,2,2018,25.616426,39.909763,Copernicus,Copernicus,2025-10-21 22:00:00 UTC
7059,2026-10-22 02:00:00,10,22,2,3,2018,25.611593,39.904163,Copernicus,Copernicus,2025-10-21 23:00:00 UTC
7060,2026-10-22 03:00:00,10,22,3,4,2018,25.611620,39.902737,Copernicus,Copernicus,2025-10-22 00:00:00 UTC
7061,2026-10-22 04:00:00,10,22,4,5,2018,25.611376,39.896637,Copernicus,Copernicus,2025-10-22 01:00:00 UTC
7062,2026-10-22 05:00:00,10,22,5,6,2018,25.613302,39.890434,Copernicus,Copernicus,2025-10-22 02:00:00 UTC
7063,2026-10-22 06:00:00,10,22,6,7,2018,25.616560,39.884277,Copernicus,Copernicus,2025-10-22 03:00:00 UTC
7064,2026-10-22 07:00:00,10,22,7,8,2018,25.621164,39.878201,Copernicus,Copernicus,2025-10-22 04:00:00 UTC
7065,2026-10-22 08:00:00,10,22,8,9,2018,25.629688,39.872269,Copernicus,Copernicus,2025-10-22 05:00:00 UTC
7066,2026-10-22 09:00:00,10,22,9,10,2018,25.644899,39.866436,Copernicus,Copernicus,2025-10-22 06:00:00 UTC
7067,2026-10-22 10:00:00,10,22,10,11,2018,25.667194,39.860157,Copernicus,Copernicus,2025-10-22 07:00:00 UTC
7068,2026-10-22 11:00:00,10,22,11,12,2018,25.692142,39.854073,Copernicus,Copernicus,2025-10-22 08:00:00 UTC
7069,2026-10-22 12:00:00,10,22,12,13,2018,25.716576,39.848827,Copernicus,Copernicus,2025-10-22 09:00:00 UTC
7070,2026-10-22 13:00:00,10,22,13,14,2018,25.739634,39.844223,Copernicus,Copernicus,2025-10-22 10:00:00 UTC
7071,2026-10-22 14:00:00,10,22,14,15,2018,25.760843,39.840084,Copernicus,Copernicus,2025-10-22 11:00:00 UTC
7072,2026-10-22 15:00:00,10,22,15,16,2018,25.779636,39.836380,Copernicus,Copernicus,2025-10-22 12:00:00 UTC
7073,2026-10-22 16:00:00,10,22,16,17,2018,25.795729,39.833076,Copernicus,Copernicus,2025-10-22 13:00:00 UTC
7074,2026-10-22 17:00:00,10,22,17,18,2018,25.808964,39.830112,Copernicus,Copernicus,2025-10-22 14:00:00 UTC
7075,2026-10-22 18:00:00,10,22,18,19,2018,25.819548,39.827549,Copernicus,Copernicus,2025-10-22 15:00:00 UTC
7076,2026-10-22 19:00:00,10,22,19,20,2018,25.828436,39.825321,Copernicus,Copernicus,2025-10-22 16:00:00 UTC
7077,2026-10-22 20:00:00,10,22,20,21,2018,25.836168,39.823296,Copernicus,Copernicus,2025-10-22 17:00:00 UTC
7078,2026-10-22 21:00:00,10,22,21,22,2018,25.843790,39.821033,Copernicus,Copernicus,2025-10-22 18:00:00 UTC
7079,2026-10-22 22:00:00,10,22,22,23,2018,25.850616,39.818382,Copernicus,Copernicus,2025-10-22 19:00:00 UTC
7080,2026-10-22 23:00:00,10,22,23,24,2018,25.834482,39.809574,Copernicus,Copernicus,2025-10-22 20:00:00 UTC
7081,2026-10-23 00:00:00,10,23,0,1,2018,25.823158,39.807800,Copernicus,Copernicus,2025-10-22 21:00:00 UTC
7082,2026-10-23 01:00:00,10,23,1,2,2018,25.821136,39.811081,Copernicus,Copernicus,2025-10-22 22:00:00 UTC
7083,2026-10-23 02:00:00,10,23,2,3,2018,25.822010,39.813931,Copernicus,Copernicus,2025-10-22 23:00:00 UTC
7084,2026-10-23 03:00:00,10,23,3,4,2018,25.815584,39.816135,Copernicus,Copernicus,2025-10-23 00:00:00 UTC
7085,2026-10-23 04:00:00,10,23,4,5,2018,25.806458,39.815857,Copernicus,Copernicus,2025-10-23 01:00:00 UTC
7086,2026-10-23 05:00:00,10,23,5,6,2018,25.796679,39.815666,Copernicus,Copernicus,2025-10-23 02:00:00 UTC
7087,2026-10-23 06:00:00,10,23,6,7,2018,25.787252,39.815441,Copernicus,Copernicus,2025-10-23 03:00:00 UTC
7088,2026-10-23 07:00:00,10,23,7,8,2018,25.779055,39.815086,Copernicus,Copernicus,2025-10-23 04:00:00 UTC
7089,2026-10-23 08:00:00,10,23,8,9,2018,25.774599,39.814693,Copernicus,Copernicus,2025-10-23 05:00:00 UTC
7090,2026-10-23 09:00:00,10,23,9,10,2018,25.776793,39.814297,Copernicus,Copernicus,2025-10-23 06:00:00 UTC
7091,2026-10-23 10:00:00,10,23,10,11,2018,25.784996,39.813999,Copernicus,Copernicus,2025-10-23 07:00:00 UTC
7092,2026-10-23 11:00:00,10,23,11,12,2018,25.794550,39.813740,Copernicus,Copernicus,2025-10-23 08:00:00 UTC
7093,2026-10-23 12:00:00,10,23,12,13,2018,25.802458,39.813770,Copernicus,Copernicus,2025-10-23 09:00:00 UTC
7094,2026-10-23 13:00:00,10,23,13,14,2018,25.808203,39.814137,Copernicus,Copernicus,2025-10-23 10:00:00 UTC
7095,2026-10-23 14:00:00,10,23,14,15,2018,25.812088,39.814655,Copernicus,Copernicus,2025-10-23 11:00:00 UTC
7096,2026-10-23 15:00:00,10,23,15,16,2018,25.814817,39.815147,Copernicus,Copernicus,2025-10-23 12:00:00 UTC
7097,2026-10-23 16:00:00,10,23,16,17,2018,25.817226,39.815495,Copernicus,Copernicus,2025-10-23 13:00:00 UTC
7098,2026-10-23 17:00:00,10,23,17,18,2018,25.819096,39.815720,Copernicus,Copernicus,2025-10-23 14:00:00 UTC
7099,2026-10-23 18:00:00,10,23,18,19,2018,25.820061,39.815838,Copernicus,Copernicus,2025-10-23 15:00:00 UTC
7100,2026-10-23 19:00:00,10,23,19,20,2018,25.818510,39.815811,Copernicus,Copernicus,2025-10-23 16:00:00 UTC
7101,2026-10-23 20:00:00,10,23,20,21,2018,25.816896,39.815666,Copernicus,Copernicus,2025-10-23 17:00:00 UTC
7102,2026-10-23 21:00:00,10,23,21,22,2018,25.815033,39.815479,Copernicus,Copernicus,2025-10-23 18:00:00 UTC
7103,2026-10-23 22:00:00,10,23,22,23,2018,25.812248,39.815315,Copernicus,Copernicus,2025-10-23 19:00:00 UTC
7104,2026-10-23 23:00:00,10,23,23,24,2018,25.807995,39.815285,Copernicus,Copernicus,2025-10-23 20:00:00 UTC
7105,2026-10-24 00:00:00,10,24,0,1,2018,25.802256,39.815392,Copernicus,Copernicus,2025-10-23 21:00:00 UTC
7106,2026-10-24 01:00:00,10,24,1,2,2018,25.795187,39.815613,Copernicus,Copernicus,2025-10-23 22:00:00 UTC
7107,2026-10-24 02:00:00,10,24,2,3,2018,25.787066,39.815891,Copernicus,Copernicus,2025-10-23 23:00:00 UTC
7108,2026-10-24 03:00:00,10,24,3,4,2018,25.779673,39.818100,Copernicus,Copernicus,2025-10-24 00:00:00 UTC
7109,2026-10-24 04:00:00,10,24,4,5,2018,25.771778,39.818287,Copernicus,Copernicus,2025-10-24 01:00:00 UTC
7110,2026-10-24 05:00:00,10,24,5,6,2018,25.764963,39.818268,Copernicus,Copernicus,2025-10-24 02:00:00 UTC
7111,2026-10-24 06:00:00,10,24,6,7,2018,25.759649,39.818024,Copernicus,Copernicus,2025-10-24 03:00:00 UTC
7112,2026-10-24 07:00:00,10,24,7,8,2018,25.755751,39.817604,Copernicus,Copernicus,2025-10-24 04:00:00 UTC
7113,2026-10-24 08:00:00,10,24,8,9,2018,25.755856,39.817009,Copernicus,Copernicus,2025-10-24 05:00:00 UTC
7114,2026-10-24 09:00:00,10,24,9,10,2018,25.762590,39.816322,Copernicus,Copernicus,2025-10-24 06:00:00 UTC
7115,2026-10-24 10:00:00,10,24,10,11,2018,25.774363,39.815521,Copernicus,Copernicus,2025-10-24 07:00:00 UTC
7116,2026-10-24 11:00:00,10,24,11,12,2018,25.787409,39.814770,Copernicus,Copernicus,2025-10-24 08:00:00 UTC
7117,2026-10-24 12:00:00,10,24,12,13,2018,25.800653,39.814236,Copernicus,Copernicus,2025-10-24 09:00:00 UTC
7118,2026-10-24 13:00:00,10,24,13,14,2018,25.813103,39.813919,Copernicus,Copernicus,2025-10-24 10:00:00 UTC
7119,2026-10-24 14:00:00,10,24,14,15,2018,25.824411,39.813705,Copernicus,Copernicus,2025-10-24 11:00:00 UTC
7120,2026-10-24 15:00:00,10,24,15,16,2018,25.833181,39.813660,Copernicus,Copernicus,2025-10-24 12:00:00 UTC
7121,2026-10-24 16:00:00,10,24,16,17,2018,25.839714,39.813576,Copernicus,Copernicus,2025-10-24 13:00:00 UTC
7122,2026-10-24 17:00:00,10,24,17,18,2018,25.845284,39.813145,Copernicus,Copernicus,2025-10-24 14:00:00 UTC
7123,2026-10-24 18:00:00,10,24,18,19,2018,25.852785,39.812244,Copernicus,Copernicus,2025-10-24 15:00:00 UTC
7124,2026-10-24 19:00:00,10,24,19,20,2018,25.857458,39.811558,Copernicus,Copernicus,2025-10-24 16:00:00 UTC
7125,2026-10-24 20:00:00,10,24,20,21,2018,25.854942,39.810505,Copernicus,Copernicus,2025-10-24 17:00:00 UTC
7126,2026-10-24 21:00:00,10,24,21,22,2018,25.852642,39.809406,Copernicus,Copernicus,2025-10-24 18:00:00 UTC
7127,2026-10-24 22:00:00,10,24,22,23,2018,25.851089,39.808334,Copernicus,Copernicus,2025-10-24 19:00:00 UTC
7128,2026-10-24 23:00:00,10,24,23,24,2018,25.849527,39.807331,Copernicus,Copernicus,2025-10-24 20:00:00 UTC
7129,2026-10-25 00:00:00,10,25,0,1,2018,25.846981,39.806461,Copernicus,Copernicus,2025-10-24 21:00:00 UTC
7130,2026-10-25 01:00:00,10,25,1,2,2018,25.842073,39.805843,Copernicus,Copernicus,2025-10-24 22:00:00 UTC
7131,2026-10-25 02:00:00,10,25,2,3,2018,25.834160,39.805473,Copernicus,Copernicus,2025-10-24 23:00:00 UTC
7132,2026-10-25 03:00:00,10,25,3,4,2018,25.824289,39.806572,Copernicus,Copernicus,2025-10-25 00:00:00 UTC
7133,2026-10-25 04:00:00,10,25,4,5,2018,25.812769,39.806530,Copernicus,Copernicus,2025-10-25 01:00:00 UTC
7134,2026-10-25 05:00:00,10,25,5,6,2018,25.801008,39.806503,Copernicus,Copernicus,2025-10-25 02:00:00 UTC
7135,2026-10-25 06:00:00,10,25,6,7,2018,25.789200,39.806480,Copernicus,Copernicus,2025-10-25 03:00:00 UTC
7136,2026-10-25 07:00:00,10,25,7,8,2018,25.777605,39.806458,Copernicus,Copernicus,2025-10-25 04:00:00 UTC
7137,2026-10-25 08:00:00,10,25,8,9,2018,25.768911,39.806458,Copernicus,Copernicus,2025-10-25 05:00:00 UTC
7138,2026-10-25 09:00:00,10,25,9,10,2018,25.766575,39.806469,Copernicus,Copernicus,2025-10-25 06:00:00 UTC
7139,2026-10-25 10:00:00,10,25,10,11,2018,25.772247,39.806393,Copernicus,Copernicus,2025-10-25 07:00:00 UTC
7140,2026-10-25 11:00:00,10,25,11,12,2018,25.781576,39.806225,Copernicus,Copernicus,2025-10-25 08:00:00 UTC
7141,2026-10-25 12:00:00,10,25,12,13,2018,25.791477,39.806160,Copernicus,Copernicus,2025-10-25 09:00:00 UTC
7142,2026-10-25 13:00:00,10,25,13,14,2018,25.801598,39.806126,Copernicus,Copernicus,2025-10-25 10:00:00 UTC
7143,2026-10-25 14:00:00,10,25,14,15,2018,25.811024,39.806110,Copernicus,Copernicus,2025-10-25 11:00:00 UTC
7144,2026-10-25 15:00:00,10,25,15,16,2018,25.818876,39.806122,Copernicus,Copernicus,2025-10-25 12:00:00 UTC
7145,2026-10-25 16:00:00,10,25,16,17,2018,25.824402,39.806145,Copernicus,Copernicus,2025-10-25 13:00:00 UTC
7146,2026-10-25 17:00:00,10,25,17,18,2018,25.827696,39.805992,Copernicus,Copernicus,2025-10-25 14:00:00 UTC
7147,2026-10-25 18:00:00,10,25,18,19,2018,25.829895,39.805794,Copernicus,Copernicus,2025-10-25 15:00:00 UTC
7148,2026-10-25 19:00:00,10,25,19,20,2018,25.831732,39.805573,Copernicus,Copernicus,2025-10-25 16:00:00 UTC
7149,2026-10-25 20:00:00,10,25,20,21,2018,25.828272,39.805988,Copernicus,Copernicus,2025-10-25 17:00:00 UTC
7150,2026-10-25 21:00:00,10,25,21,22,2018,25.820648,39.806366,Copernicus,Copernicus,2025-10-25 18:00:00 UTC
7151,2026-10-25 22:00:00,10,25,22,23,2018,25.813549,39.806507,Copernicus,Copernicus,2025-10-25 19:00:00 UTC
7152,2026-10-25 23:00:00,10,25,23,24,2018,25.806152,39.806660,Copernicus,Copernicus,2025-10-25 20:00:00 UTC
7153,2026-10-26 00:00:00,10,26,0,1,2018,25.798456,39.806831,Copernicus,Copernicus,2025-10-25 21:00:00 UTC
7154,2026-10-26 01:00:00,10,26,1,2,2018,25.790365,39.807037,Copernicus,Copernicus,2025-10-25 22:00:00 UTC
7155,2026-10-26 02:00:00,10,26,2,3,2018,25.781660,39.807293,Copernicus,Copernicus,2025-10-25 23:00:00 UTC
7156,2026-10-26 03:00:00,10,26,3,4,2018,25.773582,39.809616,Copernicus,Copernicus,2025-10-26 00:00:00 UTC
7157,2026-10-26 04:00:00,10,26,4,5,2018,25.763615,39.809978,Copernicus,Copernicus,2025-10-26 01:00:00 UTC
7158,2026-10-26 05:00:00,10,26,5,6,2018,25.753199,39.810299,Copernicus,Copernicus,2025-10-26 02:00:00 UTC
7159,2026-10-26 06:00:00,10,26,6,7,2018,25.742403,39.810600,Copernicus,Copernicus,2025-10-26 03:00:00 UTC
7160,2026-10-26 07:00:00,10,26,7,8,2018,25.731188,39.810932,Copernicus,Copernicus,2025-10-26 04:00:00 UTC
7161,2026-10-26 08:00:00,10,26,8,9,2018,25.721037,39.811302,Copernicus,Copernicus,2025-10-26 05:00:00 UTC
7162,2026-10-26 09:00:00,10,26,9,10,2018,25.713661,39.811699,Copernicus,Copernicus,2025-10-26 06:00:00 UTC
7163,2026-10-26 10:00:00,10,26,10,11,2018,25.711498,39.811996,Copernicus,Copernicus,2025-10-26 07:00:00 UTC
7164,2026-10-26 11:00:00,10,26,11,12,2018,25.714390,39.812195,Copernicus,Copernicus,2025-10-26 08:00:00 UTC
7165,2026-10-26 12:00:00,10,26,12,13,2018,25.719667,39.812321,Copernicus,Copernicus,2025-10-26 09:00:00 UTC
7166,2026-10-26 13:00:00,10,26,13,14,2018,25.725519,39.812458,Copernicus,Copernicus,2025-10-26 10:00:00 UTC
7167,2026-10-26 14:00:00,10,26,14,15,2018,25.730984,39.812672,Copernicus,Copernicus,2025-10-26 11:00:00 UTC
7168,2026-10-26 15:00:00,10,26,15,16,2018,25.735174,39.812813,Copernicus,Copernicus,2025-10-26 12:00:00 UTC
7169,2026-10-26 16:00:00,10,26,16,17,2018,25.736935,39.813831,Copernicus,Copernicus,2025-10-26 13:00:00 UTC
7170,2026-10-26 17:00:00,10,26,17,18,2018,25.731554,39.814323,Copernicus,Copernicus,2025-10-26 14:00:00 UTC
7171,2026-10-26 18:00:00,10,26,18,19,2018,25.722483,39.814857,Copernicus,Copernicus,2025-10-26 15:00:00 UTC
7172,2026-10-26 19:00:00,10,26,19,20,2018,25.712778,39.815403,Copernicus,Copernicus,2025-10-26 16:00:00 UTC
7173,2026-10-26 20:00:00,10,26,20,21,2018,25.703011,39.815987,Copernicus,Copernicus,2025-10-26 17:00:00 UTC
7174,2026-10-26 21:00:00,10,26,21,22,2018,25.693012,39.816620,Copernicus,Copernicus,2025-10-26 18:00:00 UTC
7175,2026-10-26 22:00:00,10,26,22,23,2018,25.682846,39.817291,Copernicus,Copernicus,2025-10-26 19:00:00 UTC
7176,2026-10-26 23:00:00,10,26,23,24,2018,25.672241,39.818024,Copernicus,Copernicus,2025-10-26 20:00:00 UTC
7177,2026-10-27 00:00:00,10,27,0,1,2018,25.660809,39.818848,Copernicus,Copernicus,2025-10-26 21:00:00 UTC
7178,2026-10-27 01:00:00,10,27,1,2,2018,25.648260,39.819782,Copernicus,Copernicus,2025-10-26 22:00:00 UTC
7179,2026-10-27 02:00:00,10,27,2,3,2018,25.634630,39.820805,Copernicus,Copernicus,2025-10-26 23:00:00 UTC
7180,2026-10-27 03:00:00,10,27,3,4,2018,25.621302,39.823982,Copernicus,Copernicus,2025-10-27 00:00:00 UTC
7181,2026-10-27 04:00:00,10,27,4,5,2018,25.606140,39.825142,Copernicus,Copernicus,2025-10-27 01:00:00 UTC
7182,2026-10-27 05:00:00,10,27,5,6,2018,25.590738,39.826279,Copernicus,Copernicus,2025-10-27 02:00:00 UTC
7183,2026-10-27 06:00:00,10,27,6,7,2018,25.575340,39.827389,Copernicus,Copernicus,2025-10-27 03:00:00 UTC
7184,2026-10-27 07:00:00,10,27,7,8,2018,25.560242,39.828449,Copernicus,Copernicus,2025-10-27 04:00:00 UTC
7185,2026-10-27 08:00:00,10,27,8,9,2018,25.547638,39.829460,Copernicus,Copernicus,2025-10-27 05:00:00 UTC
7186,2026-10-27 09:00:00,10,27,9,10,2018,25.540302,39.830402,Copernicus,Copernicus,2025-10-27 06:00:00 UTC
7187,2026-10-27 10:00:00,10,27,10,11,2018,25.539259,39.831173,Copernicus,Copernicus,2025-10-27 07:00:00 UTC
7188,2026-10-27 11:00:00,10,27,11,12,2018,25.542032,39.831730,Copernicus,Copernicus,2025-10-27 08:00:00 UTC
7189,2026-10-27 12:00:00,10,27,12,13,2018,25.546747,39.832184,Copernicus,Copernicus,2025-10-27 09:00:00 UTC
7190,2026-10-27 13:00:00,10,27,13,14,2018,25.552021,39.832542,Copernicus,Copernicus,2025-10-27 10:00:00 UTC
7191,2026-10-27 14:00:00,10,27,14,15,2018,25.556877,39.832794,Copernicus,Copernicus,2025-10-27 11:00:00 UTC
7192,2026-10-27 15:00:00,10,27,15,16,2018,25.560452,39.832939,Copernicus,Copernicus,2025-10-27 12:00:00 UTC
7193,2026-10-27 16:00:00,10,27,16,17,2018,25.562088,39.833019,Copernicus,Copernicus,2025-10-27 13:00:00 UTC
7194,2026-10-27 17:00:00,10,27,17,18,2018,25.561710,39.832996,Copernicus,Copernicus,2025-10-27 14:00:00 UTC
7195,2026-10-27 18:00:00,10,27,18,19,2018,25.560759,39.832935,Copernicus,Copernicus,2025-10-27 15:00:00 UTC
7196,2026-10-27 19:00:00,10,27,19,20,2018,25.558775,39.834866,Copernicus,Copernicus,2025-10-27 16:00:00 UTC
7197,2026-10-27 20:00:00,10,27,20,21,2018,25.549698,39.834915,Copernicus,Copernicus,2025-10-27 17:00:00 UTC
7198,2026-10-27 21:00:00,10,27,21,22,2018,25.541744,39.835129,Copernicus,Copernicus,2025-10-27 18:00:00 UTC
7199,2026-10-27 22:00:00,10,27,22,23,2018,25.534443,39.835323,Copernicus,Copernicus,2025-10-27 19:00:00 UTC
7200,2026-10-27 23:00:00,10,27,23,24,2018,25.527327,39.835480,Copernicus,Copernicus,2025-10-27 20:00:00 UTC
7201,2026-10-28 00:00:00,10,28,0,1,2018,25.519981,39.835526,Copernicus,Copernicus,2025-10-27 21:00:00 UTC
7202,2026-10-28 01:00:00,10,28,1,2,2018,25.512188,39.835438,Copernicus,Copernicus,2025-10-27 22:00:00 UTC
7203,2026-10-28 02:00:00,10,28,2,3,2018,25.503668,39.835232,Copernicus,Copernicus,2025-10-27 23:00:00 UTC
7204,2026-10-28 03:00:00,10,28,3,4,2018,25.494835,39.835567,Copernicus,Copernicus,2025-10-28 00:00:00 UTC
7205,2026-10-28 04:00:00,10,28,4,5,2018,25.485584,39.835106,Copernicus,Copernicus,2025-10-28 01:00:00 UTC
7206,2026-10-28 05:00:00,10,28,5,6,2018,25.476517,39.834488,Copernicus,Copernicus,2025-10-28 02:00:00 UTC
7207,2026-10-28 06:00:00,10,28,6,7,2018,25.467705,39.833736,Copernicus,Copernicus,2025-10-28 03:00:00 UTC
7208,2026-10-28 07:00:00,10,28,7,8,2018,25.459562,39.832863,Copernicus,Copernicus,2025-10-28 04:00:00 UTC
7209,2026-10-28 08:00:00,10,28,8,9,2018,25.454624,39.831879,Copernicus,Copernicus,2025-10-28 05:00:00 UTC
7210,2026-10-28 09:00:00,10,28,9,10,2018,25.456190,39.830795,Copernicus,Copernicus,2025-10-28 06:00:00 UTC
7211,2026-10-28 10:00:00,10,28,10,11,2018,25.464228,39.829529,Copernicus,Copernicus,2025-10-28 07:00:00 UTC
7212,2026-10-28 11:00:00,10,28,11,12,2018,25.473957,39.828098,Copernicus,Copernicus,2025-10-28 08:00:00 UTC
7213,2026-10-28 12:00:00,10,28,12,13,2018,25.484024,39.826614,Copernicus,Copernicus,2025-10-28 09:00:00 UTC
7214,2026-10-28 13:00:00,10,28,13,14,2018,25.493620,39.825081,Copernicus,Copernicus,2025-10-28 10:00:00 UTC
7215,2026-10-28 14:00:00,10,28,14,15,2018,25.502085,39.823521,Copernicus,Copernicus,2025-10-28 11:00:00 UTC
7216,2026-10-28 15:00:00,10,28,15,16,2018,25.509214,39.821938,Copernicus,Copernicus,2025-10-28 12:00:00 UTC
7217,2026-10-28 16:00:00,10,28,16,17,2018,25.515535,39.820614,Copernicus,Copernicus,2025-10-28 13:00:00 UTC
7218,2026-10-28 17:00:00,10,28,17,18,2018,25.517387,39.819450,Copernicus,Copernicus,2025-10-28 14:00:00 UTC
7219,2026-10-28 18:00:00,10,28,18,19,2018,25.516249,39.817787,Copernicus,Copernicus,2025-10-28 15:00:00 UTC
7220,2026-10-28 19:00:00,10,28,19,20,2018,25.515081,39.816090,Copernicus,Copernicus,2025-10-28 16:00:00 UTC
7221,2026-10-28 20:00:00,10,28,20,21,2018,25.514034,39.814369,Copernicus,Copernicus,2025-10-28 17:00:00 UTC
7222,2026-10-28 21:00:00,10,28,21,22,2018,25.512861,39.812634,Copernicus,Copernicus,2025-10-28 18:00:00 UTC
7223,2026-10-28 22:00:00,10,28,22,23,2018,25.511280,39.810905,Copernicus,Copernicus,2025-10-28 19:00:00 UTC
7224,2026-10-28 23:00:00,10,28,23,24,2018,25.509333,39.809185,Copernicus,Copernicus,2025-10-28 20:00:00 UTC
7225,2026-10-29 00:00:00,10,29,0,1,2018,25.507074,39.807472,Copernicus,Copernicus,2025-10-28 21:00:00 UTC
7226,2026-10-29 01:00:00,10,29,1,2,2018,25.504526,39.805775,Copernicus,Copernicus,2025-10-28 22:00:00 UTC
7227,2026-10-29 02:00:00,10,29,2,3,2018,25.501598,39.804100,Copernicus,Copernicus,2025-10-28 23:00:00 UTC
7228,2026-10-29 03:00:00,10,29,3,4,2018,25.499027,39.803699,Copernicus,Copernicus,2025-10-29 00:00:00 UTC
7229,2026-10-29 04:00:00,10,29,4,5,2018,25.495390,39.802078,Copernicus,Copernicus,2025-10-29 01:00:00 UTC
7230,2026-10-29 05:00:00,10,29,5,6,2018,25.491426,39.800488,Copernicus,Copernicus,2025-10-29 02:00:00 UTC
7231,2026-10-29 06:00:00,10,29,6,7,2018,25.487085,39.798958,Copernicus,Copernicus,2025-10-29 03:00:00 UTC
7232,2026-10-29 07:00:00,10,29,7,8,2018,25.482450,39.797501,Copernicus,Copernicus,2025-10-29 04:00:00 UTC
7233,2026-10-29 08:00:00,10,29,8,9,2018,25.479843,39.796124,Copernicus,Copernicus,2025-10-29 05:00:00 UTC
7234,2026-10-29 09:00:00,10,29,9,10,2018,25.482601,39.794811,Copernicus,Copernicus,2025-10-29 06:00:00 UTC
7235,2026-10-29 10:00:00,10,29,10,11,2018,25.491795,39.793484,Copernicus,Copernicus,2025-10-29 07:00:00 UTC
7236,2026-10-29 11:00:00,10,29,11,12,2018,25.503908,39.792107,Copernicus,Copernicus,2025-10-29 08:00:00 UTC
7237,2026-10-29 12:00:00,10,29,12,13,2018,25.516882,39.790813,Copernicus,Copernicus,2025-10-29 09:00:00 UTC
7238,2026-10-29 13:00:00,10,29,13,14,2018,25.529848,39.789589,Copernicus,Copernicus,2025-10-29 10:00:00 UTC
7239,2026-10-29 14:00:00,10,29,14,15,2018,25.541887,39.788406,Copernicus,Copernicus,2025-10-29 11:00:00 UTC
7240,2026-10-29 15:00:00,10,29,15,16,2018,25.552132,39.787277,Copernicus,Copernicus,2025-10-29 12:00:00 UTC
7241,2026-10-29 16:00:00,10,29,16,17,2018,25.559814,39.786152,Copernicus,Copernicus,2025-10-29 13:00:00 UTC
7242,2026-10-29 17:00:00,10,29,17,18,2018,25.564739,39.784836,Copernicus,Copernicus,2025-10-29 14:00:00 UTC
7243,2026-10-29 18:00:00,10,29,18,19,2018,25.568359,39.783508,Copernicus,Copernicus,2025-10-29 15:00:00 UTC
7244,2026-10-29 19:00:00,10,29,19,20,2018,25.571770,39.782196,Copernicus,Copernicus,2025-10-29 16:00:00 UTC
7245,2026-10-29 20:00:00,10,29,20,21,2018,25.575319,39.780804,Copernicus,Copernicus,2025-10-29 17:00:00 UTC
7246,2026-10-29 21:00:00,10,29,21,22,2018,25.579918,39.778835,Copernicus,Copernicus,2025-10-29 18:00:00 UTC
7247,2026-10-29 22:00:00,10,29,22,23,2018,25.573685,39.773445,Copernicus,Copernicus,2025-10-29 19:00:00 UTC
7248,2026-10-29 23:00:00,10,29,23,24,2018,25.559599,39.771221,Copernicus,Copernicus,2025-10-29 20:00:00 UTC
7249,2026-10-30 00:00:00,10,30,0,1,2018,25.559317,39.773865,Copernicus,Copernicus,2025-10-29 21:00:00 UTC
7250,2026-10-30 01:00:00,10,30,1,2,2018,25.552219,39.773228,Copernicus,Copernicus,2025-10-29 22:00:00 UTC
7251,2026-10-30 02:00:00,10,30,2,3,2018,25.544458,39.772591,Copernicus,Copernicus,2025-10-29 23:00:00 UTC
7252,2026-10-30 03:00:00,10,30,3,4,2018,25.537426,39.774269,Copernicus,Copernicus,2025-10-30 00:00:00 UTC
7253,2026-10-30 04:00:00,10,30,4,5,2018,25.528713,39.773720,Copernicus,Copernicus,2025-10-30 01:00:00 UTC
7254,2026-10-30 05:00:00,10,30,5,6,2018,25.519855,39.773170,Copernicus,Copernicus,2025-10-30 02:00:00 UTC
7255,2026-10-30 06:00:00,10,30,6,7,2018,25.510876,39.772678,Copernicus,Copernicus,2025-10-30 03:00:00 UTC
7256,2026-10-30 07:00:00,10,30,7,8,2018,25.502007,39.772228,Copernicus,Copernicus,2025-10-30 04:00:00 UTC
7257,2026-10-30 08:00:00,10,30,8,9,2018,25.495689,39.771820,Copernicus,Copernicus,2025-10-30 05:00:00 UTC
7258,2026-10-30 09:00:00,10,30,9,10,2018,25.495304,39.771435,Copernicus,Copernicus,2025-10-30 06:00:00 UTC
7259,2026-10-30 10:00:00,10,30,10,11,2018,25.501663,39.771030,Copernicus,Copernicus,2025-10-30 07:00:00 UTC
7260,2026-10-30 11:00:00,10,30,11,12,2018,25.511602,39.770515,Copernicus,Copernicus,2025-10-30 08:00:00 UTC
7261,2026-10-30 12:00:00,10,30,12,13,2018,25.522545,39.770042,Copernicus,Copernicus,2025-10-30 09:00:00 UTC
7262,2026-10-30 13:00:00,10,30,13,14,2018,25.533577,39.769611,Copernicus,Copernicus,2025-10-30 10:00:00 UTC
7263,2026-10-30 14:00:00,10,30,14,15,2018,25.543699,39.769218,Copernicus,Copernicus,2025-10-30 11:00:00 UTC
7264,2026-10-30 15:00:00,10,30,15,16,2018,25.552021,39.768856,Copernicus,Copernicus,2025-10-30 12:00:00 UTC
7265,2026-10-30 16:00:00,10,30,16,17,2018,25.557905,39.768513,Copernicus,Copernicus,2025-10-30 13:00:00 UTC
7266,2026-10-30 17:00:00,10,30,17,18,2018,25.561069,39.768204,Copernicus,Copernicus,2025-10-30 14:00:00 UTC
7267,2026-10-30 18:00:00,10,30,18,19,2018,25.562517,39.768002,Copernicus,Copernicus,2025-10-30 15:00:00 UTC
7268,2026-10-30 19:00:00,10,30,19,20,2018,25.559008,39.768291,Copernicus,Copernicus,2025-10-30 16:00:00 UTC
7269,2026-10-30 20:00:00,10,30,20,21,2018,25.551670,39.768303,Copernicus,Copernicus,2025-10-30 17:00:00 UTC
7270,2026-10-30 21:00:00,10,30,21,22,2018,25.543749,39.768414,Copernicus,Copernicus,2025-10-30 18:00:00 UTC
7271,2026-10-30 22:00:00,10,30,22,23,2018,25.535423,39.768585,Copernicus,Copernicus,2025-10-30 19:00:00 UTC
7272,2026-10-30 23:00:00,10,30,23,24,2018,25.526667,39.768803,Copernicus,Copernicus,2025-10-30 20:00:00 UTC
7273,2026-10-31 00:00:00,10,31,0,1,2018,25.517469,39.769047,Copernicus,Copernicus,2025-10-30 21:00:00 UTC
7274,2026-10-31 01:00:00,10,31,1,2,2018,25.507786,39.769302,Copernicus,Copernicus,2025-10-30 22:00:00 UTC
7275,2026-10-31 02:00:00,10,31,2,3,2018,25.497482,39.769566,Copernicus,Copernicus,2025-10-30 23:00:00 UTC
7276,2026-10-31 03:00:00,10,31,3,4,2018,25.485315,39.767952,Copernicus,Copernicus,2025-10-31 00:00:00 UTC
7277,2026-10-31 04:00:00,10,31,4,5,2018,25.474327,39.768185,Copernicus,Copernicus,2025-10-31 01:00:00 UTC
7278,2026-10-31 05:00:00,10,31,5,6,2018,25.463423,39.768452,Copernicus,Copernicus,2025-10-31 02:00:00 UTC
7279,2026-10-31 06:00:00,10,31,6,7,2018,25.452471,39.768749,Copernicus,Copernicus,2025-10-31 03:00:00 UTC
7280,2026-10-31 07:00:00,10,31,7,8,2018,25.441591,39.769077,Copernicus,Copernicus,2025-10-31 04:00:00 UTC
7281,2026-10-31 08:00:00,10,31,8,9,2018,25.433018,39.769463,Copernicus,Copernicus,2025-10-31 05:00:00 UTC
7282,2026-10-31 09:00:00,10,31,9,10,2018,25.430138,39.769894,Copernicus,Copernicus,2025-10-31 06:00:00 UTC
7283,2026-10-31 10:00:00,10,31,10,11,2018,25.433752,39.770329,Copernicus,Copernicus,2025-10-31 07:00:00 UTC
7284,2026-10-31 11:00:00,10,31,11,12,2018,25.440966,39.770607,Copernicus,Copernicus,2025-10-31 08:00:00 UTC
7285,2026-10-31 12:00:00,10,31,12,13,2018,25.448248,39.770844,Copernicus,Copernicus,2025-10-31 09:00:00 UTC
7286,2026-10-31 13:00:00,10,31,13,14,2018,25.455082,39.771099,Copernicus,Copernicus,2025-10-31 10:00:00 UTC
7287,2026-10-31 14:00:00,10,31,14,15,2018,25.460943,39.771351,Copernicus,Copernicus,2025-10-31 11:00:00 UTC
7288,2026-10-31 15:00:00,10,31,15,16,2018,25.467028,39.772182,Copernicus,Copernicus,2025-10-31 12:00:00 UTC
7289,2026-10-31 16:00:00,10,31,16,17,2018,25.468197,39.772930,Copernicus,Copernicus,2025-10-31 13:00:00 UTC
7290,2026-10-31 17:00:00,10,31,17,18,2018,25.464417,39.773174,Copernicus,Copernicus,2025-10-31 14:00:00 UTC
7291,2026-10-31 18:00:00,10,31,18,19,2018,25.457401,39.773373,Copernicus,Copernicus,2025-10-31 15:00:00 UTC
7292,2026-10-31 19:00:00,10,31,19,20,2018,25.449505,39.773575,Copernicus,Copernicus,2025-10-31 16:00:00 UTC
7293,2026-10-31 20:00:00,10,31,20,21,2018,25.440748,39.773834,Copernicus,Copernicus,2025-10-31 17:00:00 UTC
7294,2026-10-31 21:00:00,10,31,21,22,2018,25.431051,39.774147,Copernicus,Copernicus,2025-10-31 18:00:00 UTC
7295,2026-10-31 22:00:00,10,31,22,23,2018,25.421211,39.774452,Copernicus,Copernicus,2025-10-31 19:00:00 UTC
7296,2026-10-31 23:00:00,10,31,23,24,2018,25.411402,39.774727,Copernicus,Copernicus,2025-10-31 20:00:00 UTC
7297,2026-11-01 00:00:00,11,1,0,1,2020,25.401447,39.774986,Copernicus,Copernicus,2025-10-31 21:00:00 UTC
7298,2026-11-01 01:00:00,11,1,1,2,2020,25.391243,39.775227,Copernicus,Copernicus,2025-10-31 22:00:00 UTC
7299,2026-11-01 02:00:00,11,1,2,3,2020,25.380867,39.775414,Copernicus,Copernicus,2025-10-31 23:00:00 UTC
7300,2026-11-01 03:00:00,11,1,3,4,2020,25.369633,39.774452,Copernicus,Copernicus,2025-11-01 00:00:00 UTC
7301,2026-11-01 04:00:00,11,1,4,5,2020,25.359224,39.774460,Copernicus,Copernicus,2025-11-01 01:00:00 UTC
7302,2026-11-01 05:00:00,11,1,5,6,2020,25.349117,39.774422,Copernicus,Copernicus,2025-11-01 02:00:00 UTC
7303,2026-11-01 06:00:00,11,1,6,7,2020,25.339130,39.774368,Copernicus,Copernicus,2025-11-01 03:00:00 UTC
7304,2026-11-01 07:00:00,11,1,7,8,2020,25.329229,39.774334,Copernicus,Copernicus,2025-11-01 04:00:00 UTC
7305,2026-11-01 08:00:00,11,1,8,9,2020,25.320879,39.774330,Copernicus,Copernicus,2025-11-01 05:00:00 UTC
7306,2026-11-01 09:00:00,11,1,9,10,2020,25.316008,39.774368,Copernicus,Copernicus,2025-11-01 06:00:00 UTC
7307,2026-11-01 10:00:00,11,1,10,11,2020,25.315580,39.774410,Copernicus,Copernicus,2025-11-01 07:00:00 UTC
7308,2026-11-01 11:00:00,11,1,11,12,2020,25.318995,39.774452,Copernicus,Copernicus,2025-11-01 08:00:00 UTC
7309,2026-11-01 12:00:00,11,1,12,13,2020,25.324825,39.774502,Copernicus,Copernicus,2025-11-01 09:00:00 UTC
7310,2026-11-01 13:00:00,11,1,13,14,2020,25.331448,39.774578,Copernicus,Copernicus,2025-11-01 10:00:00 UTC
7311,2026-11-01 14:00:00,11,1,14,15,2020,25.337034,39.774700,Copernicus,Copernicus,2025-11-01 11:00:00 UTC
7312,2026-11-01 15:00:00,11,1,15,16,2020,25.340044,39.774853,Copernicus,Copernicus,2025-11-01 12:00:00 UTC
7313,2026-11-01 16:00:00,11,1,16,17,2020,25.340094,39.774963,Copernicus,Copernicus,2025-11-01 13:00:00 UTC
7314,2026-11-01 17:00:00,11,1,17,18,2020,25.336246,39.775028,Copernicus,Copernicus,2025-11-01 14:00:00 UTC
7315,2026-11-01 18:00:00,11,1,18,19,2020,25.329254,39.775074,Copernicus,Copernicus,2025-11-01 15:00:00 UTC
7316,2026-11-01 19:00:00,11,1,19,20,2020,25.321543,39.775124,Copernicus,Copernicus,2025-11-01 16:00:00 UTC
7317,2026-11-01 20:00:00,11,1,20,21,2020,25.313238,39.775211,Copernicus,Copernicus,2025-11-01 17:00:00 UTC
7318,2026-11-01 21:00:00,11,1,21,22,2020,25.304178,39.775337,Copernicus,Copernicus,2025-11-01 18:00:00 UTC
7319,2026-11-01 22:00:00,11,1,22,23,2020,25.294889,39.775478,Copernicus,Copernicus,2025-11-01 19:00:00 UTC
7320,2026-11-01 23:00:00,11,1,23,24,2020,25.285395,39.775635,Copernicus,Copernicus,2025-11-01 20:00:00 UTC
7321,2026-11-02 00:00:00,11,2,0,1,2020,25.275568,39.775810,Copernicus,Copernicus,2025-11-01 21:00:00 UTC
7322,2026-11-02 01:00:00,11,2,1,2,2020,25.265274,39.776016,Copernicus,Copernicus,2025-11-01 22:00:00 UTC
7323,2026-11-02 02:00:00,11,2,2,3,2020,25.254356,39.776253,Copernicus,Copernicus,2025-11-01 23:00:00 UTC
7324,2026-11-02 03:00:00,11,2,3,4,2020,25.242325,39.775784,Copernicus,Copernicus,2025-11-02 00:00:00 UTC
7325,2026-11-02 04:00:00,11,2,4,5,2020,25.230606,39.776070,Copernicus,Copernicus,2025-11-02 01:00:00 UTC
7326,2026-11-02 05:00:00,11,2,5,6,2020,25.218971,39.776402,Copernicus,Copernicus,2025-11-02 02:00:00 UTC
7327,2026-11-02 06:00:00,11,2,6,7,2020,25.207483,39.776787,Copernicus,Copernicus,2025-11-02 03:00:00 UTC
7328,2026-11-02 07:00:00,11,2,7,8,2020,25.196239,39.777245,Copernicus,Copernicus,2025-11-02 04:00:00 UTC
7329,2026-11-02 08:00:00,11,2,8,9,2020,25.186535,39.777798,Copernicus,Copernicus,2025-11-02 05:00:00 UTC
7330,2026-11-02 09:00:00,11,2,9,10,2020,25.180098,39.778435,Copernicus,Copernicus,2025-11-02 06:00:00 UTC
7331,2026-11-02 10:00:00,11,2,10,11,2020,25.177277,39.779121,Copernicus,Copernicus,2025-11-02 07:00:00 UTC
7332,2026-11-02 11:00:00,11,2,11,12,2020,25.177425,39.779812,Copernicus,Copernicus,2025-11-02 08:00:00 UTC
7333,2026-11-02 12:00:00,11,2,12,13,2020,25.179247,39.780495,Copernicus,Copernicus,2025-11-02 09:00:00 UTC
7334,2026-11-02 13:00:00,11,2,13,14,2020,25.181341,39.781136,Copernicus,Copernicus,2025-11-02 10:00:00 UTC
7335,2026-11-02 14:00:00,11,2,14,15,2020,25.183010,39.781796,Copernicus,Copernicus,2025-11-02 11:00:00 UTC
7336,2026-11-02 15:00:00,11,2,15,16,2020,25.183187,39.782341,Copernicus,Copernicus,2025-11-02 12:00:00 UTC
7337,2026-11-02 16:00:00,11,2,16,17,2020,25.181276,39.782803,Copernicus,Copernicus,2025-11-02 13:00:00 UTC
7338,2026-11-02 17:00:00,11,2,17,18,2020,25.176798,39.783222,Copernicus,Copernicus,2025-11-02 14:00:00 UTC
7339,2026-11-02 18:00:00,11,2,18,19,2020,25.170282,39.783642,Copernicus,Copernicus,2025-11-02 15:00:00 UTC
7340,2026-11-02 19:00:00,11,2,19,20,2020,25.162907,39.784111,Copernicus,Copernicus,2025-11-02 16:00:00 UTC
7341,2026-11-02 20:00:00,11,2,20,21,2020,25.154636,39.784672,Copernicus,Copernicus,2025-11-02 17:00:00 UTC
7342,2026-11-02 21:00:00,11,2,21,22,2020,25.145369,39.785355,Copernicus,Copernicus,2025-11-02 18:00:00 UTC
7343,2026-11-02 22:00:00,11,2,22,23,2020,25.135426,39.786133,Copernicus,Copernicus,2025-11-02 19:00:00 UTC
7344,2026-11-02 23:00:00,11,2,23,24,2020,25.124945,39.786983,Copernicus,Copernicus,2025-11-02 20:00:00 UTC
7345,2026-11-03 00:00:00,11,3,0,1,2020,25.113983,39.787884,Copernicus,Copernicus,2025-11-02 21:00:00 UTC
7346,2026-11-03 01:00:00,11,3,1,2,2020,25.102650,39.788795,Copernicus,Copernicus,2025-11-02 22:00:00 UTC
7347,2026-11-03 02:00:00,11,3,2,3,2020,25.091030,39.789688,Copernicus,Copernicus,2025-11-02 23:00:00 UTC
7348,2026-11-03 03:00:00,11,3,3,4,2020,25.079731,39.791256,Copernicus,Copernicus,2025-11-03 00:00:00 UTC
7349,2026-11-03 04:00:00,11,3,4,5,2020,25.068047,39.792000,Copernicus,Copernicus,2025-11-03 01:00:00 UTC
7350,2026-11-03 05:00:00,11,3,5,6,2020,25.056551,39.792637,Copernicus,Copernicus,2025-11-03 02:00:00 UTC
7351,2026-11-03 06:00:00,11,3,6,7,2020,25.045326,39.793182,Copernicus,Copernicus,2025-11-03 03:00:00 UTC
7352,2026-11-03 07:00:00,11,3,7,8,2020,25.034458,39.793663,Copernicus,Copernicus,2025-11-03 04:00:00 UTC
7353,2026-11-03 08:00:00,11,3,8,9,2020,25.025963,39.794113,Copernicus,Copernicus,2025-11-03 05:00:00 UTC
7354,2026-11-03 09:00:00,11,3,9,10,2020,25.023157,39.794559,Copernicus,Copernicus,2025-11-03 06:00:00 UTC
7355,2026-11-03 10:00:00,11,3,10,11,2020,25.026361,39.795025,Copernicus,Copernicus,2025-11-03 07:00:00 UTC
7356,2026-11-03 11:00:00,11,3,11,12,2020,25.031469,39.795620,Copernicus,Copernicus,2025-11-03 08:00:00 UTC
7357,2026-11-03 12:00:00,11,3,12,13,2020,25.035744,39.795841,Copernicus,Copernicus,2025-11-03 09:00:00 UTC
7358,2026-11-03 13:00:00,11,3,13,14,2020,25.038958,39.795818,Copernicus,Copernicus,2025-11-03 10:00:00 UTC
7359,2026-11-03 14:00:00,11,3,14,15,2020,25.041580,39.795845,Copernicus,Copernicus,2025-11-03 11:00:00 UTC
7360,2026-11-03 15:00:00,11,3,15,16,2020,25.043554,39.795883,Copernicus,Copernicus,2025-11-03 12:00:00 UTC
7361,2026-11-03 16:00:00,11,3,16,17,2020,25.044947,39.795933,Copernicus,Copernicus,2025-11-03 13:00:00 UTC
7362,2026-11-03 17:00:00,11,3,17,18,2020,25.046068,39.796520,Copernicus,Copernicus,2025-11-03 14:00:00 UTC
7363,2026-11-03 18:00:00,11,3,18,19,2020,25.039738,39.797321,Copernicus,Copernicus,2025-11-03 15:00:00 UTC
7364,2026-11-03 19:00:00,11,3,19,20,2020,25.034601,39.798756,Copernicus,Copernicus,2025-11-03 16:00:00 UTC
7365,2026-11-03 20:00:00,11,3,20,21,2020,25.028774,39.799446,Copernicus,Copernicus,2025-11-03 17:00:00 UTC
7366,2026-11-03 21:00:00,11,3,21,22,2020,25.021622,39.799866,Copernicus,Copernicus,2025-11-03 18:00:00 UTC
7367,2026-11-03 22:00:00,11,3,22,23,2020,25.014153,39.800304,Copernicus,Copernicus,2025-11-03 19:00:00 UTC
7368,2026-11-03 23:00:00,11,3,23,24,2020,25.006474,39.800747,Copernicus,Copernicus,2025-11-03 20:00:00 UTC
7369,2026-11-04 00:00:00,11,4,0,1,2020,24.998608,39.801174,Copernicus,Copernicus,2025-11-03 21:00:00 UTC
7370,2026-11-04 01:00:00,11,4,1,2,2020,24.990555,39.801586,Copernicus,Copernicus,2025-11-03 22:00:00 UTC
7371,2026-11-04 02:00:00,11,4,2,3,2020,24.982359,39.801971,Copernicus,Copernicus,2025-11-03 23:00:00 UTC
7372,2026-11-04 03:00:00,11,4,3,4,2020,24.974375,39.802814,Copernicus,Copernicus,2025-11-04 00:00:00 UTC
7373,2026-11-04 04:00:00,11,4,4,5,2020,24.965960,39.803074,Copernicus,Copernicus,2025-11-04 01:00:00 UTC
7374,2026-11-04 05:00:00,11,4,5,6,2020,24.957472,39.803249,Copernicus,Copernicus,2025-11-04 02:00:00 UTC
7375,2026-11-04 06:00:00,11,4,6,7,2020,24.948874,39.803364,Copernicus,Copernicus,2025-11-04 03:00:00 UTC
7376,2026-11-04 07:00:00,11,4,7,8,2020,24.940201,39.803425,Copernicus,Copernicus,2025-11-04 04:00:00 UTC
7377,2026-11-04 08:00:00,11,4,8,9,2020,24.933393,39.803463,Copernicus,Copernicus,2025-11-04 05:00:00 UTC
7378,2026-11-04 09:00:00,11,4,9,10,2020,24.931982,39.803497,Copernicus,Copernicus,2025-11-04 06:00:00 UTC
7379,2026-11-04 10:00:00,11,4,10,11,2020,24.937202,39.803463,Copernicus,Copernicus,2025-11-04 07:00:00 UTC
7380,2026-11-04 11:00:00,11,4,11,12,2020,24.944599,39.803379,Copernicus,Copernicus,2025-11-04 08:00:00 UTC
7381,2026-11-04 12:00:00,11,4,12,13,2020,24.952017,39.803310,Copernicus,Copernicus,2025-11-04 09:00:00 UTC
7382,2026-11-04 13:00:00,11,4,13,14,2020,24.958755,39.803249,Copernicus,Copernicus,2025-11-04 10:00:00 UTC
7383,2026-11-04 14:00:00,11,4,14,15,2020,24.964212,39.803226,Copernicus,Copernicus,2025-11-04 11:00:00 UTC
7384,2026-11-04 15:00:00,11,4,15,16,2020,24.967823,39.802979,Copernicus,Copernicus,2025-11-04 12:00:00 UTC
7385,2026-11-04 16:00:00,11,4,16,17,2020,24.971174,39.803242,Copernicus,Copernicus,2025-11-04 13:00:00 UTC
7386,2026-11-04 17:00:00,11,4,17,18,2020,24.968760,39.803619,Copernicus,Copernicus,2025-11-04 14:00:00 UTC
7387,2026-11-04 18:00:00,11,4,18,19,2020,24.962883,39.803581,Copernicus,Copernicus,2025-11-04 15:00:00 UTC
7388,2026-11-04 19:00:00,11,4,19,20,2020,24.956581,39.803524,Copernicus,Copernicus,2025-11-04 16:00:00 UTC
7389,2026-11-04 20:00:00,11,4,20,21,2020,24.950008,39.803471,Copernicus,Copernicus,2025-11-04 17:00:00 UTC
7390,2026-11-04 21:00:00,11,4,21,22,2020,24.943037,39.803436,Copernicus,Copernicus,2025-11-04 18:00:00 UTC
7391,2026-11-04 22:00:00,11,4,22,23,2020,24.935869,39.803417,Copernicus,Copernicus,2025-11-04 19:00:00 UTC
7392,2026-11-04 23:00:00,11,4,23,24,2020,24.928532,39.803383,Copernicus,Copernicus,2025-11-04 20:00:00 UTC
7393,2026-11-05 00:00:00,11,5,0,1,2020,24.921085,39.803307,Copernicus,Copernicus,2025-11-04 21:00:00 UTC
7394,2026-11-05 01:00:00,11,5,1,2,2020,24.913534,39.803177,Copernicus,Copernicus,2025-11-04 22:00:00 UTC
7395,2026-11-05 02:00:00,11,5,2,3,2020,24.905832,39.802990,Copernicus,Copernicus,2025-11-04 23:00:00 UTC
7396,2026-11-05 03:00:00,11,5,3,4,2020,24.902388,39.809669,Copernicus,Copernicus,2025-11-05 00:00:00 UTC
7397,2026-11-05 04:00:00,11,5,4,5,2020,24.894953,39.809444,Copernicus,Copernicus,2025-11-05 01:00:00 UTC
7398,2026-11-05 05:00:00,11,5,5,6,2020,24.887884,39.809090,Copernicus,Copernicus,2025-11-05 02:00:00 UTC
7399,2026-11-05 06:00:00,11,5,6,7,2020,24.881212,39.808697,Copernicus,Copernicus,2025-11-05 03:00:00 UTC
7400,2026-11-05 07:00:00,11,5,7,8,2020,24.874929,39.808273,Copernicus,Copernicus,2025-11-05 04:00:00 UTC
7401,2026-11-05 08:00:00,11,5,8,9,2020,24.870955,39.807823,Copernicus,Copernicus,2025-11-05 05:00:00 UTC
7402,2026-11-05 09:00:00,11,5,9,10,2020,24.872616,39.807343,Copernicus,Copernicus,2025-11-05 06:00:00 UTC
7403,2026-11-05 10:00:00,11,5,10,11,2020,24.879862,39.806770,Copernicus,Copernicus,2025-11-05 07:00:00 UTC
7404,2026-11-05 11:00:00,11,5,11,12,2020,24.889570,39.806103,Copernicus,Copernicus,2025-11-05 08:00:00 UTC
7405,2026-11-05 12:00:00,11,5,12,13,2020,24.900606,39.805424,Copernicus,Copernicus,2025-11-05 09:00:00 UTC
7406,2026-11-05 13:00:00,11,5,13,14,2020,24.911940,39.804718,Copernicus,Copernicus,2025-11-05 10:00:00 UTC
7407,2026-11-05 14:00:00,11,5,14,15,2020,24.922573,39.803978,Copernicus,Copernicus,2025-11-05 11:00:00 UTC
7408,2026-11-05 15:00:00,11,5,15,16,2020,24.931667,39.803188,Copernicus,Copernicus,2025-11-05 12:00:00 UTC
7409,2026-11-05 16:00:00,11,5,16,17,2020,24.938572,39.802364,Copernicus,Copernicus,2025-11-05 13:00:00 UTC
7410,2026-11-05 17:00:00,11,5,17,18,2020,24.943132,39.801434,Copernicus,Copernicus,2025-11-05 14:00:00 UTC
7411,2026-11-05 18:00:00,11,5,18,19,2020,24.946629,39.800392,Copernicus,Copernicus,2025-11-05 15:00:00 UTC
7412,2026-11-05 19:00:00,11,5,19,20,2020,24.950209,39.799301,Copernicus,Copernicus,2025-11-05 16:00:00 UTC
7413,2026-11-05 20:00:00,11,5,20,21,2020,24.954025,39.798157,Copernicus,Copernicus,2025-11-05 17:00:00 UTC
7414,2026-11-05 21:00:00,11,5,21,22,2020,24.958197,39.796913,Copernicus,Copernicus,2025-11-05 18:00:00 UTC
7415,2026-11-05 22:00:00,11,5,22,23,2020,24.957895,39.796024,Copernicus,Copernicus,2025-11-05 19:00:00 UTC
7416,2026-11-05 23:00:00,11,5,23,24,2020,24.953556,39.794979,Copernicus,Copernicus,2025-11-05 20:00:00 UTC
7417,2026-11-06 00:00:00,11,6,0,1,2020,24.949778,39.793728,Copernicus,Copernicus,2025-11-05 21:00:00 UTC
7418,2026-11-06 01:00:00,11,6,1,2,2020,24.946320,39.792427,Copernicus,Copernicus,2025-11-05 22:00:00 UTC
7419,2026-11-06 02:00:00,11,6,2,3,2020,24.943127,39.791103,Copernicus,Copernicus,2025-11-05 23:00:00 UTC
7420,2026-11-06 03:00:00,11,6,3,4,2020,24.941935,39.792538,Copernicus,Copernicus,2025-11-06 00:00:00 UTC
7421,2026-11-06 04:00:00,11,6,4,5,2020,24.939213,39.791210,Copernicus,Copernicus,2025-11-06 01:00:00 UTC
7422,2026-11-06 05:00:00,11,6,5,6,2020,24.936565,39.789883,Copernicus,Copernicus,2025-11-06 02:00:00 UTC
7423,2026-11-06 06:00:00,11,6,6,7,2020,24.933985,39.788601,Copernicus,Copernicus,2025-11-06 03:00:00 UTC
7424,2026-11-06 07:00:00,11,6,7,8,2020,24.931480,39.787346,Copernicus,Copernicus,2025-11-06 04:00:00 UTC
7425,2026-11-06 08:00:00,11,6,8,9,2020,24.929941,39.786118,Copernicus,Copernicus,2025-11-06 05:00:00 UTC
7426,2026-11-06 09:00:00,11,6,9,10,2020,24.931074,39.784885,Copernicus,Copernicus,2025-11-06 06:00:00 UTC
7427,2026-11-06 10:00:00,11,6,10,11,2020,24.935904,39.783600,Copernicus,Copernicus,2025-11-06 07:00:00 UTC
7428,2026-11-06 11:00:00,11,6,11,12,2020,24.944023,39.782242,Copernicus,Copernicus,2025-11-06 08:00:00 UTC
7429,2026-11-06 12:00:00,11,6,12,13,2020,24.953604,39.780834,Copernicus,Copernicus,2025-11-06 09:00:00 UTC
7430,2026-11-06 13:00:00,11,6,13,14,2020,24.963118,39.779408,Copernicus,Copernicus,2025-11-06 10:00:00 UTC
7431,2026-11-06 14:00:00,11,6,14,15,2020,24.972288,39.778053,Copernicus,Copernicus,2025-11-06 11:00:00 UTC
7432,2026-11-06 15:00:00,11,6,15,16,2020,24.980618,39.776756,Copernicus,Copernicus,2025-11-06 12:00:00 UTC
7433,2026-11-06 16:00:00,11,6,16,17,2020,24.987602,39.775311,Copernicus,Copernicus,2025-11-06 13:00:00 UTC
7434,2026-11-06 17:00:00,11,6,17,18,2020,24.992716,39.774094,Copernicus,Copernicus,2025-11-06 14:00:00 UTC
7435,2026-11-06 18:00:00,11,6,18,19,2020,24.992704,39.773178,Copernicus,Copernicus,2025-11-06 15:00:00 UTC
7436,2026-11-06 19:00:00,11,6,19,20,2020,24.991081,39.772076,Copernicus,Copernicus,2025-11-06 16:00:00 UTC
7437,2026-11-06 20:00:00,11,6,20,21,2020,24.988987,39.771034,Copernicus,Copernicus,2025-11-06 17:00:00 UTC
7438,2026-11-06 21:00:00,11,6,21,22,2020,24.986399,39.770046,Copernicus,Copernicus,2025-11-06 18:00:00 UTC
7439,2026-11-06 22:00:00,11,6,22,23,2020,24.983519,39.769093,Copernicus,Copernicus,2025-11-06 19:00:00 UTC
7440,2026-11-06 23:00:00,11,6,23,24,2020,24.980391,39.768150,Copernicus,Copernicus,2025-11-06 20:00:00 UTC
7441,2026-11-07 00:00:00,11,7,0,1,2020,24.976929,39.767220,Copernicus,Copernicus,2025-11-06 21:00:00 UTC
7442,2026-11-07 01:00:00,11,7,1,2,2020,24.972803,39.766331,Copernicus,Copernicus,2025-11-06 22:00:00 UTC
7443,2026-11-07 02:00:00,11,7,2,3,2020,24.967604,39.765503,Copernicus,Copernicus,2025-11-06 23:00:00 UTC
7444,2026-11-07 03:00:00,11,7,3,4,2020,24.963366,39.768196,Copernicus,Copernicus,2025-11-07 00:00:00 UTC
7445,2026-11-07 04:00:00,11,7,4,5,2020,24.956106,39.767536,Copernicus,Copernicus,2025-11-07 01:00:00 UTC
7446,2026-11-07 05:00:00,11,7,5,6,2020,24.948109,39.766914,Copernicus,Copernicus,2025-11-07 02:00:00 UTC
7447,2026-11-07 06:00:00,11,7,6,7,2020,24.939537,39.766388,Copernicus,Copernicus,2025-11-07 03:00:00 UTC
7448,2026-11-07 07:00:00,11,7,7,8,2020,24.930632,39.765949,Copernicus,Copernicus,2025-11-07 04:00:00 UTC
7449,2026-11-07 08:00:00,11,7,8,9,2020,24.923403,39.765598,Copernicus,Copernicus,2025-11-07 05:00:00 UTC
7450,2026-11-07 09:00:00,11,7,9,10,2020,24.920870,39.765301,Copernicus,Copernicus,2025-11-07 06:00:00 UTC
7451,2026-11-07 10:00:00,11,7,10,11,2020,24.923504,39.764984,Copernicus,Copernicus,2025-11-07 07:00:00 UTC
7452,2026-11-07 11:00:00,11,7,11,12,2020,24.929882,39.764648,Copernicus,Copernicus,2025-11-07 08:00:00 UTC
7453,2026-11-07 12:00:00,11,7,12,13,2020,24.937637,39.764271,Copernicus,Copernicus,2025-11-07 09:00:00 UTC
7454,2026-11-07 13:00:00,11,7,13,14,2020,24.944965,39.763931,Copernicus,Copernicus,2025-11-07 10:00:00 UTC
7455,2026-11-07 14:00:00,11,7,14,15,2020,24.950539,39.763756,Copernicus,Copernicus,2025-11-07 11:00:00 UTC
7456,2026-11-07 15:00:00,11,7,15,16,2020,24.953024,39.763577,Copernicus,Copernicus,2025-11-07 12:00:00 UTC
7457,2026-11-07 16:00:00,11,7,16,17,2020,24.952648,39.763458,Copernicus,Copernicus,2025-11-07 13:00:00 UTC
7458,2026-11-07 17:00:00,11,7,17,18,2020,24.949368,39.763401,Copernicus,Copernicus,2025-11-07 14:00:00 UTC
7459,2026-11-07 18:00:00,11,7,18,19,2020,24.944202,39.763393,Copernicus,Copernicus,2025-11-07 15:00:00 UTC
7460,2026-11-07 19:00:00,11,7,19,20,2020,24.938656,39.763435,Copernicus,Copernicus,2025-11-07 16:00:00 UTC
7461,2026-11-07 20:00:00,11,7,20,21,2020,24.932991,39.763512,Copernicus,Copernicus,2025-11-07 17:00:00 UTC
7462,2026-11-07 21:00:00,11,7,21,22,2020,24.927176,39.763618,Copernicus,Copernicus,2025-11-07 18:00:00 UTC
7463,2026-11-07 22:00:00,11,7,22,23,2020,24.920853,39.763741,Copernicus,Copernicus,2025-11-07 19:00:00 UTC
7464,2026-11-07 23:00:00,11,7,23,24,2020,24.913946,39.763866,Copernicus,Copernicus,2025-11-07 20:00:00 UTC
7465,2026-11-08 00:00:00,11,8,0,1,2020,24.906446,39.763996,Copernicus,Copernicus,2025-11-07 21:00:00 UTC
7466,2026-11-08 01:00:00,11,8,1,2,2020,24.898252,39.764130,Copernicus,Copernicus,2025-11-07 22:00:00 UTC
7467,2026-11-08 02:00:00,11,8,2,3,2020,24.889200,39.764271,Copernicus,Copernicus,2025-11-07 23:00:00 UTC
7468,2026-11-08 03:00:00,11,8,3,4,2020,24.880297,39.766014,Copernicus,Copernicus,2025-11-08 00:00:00 UTC
7469,2026-11-08 04:00:00,11,8,4,5,2020,24.870199,39.766190,Copernicus,Copernicus,2025-11-08 01:00:00 UTC
7470,2026-11-08 05:00:00,11,8,5,6,2020,24.860065,39.766350,Copernicus,Copernicus,2025-11-08 02:00:00 UTC
7471,2026-11-08 06:00:00,11,8,6,7,2020,24.849920,39.766529,Copernicus,Copernicus,2025-11-08 03:00:00 UTC
7472,2026-11-08 07:00:00,11,8,7,8,2020,24.839956,39.766724,Copernicus,Copernicus,2025-11-08 04:00:00 UTC
7473,2026-11-08 08:00:00,11,8,8,9,2020,24.832054,39.766945,Copernicus,Copernicus,2025-11-08 05:00:00 UTC
7474,2026-11-08 09:00:00,11,8,9,10,2020,24.829657,39.767170,Copernicus,Copernicus,2025-11-08 06:00:00 UTC
7475,2026-11-08 10:00:00,11,8,10,11,2020,24.833925,39.767353,Copernicus,Copernicus,2025-11-08 07:00:00 UTC
7476,2026-11-08 11:00:00,11,8,11,12,2020,24.842207,39.767387,Copernicus,Copernicus,2025-11-08 08:00:00 UTC
7477,2026-11-08 12:00:00,11,8,12,13,2020,24.851635,39.767361,Copernicus,Copernicus,2025-11-08 09:00:00 UTC
7478,2026-11-08 13:00:00,11,8,13,14,2020,24.861340,39.767326,Copernicus,Copernicus,2025-11-08 10:00:00 UTC
7479,2026-11-08 14:00:00,11,8,14,15,2020,24.870356,39.767277,Copernicus,Copernicus,2025-11-08 11:00:00 UTC
7480,2026-11-08 15:00:00,11,8,15,16,2020,24.877739,39.767220,Copernicus,Copernicus,2025-11-08 12:00:00 UTC
7481,2026-11-08 16:00:00,11,8,16,17,2020,24.882795,39.767166,Copernicus,Copernicus,2025-11-08 13:00:00 UTC
7482,2026-11-08 17:00:00,11,8,17,18,2020,24.885794,39.767483,Copernicus,Copernicus,2025-11-08 14:00:00 UTC
7483,2026-11-08 18:00:00,11,8,18,19,2020,24.883415,39.768620,Copernicus,Copernicus,2025-11-08 15:00:00 UTC
7484,2026-11-08 19:00:00,11,8,19,20,2020,24.876474,39.768795,Copernicus,Copernicus,2025-11-08 16:00:00 UTC
7485,2026-11-08 20:00:00,11,8,20,21,2020,24.869209,39.768997,Copernicus,Copernicus,2025-11-08 17:00:00 UTC
7486,2026-11-08 21:00:00,11,8,21,22,2020,24.861515,39.769226,Copernicus,Copernicus,2025-11-08 18:00:00 UTC
7487,2026-11-08 22:00:00,11,8,22,23,2020,24.853590,39.769470,Copernicus,Copernicus,2025-11-08 19:00:00 UTC
7488,2026-11-08 23:00:00,11,8,23,24,2020,24.845467,39.769718,Copernicus,Copernicus,2025-11-08 20:00:00 UTC
7489,2026-11-09 00:00:00,11,9,0,1,2020,24.837116,39.769966,Copernicus,Copernicus,2025-11-08 21:00:00 UTC
7490,2026-11-09 01:00:00,11,9,1,2,2020,24.828548,39.770214,Copernicus,Copernicus,2025-11-08 22:00:00 UTC
7491,2026-11-09 02:00:00,11,9,2,3,2020,24.819750,39.770462,Copernicus,Copernicus,2025-11-08 23:00:00 UTC
7492,2026-11-09 03:00:00,11,9,3,4,2020,24.812557,39.773659,Copernicus,Copernicus,2025-11-09 00:00:00 UTC
7493,2026-11-09 04:00:00,11,9,4,5,2020,24.803593,39.773949,Copernicus,Copernicus,2025-11-09 01:00:00 UTC
7494,2026-11-09 05:00:00,11,9,5,6,2020,24.794676,39.774189,Copernicus,Copernicus,2025-11-09 02:00:00 UTC
7495,2026-11-09 06:00:00,11,9,6,7,2020,24.785822,39.774426,Copernicus,Copernicus,2025-11-09 03:00:00 UTC
7496,2026-11-09 07:00:00,11,9,7,8,2020,24.777044,39.774658,Copernicus,Copernicus,2025-11-09 04:00:00 UTC
7497,2026-11-09 08:00:00,11,9,8,9,2020,24.770075,39.774902,Copernicus,Copernicus,2025-11-09 05:00:00 UTC
7498,2026-11-09 09:00:00,11,9,9,10,2020,24.768368,39.775146,Copernicus,Copernicus,2025-11-09 06:00:00 UTC
7499,2026-11-09 10:00:00,11,9,10,11,2020,24.772694,39.775372,Copernicus,Copernicus,2025-11-09 07:00:00 UTC
7500,2026-11-09 11:00:00,11,9,11,12,2020,24.780182,39.775478,Copernicus,Copernicus,2025-11-09 08:00:00 UTC
7501,2026-11-09 12:00:00,11,9,12,13,2020,24.788671,39.775570,Copernicus,Copernicus,2025-11-09 09:00:00 UTC
7502,2026-11-09 13:00:00,11,9,13,14,2020,24.797388,39.775661,Copernicus,Copernicus,2025-11-09 10:00:00 UTC
7503,2026-11-09 14:00:00,11,9,14,15,2020,24.805456,39.775738,Copernicus,Copernicus,2025-11-09 11:00:00 UTC
7504,2026-11-09 15:00:00,11,9,15,16,2020,24.811914,39.775814,Copernicus,Copernicus,2025-11-09 12:00:00 UTC
7505,2026-11-09 16:00:00,11,9,16,17,2020,24.816101,39.775890,Copernicus,Copernicus,2025-11-09 13:00:00 UTC
7506,2026-11-09 17:00:00,11,9,17,18,2020,24.818518,39.776814,Copernicus,Copernicus,2025-11-09 14:00:00 UTC
7507,2026-11-09 18:00:00,11,9,18,19,2020,24.813702,39.777702,Copernicus,Copernicus,2025-11-09 15:00:00 UTC
7508,2026-11-09 19:00:00,11,9,19,20,2020,24.806398,39.777943,Copernicus,Copernicus,2025-11-09 16:00:00 UTC
7509,2026-11-09 20:00:00,11,9,20,21,2020,24.798599,39.778214,Copernicus,Copernicus,2025-11-09 17:00:00 UTC
7510,2026-11-09 21:00:00,11,9,21,22,2020,24.790176,39.778515,Copernicus,Copernicus,2025-11-09 18:00:00 UTC
7511,2026-11-09 22:00:00,11,9,22,23,2020,24.781509,39.778824,Copernicus,Copernicus,2025-11-09 19:00:00 UTC
7512,2026-11-09 23:00:00,11,9,23,24,2020,24.772795,39.779133,Copernicus,Copernicus,2025-11-09 20:00:00 UTC
7513,2026-11-10 00:00:00,11,10,0,1,2020,24.764067,39.779446,Copernicus,Copernicus,2025-11-09 21:00:00 UTC
7514,2026-11-10 01:00:00,11,10,1,2,2020,24.755289,39.779762,Copernicus,Copernicus,2025-11-09 22:00:00 UTC
7515,2026-11-10 02:00:00,11,10,2,3,2020,24.746357,39.780094,Copernicus,Copernicus,2025-11-09 23:00:00 UTC
7516,2026-11-10 03:00:00,11,10,3,4,2020,24.738131,39.782074,Copernicus,Copernicus,2025-11-10 00:00:00 UTC
7517,2026-11-10 04:00:00,11,10,4,5,2020,24.728539,39.782455,Copernicus,Copernicus,2025-11-10 01:00:00 UTC
7518,2026-11-10 05:00:00,11,10,5,6,2020,24.718620,39.782825,Copernicus,Copernicus,2025-11-10 02:00:00 UTC
7519,2026-11-10 06:00:00,11,10,6,7,2020,24.708496,39.783222,Copernicus,Copernicus,2025-11-10 03:00:00 UTC
7520,2026-11-10 07:00:00,11,10,7,8,2020,24.698284,39.783638,Copernicus,Copernicus,2025-11-10 04:00:00 UTC
7521,2026-11-10 08:00:00,11,10,8,9,2020,24.688826,39.784069,Copernicus,Copernicus,2025-11-10 05:00:00 UTC
7522,2026-11-10 09:00:00,11,10,9,10,2020,24.681866,39.784508,Copernicus,Copernicus,2025-11-10 06:00:00 UTC
7523,2026-11-10 10:00:00,11,10,10,11,2020,24.678450,39.784912,Copernicus,Copernicus,2025-11-10 07:00:00 UTC
7524,2026-11-10 11:00:00,11,10,11,12,2020,24.678347,39.785278,Copernicus,Copernicus,2025-11-10 08:00:00 UTC
7525,2026-11-10 12:00:00,11,10,12,13,2020,24.680544,39.785561,Copernicus,Copernicus,2025-11-10 09:00:00 UTC
7526,2026-11-10 13:00:00,11,10,13,14,2020,24.682978,39.785789,Copernicus,Copernicus,2025-11-10 10:00:00 UTC
7527,2026-11-10 14:00:00,11,10,14,15,2020,24.684923,39.786037,Copernicus,Copernicus,2025-11-10 11:00:00 UTC
7528,2026-11-10 15:00:00,11,10,15,16,2020,24.685976,39.786312,Copernicus,Copernicus,2025-11-10 12:00:00 UTC
7529,2026-11-10 16:00:00,11,10,16,17,2020,24.685875,39.786621,Copernicus,Copernicus,2025-11-10 13:00:00 UTC
7530,2026-11-10 17:00:00,11,10,17,18,2020,24.684612,39.787098,Copernicus,Copernicus,2025-11-10 14:00:00 UTC
7531,2026-11-10 18:00:00,11,10,18,19,2020,24.679899,39.787724,Copernicus,Copernicus,2025-11-10 15:00:00 UTC
7532,2026-11-10 19:00:00,11,10,19,20,2020,24.673574,39.788204,Copernicus,Copernicus,2025-11-10 16:00:00 UTC
7533,2026-11-10 20:00:00,11,10,20,21,2020,24.666641,39.788731,Copernicus,Copernicus,2025-11-10 17:00:00 UTC
7534,2026-11-10 21:00:00,11,10,21,22,2020,24.659084,39.789276,Copernicus,Copernicus,2025-11-10 18:00:00 UTC
7535,2026-11-10 22:00:00,11,10,22,23,2020,24.651234,39.789825,Copernicus,Copernicus,2025-11-10 19:00:00 UTC
7536,2026-11-10 23:00:00,11,10,23,24,2020,24.643143,39.790379,Copernicus,Copernicus,2025-11-10 20:00:00 UTC
7537,2026-11-11 00:00:00,11,11,0,1,2020,24.634708,39.790936,Copernicus,Copernicus,2025-11-10 21:00:00 UTC
7538,2026-11-11 01:00:00,11,11,1,2,2020,24.625738,39.791515,Copernicus,Copernicus,2025-11-10 22:00:00 UTC
7539,2026-11-11 02:00:00,11,11,2,3,2020,24.616096,39.792118,Copernicus,Copernicus,2025-11-10 23:00:00 UTC
7540,2026-11-11 03:00:00,11,11,3,4,2020,24.605888,39.792912,Copernicus,Copernicus,2025-11-11 00:00:00 UTC
7541,2026-11-11 04:00:00,11,11,4,5,2020,24.595226,39.793522,Copernicus,Copernicus,2025-11-11 01:00:00 UTC
7542,2026-11-11 05:00:00,11,11,5,6,2020,24.584389,39.794109,Copernicus,Copernicus,2025-11-11 02:00:00 UTC
7543,2026-11-11 06:00:00,11,11,6,7,2020,24.573635,39.794666,Copernicus,Copernicus,2025-11-11 03:00:00 UTC
7544,2026-11-11 07:00:00,11,11,7,8,2020,24.563063,39.795193,Copernicus,Copernicus,2025-11-11 04:00:00 UTC
7545,2026-11-11 08:00:00,11,11,8,9,2020,24.553635,39.795673,Copernicus,Copernicus,2025-11-11 05:00:00 UTC
7546,2026-11-11 09:00:00,11,11,9,10,2020,24.547340,39.796116,Copernicus,Copernicus,2025-11-11 06:00:00 UTC
7547,2026-11-11 10:00:00,11,11,10,11,2020,24.544498,39.796551,Copernicus,Copernicus,2025-11-11 07:00:00 UTC
7548,2026-11-11 11:00:00,11,11,11,12,2020,24.544792,39.796986,Copernicus,Copernicus,2025-11-11 08:00:00 UTC
7549,2026-11-11 12:00:00,11,11,12,13,2020,24.546782,39.797359,Copernicus,Copernicus,2025-11-11 09:00:00 UTC
7550,2026-11-11 13:00:00,11,11,13,14,2020,24.549194,39.797714,Copernicus,Copernicus,2025-11-11 10:00:00 UTC
7551,2026-11-11 14:00:00,11,11,14,15,2020,24.551205,39.798077,Copernicus,Copernicus,2025-11-11 11:00:00 UTC
7552,2026-11-11 15:00:00,11,11,15,16,2020,24.552000,39.798920,Copernicus,Copernicus,2025-11-11 12:00:00 UTC
7553,2026-11-11 16:00:00,11,11,16,17,2020,24.547279,39.799454,Copernicus,Copernicus,2025-11-11 13:00:00 UTC
7554,2026-11-11 17:00:00,11,11,17,18,2020,24.537916,39.799820,Copernicus,Copernicus,2025-11-11 14:00:00 UTC
7555,2026-11-11 18:00:00,11,11,18,19,2020,24.525068,39.800110,Copernicus,Copernicus,2025-11-11 15:00:00 UTC
7556,2026-11-11 19:00:00,11,11,19,20,2020,24.511307,39.800335,Copernicus,Copernicus,2025-11-11 16:00:00 UTC
7557,2026-11-11 20:00:00,11,11,20,21,2020,24.496653,39.800507,Copernicus,Copernicus,2025-11-11 17:00:00 UTC
7558,2026-11-11 21:00:00,11,11,21,22,2020,24.481102,39.800636,Copernicus,Copernicus,2025-11-11 18:00:00 UTC
7559,2026-11-11 22:00:00,11,11,22,23,2020,24.465668,39.800747,Copernicus,Copernicus,2025-11-11 19:00:00 UTC
7560,2026-11-11 23:00:00,11,11,23,24,2020,24.450638,39.800835,Copernicus,Copernicus,2025-11-11 20:00:00 UTC
7561,2026-11-12 00:00:00,11,12,0,1,2020,24.436018,39.800926,Copernicus,Copernicus,2025-11-11 21:00:00 UTC
7562,2026-11-12 01:00:00,11,12,1,2,2020,24.421780,39.801079,Copernicus,Copernicus,2025-11-11 22:00:00 UTC
7563,2026-11-12 02:00:00,11,12,2,3,2020,24.407867,39.801304,Copernicus,Copernicus,2025-11-11 23:00:00 UTC
7564,2026-11-12 03:00:00,11,12,3,4,2020,24.394056,39.801167,Copernicus,Copernicus,2025-11-12 00:00:00 UTC
7565,2026-11-12 04:00:00,11,12,4,5,2020,24.381151,39.801449,Copernicus,Copernicus,2025-11-12 01:00:00 UTC
7566,2026-11-12 05:00:00,11,12,5,6,2020,24.368914,39.801727,Copernicus,Copernicus,2025-11-12 02:00:00 UTC
7567,2026-11-12 06:00:00,11,12,6,7,2020,24.357254,39.801941,Copernicus,Copernicus,2025-11-12 03:00:00 UTC
7568,2026-11-12 07:00:00,11,12,7,8,2020,24.346050,39.802010,Copernicus,Copernicus,2025-11-12 04:00:00 UTC
7569,2026-11-12 08:00:00,11,12,8,9,2020,24.336504,39.801933,Copernicus,Copernicus,2025-11-12 05:00:00 UTC
7570,2026-11-12 09:00:00,11,12,9,10,2020,24.331892,39.801708,Copernicus,Copernicus,2025-11-12 06:00:00 UTC
7571,2026-11-12 10:00:00,11,12,10,11,2020,24.333485,39.801300,Copernicus,Copernicus,2025-11-12 07:00:00 UTC
7572,2026-11-12 11:00:00,11,12,11,12,2020,24.338476,39.800697,Copernicus,Copernicus,2025-11-12 08:00:00 UTC
7573,2026-11-12 12:00:00,11,12,12,13,2020,24.344501,39.799824,Copernicus,Copernicus,2025-11-12 09:00:00 UTC
7574,2026-11-12 13:00:00,11,12,13,14,2020,24.349901,39.798817,Copernicus,Copernicus,2025-11-12 10:00:00 UTC
7575,2026-11-12 14:00:00,11,12,14,15,2020,24.354340,39.797737,Copernicus,Copernicus,2025-11-12 11:00:00 UTC
7576,2026-11-12 15:00:00,11,12,15,16,2020,24.358114,39.796581,Copernicus,Copernicus,2025-11-12 12:00:00 UTC
7577,2026-11-12 16:00:00,11,12,16,17,2020,24.361382,39.795662,Copernicus,Copernicus,2025-11-12 13:00:00 UTC
7578,2026-11-12 17:00:00,11,12,17,18,2020,24.361187,39.794525,Copernicus,Copernicus,2025-11-12 14:00:00 UTC
7579,2026-11-12 18:00:00,11,12,18,19,2020,24.359455,39.793247,Copernicus,Copernicus,2025-11-12 15:00:00 UTC
7580,2026-11-12 19:00:00,11,12,19,20,2020,24.357759,39.791931,Copernicus,Copernicus,2025-11-12 16:00:00 UTC
7581,2026-11-12 20:00:00,11,12,20,21,2020,24.356194,39.790596,Copernicus,Copernicus,2025-11-12 17:00:00 UTC
7582,2026-11-12 21:00:00,11,12,21,22,2020,24.354708,39.789246,Copernicus,Copernicus,2025-11-12 18:00:00 UTC
7583,2026-11-12 22:00:00,11,12,22,23,2020,24.353289,39.787865,Copernicus,Copernicus,2025-11-12 19:00:00 UTC
7584,2026-11-12 23:00:00,11,12,23,24,2020,24.351852,39.786457,Copernicus,Copernicus,2025-11-12 20:00:00 UTC
7585,2026-11-13 00:00:00,11,13,0,1,2020,24.350386,39.785038,Copernicus,Copernicus,2025-11-12 21:00:00 UTC
7586,2026-11-13 01:00:00,11,13,1,2,2020,24.348850,39.783623,Copernicus,Copernicus,2025-11-12 22:00:00 UTC
7587,2026-11-13 02:00:00,11,13,2,3,2020,24.347206,39.782215,Copernicus,Copernicus,2025-11-12 23:00:00 UTC
7588,2026-11-13 03:00:00,11,13,3,4,2020,24.346117,39.781704,Copernicus,Copernicus,2025-11-13 00:00:00 UTC
7589,2026-11-13 04:00:00,11,13,4,5,2020,24.344889,39.780346,Copernicus,Copernicus,2025-11-13 01:00:00 UTC
7590,2026-11-13 05:00:00,11,13,5,6,2020,24.344200,39.779003,Copernicus,Copernicus,2025-11-13 02:00:00 UTC
7591,2026-11-13 06:00:00,11,13,6,7,2020,24.344004,39.777699,Copernicus,Copernicus,2025-11-13 03:00:00 UTC
7592,2026-11-13 07:00:00,11,13,7,8,2020,24.344296,39.776421,Copernicus,Copernicus,2025-11-13 04:00:00 UTC
7593,2026-11-13 08:00:00,11,13,8,9,2020,24.345814,39.775185,Copernicus,Copernicus,2025-11-13 05:00:00 UTC
7594,2026-11-13 09:00:00,11,13,9,10,2020,24.349951,39.773979,Copernicus,Copernicus,2025-11-13 06:00:00 UTC
7595,2026-11-13 10:00:00,11,13,10,11,2020,24.357040,39.772793,Copernicus,Copernicus,2025-11-13 07:00:00 UTC
7596,2026-11-13 11:00:00,11,13,11,12,2020,24.366772,39.771603,Copernicus,Copernicus,2025-11-13 08:00:00 UTC
7597,2026-11-13 12:00:00,11,13,12,13,2020,24.377579,39.770237,Copernicus,Copernicus,2025-11-13 09:00:00 UTC
7598,2026-11-13 13:00:00,11,13,13,14,2020,24.388231,39.768860,Copernicus,Copernicus,2025-11-13 10:00:00 UTC
7599,2026-11-13 14:00:00,11,13,14,15,2020,24.398628,39.767567,Copernicus,Copernicus,2025-11-13 11:00:00 UTC
7600,2026-11-13 15:00:00,11,13,15,16,2020,24.408482,39.766396,Copernicus,Copernicus,2025-11-13 12:00:00 UTC
7601,2026-11-13 16:00:00,11,13,16,17,2020,24.415436,39.765926,Copernicus,Copernicus,2025-11-13 13:00:00 UTC
7602,2026-11-13 17:00:00,11,13,17,18,2020,24.416746,39.764969,Copernicus,Copernicus,2025-11-13 14:00:00 UTC
7603,2026-11-13 18:00:00,11,13,18,19,2020,24.414471,39.763859,Copernicus,Copernicus,2025-11-13 15:00:00 UTC
7604,2026-11-13 19:00:00,11,13,19,20,2020,24.409985,39.762775,Copernicus,Copernicus,2025-11-13 16:00:00 UTC
7605,2026-11-13 20:00:00,11,13,20,21,2020,24.403349,39.761703,Copernicus,Copernicus,2025-11-13 17:00:00 UTC
7606,2026-11-13 21:00:00,11,13,21,22,2020,24.395016,39.760628,Copernicus,Copernicus,2025-11-13 18:00:00 UTC
7607,2026-11-13 22:00:00,11,13,22,23,2020,24.386766,39.759594,Copernicus,Copernicus,2025-11-13 19:00:00 UTC
7608,2026-11-13 23:00:00,11,13,23,24,2020,24.378561,39.758659,Copernicus,Copernicus,2025-11-13 20:00:00 UTC
7609,2026-11-14 00:00:00,11,14,0,1,2020,24.370203,39.757874,Copernicus,Copernicus,2025-11-13 21:00:00 UTC
7610,2026-11-14 01:00:00,11,14,1,2,2020,24.361786,39.757240,Copernicus,Copernicus,2025-11-13 22:00:00 UTC
7611,2026-11-14 02:00:00,11,14,2,3,2020,24.353262,39.756775,Copernicus,Copernicus,2025-11-13 23:00:00 UTC
7612,2026-11-14 03:00:00,11,14,3,4,2020,24.350763,39.766651,Copernicus,Copernicus,2025-11-14 00:00:00 UTC
7613,2026-11-14 04:00:00,11,14,4,5,2020,24.341997,39.766514,Copernicus,Copernicus,2025-11-14 01:00:00 UTC
7614,2026-11-14 05:00:00,11,14,5,6,2020,24.333426,39.766338,Copernicus,Copernicus,2025-11-14 02:00:00 UTC
7615,2026-11-14 06:00:00,11,14,6,7,2020,24.325123,39.766235,Copernicus,Copernicus,2025-11-14 03:00:00 UTC
7616,2026-11-14 07:00:00,11,14,7,8,2020,24.316971,39.766193,Copernicus,Copernicus,2025-11-14 04:00:00 UTC
7617,2026-11-14 08:00:00,11,14,8,9,2020,24.310085,39.766212,Copernicus,Copernicus,2025-11-14 05:00:00 UTC
7618,2026-11-14 09:00:00,11,14,9,10,2020,24.307486,39.766266,Copernicus,Copernicus,2025-11-14 06:00:00 UTC
7619,2026-11-14 10:00:00,11,14,10,11,2020,24.310272,39.766308,Copernicus,Copernicus,2025-11-14 07:00:00 UTC
7620,2026-11-14 11:00:00,11,14,11,12,2020,24.317438,39.766304,Copernicus,Copernicus,2025-11-14 08:00:00 UTC
7621,2026-11-14 12:00:00,11,14,12,13,2020,24.326584,39.766148,Copernicus,Copernicus,2025-11-14 09:00:00 UTC
7622,2026-11-14 13:00:00,11,14,13,14,2020,24.336134,39.765934,Copernicus,Copernicus,2025-11-14 10:00:00 UTC
7623,2026-11-14 14:00:00,11,14,14,15,2020,24.345140,39.765690,Copernicus,Copernicus,2025-11-14 11:00:00 UTC
7624,2026-11-14 15:00:00,11,14,15,16,2020,24.352852,39.765537,Copernicus,Copernicus,2025-11-14 12:00:00 UTC
7625,2026-11-14 16:00:00,11,14,16,17,2020,24.355988,39.765297,Copernicus,Copernicus,2025-11-14 13:00:00 UTC
7626,2026-11-14 17:00:00,11,14,17,18,2020,24.353155,39.764454,Copernicus,Copernicus,2025-11-14 14:00:00 UTC
7627,2026-11-14 18:00:00,11,14,18,19,2020,24.346083,39.763390,Copernicus,Copernicus,2025-11-14 15:00:00 UTC
7628,2026-11-14 19:00:00,11,14,19,20,2020,24.337229,39.762199,Copernicus,Copernicus,2025-11-14 16:00:00 UTC
7629,2026-11-14 20:00:00,11,14,20,21,2020,24.326599,39.760868,Copernicus,Copernicus,2025-11-14 17:00:00 UTC
7630,2026-11-14 21:00:00,11,14,21,22,2020,24.314201,39.759438,Copernicus,Copernicus,2025-11-14 18:00:00 UTC
7631,2026-11-14 22:00:00,11,14,22,23,2020,24.301367,39.758141,Copernicus,Copernicus,2025-11-14 19:00:00 UTC
7632,2026-11-14 23:00:00,11,14,23,24,2020,24.288404,39.757053,Copernicus,Copernicus,2025-11-14 20:00:00 UTC
7633,2026-11-15 00:00:00,11,15,0,1,2020,24.275230,39.756222,Copernicus,Copernicus,2025-11-14 21:00:00 UTC
7634,2026-11-15 01:00:00,11,15,1,2,2020,24.261740,39.755661,Copernicus,Copernicus,2025-11-14 22:00:00 UTC
7635,2026-11-15 02:00:00,11,15,2,3,2020,24.247787,39.755394,Copernicus,Copernicus,2025-11-14 23:00:00 UTC
7636,2026-11-15 03:00:00,11,15,3,4,2020,24.229448,39.748932,Copernicus,Copernicus,2025-11-15 00:00:00 UTC
7637,2026-11-15 04:00:00,11,15,4,5,2020,24.215143,39.748974,Copernicus,Copernicus,2025-11-15 01:00:00 UTC
7638,2026-11-15 05:00:00,11,15,5,6,2020,24.200912,39.749176,Copernicus,Copernicus,2025-11-15 02:00:00 UTC
7639,2026-11-15 06:00:00,11,15,6,7,2020,24.186243,39.749454,Copernicus,Copernicus,2025-11-15 03:00:00 UTC
7640,2026-11-15 07:00:00,11,15,7,8,2020,24.170759,39.749828,Copernicus,Copernicus,2025-11-15 04:00:00 UTC
7641,2026-11-15 08:00:00,11,15,8,9,2020,24.155561,39.750317,Copernicus,Copernicus,2025-11-15 05:00:00 UTC
7642,2026-11-15 09:00:00,11,15,9,10,2020,24.144007,39.750916,Copernicus,Copernicus,2025-11-15 06:00:00 UTC
7643,2026-11-15 10:00:00,11,15,10,11,2020,24.137955,39.751564,Copernicus,Copernicus,2025-11-15 07:00:00 UTC
7644,2026-11-15 11:00:00,11,15,11,12,2020,24.136591,39.752239,Copernicus,Copernicus,2025-11-15 08:00:00 UTC
7645,2026-11-15 12:00:00,11,15,12,13,2020,24.137934,39.752949,Copernicus,Copernicus,2025-11-15 09:00:00 UTC
7646,2026-11-15 13:00:00,11,15,13,14,2020,24.138304,39.753693,Copernicus,Copernicus,2025-11-15 10:00:00 UTC
7647,2026-11-15 14:00:00,11,15,14,15,2020,24.135319,39.754459,Copernicus,Copernicus,2025-11-15 11:00:00 UTC
7648,2026-11-15 15:00:00,11,15,15,16,2020,24.128841,39.755230,Copernicus,Copernicus,2025-11-15 12:00:00 UTC
7649,2026-11-15 16:00:00,11,15,16,17,2020,24.119545,39.755909,Copernicus,Copernicus,2025-11-15 13:00:00 UTC
7650,2026-11-15 17:00:00,11,15,17,18,2020,24.106888,39.756508,Copernicus,Copernicus,2025-11-15 14:00:00 UTC
7651,2026-11-15 18:00:00,11,15,18,19,2020,24.091444,39.757076,Copernicus,Copernicus,2025-11-15 15:00:00 UTC
7652,2026-11-15 19:00:00,11,15,19,20,2020,24.075207,39.757656,Copernicus,Copernicus,2025-11-15 16:00:00 UTC
7653,2026-11-15 20:00:00,11,15,20,21,2020,24.057821,39.758282,Copernicus,Copernicus,2025-11-15 17:00:00 UTC
7654,2026-11-15 21:00:00,11,15,21,22,2020,24.039223,39.758957,Copernicus,Copernicus,2025-11-15 18:00:00 UTC
7655,2026-11-15 22:00:00,11,15,22,23,2020,24.020569,39.759628,Copernicus,Copernicus,2025-11-15 19:00:00 UTC
7656,2026-11-15 23:00:00,11,15,23,24,2020,24.002104,39.760284,Copernicus,Copernicus,2025-11-15 20:00:00 UTC
7657,2026-11-16 00:00:00,11,16,0,1,2020,23.983788,39.760933,Copernicus,Copernicus,2025-11-15 21:00:00 UTC
7658,2026-11-16 01:00:00,11,16,1,2,2020,23.965582,39.761574,Copernicus,Copernicus,2025-11-15 22:00:00 UTC
7659,2026-11-16 02:00:00,11,16,2,3,2020,23.947437,39.762207,Copernicus,Copernicus,2025-11-15 23:00:00 UTC
7660,2026-11-16 03:00:00,11,16,3,4,2020,23.929558,39.763233,Copernicus,Copernicus,2025-11-16 00:00:00 UTC
7661,2026-11-16 04:00:00,11,16,4,5,2020,23.911697,39.763844,Copernicus,Copernicus,2025-11-16 01:00:00 UTC
7662,2026-11-16 05:00:00,11,16,5,6,2020,23.894236,39.764435,Copernicus,Copernicus,2025-11-16 02:00:00 UTC
7663,2026-11-16 06:00:00,11,16,6,7,2020,23.877237,39.765007,Copernicus,Copernicus,2025-11-16 03:00:00 UTC
7664,2026-11-16 07:00:00,11,16,7,8,2020,23.860682,39.765572,Copernicus,Copernicus,2025-11-16 04:00:00 UTC
7665,2026-11-16 08:00:00,11,16,8,9,2020,23.845757,39.766129,Copernicus,Copernicus,2025-11-16 05:00:00 UTC
7666,2026-11-16 09:00:00,11,16,9,10,2020,23.835995,39.766670,Copernicus,Copernicus,2025-11-16 06:00:00 UTC
7667,2026-11-16 10:00:00,11,16,10,11,2020,23.833147,39.767155,Copernicus,Copernicus,2025-11-16 07:00:00 UTC
7668,2026-11-16 11:00:00,11,16,11,12,2020,23.836174,39.767590,Copernicus,Copernicus,2025-11-16 08:00:00 UTC
7669,2026-11-16 12:00:00,11,16,12,13,2020,23.842546,39.768005,Copernicus,Copernicus,2025-11-16 09:00:00 UTC
7670,2026-11-16 13:00:00,11,16,13,14,2020,23.849476,39.768444,Copernicus,Copernicus,2025-11-16 10:00:00 UTC
7671,2026-11-16 14:00:00,11,16,14,15,2020,23.854126,39.768929,Copernicus,Copernicus,2025-11-16 11:00:00 UTC
7672,2026-11-16 15:00:00,11,16,15,16,2020,23.854439,39.769444,Copernicus,Copernicus,2025-11-16 12:00:00 UTC
7673,2026-11-16 16:00:00,11,16,16,17,2020,23.850645,39.769867,Copernicus,Copernicus,2025-11-16 13:00:00 UTC
7674,2026-11-16 17:00:00,11,16,17,18,2020,23.842154,39.770203,Copernicus,Copernicus,2025-11-16 14:00:00 UTC
7675,2026-11-16 18:00:00,11,16,18,19,2020,23.830362,39.770504,Copernicus,Copernicus,2025-11-16 15:00:00 UTC
7676,2026-11-16 19:00:00,11,16,19,20,2020,23.816866,39.770813,Copernicus,Copernicus,2025-11-16 16:00:00 UTC
7677,2026-11-16 20:00:00,11,16,20,21,2020,23.801003,39.771172,Copernicus,Copernicus,2025-11-16 17:00:00 UTC
7678,2026-11-16 21:00:00,11,16,21,22,2020,23.782490,39.771591,Copernicus,Copernicus,2025-11-16 18:00:00 UTC
7679,2026-11-16 22:00:00,11,16,22,23,2020,23.762419,39.772018,Copernicus,Copernicus,2025-11-16 19:00:00 UTC
7680,2026-11-16 23:00:00,11,16,23,24,2020,23.741228,39.772446,Copernicus,Copernicus,2025-11-16 20:00:00 UTC
7681,2026-11-17 00:00:00,11,17,0,1,2020,23.719086,39.772873,Copernicus,Copernicus,2025-11-16 21:00:00 UTC
7682,2026-11-17 01:00:00,11,17,1,2,2020,23.696228,39.773296,Copernicus,Copernicus,2025-11-16 22:00:00 UTC
7683,2026-11-17 02:00:00,11,17,2,3,2020,23.673027,39.773716,Copernicus,Copernicus,2025-11-16 23:00:00 UTC
7684,2026-11-17 03:00:00,11,17,3,4,2020,23.649645,39.773659,Copernicus,Copernicus,2025-11-17 00:00:00 UTC
7685,2026-11-17 04:00:00,11,17,4,5,2020,23.627264,39.774040,Copernicus,Copernicus,2025-11-17 01:00:00 UTC
7686,2026-11-17 05:00:00,11,17,5,6,2020,23.605804,39.774357,Copernicus,Copernicus,2025-11-17 02:00:00 UTC
7687,2026-11-17 06:00:00,11,17,6,7,2020,23.585379,39.774441,Copernicus,Copernicus,2025-11-17 03:00:00 UTC
7688,2026-11-17 07:00:00,11,17,7,8,2020,23.566084,39.774235,Copernicus,Copernicus,2025-11-17 04:00:00 UTC
7689,2026-11-17 08:00:00,11,17,8,9,2020,23.549322,39.773716,Copernicus,Copernicus,2025-11-17 05:00:00 UTC
7690,2026-11-17 09:00:00,11,17,9,10,2020,23.538538,39.772850,Copernicus,Copernicus,2025-11-17 06:00:00 UTC
7691,2026-11-17 10:00:00,11,17,10,11,2020,23.535000,39.771599,Copernicus,Copernicus,2025-11-17 07:00:00 UTC
7692,2026-11-17 11:00:00,11,17,11,12,2020,23.537117,39.769920,Copernicus,Copernicus,2025-11-17 08:00:00 UTC
7693,2026-11-17 12:00:00,11,17,12,13,2020,23.541647,39.767776,Copernicus,Copernicus,2025-11-17 09:00:00 UTC
7694,2026-11-17 13:00:00,11,17,13,14,2020,23.547533,39.765324,Copernicus,Copernicus,2025-11-17 10:00:00 UTC
7695,2026-11-17 14:00:00,11,17,14,15,2020,23.553982,39.762623,Copernicus,Copernicus,2025-11-17 11:00:00 UTC
7696,2026-11-17 15:00:00,11,17,15,16,2020,23.559681,39.759705,Copernicus,Copernicus,2025-11-17 12:00:00 UTC
7697,2026-11-17 16:00:00,11,17,16,17,2020,23.562279,39.756802,Copernicus,Copernicus,2025-11-17 13:00:00 UTC
7698,2026-11-17 17:00:00,11,17,17,18,2020,23.557926,39.753689,Copernicus,Copernicus,2025-11-17 14:00:00 UTC
7699,2026-11-17 18:00:00,11,17,18,19,2020,23.550201,39.750320,Copernicus,Copernicus,2025-11-17 15:00:00 UTC
7700,2026-11-17 19:00:00,11,17,19,20,2020,23.541903,39.746899,Copernicus,Copernicus,2025-11-17 16:00:00 UTC
7701,2026-11-17 20:00:00,11,17,20,21,2020,23.533323,39.743462,Copernicus,Copernicus,2025-11-17 17:00:00 UTC
7702,2026-11-17 21:00:00,11,17,21,22,2020,23.525026,39.740067,Copernicus,Copernicus,2025-11-17 18:00:00 UTC
7703,2026-11-17 22:00:00,11,17,22,23,2020,23.517214,39.736771,Copernicus,Copernicus,2025-11-17 19:00:00 UTC
7704,2026-11-17 23:00:00,11,17,23,24,2020,23.509651,39.733635,Copernicus,Copernicus,2025-11-17 20:00:00 UTC
7705,2026-11-18 00:00:00,11,18,0,1,2020,23.502239,39.730705,Copernicus,Copernicus,2025-11-17 21:00:00 UTC
7706,2026-11-18 01:00:00,11,18,1,2,2020,23.494499,39.728001,Copernicus,Copernicus,2025-11-17 22:00:00 UTC
7707,2026-11-18 02:00:00,11,18,2,3,2020,23.486002,39.725533,Copernicus,Copernicus,2025-11-17 23:00:00 UTC
7708,2026-11-18 03:00:00,11,18,3,4,2020,23.477251,39.724174,Copernicus,Copernicus,2025-11-18 00:00:00 UTC
7709,2026-11-18 04:00:00,11,18,4,5,2020,23.467405,39.722122,Copernicus,Copernicus,2025-11-18 01:00:00 UTC
7710,2026-11-18 05:00:00,11,18,5,6,2020,23.457115,39.720226,Copernicus,Copernicus,2025-11-18 02:00:00 UTC
7711,2026-11-18 06:00:00,11,18,6,7,2020,23.446646,39.718468,Copernicus,Copernicus,2025-11-18 03:00:00 UTC
7712,2026-11-18 07:00:00,11,18,7,8,2020,23.436037,39.716827,Copernicus,Copernicus,2025-11-18 04:00:00 UTC
7713,2026-11-18 08:00:00,11,18,8,9,2020,23.426424,39.715302,Copernicus,Copernicus,2025-11-18 05:00:00 UTC
7714,2026-11-18 09:00:00,11,18,9,10,2020,23.420952,39.713879,Copernicus,Copernicus,2025-11-18 06:00:00 UTC
7715,2026-11-18 10:00:00,11,18,10,11,2020,23.420683,39.712551,Copernicus,Copernicus,2025-11-18 07:00:00 UTC
7716,2026-11-18 11:00:00,11,18,11,12,2020,23.424427,39.711319,Copernicus,Copernicus,2025-11-18 08:00:00 UTC
7717,2026-11-18 12:00:00,11,18,12,13,2020,23.429880,39.710186,Copernicus,Copernicus,2025-11-18 09:00:00 UTC
7718,2026-11-18 13:00:00,11,18,13,14,2020,23.435036,39.709152,Copernicus,Copernicus,2025-11-18 10:00:00 UTC
7719,2026-11-18 14:00:00,11,18,14,15,2020,23.438253,39.708221,Copernicus,Copernicus,2025-11-18 11:00:00 UTC
7720,2026-11-18 15:00:00,11,18,15,16,2020,23.438288,39.707394,Copernicus,Copernicus,2025-11-18 12:00:00 UTC
7721,2026-11-18 16:00:00,11,18,16,17,2020,23.434330,39.706638,Copernicus,Copernicus,2025-11-18 13:00:00 UTC
7722,2026-11-18 17:00:00,11,18,17,18,2020,23.426117,39.705956,Copernicus,Copernicus,2025-11-18 14:00:00 UTC
7723,2026-11-18 18:00:00,11,18,18,19,2020,23.415699,39.705345,Copernicus,Copernicus,2025-11-18 15:00:00 UTC
7724,2026-11-18 19:00:00,11,18,19,20,2020,23.405661,39.704819,Copernicus,Copernicus,2025-11-18 16:00:00 UTC
7725,2026-11-18 20:00:00,11,18,20,21,2020,23.396023,39.704380,Copernicus,Copernicus,2025-11-18 17:00:00 UTC
7726,2026-11-18 21:00:00,11,18,21,22,2020,23.386660,39.704033,Copernicus,Copernicus,2025-11-18 18:00:00 UTC
7727,2026-11-18 22:00:00,11,18,22,23,2020,23.377813,39.703770,Copernicus,Copernicus,2025-11-18 19:00:00 UTC
7728,2026-11-18 23:00:00,11,18,23,24,2020,23.369427,39.703590,Copernicus,Copernicus,2025-11-18 20:00:00 UTC
7729,2026-11-19 00:00:00,11,19,0,1,2020,23.361349,39.703491,Copernicus,Copernicus,2025-11-18 21:00:00 UTC
7730,2026-11-19 01:00:00,11,19,1,2,2020,23.353474,39.703468,Copernicus,Copernicus,2025-11-18 22:00:00 UTC
7731,2026-11-19 02:00:00,11,19,2,3,2020,23.345781,39.703506,Copernicus,Copernicus,2025-11-18 23:00:00 UTC
7732,2026-11-19 03:00:00,11,19,3,4,2020,23.339277,39.705093,Copernicus,Copernicus,2025-11-19 00:00:00 UTC
7733,2026-11-19 04:00:00,11,19,4,5,2020,23.332598,39.705208,Copernicus,Copernicus,2025-11-19 01:00:00 UTC
7734,2026-11-19 05:00:00,11,19,5,6,2020,23.326700,39.705311,Copernicus,Copernicus,2025-11-19 02:00:00 UTC
7735,2026-11-19 06:00:00,11,19,6,7,2020,23.321558,39.705414,Copernicus,Copernicus,2025-11-19 03:00:00 UTC
7736,2026-11-19 07:00:00,11,19,7,8,2020,23.317102,39.705513,Copernicus,Copernicus,2025-11-19 04:00:00 UTC
7737,2026-11-19 08:00:00,11,19,8,9,2020,23.314548,39.705608,Copernicus,Copernicus,2025-11-19 05:00:00 UTC
7738,2026-11-19 09:00:00,11,19,9,10,2020,23.317070,39.705692,Copernicus,Copernicus,2025-11-19 06:00:00 UTC
7739,2026-11-19 10:00:00,11,19,10,11,2020,23.325506,39.705788,Copernicus,Copernicus,2025-11-19 07:00:00 UTC
7740,2026-11-19 11:00:00,11,19,11,12,2020,23.338211,39.705780,Copernicus,Copernicus,2025-11-19 08:00:00 UTC
7741,2026-11-19 12:00:00,11,19,12,13,2020,23.351389,39.705570,Copernicus,Copernicus,2025-11-19 09:00:00 UTC
7742,2026-11-19 13:00:00,11,19,13,14,2020,23.364470,39.705395,Copernicus,Copernicus,2025-11-19 10:00:00 UTC
7743,2026-11-19 14:00:00,11,19,14,15,2020,23.376774,39.705250,Copernicus,Copernicus,2025-11-19 11:00:00 UTC
7744,2026-11-19 15:00:00,11,19,15,16,2020,23.387918,39.705128,Copernicus,Copernicus,2025-11-19 12:00:00 UTC
7745,2026-11-19 16:00:00,11,19,16,17,2020,23.398798,39.705601,Copernicus,Copernicus,2025-11-19 13:00:00 UTC
7746,2026-11-19 17:00:00,11,19,17,18,2020,23.400818,39.706287,Copernicus,Copernicus,2025-11-19 14:00:00 UTC
7747,2026-11-19 18:00:00,11,19,18,19,2020,23.398275,39.706272,Copernicus,Copernicus,2025-11-19 15:00:00 UTC
7748,2026-11-19 19:00:00,11,19,19,20,2020,23.396057,39.706314,Copernicus,Copernicus,2025-11-19 16:00:00 UTC
7749,2026-11-19 20:00:00,11,19,20,21,2020,23.394144,39.706356,Copernicus,Copernicus,2025-11-19 17:00:00 UTC
7750,2026-11-19 21:00:00,11,19,21,22,2020,23.392618,39.706383,Copernicus,Copernicus,2025-11-19 18:00:00 UTC
7751,2026-11-19 22:00:00,11,19,22,23,2020,23.391806,39.706387,Copernicus,Copernicus,2025-11-19 19:00:00 UTC
7752,2026-11-19 23:00:00,11,19,23,24,2020,23.391747,39.706367,Copernicus,Copernicus,2025-11-19 20:00:00 UTC
7753,2026-11-20 00:00:00,11,20,0,1,2020,23.392382,39.706326,Copernicus,Copernicus,2025-11-19 21:00:00 UTC
7754,2026-11-20 01:00:00,11,20,1,2,2020,23.393677,39.706264,Copernicus,Copernicus,2025-11-19 22:00:00 UTC
7755,2026-11-20 02:00:00,11,20,2,3,2020,23.395647,39.706192,Copernicus,Copernicus,2025-11-19 23:00:00 UTC
7756,2026-11-20 03:00:00,11,20,3,4,2020,23.398375,39.706284,Copernicus,Copernicus,2025-11-20 00:00:00 UTC
7757,2026-11-20 04:00:00,11,20,4,5,2020,23.401781,39.706169,Copernicus,Copernicus,2025-11-20 01:00:00 UTC
7758,2026-11-20 05:00:00,11,20,5,6,2020,23.406055,39.706043,Copernicus,Copernicus,2025-11-20 02:00:00 UTC
7759,2026-11-20 06:00:00,11,20,6,7,2020,23.411329,39.705910,Copernicus,Copernicus,2025-11-20 03:00:00 UTC
7760,2026-11-20 07:00:00,11,20,7,8,2020,23.417599,39.705769,Copernicus,Copernicus,2025-11-20 04:00:00 UTC
7761,2026-11-20 08:00:00,11,20,8,9,2020,23.425716,39.705624,Copernicus,Copernicus,2025-11-20 05:00:00 UTC
7762,2026-11-20 09:00:00,11,20,9,10,2020,23.437531,39.705460,Copernicus,Copernicus,2025-11-20 06:00:00 UTC
7763,2026-11-20 10:00:00,11,20,10,11,2020,23.454277,39.705254,Copernicus,Copernicus,2025-11-20 07:00:00 UTC
7764,2026-11-20 11:00:00,11,20,11,12,2020,23.476257,39.704994,Copernicus,Copernicus,2025-11-20 08:00:00 UTC
7765,2026-11-20 12:00:00,11,20,12,13,2020,23.502657,39.704689,Copernicus,Copernicus,2025-11-20 09:00:00 UTC
7766,2026-11-20 13:00:00,11,20,13,14,2020,23.532209,39.704342,Copernicus,Copernicus,2025-11-20 10:00:00 UTC
7767,2026-11-20 14:00:00,11,20,14,15,2020,23.563452,39.703941,Copernicus,Copernicus,2025-11-20 11:00:00 UTC
7768,2026-11-20 15:00:00,11,20,15,16,2020,23.594894,39.703484,Copernicus,Copernicus,2025-11-20 12:00:00 UTC
7769,2026-11-20 16:00:00,11,20,16,17,2020,23.622589,39.703053,Copernicus,Copernicus,2025-11-20 13:00:00 UTC
7770,2026-11-20 17:00:00,11,20,17,18,2020,23.644922,39.702667,Copernicus,Copernicus,2025-11-20 14:00:00 UTC
7771,2026-11-20 18:00:00,11,20,18,19,2020,23.664492,39.702335,Copernicus,Copernicus,2025-11-20 15:00:00 UTC
7772,2026-11-20 19:00:00,11,20,19,20,2020,23.683725,39.702061,Copernicus,Copernicus,2025-11-20 16:00:00 UTC
7773,2026-11-20 20:00:00,11,20,20,21,2020,23.702370,39.701859,Copernicus,Copernicus,2025-11-20 17:00:00 UTC
7774,2026-11-20 21:00:00,11,20,21,22,2020,23.720352,39.701729,Copernicus,Copernicus,2025-11-20 18:00:00 UTC
7775,2026-11-20 22:00:00,11,20,22,23,2020,23.738136,39.701633,Copernicus,Copernicus,2025-11-20 19:00:00 UTC
7776,2026-11-20 23:00:00,11,20,23,24,2020,23.755600,39.701565,Copernicus,Copernicus,2025-11-20 20:00:00 UTC
7777,2026-11-21 00:00:00,11,21,0,1,2020,23.772219,39.701534,Copernicus,Copernicus,2025-11-20 21:00:00 UTC
7778,2026-11-21 01:00:00,11,21,1,2,2020,23.787460,39.701538,Copernicus,Copernicus,2025-11-20 22:00:00 UTC
7779,2026-11-21 02:00:00,11,21,2,3,2020,23.800879,39.701580,Copernicus,Copernicus,2025-11-20 23:00:00 UTC
7780,2026-11-21 03:00:00,11,21,3,4,2020,23.813999,39.704868,Copernicus,Copernicus,2025-11-21 00:00:00 UTC
7781,2026-11-21 04:00:00,11,21,4,5,2020,23.822924,39.704994,Copernicus,Copernicus,2025-11-21 01:00:00 UTC
7782,2026-11-21 05:00:00,11,21,5,6,2020,23.829578,39.705105,Copernicus,Copernicus,2025-11-21 02:00:00 UTC
7783,2026-11-21 06:00:00,11,21,6,7,2020,23.834118,39.705227,Copernicus,Copernicus,2025-11-21 03:00:00 UTC
7784,2026-11-21 07:00:00,11,21,7,8,2020,23.837784,39.705338,Copernicus,Copernicus,2025-11-21 04:00:00 UTC
7785,2026-11-21 08:00:00,11,21,8,9,2020,23.844404,39.705372,Copernicus,Copernicus,2025-11-21 05:00:00 UTC
7786,2026-11-21 09:00:00,11,21,9,10,2020,23.857185,39.705345,Copernicus,Copernicus,2025-11-21 06:00:00 UTC
7787,2026-11-21 10:00:00,11,21,10,11,2020,23.876831,39.705246,Copernicus,Copernicus,2025-11-21 07:00:00 UTC
7788,2026-11-21 11:00:00,11,21,11,12,2020,23.900173,39.705120,Copernicus,Copernicus,2025-11-21 08:00:00 UTC
7789,2026-11-21 12:00:00,11,21,12,13,2020,23.926283,39.705017,Copernicus,Copernicus,2025-11-21 09:00:00 UTC
7790,2026-11-21 13:00:00,11,21,13,14,2020,23.953472,39.704708,Copernicus,Copernicus,2025-11-21 10:00:00 UTC
7791,2026-11-21 14:00:00,11,21,14,15,2020,23.981585,39.704395,Copernicus,Copernicus,2025-11-21 11:00:00 UTC
7792,2026-11-21 15:00:00,11,21,15,16,2020,24.010782,39.704086,Copernicus,Copernicus,2025-11-21 12:00:00 UTC
7793,2026-11-21 16:00:00,11,21,16,17,2020,24.041523,39.703766,Copernicus,Copernicus,2025-11-21 13:00:00 UTC
7794,2026-11-21 17:00:00,11,21,17,18,2020,24.073355,39.703442,Copernicus,Copernicus,2025-11-21 14:00:00 UTC
7795,2026-11-21 18:00:00,11,21,18,19,2020,24.108974,39.703224,Copernicus,Copernicus,2025-11-21 15:00:00 UTC
7796,2026-11-21 19:00:00,11,21,19,20,2020,24.149620,39.703373,Copernicus,Copernicus,2025-11-21 16:00:00 UTC
7797,2026-11-21 20:00:00,11,21,20,21,2020,24.187860,39.703312,Copernicus,Copernicus,2025-11-21 17:00:00 UTC
7798,2026-11-21 21:00:00,11,21,21,22,2020,24.224836,39.703087,Copernicus,Copernicus,2025-11-21 18:00:00 UTC
7799,2026-11-21 22:00:00,11,21,22,23,2020,24.261168,39.702782,Copernicus,Copernicus,2025-11-21 19:00:00 UTC
7800,2026-11-21 23:00:00,11,21,23,24,2020,24.295843,39.701874,Copernicus,Copernicus,2025-11-21 20:00:00 UTC
7801,2026-11-22 00:00:00,11,22,0,1,2020,24.331947,39.701523,Copernicus,Copernicus,2025-11-21 21:00:00 UTC
7802,2026-11-22 01:00:00,11,22,1,2,2020,24.365541,39.701324,Copernicus,Copernicus,2025-11-21 22:00:00 UTC
7803,2026-11-22 02:00:00,11,22,2,3,2020,24.396212,39.701141,Copernicus,Copernicus,2025-11-21 23:00:00 UTC
7804,2026-11-22 03:00:00,11,22,3,4,2020,24.426010,39.704414,Copernicus,Copernicus,2025-11-22 00:00:00 UTC
7805,2026-11-22 04:00:00,11,22,4,5,2020,24.451466,39.704239,Copernicus,Copernicus,2025-11-22 01:00:00 UTC
7806,2026-11-22 05:00:00,11,22,5,6,2020,24.475182,39.703972,Copernicus,Copernicus,2025-11-22 02:00:00 UTC
7807,2026-11-22 06:00:00,11,22,6,7,2020,24.497385,39.703659,Copernicus,Copernicus,2025-11-22 03:00:00 UTC
7808,2026-11-22 07:00:00,11,22,7,8,2020,24.518408,39.703312,Copernicus,Copernicus,2025-11-22 04:00:00 UTC
7809,2026-11-22 08:00:00,11,22,8,9,2020,24.538757,39.702934,Copernicus,Copernicus,2025-11-22 05:00:00 UTC
7810,2026-11-22 09:00:00,11,22,9,10,2020,24.560163,39.702515,Copernicus,Copernicus,2025-11-22 06:00:00 UTC
7811,2026-11-22 10:00:00,11,22,10,11,2020,24.583549,39.702042,Copernicus,Copernicus,2025-11-22 07:00:00 UTC
7812,2026-11-22 11:00:00,11,22,11,12,2020,24.608879,39.701515,Copernicus,Copernicus,2025-11-22 08:00:00 UTC
7813,2026-11-22 12:00:00,11,22,12,13,2020,24.635513,39.700974,Copernicus,Copernicus,2025-11-22 09:00:00 UTC
7814,2026-11-22 13:00:00,11,22,13,14,2020,24.662573,39.700451,Copernicus,Copernicus,2025-11-22 10:00:00 UTC
7815,2026-11-22 14:00:00,11,22,14,15,2020,24.689108,39.699959,Copernicus,Copernicus,2025-11-22 11:00:00 UTC
7816,2026-11-22 15:00:00,11,22,15,16,2020,24.714224,39.699478,Copernicus,Copernicus,2025-11-22 12:00:00 UTC
7817,2026-11-22 16:00:00,11,22,16,17,2020,24.737440,39.698975,Copernicus,Copernicus,2025-11-22 13:00:00 UTC
7818,2026-11-22 17:00:00,11,22,17,18,2020,24.759052,39.698418,Copernicus,Copernicus,2025-11-22 14:00:00 UTC
7819,2026-11-22 18:00:00,11,22,18,19,2020,24.779804,39.697838,Copernicus,Copernicus,2025-11-22 15:00:00 UTC
7820,2026-11-22 19:00:00,11,22,19,20,2020,24.799875,39.697277,Copernicus,Copernicus,2025-11-22 16:00:00 UTC
7821,2026-11-22 20:00:00,11,22,20,21,2020,24.818495,39.696762,Copernicus,Copernicus,2025-11-22 17:00:00 UTC
7822,2026-11-22 21:00:00,11,22,21,22,2020,24.834753,39.696323,Copernicus,Copernicus,2025-11-22 18:00:00 UTC
7823,2026-11-22 22:00:00,11,22,22,23,2020,24.848825,39.695927,Copernicus,Copernicus,2025-11-22 19:00:00 UTC
7824,2026-11-22 23:00:00,11,22,23,24,2020,24.860575,39.695564,Copernicus,Copernicus,2025-11-22 20:00:00 UTC
7825,2026-11-23 00:00:00,11,23,0,1,2020,24.870003,39.695236,Copernicus,Copernicus,2025-11-22 21:00:00 UTC
7826,2026-11-23 01:00:00,11,23,1,2,2020,24.877008,39.694939,Copernicus,Copernicus,2025-11-22 22:00:00 UTC
7827,2026-11-23 02:00:00,11,23,2,3,2020,24.881456,39.694672,Copernicus,Copernicus,2025-11-22 23:00:00 UTC
7828,2026-11-23 03:00:00,11,23,3,4,2020,24.883801,39.695919,Copernicus,Copernicus,2025-11-23 00:00:00 UTC
7829,2026-11-23 04:00:00,11,23,4,5,2020,24.882170,39.695683,Copernicus,Copernicus,2025-11-23 01:00:00 UTC
7830,2026-11-23 05:00:00,11,23,5,6,2020,24.878555,39.695427,Copernicus,Copernicus,2025-11-23 02:00:00 UTC
7831,2026-11-23 06:00:00,11,23,6,7,2020,24.873817,39.695156,Copernicus,Copernicus,2025-11-23 03:00:00 UTC
7832,2026-11-23 07:00:00,11,23,7,8,2020,24.868715,39.694870,Copernicus,Copernicus,2025-11-23 04:00:00 UTC
7833,2026-11-23 08:00:00,11,23,8,9,2020,24.864662,39.694569,Copernicus,Copernicus,2025-11-23 05:00:00 UTC
7834,2026-11-23 09:00:00,11,23,9,10,2020,24.865170,39.694260,Copernicus,Copernicus,2025-11-23 06:00:00 UTC
7835,2026-11-23 10:00:00,11,23,10,11,2020,24.872007,39.693928,Copernicus,Copernicus,2025-11-23 07:00:00 UTC
7836,2026-11-23 11:00:00,11,23,11,12,2020,24.883961,39.693581,Copernicus,Copernicus,2025-11-23 08:00:00 UTC
7837,2026-11-23 12:00:00,11,23,12,13,2020,24.898525,39.693268,Copernicus,Copernicus,2025-11-23 09:00:00 UTC
7838,2026-11-23 13:00:00,11,23,13,14,2020,24.912840,39.693043,Copernicus,Copernicus,2025-11-23 10:00:00 UTC
7839,2026-11-23 14:00:00,11,23,14,15,2020,24.924562,39.692905,Copernicus,Copernicus,2025-11-23 11:00:00 UTC
7840,2026-11-23 15:00:00,11,23,15,16,2020,24.931429,39.692844,Copernicus,Copernicus,2025-11-23 12:00:00 UTC
7841,2026-11-23 16:00:00,11,23,16,17,2020,24.932627,39.692787,Copernicus,Copernicus,2025-11-23 13:00:00 UTC
7842,2026-11-23 17:00:00,11,23,17,18,2020,24.928299,39.692711,Copernicus,Copernicus,2025-11-23 14:00:00 UTC
7843,2026-11-23 18:00:00,11,23,18,19,2020,24.921114,39.692642,Copernicus,Copernicus,2025-11-23 15:00:00 UTC
7844,2026-11-23 19:00:00,11,23,19,20,2020,24.912861,39.692619,Copernicus,Copernicus,2025-11-23 16:00:00 UTC
7845,2026-11-23 20:00:00,11,23,20,21,2020,24.903334,39.692680,Copernicus,Copernicus,2025-11-23 17:00:00 UTC
7846,2026-11-23 21:00:00,11,23,21,22,2020,24.892504,39.692829,Copernicus,Copernicus,2025-11-23 18:00:00 UTC
7847,2026-11-23 22:00:00,11,23,22,23,2020,24.880987,39.693027,Copernicus,Copernicus,2025-11-23 19:00:00 UTC
7848,2026-11-23 23:00:00,11,23,23,24,2020,24.868904,39.693260,Copernicus,Copernicus,2025-11-23 20:00:00 UTC
7849,2026-11-24 00:00:00,11,24,0,1,2020,24.856165,39.693531,Copernicus,Copernicus,2025-11-23 21:00:00 UTC
7850,2026-11-24 01:00:00,11,24,1,2,2020,24.842632,39.693844,Copernicus,Copernicus,2025-11-23 22:00:00 UTC
7851,2026-11-24 02:00:00,11,24,2,3,2020,24.827888,39.694187,Copernicus,Copernicus,2025-11-23 23:00:00 UTC
7852,2026-11-24 03:00:00,11,24,3,4,2020,24.811659,39.695362,Copernicus,Copernicus,2025-11-24 00:00:00 UTC
7853,2026-11-24 04:00:00,11,24,4,5,2020,24.793159,39.695766,Copernicus,Copernicus,2025-11-24 01:00:00 UTC
7854,2026-11-24 05:00:00,11,24,5,6,2020,24.773703,39.696171,Copernicus,Copernicus,2025-11-24 02:00:00 UTC
7855,2026-11-24 06:00:00,11,24,6,7,2020,24.753790,39.696587,Copernicus,Copernicus,2025-11-24 03:00:00 UTC
7856,2026-11-24 07:00:00,11,24,7,8,2020,24.734064,39.697014,Copernicus,Copernicus,2025-11-24 04:00:00 UTC
7857,2026-11-24 08:00:00,11,24,8,9,2020,24.715281,39.697456,Copernicus,Copernicus,2025-11-24 05:00:00 UTC
7858,2026-11-24 09:00:00,11,24,9,10,2020,24.699312,39.697914,Copernicus,Copernicus,2025-11-24 06:00:00 UTC
7859,2026-11-24 10:00:00,11,24,10,11,2020,24.687243,39.698372,Copernicus,Copernicus,2025-11-24 07:00:00 UTC
7860,2026-11-24 11:00:00,11,24,11,12,2020,24.678951,39.698822,Copernicus,Copernicus,2025-11-24 08:00:00 UTC
7861,2026-11-24 12:00:00,11,24,12,13,2020,24.673815,39.699257,Copernicus,Copernicus,2025-11-24 09:00:00 UTC
7862,2026-11-24 13:00:00,11,24,13,14,2020,24.670946,39.699673,Copernicus,Copernicus,2025-11-24 10:00:00 UTC
7863,2026-11-24 14:00:00,11,24,14,15,2020,24.669191,39.700050,Copernicus,Copernicus,2025-11-24 11:00:00 UTC
7864,2026-11-24 15:00:00,11,24,15,16,2020,24.667452,39.700382,Copernicus,Copernicus,2025-11-24 12:00:00 UTC
7865,2026-11-24 16:00:00,11,24,16,17,2020,24.663731,39.700706,Copernicus,Copernicus,2025-11-24 13:00:00 UTC
7866,2026-11-24 17:00:00,11,24,17,18,2020,24.657745,39.701027,Copernicus,Copernicus,2025-11-24 14:00:00 UTC
7867,2026-11-24 18:00:00,11,24,18,19,2020,24.650682,39.701344,Copernicus,Copernicus,2025-11-24 15:00:00 UTC
7868,2026-11-24 19:00:00,11,24,19,20,2020,24.643604,39.701653,Copernicus,Copernicus,2025-11-24 16:00:00 UTC
7869,2026-11-24 20:00:00,11,24,20,21,2020,24.636423,39.701973,Copernicus,Copernicus,2025-11-24 17:00:00 UTC
7870,2026-11-24 21:00:00,11,24,21,22,2020,24.628836,39.702354,Copernicus,Copernicus,2025-11-24 18:00:00 UTC
7871,2026-11-24 22:00:00,11,24,22,23,2020,24.620363,39.702797,Copernicus,Copernicus,2025-11-24 19:00:00 UTC
7872,2026-11-24 23:00:00,11,24,23,24,2020,24.610640,39.703285,Copernicus,Copernicus,2025-11-24 20:00:00 UTC
7873,2026-11-25 00:00:00,11,25,0,1,2020,24.599699,39.703815,Copernicus,Copernicus,2025-11-24 21:00:00 UTC
7874,2026-11-25 01:00:00,11,25,1,2,2020,24.587328,39.704391,Copernicus,Copernicus,2025-11-24 22:00:00 UTC
7875,2026-11-25 02:00:00,11,25,2,3,2020,24.573238,39.704987,Copernicus,Copernicus,2025-11-24 23:00:00 UTC
7876,2026-11-25 03:00:00,11,25,3,4,2020,24.558987,39.707977,Copernicus,Copernicus,2025-11-25 00:00:00 UTC
7877,2026-11-25 04:00:00,11,25,4,5,2020,24.542921,39.708347,Copernicus,Copernicus,2025-11-25 01:00:00 UTC
7878,2026-11-25 05:00:00,11,25,5,6,2020,24.526903,39.708454,Copernicus,Copernicus,2025-11-25 02:00:00 UTC
7879,2026-11-25 06:00:00,11,25,6,7,2020,24.511234,39.708328,Copernicus,Copernicus,2025-11-25 03:00:00 UTC
7880,2026-11-25 07:00:00,11,25,7,8,2020,24.496227,39.707970,Copernicus,Copernicus,2025-11-25 04:00:00 UTC
7881,2026-11-25 08:00:00,11,25,8,9,2020,24.482553,39.707390,Copernicus,Copernicus,2025-11-25 05:00:00 UTC
7882,2026-11-25 09:00:00,11,25,9,10,2020,24.471542,39.706657,Copernicus,Copernicus,2025-11-25 06:00:00 UTC
7883,2026-11-25 10:00:00,11,25,10,11,2020,24.462826,39.706100,Copernicus,Copernicus,2025-11-25 07:00:00 UTC
7884,2026-11-25 11:00:00,11,25,11,12,2020,24.456198,39.705791,Copernicus,Copernicus,2025-11-25 08:00:00 UTC
7885,2026-11-25 12:00:00,11,25,12,13,2020,24.451273,39.705639,Copernicus,Copernicus,2025-11-25 09:00:00 UTC
7886,2026-11-25 13:00:00,11,25,13,14,2020,24.446928,39.705719,Copernicus,Copernicus,2025-11-25 10:00:00 UTC
7887,2026-11-25 14:00:00,11,25,14,15,2020,24.442337,39.706028,Copernicus,Copernicus,2025-11-25 11:00:00 UTC
7888,2026-11-25 15:00:00,11,25,15,16,2020,24.436680,39.706512,Copernicus,Copernicus,2025-11-25 12:00:00 UTC
7889,2026-11-25 16:00:00,11,25,16,17,2020,24.430285,39.706963,Copernicus,Copernicus,2025-11-25 13:00:00 UTC
7890,2026-11-25 17:00:00,11,25,17,18,2020,24.422346,39.707333,Copernicus,Copernicus,2025-11-25 14:00:00 UTC
7891,2026-11-25 18:00:00,11,25,18,19,2020,24.413017,39.707657,Copernicus,Copernicus,2025-11-25 15:00:00 UTC
7892,2026-11-25 19:00:00,11,25,19,20,2020,24.403715,39.707939,Copernicus,Copernicus,2025-11-25 16:00:00 UTC
7893,2026-11-25 20:00:00,11,25,20,21,2020,24.394499,39.708191,Copernicus,Copernicus,2025-11-25 17:00:00 UTC
7894,2026-11-25 21:00:00,11,25,21,22,2020,24.385468,39.708416,Copernicus,Copernicus,2025-11-25 18:00:00 UTC
7895,2026-11-25 22:00:00,11,25,22,23,2020,24.376396,39.708614,Copernicus,Copernicus,2025-11-25 19:00:00 UTC
7896,2026-11-25 23:00:00,11,25,23,24,2020,24.366903,39.708817,Copernicus,Copernicus,2025-11-25 20:00:00 UTC
7897,2026-11-26 00:00:00,11,26,0,1,2020,24.356760,39.709026,Copernicus,Copernicus,2025-11-25 21:00:00 UTC
7898,2026-11-26 01:00:00,11,26,1,2,2020,24.345596,39.709255,Copernicus,Copernicus,2025-11-25 22:00:00 UTC
7899,2026-11-26 02:00:00,11,26,2,3,2020,24.332846,39.709515,Copernicus,Copernicus,2025-11-25 23:00:00 UTC
7900,2026-11-26 03:00:00,11,26,3,4,2020,24.318758,39.710590,Copernicus,Copernicus,2025-11-26 00:00:00 UTC
7901,2026-11-26 04:00:00,11,26,4,5,2020,24.303211,39.710846,Copernicus,Copernicus,2025-11-26 01:00:00 UTC
7902,2026-11-26 05:00:00,11,26,5,6,2020,24.287077,39.711063,Copernicus,Copernicus,2025-11-26 02:00:00 UTC
7903,2026-11-26 06:00:00,11,26,6,7,2020,24.271193,39.711224,Copernicus,Copernicus,2025-11-26 03:00:00 UTC
7904,2026-11-26 07:00:00,11,26,7,8,2020,24.256067,39.711330,Copernicus,Copernicus,2025-11-26 04:00:00 UTC
7905,2026-11-26 08:00:00,11,26,8,9,2020,24.243053,39.711372,Copernicus,Copernicus,2025-11-26 05:00:00 UTC
7906,2026-11-26 09:00:00,11,26,9,10,2020,24.235577,39.711361,Copernicus,Copernicus,2025-11-26 06:00:00 UTC
7907,2026-11-26 10:00:00,11,26,10,11,2020,24.234999,39.711296,Copernicus,Copernicus,2025-11-26 07:00:00 UTC
7908,2026-11-26 11:00:00,11,26,11,12,2020,24.240223,39.711197,Copernicus,Copernicus,2025-11-26 08:00:00 UTC
7909,2026-11-26 12:00:00,11,26,12,13,2020,24.249487,39.711086,Copernicus,Copernicus,2025-11-26 09:00:00 UTC
7910,2026-11-26 13:00:00,11,26,13,14,2020,24.260221,39.711002,Copernicus,Copernicus,2025-11-26 10:00:00 UTC
7911,2026-11-26 14:00:00,11,26,14,15,2020,24.269922,39.710957,Copernicus,Copernicus,2025-11-26 11:00:00 UTC
7912,2026-11-26 15:00:00,11,26,15,16,2020,24.276037,39.710957,Copernicus,Copernicus,2025-11-26 12:00:00 UTC
7913,2026-11-26 16:00:00,11,26,16,17,2020,24.276943,39.710987,Copernicus,Copernicus,2025-11-26 13:00:00 UTC
7914,2026-11-26 17:00:00,11,26,17,18,2020,24.272388,39.711052,Copernicus,Copernicus,2025-11-26 14:00:00 UTC
7915,2026-11-26 18:00:00,11,26,18,19,2020,24.264412,39.711178,Copernicus,Copernicus,2025-11-26 15:00:00 UTC
7916,2026-11-26 19:00:00,11,26,19,20,2020,24.255228,39.711372,Copernicus,Copernicus,2025-11-26 16:00:00 UTC
7917,2026-11-26 20:00:00,11,26,20,21,2020,24.245127,39.711620,Copernicus,Copernicus,2025-11-26 17:00:00 UTC
7918,2026-11-26 21:00:00,11,26,21,22,2020,24.234016,39.711926,Copernicus,Copernicus,2025-11-26 18:00:00 UTC
7919,2026-11-26 22:00:00,11,26,22,23,2020,24.222628,39.712257,Copernicus,Copernicus,2025-11-26 19:00:00 UTC
7920,2026-11-26 23:00:00,11,26,23,24,2020,24.211170,39.712605,Copernicus,Copernicus,2025-11-26 20:00:00 UTC
7921,2026-11-27 00:00:00,11,27,0,1,2020,24.199333,39.712971,Copernicus,Copernicus,2025-11-26 21:00:00 UTC
7922,2026-11-27 01:00:00,11,27,1,2,2020,24.186756,39.713360,Copernicus,Copernicus,2025-11-26 22:00:00 UTC
7923,2026-11-27 02:00:00,11,27,2,3,2020,24.172697,39.713783,Copernicus,Copernicus,2025-11-26 23:00:00 UTC
7924,2026-11-27 03:00:00,11,27,3,4,2020,24.156956,39.714943,Copernicus,Copernicus,2025-11-27 00:00:00 UTC
7925,2026-11-27 04:00:00,11,27,4,5,2020,24.139036,39.715435,Copernicus,Copernicus,2025-11-27 01:00:00 UTC
7926,2026-11-27 05:00:00,11,27,5,6,2020,24.119583,39.715935,Copernicus,Copernicus,2025-11-27 02:00:00 UTC
7927,2026-11-27 06:00:00,11,27,6,7,2020,24.099142,39.716450,Copernicus,Copernicus,2025-11-27 03:00:00 UTC
7928,2026-11-27 07:00:00,11,27,7,8,2020,24.078260,39.716976,Copernicus,Copernicus,2025-11-27 04:00:00 UTC
7929,2026-11-27 08:00:00,11,27,8,9,2020,24.058323,39.717510,Copernicus,Copernicus,2025-11-27 05:00:00 UTC
7930,2026-11-27 09:00:00,11,27,9,10,2020,24.043016,39.718044,Copernicus,Copernicus,2025-11-27 06:00:00 UTC
7931,2026-11-27 10:00:00,11,27,10,11,2020,24.034266,39.718563,Copernicus,Copernicus,2025-11-27 07:00:00 UTC
7932,2026-11-27 11:00:00,11,27,11,12,2020,24.031471,39.719070,Copernicus,Copernicus,2025-11-27 08:00:00 UTC
7933,2026-11-27 12:00:00,11,27,12,13,2020,24.033041,39.719566,Copernicus,Copernicus,2025-11-27 09:00:00 UTC
7934,2026-11-27 13:00:00,11,27,13,14,2020,24.036835,39.720051,Copernicus,Copernicus,2025-11-27 10:00:00 UTC
7935,2026-11-27 14:00:00,11,27,14,15,2020,24.040224,39.720535,Copernicus,Copernicus,2025-11-27 11:00:00 UTC
7936,2026-11-27 15:00:00,11,27,15,16,2020,24.040651,39.721020,Copernicus,Copernicus,2025-11-27 12:00:00 UTC
7937,2026-11-27 16:00:00,11,27,16,17,2020,24.036266,39.721493,Copernicus,Copernicus,2025-11-27 13:00:00 UTC
7938,2026-11-27 17:00:00,11,27,17,18,2020,24.026739,39.721966,Copernicus,Copernicus,2025-11-27 14:00:00 UTC
7939,2026-11-27 18:00:00,11,27,18,19,2020,24.014278,39.722454,Copernicus,Copernicus,2025-11-27 15:00:00 UTC
7940,2026-11-27 19:00:00,11,27,19,20,2020,24.000956,39.722965,Copernicus,Copernicus,2025-11-27 16:00:00 UTC
7941,2026-11-27 20:00:00,11,27,20,21,2020,23.986502,39.723522,Copernicus,Copernicus,2025-11-27 17:00:00 UTC
7942,2026-11-27 21:00:00,11,27,21,22,2020,23.970098,39.724159,Copernicus,Copernicus,2025-11-27 18:00:00 UTC
7943,2026-11-27 22:00:00,11,27,22,23,2020,23.952065,39.724857,Copernicus,Copernicus,2025-11-27 19:00:00 UTC
7944,2026-11-27 23:00:00,11,27,23,24,2020,23.932606,39.725601,Copernicus,Copernicus,2025-11-27 20:00:00 UTC
7945,2026-11-28 00:00:00,11,28,0,1,2020,23.911863,39.726391,Copernicus,Copernicus,2025-11-27 21:00:00 UTC
7946,2026-11-28 01:00:00,11,28,1,2,2020,23.889778,39.727219,Copernicus,Copernicus,2025-11-27 22:00:00 UTC
7947,2026-11-28 02:00:00,11,28,2,3,2020,23.866318,39.728077,Copernicus,Copernicus,2025-11-27 23:00:00 UTC
7948,2026-11-28 03:00:00,11,28,3,4,2020,23.841038,39.728294,Copernicus,Copernicus,2025-11-28 00:00:00 UTC
7949,2026-11-28 04:00:00,11,28,4,5,2020,23.814749,39.729187,Copernicus,Copernicus,2025-11-28 01:00:00 UTC
7950,2026-11-28 05:00:00,11,28,5,6,2020,23.787115,39.730114,Copernicus,Copernicus,2025-11-28 02:00:00 UTC
7951,2026-11-28 06:00:00,11,28,6,7,2020,23.758511,39.731060,Copernicus,Copernicus,2025-11-28 03:00:00 UTC
7952,2026-11-28 07:00:00,11,28,7,8,2020,23.729275,39.732018,Copernicus,Copernicus,2025-11-28 04:00:00 UTC
7953,2026-11-28 08:00:00,11,28,8,9,2020,23.700684,39.732983,Copernicus,Copernicus,2025-11-28 05:00:00 UTC
7954,2026-11-28 09:00:00,11,28,9,10,2020,23.676155,39.733952,Copernicus,Copernicus,2025-11-28 06:00:00 UTC
7955,2026-11-28 10:00:00,11,28,10,11,2020,23.657427,39.734905,Copernicus,Copernicus,2025-11-28 07:00:00 UTC
7956,2026-11-28 11:00:00,11,28,11,12,2020,23.642359,39.735844,Copernicus,Copernicus,2025-11-28 08:00:00 UTC
7957,2026-11-28 12:00:00,11,28,12,13,2020,23.628786,39.736767,Copernicus,Copernicus,2025-11-28 09:00:00 UTC
7958,2026-11-28 13:00:00,11,28,13,14,2020,23.615368,39.737675,Copernicus,Copernicus,2025-11-28 10:00:00 UTC
7959,2026-11-28 14:00:00,11,28,14,15,2020,23.600399,39.738567,Copernicus,Copernicus,2025-11-28 11:00:00 UTC
7960,2026-11-28 15:00:00,11,28,15,16,2020,23.582848,39.739429,Copernicus,Copernicus,2025-11-28 12:00:00 UTC
7961,2026-11-28 16:00:00,11,28,16,17,2020,23.562162,39.740242,Copernicus,Copernicus,2025-11-28 13:00:00 UTC
7962,2026-11-28 17:00:00,11,28,17,18,2020,23.538296,39.740997,Copernicus,Copernicus,2025-11-28 14:00:00 UTC
7963,2026-11-28 18:00:00,11,28,18,19,2020,23.512928,39.741688,Copernicus,Copernicus,2025-11-28 15:00:00 UTC
7964,2026-11-28 19:00:00,11,28,19,20,2020,23.487764,39.742313,Copernicus,Copernicus,2025-11-28 16:00:00 UTC
7965,2026-11-28 20:00:00,11,28,20,21,2020,23.463017,39.742878,Copernicus,Copernicus,2025-11-28 17:00:00 UTC
7966,2026-11-28 21:00:00,11,28,21,22,2020,23.438877,39.743420,Copernicus,Copernicus,2025-11-28 18:00:00 UTC
7967,2026-11-28 22:00:00,11,28,22,23,2020,23.415640,39.743965,Copernicus,Copernicus,2025-11-28 19:00:00 UTC
7968,2026-11-28 23:00:00,11,28,23,24,2020,23.393351,39.744511,Copernicus,Copernicus,2025-11-28 20:00:00 UTC
7969,2026-11-29 00:00:00,11,29,0,1,2020,23.372036,39.745064,Copernicus,Copernicus,2025-11-28 21:00:00 UTC
7970,2026-11-29 01:00:00,11,29,1,2,2020,23.351604,39.745613,Copernicus,Copernicus,2025-11-28 22:00:00 UTC
7971,2026-11-29 02:00:00,11,29,2,3,2020,23.331835,39.746162,Copernicus,Copernicus,2025-11-28 23:00:00 UTC
7972,2026-11-29 03:00:00,11,29,3,4,2020,23.310757,39.743641,Copernicus,Copernicus,2025-11-29 00:00:00 UTC
7973,2026-11-29 04:00:00,11,29,4,5,2020,23.292166,39.744122,Copernicus,Copernicus,2025-11-29 01:00:00 UTC
7974,2026-11-29 05:00:00,11,29,5,6,2020,23.274475,39.744591,Copernicus,Copernicus,2025-11-29 02:00:00 UTC
7975,2026-11-29 06:00:00,11,29,6,7,2020,23.257812,39.744972,Copernicus,Copernicus,2025-11-29 03:00:00 UTC
7976,2026-11-29 07:00:00,11,29,7,8,2020,23.242270,39.745277,Copernicus,Copernicus,2025-11-29 04:00:00 UTC
7977,2026-11-29 08:00:00,11,29,8,9,2020,23.227968,39.745506,Copernicus,Copernicus,2025-11-29 05:00:00 UTC
7978,2026-11-29 09:00:00,11,29,9,10,2020,23.216211,39.745670,Copernicus,Copernicus,2025-11-29 06:00:00 UTC
7979,2026-11-29 10:00:00,11,29,10,11,2020,23.208076,39.745754,Copernicus,Copernicus,2025-11-29 07:00:00 UTC
7980,2026-11-29 11:00:00,11,29,11,12,2020,23.204279,39.745754,Copernicus,Copernicus,2025-11-29 08:00:00 UTC
7981,2026-11-29 12:00:00,11,29,12,13,2020,23.204651,39.745663,Copernicus,Copernicus,2025-11-29 09:00:00 UTC
7982,2026-11-29 13:00:00,11,29,13,14,2020,23.208662,39.745487,Copernicus,Copernicus,2025-11-29 10:00:00 UTC
7983,2026-11-29 14:00:00,11,29,14,15,2020,23.214233,39.745197,Copernicus,Copernicus,2025-11-29 11:00:00 UTC
7984,2026-11-29 15:00:00,11,29,15,16,2020,23.217426,39.744781,Copernicus,Copernicus,2025-11-29 12:00:00 UTC
7985,2026-11-29 16:00:00,11,29,16,17,2020,23.215809,39.744267,Copernicus,Copernicus,2025-11-29 13:00:00 UTC
7986,2026-11-29 17:00:00,11,29,17,18,2020,23.209173,39.743652,Copernicus,Copernicus,2025-11-29 14:00:00 UTC
7987,2026-11-29 18:00:00,11,29,18,19,2020,23.200590,39.742943,Copernicus,Copernicus,2025-11-29 15:00:00 UTC
7988,2026-11-29 19:00:00,11,29,19,20,2020,23.192856,39.742146,Copernicus,Copernicus,2025-11-29 16:00:00 UTC
7989,2026-11-29 20:00:00,11,29,20,21,2020,23.186029,39.741272,Copernicus,Copernicus,2025-11-29 17:00:00 UTC
7990,2026-11-29 21:00:00,11,29,21,22,2020,23.179981,39.740337,Copernicus,Copernicus,2025-11-29 18:00:00 UTC
7991,2026-11-29 22:00:00,11,29,22,23,2020,23.174660,39.739326,Copernicus,Copernicus,2025-11-29 19:00:00 UTC
7992,2026-11-29 23:00:00,11,29,23,24,2020,23.170210,39.738251,Copernicus,Copernicus,2025-11-29 20:00:00 UTC
7993,2026-11-30 00:00:00,11,30,0,1,2020,23.166643,39.737122,Copernicus,Copernicus,2025-11-29 21:00:00 UTC
7994,2026-11-30 01:00:00,11,30,1,2,2020,23.163767,39.735950,Copernicus,Copernicus,2025-11-29 22:00:00 UTC
7995,2026-11-30 02:00:00,11,30,2,3,2020,23.161316,39.734753,Copernicus,Copernicus,2025-11-29 23:00:00 UTC
7996,2026-11-30 03:00:00,11,30,3,4,2020,23.157833,39.731812,Copernicus,Copernicus,2025-11-30 00:00:00 UTC
7997,2026-11-30 04:00:00,11,30,4,5,2020,23.154076,39.730083,Copernicus,Copernicus,2025-11-30 01:00:00 UTC
7998,2026-11-30 05:00:00,11,30,5,6,2020,23.148838,39.727863,Copernicus,Copernicus,2025-11-30 02:00:00 UTC
7999,2026-11-30 06:00:00,11,30,6,7,2020,23.142254,39.725140,Copernicus,Copernicus,2025-11-30 03:00:00 UTC
8000,2026-11-30 07:00:00,11,30,7,8,2020,23.134527,39.721912,Copernicus,Copernicus,2025-11-30 04:00:00 UTC
8001,2026-11-30 08:00:00,11,30,8,9,2020,23.126245,39.718174,Copernicus,Copernicus,2025-11-30 05:00:00 UTC
8002,2026-11-30 09:00:00,11,30,9,10,2020,23.119482,39.714085,Copernicus,Copernicus,2025-11-30 06:00:00 UTC
8003,2026-11-30 10:00:00,11,30,10,11,2020,23.116369,39.710350,Copernicus,Copernicus,2025-11-30 07:00:00 UTC
8004,2026-11-30 11:00:00,11,30,11,12,2020,23.117229,39.707161,Copernicus,Copernicus,2025-11-30 08:00:00 UTC
8005,2026-11-30 12:00:00,11,30,12,13,2020,23.121304,39.704514,Copernicus,Copernicus,2025-11-30 09:00:00 UTC
8006,2026-11-30 13:00:00,11,30,13,14,2020,23.127333,39.702423,Copernicus,Copernicus,2025-11-30 10:00:00 UTC
8007,2026-11-30 14:00:00,11,30,14,15,2020,23.133713,39.700882,Copernicus,Copernicus,2025-11-30 11:00:00 UTC
8008,2026-11-30 15:00:00,11,30,15,16,2020,23.138559,39.699829,Copernicus,Copernicus,2025-11-30 12:00:00 UTC
8009,2026-11-30 16:00:00,11,30,16,17,2020,23.140049,39.698952,Copernicus,Copernicus,2025-11-30 13:00:00 UTC
8010,2026-11-30 17:00:00,11,30,17,18,2020,23.137787,39.698154,Copernicus,Copernicus,2025-11-30 14:00:00 UTC
8011,2026-11-30 18:00:00,11,30,18,19,2020,23.133690,39.697441,Copernicus,Copernicus,2025-11-30 15:00:00 UTC
8012,2026-11-30 19:00:00,11,30,19,20,2020,23.129480,39.696800,Copernicus,Copernicus,2025-11-30 16:00:00 UTC
8013,2026-11-30 20:00:00,11,30,20,21,2020,23.125204,39.696232,Copernicus,Copernicus,2025-11-30 17:00:00 UTC
8014,2026-11-30 21:00:00,11,30,21,22,2020,23.120815,39.695728,Copernicus,Copernicus,2025-11-30 18:00:00 UTC
8015,2026-11-30 22:00:00,11,30,22,23,2020,23.116253,39.695259,Copernicus,Copernicus,2025-11-30 19:00:00 UTC
8016,2026-11-30 23:00:00,11,30,23,24,2020,23.111439,39.694817,Copernicus,Copernicus,2025-11-30 20:00:00 UTC
8017,2026-12-01 00:00:00,12,1,0,1,2010,23.106316,39.694416,Copernicus,Copernicus,2025-11-30 21:00:00 UTC
8018,2026-12-01 01:00:00,12,1,1,2,2010,23.100834,39.694054,Copernicus,Copernicus,2025-11-30 22:00:00 UTC
8019,2026-12-01 02:00:00,12,1,2,3,2010,23.094927,39.693733,Copernicus,Copernicus,2025-11-30 23:00:00 UTC
8020,2026-12-01 03:00:00,12,1,3,4,2010,23.088226,39.693016,Copernicus,Copernicus,2025-12-01 00:00:00 UTC
8021,2026-12-01 04:00:00,12,1,4,5,2010,23.080917,39.692764,Copernicus,Copernicus,2025-12-01 01:00:00 UTC
8022,2026-12-01 05:00:00,12,1,5,6,2010,23.072725,39.692547,Copernicus,Copernicus,2025-12-01 02:00:00 UTC
8023,2026-12-01 06:00:00,12,1,6,7,2010,23.063801,39.692356,Copernicus,Copernicus,2025-12-01 03:00:00 UTC
8024,2026-12-01 07:00:00,12,1,7,8,2010,23.054260,39.692188,Copernicus,Copernicus,2025-12-01 04:00:00 UTC
8025,2026-12-01 08:00:00,12,1,8,9,2010,23.044979,39.692043,Copernicus,Copernicus,2025-12-01 05:00:00 UTC
8026,2026-12-01 09:00:00,12,1,9,10,2010,23.039473,39.691910,Copernicus,Copernicus,2025-12-01 06:00:00 UTC
8027,2026-12-01 10:00:00,12,1,10,11,2010,23.040691,39.691719,Copernicus,Copernicus,2025-12-01 07:00:00 UTC
8028,2026-12-01 11:00:00,12,1,11,12,2010,23.047958,39.691452,Copernicus,Copernicus,2025-12-01 08:00:00 UTC
8029,2026-12-01 12:00:00,12,1,12,13,2010,23.057405,39.691151,Copernicus,Copernicus,2025-12-01 09:00:00 UTC
8030,2026-12-01 13:00:00,12,1,13,14,2010,23.067621,39.690830,Copernicus,Copernicus,2025-12-01 10:00:00 UTC
8031,2026-12-01 14:00:00,12,1,14,15,2010,23.076408,39.690540,Copernicus,Copernicus,2025-12-01 11:00:00 UTC
8032,2026-12-01 15:00:00,12,1,15,16,2010,23.081669,39.690296,Copernicus,Copernicus,2025-12-01 12:00:00 UTC
8033,2026-12-01 16:00:00,12,1,16,17,2010,23.082855,39.690060,Copernicus,Copernicus,2025-12-01 13:00:00 UTC
8034,2026-12-01 17:00:00,12,1,17,18,2010,23.079922,39.689835,Copernicus,Copernicus,2025-12-01 14:00:00 UTC
8035,2026-12-01 18:00:00,12,1,18,19,2010,23.074839,39.689621,Copernicus,Copernicus,2025-12-01 15:00:00 UTC
8036,2026-12-01 19:00:00,12,1,19,20,2010,23.069193,39.689419,Copernicus,Copernicus,2025-12-01 16:00:00 UTC
8037,2026-12-01 20:00:00,12,1,20,21,2010,23.062807,39.689236,Copernicus,Copernicus,2025-12-01 17:00:00 UTC
8038,2026-12-01 21:00:00,12,1,21,22,2010,23.055534,39.689079,Copernicus,Copernicus,2025-12-01 18:00:00 UTC
8039,2026-12-01 22:00:00,12,1,22,23,2010,23.047794,39.688938,Copernicus,Copernicus,2025-12-01 19:00:00 UTC
8040,2026-12-01 23:00:00,12,1,23,24,2010,23.039629,39.688816,Copernicus,Copernicus,2025-12-01 20:00:00 UTC
8041,2026-12-02 00:00:00,12,2,0,1,2010,23.030895,39.688717,Copernicus,Copernicus,2025-12-01 21:00:00 UTC
8042,2026-12-02 01:00:00,12,2,1,2,2010,23.021454,39.688652,Copernicus,Copernicus,2025-12-01 22:00:00 UTC
8043,2026-12-02 02:00:00,12,2,2,3,2010,23.011066,39.688633,Copernicus,Copernicus,2025-12-01 23:00:00 UTC
8044,2026-12-02 03:00:00,12,2,3,4,2010,23.001499,39.691711,Copernicus,Copernicus,2025-12-02 00:00:00 UTC
8045,2026-12-02 04:00:00,12,2,4,5,2010,22.989576,39.691795,Copernicus,Copernicus,2025-12-02 01:00:00 UTC
8046,2026-12-02 05:00:00,12,2,5,6,2010,22.977343,39.691853,Copernicus,Copernicus,2025-12-02 02:00:00 UTC
8047,2026-12-02 06:00:00,12,2,6,7,2010,22.965061,39.691910,Copernicus,Copernicus,2025-12-02 03:00:00 UTC
8048,2026-12-02 07:00:00,12,2,7,8,2010,22.952913,39.691963,Copernicus,Copernicus,2025-12-02 04:00:00 UTC
8049,2026-12-02 08:00:00,12,2,8,9,2010,22.941875,39.692005,Copernicus,Copernicus,2025-12-02 05:00:00 UTC
8050,2026-12-02 09:00:00,12,2,9,10,2010,22.935200,39.692024,Copernicus,Copernicus,2025-12-02 06:00:00 UTC
8051,2026-12-02 10:00:00,12,2,10,11,2010,22.934292,39.692020,Copernicus,Copernicus,2025-12-02 07:00:00 UTC
8052,2026-12-02 11:00:00,12,2,11,12,2010,22.938259,39.691998,Copernicus,Copernicus,2025-12-02 08:00:00 UTC
8053,2026-12-02 12:00:00,12,2,12,13,2010,22.945274,39.691975,Copernicus,Copernicus,2025-12-02 09:00:00 UTC
8054,2026-12-02 13:00:00,12,2,13,14,2010,22.953236,39.691952,Copernicus,Copernicus,2025-12-02 10:00:00 UTC
8055,2026-12-02 14:00:00,12,2,14,15,2010,22.959902,39.691936,Copernicus,Copernicus,2025-12-02 11:00:00 UTC
8056,2026-12-02 15:00:00,12,2,15,16,2010,22.963123,39.691936,Copernicus,Copernicus,2025-12-02 12:00:00 UTC
8057,2026-12-02 16:00:00,12,2,16,17,2010,22.961123,39.691959,Copernicus,Copernicus,2025-12-02 13:00:00 UTC
8058,2026-12-02 17:00:00,12,2,17,18,2010,22.953630,39.692009,Copernicus,Copernicus,2025-12-02 14:00:00 UTC
8059,2026-12-02 18:00:00,12,2,18,19,2010,22.943253,39.692104,Copernicus,Copernicus,2025-12-02 15:00:00 UTC
8060,2026-12-02 19:00:00,12,2,19,20,2010,22.932043,39.692234,Copernicus,Copernicus,2025-12-02 16:00:00 UTC
8061,2026-12-02 20:00:00,12,2,20,21,2010,22.919779,39.692417,Copernicus,Copernicus,2025-12-02 17:00:00 UTC
8062,2026-12-02 21:00:00,12,2,21,22,2010,22.906496,39.692638,Copernicus,Copernicus,2025-12-02 18:00:00 UTC
8063,2026-12-02 22:00:00,12,2,22,23,2010,22.892683,39.692890,Copernicus,Copernicus,2025-12-02 19:00:00 UTC
8064,2026-12-02 23:00:00,12,2,23,24,2010,22.878450,39.693165,Copernicus,Copernicus,2025-12-02 20:00:00 UTC
8065,2026-12-03 00:00:00,12,3,0,1,2010,22.863815,39.693462,Copernicus,Copernicus,2025-12-02 21:00:00 UTC
8066,2026-12-03 01:00:00,12,3,1,2,2010,22.848764,39.693779,Copernicus,Copernicus,2025-12-02 22:00:00 UTC
8067,2026-12-03 02:00:00,12,3,2,3,2010,22.833303,39.694115,Copernicus,Copernicus,2025-12-02 23:00:00 UTC
8068,2026-12-03 03:00:00,12,3,3,4,2010,22.818789,39.696674,Copernicus,Copernicus,2025-12-03 00:00:00 UTC
8069,2026-12-03 04:00:00,12,3,4,5,2010,22.802967,39.697052,Copernicus,Copernicus,2025-12-03 01:00:00 UTC
8070,2026-12-03 05:00:00,12,3,5,6,2010,22.787296,39.697395,Copernicus,Copernicus,2025-12-03 02:00:00 UTC
8071,2026-12-03 06:00:00,12,3,6,7,2010,22.771936,39.697739,Copernicus,Copernicus,2025-12-03 03:00:00 UTC
8072,2026-12-03 07:00:00,12,3,7,8,2010,22.757017,39.698074,Copernicus,Copernicus,2025-12-03 04:00:00 UTC
8073,2026-12-03 08:00:00,12,3,8,9,2010,22.743193,39.698410,Copernicus,Copernicus,2025-12-03 05:00:00 UTC
8074,2026-12-03 09:00:00,12,3,9,10,2010,22.732698,39.698742,Copernicus,Copernicus,2025-12-03 06:00:00 UTC
8075,2026-12-03 10:00:00,12,3,10,11,2010,22.726158,39.699070,Copernicus,Copernicus,2025-12-03 07:00:00 UTC
8076,2026-12-03 11:00:00,12,3,11,12,2010,22.722622,39.699402,Copernicus,Copernicus,2025-12-03 08:00:00 UTC
8077,2026-12-03 12:00:00,12,3,12,13,2010,22.720694,39.699730,Copernicus,Copernicus,2025-12-03 09:00:00 UTC
8078,2026-12-03 13:00:00,12,3,13,14,2010,22.719013,39.700058,Copernicus,Copernicus,2025-12-03 10:00:00 UTC
8079,2026-12-03 14:00:00,12,3,14,15,2010,22.716499,39.700382,Copernicus,Copernicus,2025-12-03 11:00:00 UTC
8080,2026-12-03 15:00:00,12,3,15,16,2010,22.712393,39.700706,Copernicus,Copernicus,2025-12-03 12:00:00 UTC
8081,2026-12-03 16:00:00,12,3,16,17,2010,22.705994,39.701031,Copernicus,Copernicus,2025-12-03 13:00:00 UTC
8082,2026-12-03 17:00:00,12,3,17,18,2010,22.697147,39.701370,Copernicus,Copernicus,2025-12-03 14:00:00 UTC
8083,2026-12-03 18:00:00,12,3,18,19,2010,22.686790,39.701733,Copernicus,Copernicus,2025-12-03 15:00:00 UTC
8084,2026-12-03 19:00:00,12,3,19,20,2010,22.675703,39.702129,Copernicus,Copernicus,2025-12-03 16:00:00 UTC
8085,2026-12-03 20:00:00,12,3,20,21,2010,22.663826,39.702553,Copernicus,Copernicus,2025-12-03 17:00:00 UTC
8086,2026-12-03 21:00:00,12,3,21,22,2010,22.651239,39.702999,Copernicus,Copernicus,2025-12-03 18:00:00 UTC
8087,2026-12-03 22:00:00,12,3,22,23,2010,22.638489,39.703457,Copernicus,Copernicus,2025-12-03 19:00:00 UTC
8088,2026-12-03 23:00:00,12,3,23,24,2010,22.625605,39.703926,Copernicus,Copernicus,2025-12-03 20:00:00 UTC
8089,2026-12-04 00:00:00,12,4,0,1,2010,22.612499,39.704414,Copernicus,Copernicus,2025-12-03 21:00:00 UTC
8090,2026-12-04 01:00:00,12,4,1,2,2010,22.599066,39.704929,Copernicus,Copernicus,2025-12-03 22:00:00 UTC
8091,2026-12-04 02:00:00,12,4,2,3,2010,22.585232,39.705479,Copernicus,Copernicus,2025-12-03 23:00:00 UTC
8092,2026-12-04 03:00:00,12,4,3,4,2010,22.571953,39.707714,Copernicus,Copernicus,2025-12-04 00:00:00 UTC
8093,2026-12-04 04:00:00,12,4,4,5,2010,22.557581,39.708374,Copernicus,Copernicus,2025-12-04 01:00:00 UTC
8094,2026-12-04 05:00:00,12,4,5,6,2010,22.543060,39.709045,Copernicus,Copernicus,2025-12-04 02:00:00 UTC
8095,2026-12-04 06:00:00,12,4,6,7,2010,22.528999,39.709732,Copernicus,Copernicus,2025-12-04 03:00:00 UTC
8096,2026-12-04 07:00:00,12,4,7,8,2010,22.516277,39.710381,Copernicus,Copernicus,2025-12-04 04:00:00 UTC
8097,2026-12-04 08:00:00,12,4,8,9,2010,22.505011,39.710999,Copernicus,Copernicus,2025-12-04 05:00:00 UTC
8098,2026-12-04 09:00:00,12,4,9,10,2010,22.496063,39.711605,Copernicus,Copernicus,2025-12-04 06:00:00 UTC
8099,2026-12-04 10:00:00,12,4,10,11,2010,22.489660,39.712227,Copernicus,Copernicus,2025-12-04 07:00:00 UTC
8100,2026-12-04 11:00:00,12,4,11,12,2010,22.485424,39.712879,Copernicus,Copernicus,2025-12-04 08:00:00 UTC
8101,2026-12-04 12:00:00,12,4,12,13,2010,22.482733,39.713562,Copernicus,Copernicus,2025-12-04 09:00:00 UTC
8102,2026-12-04 13:00:00,12,4,13,14,2010,22.481043,39.714245,Copernicus,Copernicus,2025-12-04 10:00:00 UTC
8103,2026-12-04 14:00:00,12,4,14,15,2010,22.479046,39.714916,Copernicus,Copernicus,2025-12-04 11:00:00 UTC
8104,2026-12-04 15:00:00,12,4,15,16,2010,22.475611,39.715546,Copernicus,Copernicus,2025-12-04 12:00:00 UTC
8105,2026-12-04 16:00:00,12,4,16,17,2010,22.469576,39.716099,Copernicus,Copernicus,2025-12-04 13:00:00 UTC
8106,2026-12-04 17:00:00,12,4,17,18,2010,22.460793,39.716553,Copernicus,Copernicus,2025-12-04 14:00:00 UTC
8107,2026-12-04 18:00:00,12,4,18,19,2010,22.451159,39.716923,Copernicus,Copernicus,2025-12-04 15:00:00 UTC
8108,2026-12-04 19:00:00,12,4,19,20,2010,22.442070,39.717224,Copernicus,Copernicus,2025-12-04 16:00:00 UTC
8109,2026-12-04 20:00:00,12,4,20,21,2010,22.433079,39.717491,Copernicus,Copernicus,2025-12-04 17:00:00 UTC
8110,2026-12-04 21:00:00,12,4,21,22,2010,22.423407,39.717781,Copernicus,Copernicus,2025-12-04 18:00:00 UTC
8111,2026-12-04 22:00:00,12,4,22,23,2010,22.412598,39.718124,Copernicus,Copernicus,2025-12-04 19:00:00 UTC
8112,2026-12-04 23:00:00,12,4,23,24,2010,22.400360,39.718548,Copernicus,Copernicus,2025-12-04 20:00:00 UTC
8113,2026-12-05 00:00:00,12,5,0,1,2010,22.386795,39.719040,Copernicus,Copernicus,2025-12-04 21:00:00 UTC
8114,2026-12-05 01:00:00,12,5,1,2,2010,22.372257,39.719585,Copernicus,Copernicus,2025-12-04 22:00:00 UTC
8115,2026-12-05 02:00:00,12,5,2,3,2010,22.357691,39.720127,Copernicus,Copernicus,2025-12-04 23:00:00 UTC
8116,2026-12-05 03:00:00,12,5,3,4,2010,22.345564,39.723839,Copernicus,Copernicus,2025-12-05 00:00:00 UTC
8117,2026-12-05 04:00:00,12,5,4,5,2010,22.333197,39.724354,Copernicus,Copernicus,2025-12-05 01:00:00 UTC
8118,2026-12-05 05:00:00,12,5,5,6,2010,22.322824,39.724712,Copernicus,Copernicus,2025-12-05 02:00:00 UTC
8119,2026-12-05 06:00:00,12,5,6,7,2010,22.314445,39.724945,Copernicus,Copernicus,2025-12-05 03:00:00 UTC
8120,2026-12-05 07:00:00,12,5,7,8,2010,22.307276,39.725094,Copernicus,Copernicus,2025-12-05 04:00:00 UTC
8121,2026-12-05 08:00:00,12,5,8,9,2010,22.301548,39.725193,Copernicus,Copernicus,2025-12-05 05:00:00 UTC
8122,2026-12-05 09:00:00,12,5,9,10,2010,22.299446,39.725300,Copernicus,Copernicus,2025-12-05 06:00:00 UTC
8123,2026-12-05 10:00:00,12,5,10,11,2010,22.300388,39.725460,Copernicus,Copernicus,2025-12-05 07:00:00 UTC
8124,2026-12-05 11:00:00,12,5,11,12,2010,22.302383,39.725712,Copernicus,Copernicus,2025-12-05 08:00:00 UTC
8125,2026-12-05 12:00:00,12,5,12,13,2010,22.303257,39.726093,Copernicus,Copernicus,2025-12-05 09:00:00 UTC
8126,2026-12-05 13:00:00,12,5,13,14,2010,22.301418,39.726597,Copernicus,Copernicus,2025-12-05 10:00:00 UTC
8127,2026-12-05 14:00:00,12,5,14,15,2010,22.296391,39.727177,Copernicus,Copernicus,2025-12-05 11:00:00 UTC
8128,2026-12-05 15:00:00,12,5,15,16,2010,22.288349,39.727760,Copernicus,Copernicus,2025-12-05 12:00:00 UTC
8129,2026-12-05 16:00:00,12,5,16,17,2010,22.275740,39.728413,Copernicus,Copernicus,2025-12-05 13:00:00 UTC
8130,2026-12-05 17:00:00,12,5,17,18,2010,22.258606,39.729141,Copernicus,Copernicus,2025-12-05 14:00:00 UTC
8131,2026-12-05 18:00:00,12,5,18,19,2010,22.238153,39.729950,Copernicus,Copernicus,2025-12-05 15:00:00 UTC
8132,2026-12-05 19:00:00,12,5,19,20,2010,22.215212,39.730839,Copernicus,Copernicus,2025-12-05 16:00:00 UTC
8133,2026-12-05 20:00:00,12,5,20,21,2010,22.189466,39.731819,Copernicus,Copernicus,2025-12-05 17:00:00 UTC
8134,2026-12-05 21:00:00,12,5,21,22,2010,22.160950,39.732887,Copernicus,Copernicus,2025-12-05 18:00:00 UTC
8135,2026-12-05 22:00:00,12,5,22,23,2010,22.130627,39.734001,Copernicus,Copernicus,2025-12-05 19:00:00 UTC
8136,2026-12-05 23:00:00,12,5,23,24,2010,22.098728,39.735149,Copernicus,Copernicus,2025-12-05 20:00:00 UTC
8137,2026-12-06 00:00:00,12,6,0,1,2010,22.065830,39.736320,Copernicus,Copernicus,2025-12-05 21:00:00 UTC
8138,2026-12-06 01:00:00,12,6,1,2,2010,22.032328,39.737503,Copernicus,Copernicus,2025-12-05 22:00:00 UTC
8139,2026-12-06 02:00:00,12,6,2,3,2010,21.999155,39.738670,Copernicus,Copernicus,2025-12-05 23:00:00 UTC
8140,2026-12-06 03:00:00,12,6,3,4,2010,21.968897,39.743530,Copernicus,Copernicus,2025-12-06 00:00:00 UTC
8141,2026-12-06 04:00:00,12,6,4,5,2010,21.937559,39.744656,Copernicus,Copernicus,2025-12-06 01:00:00 UTC
8142,2026-12-06 05:00:00,12,6,5,6,2010,21.907288,39.745678,Copernicus,Copernicus,2025-12-06 02:00:00 UTC
8143,2026-12-06 06:00:00,12,6,6,7,2010,21.878094,39.746647,Copernicus,Copernicus,2025-12-06 03:00:00 UTC
8144,2026-12-06 07:00:00,12,6,7,8,2010,21.849941,39.747551,Copernicus,Copernicus,2025-12-06 04:00:00 UTC
8145,2026-12-06 08:00:00,12,6,8,9,2010,21.822966,39.748394,Copernicus,Copernicus,2025-12-06 05:00:00 UTC
8146,2026-12-06 09:00:00,12,6,9,10,2010,21.798475,39.749176,Copernicus,Copernicus,2025-12-06 06:00:00 UTC
8147,2026-12-06 10:00:00,12,6,10,11,2010,21.776964,39.749889,Copernicus,Copernicus,2025-12-06 07:00:00 UTC
8148,2026-12-06 11:00:00,12,6,11,12,2010,21.757540,39.750534,Copernicus,Copernicus,2025-12-06 08:00:00 UTC
8149,2026-12-06 12:00:00,12,6,12,13,2010,21.739025,39.751106,Copernicus,Copernicus,2025-12-06 09:00:00 UTC
8150,2026-12-06 13:00:00,12,6,13,14,2010,21.720530,39.751602,Copernicus,Copernicus,2025-12-06 10:00:00 UTC
8151,2026-12-06 14:00:00,12,6,14,15,2010,21.701363,39.752037,Copernicus,Copernicus,2025-12-06 11:00:00 UTC
8152,2026-12-06 15:00:00,12,6,15,16,2010,21.681000,39.752346,Copernicus,Copernicus,2025-12-06 12:00:00 UTC
8153,2026-12-06 16:00:00,12,6,16,17,2010,21.658470,39.752228,Copernicus,Copernicus,2025-12-06 13:00:00 UTC
8154,2026-12-06 17:00:00,12,6,17,18,2010,21.633965,39.751606,Copernicus,Copernicus,2025-12-06 14:00:00 UTC
8155,2026-12-06 18:00:00,12,6,18,19,2010,21.608961,39.750477,Copernicus,Copernicus,2025-12-06 15:00:00 UTC
8156,2026-12-06 19:00:00,12,6,19,20,2010,21.584511,39.748856,Copernicus,Copernicus,2025-12-06 16:00:00 UTC
8157,2026-12-06 20:00:00,12,6,20,21,2010,21.560741,39.746788,Copernicus,Copernicus,2025-12-06 17:00:00 UTC
8158,2026-12-06 21:00:00,12,6,21,22,2010,21.538069,39.744247,Copernicus,Copernicus,2025-12-06 18:00:00 UTC
8159,2026-12-06 22:00:00,12,6,22,23,2010,21.517332,39.741222,Copernicus,Copernicus,2025-12-06 19:00:00 UTC
8160,2026-12-06 23:00:00,12,6,23,24,2010,21.497467,39.737629,Copernicus,Copernicus,2025-12-06 20:00:00 UTC
8161,2026-12-07 00:00:00,12,7,0,1,2010,21.477947,39.733475,Copernicus,Copernicus,2025-12-06 21:00:00 UTC
8162,2026-12-07 01:00:00,12,7,1,2,2010,21.459194,39.728775,Copernicus,Copernicus,2025-12-06 22:00:00 UTC
8163,2026-12-07 02:00:00,12,7,2,3,2010,21.441666,39.723576,Copernicus,Copernicus,2025-12-06 23:00:00 UTC
8164,2026-12-07 03:00:00,12,7,3,4,2010,21.426840,39.720722,Copernicus,Copernicus,2025-12-07 00:00:00 UTC
8165,2026-12-07 04:00:00,12,7,4,5,2010,21.412304,39.715801,Copernicus,Copernicus,2025-12-07 01:00:00 UTC
8166,2026-12-07 05:00:00,12,7,5,6,2010,21.399469,39.711636,Copernicus,Copernicus,2025-12-07 02:00:00 UTC
8167,2026-12-07 06:00:00,12,7,6,7,2010,21.388159,39.708282,Copernicus,Copernicus,2025-12-07 03:00:00 UTC
8168,2026-12-07 07:00:00,12,7,7,8,2010,21.378138,39.705761,Copernicus,Copernicus,2025-12-07 04:00:00 UTC
8169,2026-12-07 08:00:00,12,7,8,9,2010,21.369946,39.704082,Copernicus,Copernicus,2025-12-07 05:00:00 UTC
8170,2026-12-07 09:00:00,12,7,9,10,2010,21.365770,39.703102,Copernicus,Copernicus,2025-12-07 06:00:00 UTC
8171,2026-12-07 10:00:00,12,7,10,11,2010,21.365643,39.702190,Copernicus,Copernicus,2025-12-07 07:00:00 UTC
8172,2026-12-07 11:00:00,12,7,11,12,2010,21.368505,39.701180,Copernicus,Copernicus,2025-12-07 08:00:00 UTC
8173,2026-12-07 12:00:00,12,7,12,13,2010,21.373058,39.700073,Copernicus,Copernicus,2025-12-07 09:00:00 UTC
8174,2026-12-07 13:00:00,12,7,13,14,2010,21.378073,39.698868,Copernicus,Copernicus,2025-12-07 10:00:00 UTC
8175,2026-12-07 14:00:00,12,7,14,15,2010,21.382479,39.697575,Copernicus,Copernicus,2025-12-07 11:00:00 UTC
8176,2026-12-07 15:00:00,12,7,15,16,2010,21.385363,39.696201,Copernicus,Copernicus,2025-12-07 12:00:00 UTC
8177,2026-12-07 16:00:00,12,7,16,17,2010,21.385759,39.694721,Copernicus,Copernicus,2025-12-07 13:00:00 UTC
8178,2026-12-07 17:00:00,12,7,17,18,2010,21.383627,39.693134,Copernicus,Copernicus,2025-12-07 14:00:00 UTC
8179,2026-12-07 18:00:00,12,7,18,19,2010,21.380169,39.691437,Copernicus,Copernicus,2025-12-07 15:00:00 UTC
8180,2026-12-07 19:00:00,12,7,19,20,2010,21.376303,39.689629,Copernicus,Copernicus,2025-12-07 16:00:00 UTC
8181,2026-12-07 20:00:00,12,7,20,21,2010,21.372206,39.687698,Copernicus,Copernicus,2025-12-07 17:00:00 UTC
8182,2026-12-07 21:00:00,12,7,21,22,2010,21.367996,39.685688,Copernicus,Copernicus,2025-12-07 18:00:00 UTC
8183,2026-12-07 22:00:00,12,7,22,23,2010,21.363737,39.683849,Copernicus,Copernicus,2025-12-07 19:00:00 UTC
8184,2026-12-07 23:00:00,12,7,23,24,2010,21.359308,39.682240,Copernicus,Copernicus,2025-12-07 20:00:00 UTC
8185,2026-12-08 00:00:00,12,8,0,1,2010,21.354492,39.680862,Copernicus,Copernicus,2025-12-07 21:00:00 UTC
8186,2026-12-08 01:00:00,12,8,1,2,2010,21.349157,39.679707,Copernicus,Copernicus,2025-12-07 22:00:00 UTC
8187,2026-12-08 02:00:00,12,8,2,3,2010,21.343203,39.678768,Copernicus,Copernicus,2025-12-07 23:00:00 UTC
8188,2026-12-08 03:00:00,12,8,3,4,2010,21.338091,39.680573,Copernicus,Copernicus,2025-12-08 00:00:00 UTC
8189,2026-12-08 04:00:00,12,8,4,5,2010,21.331518,39.679890,Copernicus,Copernicus,2025-12-08 01:00:00 UTC
8190,2026-12-08 05:00:00,12,8,5,6,2010,21.324940,39.679260,Copernicus,Copernicus,2025-12-08 02:00:00 UTC
8191,2026-12-08 06:00:00,12,8,6,7,2010,21.318342,39.678738,Copernicus,Copernicus,2025-12-08 03:00:00 UTC
8192,2026-12-08 07:00:00,12,8,7,8,2010,21.311838,39.678318,Copernicus,Copernicus,2025-12-08 04:00:00 UTC
8193,2026-12-08 08:00:00,12,8,8,9,2010,21.305962,39.678001,Copernicus,Copernicus,2025-12-08 05:00:00 UTC
8194,2026-12-08 09:00:00,12,8,9,10,2010,21.301991,39.677731,Copernicus,Copernicus,2025-12-08 06:00:00 UTC
8195,2026-12-08 10:00:00,12,8,10,11,2010,21.300041,39.677284,Copernicus,Copernicus,2025-12-08 07:00:00 UTC
8196,2026-12-08 11:00:00,12,8,11,12,2010,21.299505,39.676598,Copernicus,Copernicus,2025-12-08 08:00:00 UTC
8197,2026-12-08 12:00:00,12,8,12,13,2010,21.299490,39.675663,Copernicus,Copernicus,2025-12-08 09:00:00 UTC
8198,2026-12-08 13:00:00,12,8,13,14,2010,21.299046,39.674473,Copernicus,Copernicus,2025-12-08 10:00:00 UTC
8199,2026-12-08 14:00:00,12,8,14,15,2010,21.297342,39.673016,Copernicus,Copernicus,2025-12-08 11:00:00 UTC
8200,2026-12-08 15:00:00,12,8,15,16,2010,21.293619,39.671242,Copernicus,Copernicus,2025-12-08 12:00:00 UTC
8201,2026-12-08 16:00:00,12,8,16,17,2010,21.286987,39.668930,Copernicus,Copernicus,2025-12-08 13:00:00 UTC
8202,2026-12-08 17:00:00,12,8,17,18,2010,21.277477,39.666027,Copernicus,Copernicus,2025-12-08 14:00:00 UTC
8203,2026-12-08 18:00:00,12,8,18,19,2010,21.266304,39.662540,Copernicus,Copernicus,2025-12-08 15:00:00 UTC
8204,2026-12-08 19:00:00,12,8,19,20,2010,21.254410,39.658474,Copernicus,Copernicus,2025-12-08 16:00:00 UTC
8205,2026-12-08 20:00:00,12,8,20,21,2010,21.241907,39.653839,Copernicus,Copernicus,2025-12-08 17:00:00 UTC
8206,2026-12-08 21:00:00,12,8,21,22,2010,21.228996,39.648743,Copernicus,Copernicus,2025-12-08 18:00:00 UTC
8207,2026-12-08 22:00:00,12,8,22,23,2010,21.216303,39.643600,Copernicus,Copernicus,2025-12-08 19:00:00 UTC
8208,2026-12-08 23:00:00,12,8,23,24,2010,21.203930,39.638454,Copernicus,Copernicus,2025-12-08 20:00:00 UTC
8209,2026-12-09 00:00:00,12,9,0,1,2010,21.191837,39.633286,Copernicus,Copernicus,2025-12-08 21:00:00 UTC
8210,2026-12-09 01:00:00,12,9,1,2,2010,21.179979,39.628082,Copernicus,Copernicus,2025-12-08 22:00:00 UTC
8211,2026-12-09 02:00:00,12,9,2,3,2010,21.167484,39.622551,Copernicus,Copernicus,2025-12-08 23:00:00 UTC
8212,2026-12-09 03:00:00,12,9,3,4,2010,21.159014,39.621716,Copernicus,Copernicus,2025-12-09 00:00:00 UTC
8213,2026-12-09 04:00:00,12,9,4,5,2010,21.149305,39.617069,Copernicus,Copernicus,2025-12-09 01:00:00 UTC
8214,2026-12-09 05:00:00,12,9,5,6,2010,21.140471,39.613091,Copernicus,Copernicus,2025-12-09 02:00:00 UTC
8215,2026-12-09 06:00:00,12,9,6,7,2010,21.131933,39.609455,Copernicus,Copernicus,2025-12-09 03:00:00 UTC
8216,2026-12-09 07:00:00,12,9,7,8,2010,21.123919,39.606339,Copernicus,Copernicus,2025-12-09 04:00:00 UTC
8217,2026-12-09 08:00:00,12,9,8,9,2010,21.116678,39.603760,Copernicus,Copernicus,2025-12-09 05:00:00 UTC
8218,2026-12-09 09:00:00,12,9,9,10,2010,21.111469,39.601665,Copernicus,Copernicus,2025-12-09 06:00:00 UTC
8219,2026-12-09 10:00:00,12,9,10,11,2010,21.108345,39.599827,Copernicus,Copernicus,2025-12-09 07:00:00 UTC
8220,2026-12-09 11:00:00,12,9,11,12,2010,21.106590,39.598206,Copernicus,Copernicus,2025-12-09 08:00:00 UTC
8221,2026-12-09 12:00:00,12,9,12,13,2010,21.105188,39.596786,Copernicus,Copernicus,2025-12-09 09:00:00 UTC
8222,2026-12-09 13:00:00,12,9,13,14,2010,21.103079,39.595562,Copernicus,Copernicus,2025-12-09 10:00:00 UTC
8223,2026-12-09 14:00:00,12,9,14,15,2010,21.099377,39.594528,Copernicus,Copernicus,2025-12-09 11:00:00 UTC
8224,2026-12-09 15:00:00,12,9,15,16,2010,21.093651,39.593678,Copernicus,Copernicus,2025-12-09 12:00:00 UTC
8225,2026-12-09 16:00:00,12,9,16,17,2010,21.086174,39.592983,Copernicus,Copernicus,2025-12-09 13:00:00 UTC
8226,2026-12-09 17:00:00,12,9,17,18,2010,21.077114,39.592422,Copernicus,Copernicus,2025-12-09 14:00:00 UTC
8227,2026-12-09 18:00:00,12,9,18,19,2010,21.067484,39.591991,Copernicus,Copernicus,2025-12-09 15:00:00 UTC
8228,2026-12-09 19:00:00,12,9,19,20,2010,21.057978,39.591663,Copernicus,Copernicus,2025-12-09 16:00:00 UTC
8229,2026-12-09 20:00:00,12,9,20,21,2010,21.049023,39.591431,Copernicus,Copernicus,2025-12-09 17:00:00 UTC
8230,2026-12-09 21:00:00,12,9,21,22,2010,21.041691,39.591282,Copernicus,Copernicus,2025-12-09 18:00:00 UTC
8231,2026-12-09 22:00:00,12,9,22,23,2010,21.035614,39.591148,Copernicus,Copernicus,2025-12-09 19:00:00 UTC
8232,2026-12-09 23:00:00,12,9,23,24,2010,21.030741,39.591007,Copernicus,Copernicus,2025-12-09 20:00:00 UTC
8233,2026-12-10 00:00:00,12,10,0,1,2010,21.026896,39.590862,Copernicus,Copernicus,2025-12-09 21:00:00 UTC
8234,2026-12-10 01:00:00,12,10,1,2,2010,21.023664,39.590729,Copernicus,Copernicus,2025-12-09 22:00:00 UTC
8235,2026-12-10 02:00:00,12,10,2,3,2010,21.020931,39.590611,Copernicus,Copernicus,2025-12-09 23:00:00 UTC
8236,2026-12-10 03:00:00,12,10,3,4,2010,21.021725,39.595104,Copernicus,Copernicus,2025-12-10 00:00:00 UTC
8237,2026-12-10 04:00:00,12,10,4,5,2010,21.022627,39.595146,Copernicus,Copernicus,2025-12-10 01:00:00 UTC
8238,2026-12-10 05:00:00,12,10,5,6,2010,21.026171,39.595119,Copernicus,Copernicus,2025-12-10 02:00:00 UTC
8239,2026-12-10 06:00:00,12,10,6,7,2010,21.032063,39.595093,Copernicus,Copernicus,2025-12-10 03:00:00 UTC
8240,2026-12-10 07:00:00,12,10,7,8,2010,21.040562,39.595074,Copernicus,Copernicus,2025-12-10 04:00:00 UTC
8241,2026-12-10 08:00:00,12,10,8,9,2010,21.052267,39.595062,Copernicus,Copernicus,2025-12-10 05:00:00 UTC
8242,2026-12-10 09:00:00,12,10,9,10,2010,21.068466,39.595074,Copernicus,Copernicus,2025-12-10 06:00:00 UTC
8243,2026-12-10 10:00:00,12,10,10,11,2010,21.091490,39.595131,Copernicus,Copernicus,2025-12-10 07:00:00 UTC
8244,2026-12-10 11:00:00,12,10,11,12,2010,21.120453,39.595028,Copernicus,Copernicus,2025-12-10 08:00:00 UTC
8245,2026-12-10 12:00:00,12,10,12,13,2010,21.154064,39.594631,Copernicus,Copernicus,2025-12-10 09:00:00 UTC
8246,2026-12-10 13:00:00,12,10,13,14,2010,21.192028,39.594166,Copernicus,Copernicus,2025-12-10 10:00:00 UTC
8247,2026-12-10 14:00:00,12,10,14,15,2010,21.231255,39.593620,Copernicus,Copernicus,2025-12-10 11:00:00 UTC
8248,2026-12-10 15:00:00,12,10,15,16,2010,21.271788,39.592991,Copernicus,Copernicus,2025-12-10 12:00:00 UTC
8249,2026-12-10 16:00:00,12,10,16,17,2010,21.311573,39.592697,Copernicus,Copernicus,2025-12-10 13:00:00 UTC
8250,2026-12-10 17:00:00,12,10,17,18,2010,21.337873,39.593132,Copernicus,Copernicus,2025-12-10 14:00:00 UTC
8251,2026-12-10 18:00:00,12,10,18,19,2010,21.350716,39.592628,Copernicus,Copernicus,2025-12-10 15:00:00 UTC
8252,2026-12-10 19:00:00,12,10,19,20,2010,21.360102,39.592159,Copernicus,Copernicus,2025-12-10 16:00:00 UTC
8253,2026-12-10 20:00:00,12,10,20,21,2010,21.366940,39.591530,Copernicus,Copernicus,2025-12-10 17:00:00 UTC
8254,2026-12-10 21:00:00,12,10,21,22,2010,21.374485,39.590466,Copernicus,Copernicus,2025-12-10 18:00:00 UTC
8255,2026-12-10 22:00:00,12,10,22,23,2010,21.381672,39.589951,Copernicus,Copernicus,2025-12-10 19:00:00 UTC
8256,2026-12-10 23:00:00,12,10,23,24,2010,21.387396,39.589474,Copernicus,Copernicus,2025-12-10 20:00:00 UTC
8257,2026-12-11 00:00:00,12,11,0,1,2010,21.391832,39.589062,Copernicus,Copernicus,2025-12-10 21:00:00 UTC
8258,2026-12-11 01:00:00,12,11,1,2,2010,21.394978,39.588722,Copernicus,Copernicus,2025-12-10 22:00:00 UTC
8259,2026-12-11 02:00:00,12,11,2,3,2010,21.396906,39.588463,Copernicus,Copernicus,2025-12-10 23:00:00 UTC
8260,2026-12-11 03:00:00,12,11,3,4,2010,21.397463,39.588234,Copernicus,Copernicus,2025-12-11 00:00:00 UTC
8261,2026-12-11 04:00:00,12,11,4,5,2010,21.397253,39.587730,Copernicus,Copernicus,2025-12-11 01:00:00 UTC
8262,2026-12-11 05:00:00,12,11,5,6,2010,21.397692,39.587521,Copernicus,Copernicus,2025-12-11 02:00:00 UTC
8263,2026-12-11 06:00:00,12,11,6,7,2010,21.397156,39.587299,Copernicus,Copernicus,2025-12-11 03:00:00 UTC
8264,2026-12-11 07:00:00,12,11,7,8,2010,21.395933,39.587036,Copernicus,Copernicus,2025-12-11 04:00:00 UTC
8265,2026-12-11 08:00:00,12,11,8,9,2010,21.394320,39.586720,Copernicus,Copernicus,2025-12-11 05:00:00 UTC
8266,2026-12-11 09:00:00,12,11,9,10,2010,21.393970,39.586357,Copernicus,Copernicus,2025-12-11 06:00:00 UTC
8267,2026-12-11 10:00:00,12,11,10,11,2010,21.396360,39.585964,Copernicus,Copernicus,2025-12-11 07:00:00 UTC
8268,2026-12-11 11:00:00,12,11,11,12,2010,21.401554,39.585476,Copernicus,Copernicus,2025-12-11 08:00:00 UTC
8269,2026-12-11 12:00:00,12,11,12,13,2010,21.408760,39.585114,Copernicus,Copernicus,2025-12-11 09:00:00 UTC
8270,2026-12-11 13:00:00,12,11,13,14,2010,21.415352,39.584812,Copernicus,Copernicus,2025-12-11 10:00:00 UTC
8271,2026-12-11 14:00:00,12,11,14,15,2010,21.419350,39.584606,Copernicus,Copernicus,2025-12-11 11:00:00 UTC
8272,2026-12-11 15:00:00,12,11,15,16,2010,21.419117,39.584480,Copernicus,Copernicus,2025-12-11 12:00:00 UTC
8273,2026-12-11 16:00:00,12,11,16,17,2010,21.414886,39.584286,Copernicus,Copernicus,2025-12-11 13:00:00 UTC
8274,2026-12-11 17:00:00,12,11,17,18,2010,21.407225,39.584000,Copernicus,Copernicus,2025-12-11 14:00:00 UTC
8275,2026-12-11 18:00:00,12,11,18,19,2010,21.398373,39.583618,Copernicus,Copernicus,2025-12-11 15:00:00 UTC
8276,2026-12-11 19:00:00,12,11,19,20,2010,21.389074,39.583168,Copernicus,Copernicus,2025-12-11 16:00:00 UTC
8277,2026-12-11 20:00:00,12,11,20,21,2010,21.378063,39.582672,Copernicus,Copernicus,2025-12-11 17:00:00 UTC
8278,2026-12-11 21:00:00,12,11,21,22,2010,21.363045,39.581882,Copernicus,Copernicus,2025-12-11 18:00:00 UTC
8279,2026-12-11 22:00:00,12,11,22,23,2010,21.343302,39.580639,Copernicus,Copernicus,2025-12-11 19:00:00 UTC
8280,2026-12-11 23:00:00,12,11,23,24,2010,21.319000,39.578911,Copernicus,Copernicus,2025-12-11 20:00:00 UTC
8281,2026-12-12 00:00:00,12,12,0,1,2010,21.290176,39.576668,Copernicus,Copernicus,2025-12-11 21:00:00 UTC
8282,2026-12-12 01:00:00,12,12,1,2,2010,21.256857,39.573879,Copernicus,Copernicus,2025-12-11 22:00:00 UTC
8283,2026-12-12 02:00:00,12,12,2,3,2010,21.219479,39.570545,Copernicus,Copernicus,2025-12-11 23:00:00 UTC
8284,2026-12-12 03:00:00,12,12,3,4,2010,21.178507,39.566059,Copernicus,Copernicus,2025-12-12 00:00:00 UTC
8285,2026-12-12 04:00:00,12,12,4,5,2010,21.136160,39.561691,Copernicus,Copernicus,2025-12-12 01:00:00 UTC
8286,2026-12-12 05:00:00,12,12,5,6,2010,21.093479,39.556911,Copernicus,Copernicus,2025-12-12 02:00:00 UTC
8287,2026-12-12 06:00:00,12,12,6,7,2010,21.051615,39.551830,Copernicus,Copernicus,2025-12-12 03:00:00 UTC
8288,2026-12-12 07:00:00,12,12,7,8,2010,21.012318,39.546669,Copernicus,Copernicus,2025-12-12 04:00:00 UTC
8289,2026-12-12 08:00:00,12,12,8,9,2010,20.977354,39.541527,Copernicus,Copernicus,2025-12-12 05:00:00 UTC
8290,2026-12-12 09:00:00,12,12,9,10,2010,20.951164,39.536598,Copernicus,Copernicus,2025-12-12 06:00:00 UTC
8291,2026-12-12 10:00:00,12,12,10,11,2010,20.935806,39.531960,Copernicus,Copernicus,2025-12-12 07:00:00 UTC
8292,2026-12-12 11:00:00,12,12,11,12,2010,20.931080,39.527672,Copernicus,Copernicus,2025-12-12 08:00:00 UTC
8293,2026-12-12 12:00:00,12,12,12,13,2010,20.934456,39.523693,Copernicus,Copernicus,2025-12-12 09:00:00 UTC
8294,2026-12-12 13:00:00,12,12,13,14,2010,20.941271,39.520157,Copernicus,Copernicus,2025-12-12 10:00:00 UTC
8295,2026-12-12 14:00:00,12,12,14,15,2010,20.947296,39.516827,Copernicus,Copernicus,2025-12-12 11:00:00 UTC
8296,2026-12-12 15:00:00,12,12,15,16,2010,20.953020,39.514175,Copernicus,Copernicus,2025-12-12 12:00:00 UTC
8297,2026-12-12 16:00:00,12,12,16,17,2010,20.957228,39.512447,Copernicus,Copernicus,2025-12-12 13:00:00 UTC
8298,2026-12-12 17:00:00,12,12,17,18,2010,20.958937,39.510666,Copernicus,Copernicus,2025-12-12 14:00:00 UTC
8299,2026-12-12 18:00:00,12,12,18,19,2010,20.961447,39.509151,Copernicus,Copernicus,2025-12-12 15:00:00 UTC
8300,2026-12-12 19:00:00,12,12,19,20,2010,20.965595,39.507805,Copernicus,Copernicus,2025-12-12 16:00:00 UTC
8301,2026-12-12 20:00:00,12,12,20,21,2010,20.970144,39.506680,Copernicus,Copernicus,2025-12-12 17:00:00 UTC
8302,2026-12-12 21:00:00,12,12,21,22,2010,20.974272,39.505848,Copernicus,Copernicus,2025-12-12 18:00:00 UTC
8303,2026-12-12 22:00:00,12,12,22,23,2010,20.977623,39.505077,Copernicus,Copernicus,2025-12-12 19:00:00 UTC
8304,2026-12-12 23:00:00,12,12,23,24,2010,20.979753,39.504353,Copernicus,Copernicus,2025-12-12 20:00:00 UTC
8305,2026-12-13 00:00:00,12,13,0,1,2010,20.980936,39.503632,Copernicus,Copernicus,2025-12-12 21:00:00 UTC
8306,2026-12-13 01:00:00,12,13,1,2,2010,20.980743,39.502819,Copernicus,Copernicus,2025-12-12 22:00:00 UTC
8307,2026-12-13 02:00:00,12,13,2,3,2010,20.978289,39.501831,Copernicus,Copernicus,2025-12-12 23:00:00 UTC
8308,2026-12-13 03:00:00,12,13,3,4,2010,20.973267,39.499886,Copernicus,Copernicus,2025-12-13 00:00:00 UTC
8309,2026-12-13 04:00:00,12,13,4,5,2010,20.966881,39.498276,Copernicus,Copernicus,2025-12-13 01:00:00 UTC
8310,2026-12-13 05:00:00,12,13,5,6,2010,20.958740,39.496300,Copernicus,Copernicus,2025-12-13 02:00:00 UTC
8311,2026-12-13 06:00:00,12,13,6,7,2010,20.949631,39.493938,Copernicus,Copernicus,2025-12-13 03:00:00 UTC
8312,2026-12-13 07:00:00,12,13,7,8,2010,20.940117,39.491245,Copernicus,Copernicus,2025-12-13 04:00:00 UTC
8313,2026-12-13 08:00:00,12,13,8,9,2010,20.930567,39.488335,Copernicus,Copernicus,2025-12-13 05:00:00 UTC
8314,2026-12-13 09:00:00,12,13,9,10,2010,20.923735,39.485241,Copernicus,Copernicus,2025-12-13 06:00:00 UTC
8315,2026-12-13 10:00:00,12,13,10,11,2010,20.921682,39.481953,Copernicus,Copernicus,2025-12-13 07:00:00 UTC
8316,2026-12-13 11:00:00,12,13,11,12,2010,20.924725,39.478699,Copernicus,Copernicus,2025-12-13 08:00:00 UTC
8317,2026-12-13 12:00:00,12,13,12,13,2010,20.931425,39.475780,Copernicus,Copernicus,2025-12-13 09:00:00 UTC
8318,2026-12-13 13:00:00,12,13,13,14,2010,20.939024,39.473339,Copernicus,Copernicus,2025-12-13 10:00:00 UTC
8319,2026-12-13 14:00:00,12,13,14,15,2010,20.946266,39.471348,Copernicus,Copernicus,2025-12-13 11:00:00 UTC
8320,2026-12-13 15:00:00,12,13,15,16,2010,20.952276,39.469738,Copernicus,Copernicus,2025-12-13 12:00:00 UTC
8321,2026-12-13 16:00:00,12,13,16,17,2010,20.954569,39.468937,Copernicus,Copernicus,2025-12-13 13:00:00 UTC
8322,2026-12-13 17:00:00,12,13,17,18,2010,20.950844,39.468269,Copernicus,Copernicus,2025-12-13 14:00:00 UTC
8323,2026-12-13 18:00:00,12,13,18,19,2010,20.947163,39.467995,Copernicus,Copernicus,2025-12-13 15:00:00 UTC
8324,2026-12-13 19:00:00,12,13,19,20,2010,20.945696,39.468060,Copernicus,Copernicus,2025-12-13 16:00:00 UTC
8325,2026-12-13 20:00:00,12,13,20,21,2010,20.945820,39.468407,Copernicus,Copernicus,2025-12-13 17:00:00 UTC
8326,2026-12-13 21:00:00,12,13,21,22,2010,20.946878,39.468891,Copernicus,Copernicus,2025-12-13 18:00:00 UTC
8327,2026-12-13 22:00:00,12,13,22,23,2010,20.948595,39.469406,Copernicus,Copernicus,2025-12-13 19:00:00 UTC
8328,2026-12-13 23:00:00,12,13,23,24,2010,20.950491,39.469944,Copernicus,Copernicus,2025-12-13 20:00:00 UTC
8329,2026-12-14 00:00:00,12,14,0,1,2010,20.952053,39.470543,Copernicus,Copernicus,2025-12-13 21:00:00 UTC
8330,2026-12-14 01:00:00,12,14,1,2,2010,20.952864,39.471210,Copernicus,Copernicus,2025-12-13 22:00:00 UTC
8331,2026-12-14 02:00:00,12,14,2,3,2010,20.952644,39.471920,Copernicus,Copernicus,2025-12-13 23:00:00 UTC
8332,2026-12-14 03:00:00,12,14,3,4,2010,20.951962,39.471947,Copernicus,Copernicus,2025-12-14 00:00:00 UTC
8333,2026-12-14 04:00:00,12,14,4,5,2010,20.954952,39.472980,Copernicus,Copernicus,2025-12-14 01:00:00 UTC
8334,2026-12-14 05:00:00,12,14,5,6,2010,20.961294,39.474262,Copernicus,Copernicus,2025-12-14 02:00:00 UTC
8335,2026-12-14 06:00:00,12,14,6,7,2010,20.970081,39.475739,Copernicus,Copernicus,2025-12-14 03:00:00 UTC
8336,2026-12-14 07:00:00,12,14,7,8,2010,20.980143,39.477379,Copernicus,Copernicus,2025-12-14 04:00:00 UTC
8337,2026-12-14 08:00:00,12,14,8,9,2010,20.991121,39.479218,Copernicus,Copernicus,2025-12-14 05:00:00 UTC
8338,2026-12-14 09:00:00,12,14,9,10,2010,21.004614,39.481186,Copernicus,Copernicus,2025-12-14 06:00:00 UTC
8339,2026-12-14 10:00:00,12,14,10,11,2010,21.022690,39.483269,Copernicus,Copernicus,2025-12-14 07:00:00 UTC
8340,2026-12-14 11:00:00,12,14,11,12,2010,21.045059,39.485401,Copernicus,Copernicus,2025-12-14 08:00:00 UTC
8341,2026-12-14 12:00:00,12,14,12,13,2010,21.071575,39.487587,Copernicus,Copernicus,2025-12-14 09:00:00 UTC
8342,2026-12-14 13:00:00,12,14,13,14,2010,21.100632,39.489731,Copernicus,Copernicus,2025-12-14 10:00:00 UTC
8343,2026-12-14 14:00:00,12,14,14,15,2010,21.129894,39.492210,Copernicus,Copernicus,2025-12-14 11:00:00 UTC
8344,2026-12-14 15:00:00,12,14,15,16,2010,21.155561,39.494507,Copernicus,Copernicus,2025-12-14 12:00:00 UTC
8345,2026-12-14 16:00:00,12,14,16,17,2010,21.177311,39.496693,Copernicus,Copernicus,2025-12-14 13:00:00 UTC
8346,2026-12-14 17:00:00,12,14,17,18,2010,21.194740,39.498726,Copernicus,Copernicus,2025-12-14 14:00:00 UTC
8347,2026-12-14 18:00:00,12,14,18,19,2010,21.209030,39.500607,Copernicus,Copernicus,2025-12-14 15:00:00 UTC
8348,2026-12-14 19:00:00,12,14,19,20,2010,21.221298,39.502361,Copernicus,Copernicus,2025-12-14 16:00:00 UTC
8349,2026-12-14 20:00:00,12,14,20,21,2010,21.230558,39.504005,Copernicus,Copernicus,2025-12-14 17:00:00 UTC
8350,2026-12-14 21:00:00,12,14,21,22,2010,21.237322,39.505592,Copernicus,Copernicus,2025-12-14 18:00:00 UTC
8351,2026-12-14 22:00:00,12,14,22,23,2010,21.242788,39.507092,Copernicus,Copernicus,2025-12-14 19:00:00 UTC
8352,2026-12-14 23:00:00,12,14,23,24,2010,21.247395,39.508476,Copernicus,Copernicus,2025-12-14 20:00:00 UTC
8353,2026-12-15 00:00:00,12,15,0,1,2010,21.251675,39.509743,Copernicus,Copernicus,2025-12-14 21:00:00 UTC
8354,2026-12-15 01:00:00,12,15,1,2,2010,21.255808,39.510925,Copernicus,Copernicus,2025-12-14 22:00:00 UTC
8355,2026-12-15 02:00:00,12,15,2,3,2010,21.260115,39.512047,Copernicus,Copernicus,2025-12-14 23:00:00 UTC
8356,2026-12-15 03:00:00,12,15,3,4,2010,21.261475,39.508476,Copernicus,Copernicus,2025-12-15 00:00:00 UTC
8357,2026-12-15 04:00:00,12,15,4,5,2010,21.264284,39.509289,Copernicus,Copernicus,2025-12-15 01:00:00 UTC
8358,2026-12-15 05:00:00,12,15,5,6,2010,21.265741,39.510124,Copernicus,Copernicus,2025-12-15 02:00:00 UTC
8359,2026-12-15 06:00:00,12,15,6,7,2010,21.265284,39.510883,Copernicus,Copernicus,2025-12-15 03:00:00 UTC
8360,2026-12-15 07:00:00,12,15,7,8,2010,21.262281,39.511547,Copernicus,Copernicus,2025-12-15 04:00:00 UTC
8361,2026-12-15 08:00:00,12,15,8,9,2010,21.257191,39.512131,Copernicus,Copernicus,2025-12-15 05:00:00 UTC
8362,2026-12-15 09:00:00,12,15,9,10,2010,21.252600,39.512661,Copernicus,Copernicus,2025-12-15 06:00:00 UTC
8363,2026-12-15 10:00:00,12,15,10,11,2010,21.250748,39.513119,Copernicus,Copernicus,2025-12-15 07:00:00 UTC
8364,2026-12-15 11:00:00,12,15,11,12,2010,21.252661,39.513527,Copernicus,Copernicus,2025-12-15 08:00:00 UTC
8365,2026-12-15 12:00:00,12,15,12,13,2010,21.257269,39.513893,Copernicus,Copernicus,2025-12-15 09:00:00 UTC
8366,2026-12-15 13:00:00,12,15,13,14,2010,21.262682,39.514217,Copernicus,Copernicus,2025-12-15 10:00:00 UTC
8367,2026-12-15 14:00:00,12,15,14,15,2010,21.267351,39.514507,Copernicus,Copernicus,2025-12-15 11:00:00 UTC
8368,2026-12-15 15:00:00,12,15,15,16,2010,21.269592,39.514759,Copernicus,Copernicus,2025-12-15 12:00:00 UTC
8369,2026-12-15 16:00:00,12,15,16,17,2010,21.265621,39.514992,Copernicus,Copernicus,2025-12-15 13:00:00 UTC
8370,2026-12-15 17:00:00,12,15,17,18,2010,21.256573,39.515202,Copernicus,Copernicus,2025-12-15 14:00:00 UTC
8371,2026-12-15 18:00:00,12,15,18,19,2010,21.244949,39.515400,Copernicus,Copernicus,2025-12-15 15:00:00 UTC
8372,2026-12-15 19:00:00,12,15,19,20,2010,21.232430,39.515598,Copernicus,Copernicus,2025-12-15 16:00:00 UTC
8373,2026-12-15 20:00:00,12,15,20,21,2010,21.219164,39.515797,Copernicus,Copernicus,2025-12-15 17:00:00 UTC
8374,2026-12-15 21:00:00,12,15,21,22,2010,21.205359,39.516010,Copernicus,Copernicus,2025-12-15 18:00:00 UTC
8375,2026-12-15 22:00:00,12,15,22,23,2010,21.191277,39.516251,Copernicus,Copernicus,2025-12-15 19:00:00 UTC
8376,2026-12-15 23:00:00,12,15,23,24,2010,21.177057,39.516521,Copernicus,Copernicus,2025-12-15 20:00:00 UTC
8377,2026-12-16 00:00:00,12,16,0,1,2010,21.162874,39.516842,Copernicus,Copernicus,2025-12-15 21:00:00 UTC
8378,2026-12-16 01:00:00,12,16,1,2,2010,21.148899,39.517208,Copernicus,Copernicus,2025-12-15 22:00:00 UTC
8379,2026-12-16 02:00:00,12,16,2,3,2010,21.135036,39.517620,Copernicus,Copernicus,2025-12-15 23:00:00 UTC
8380,2026-12-16 03:00:00,12,16,3,4,2010,21.120443,39.516464,Copernicus,Copernicus,2025-12-16 00:00:00 UTC
8381,2026-12-16 04:00:00,12,16,4,5,2010,21.107283,39.516869,Copernicus,Copernicus,2025-12-16 01:00:00 UTC
8382,2026-12-16 05:00:00,12,16,5,6,2010,21.094807,39.517296,Copernicus,Copernicus,2025-12-16 02:00:00 UTC
8383,2026-12-16 06:00:00,12,16,6,7,2010,21.082878,39.517708,Copernicus,Copernicus,2025-12-16 03:00:00 UTC
8384,2026-12-16 07:00:00,12,16,7,8,2010,21.071337,39.518108,Copernicus,Copernicus,2025-12-16 04:00:00 UTC
8385,2026-12-16 08:00:00,12,16,8,9,2010,21.060719,39.518490,Copernicus,Copernicus,2025-12-16 05:00:00 UTC
8386,2026-12-16 09:00:00,12,16,9,10,2010,21.053928,39.518848,Copernicus,Copernicus,2025-12-16 06:00:00 UTC
8387,2026-12-16 10:00:00,12,16,10,11,2010,21.051395,39.519176,Copernicus,Copernicus,2025-12-16 07:00:00 UTC
8388,2026-12-16 11:00:00,12,16,11,12,2010,21.052044,39.519466,Copernicus,Copernicus,2025-12-16 08:00:00 UTC
8389,2026-12-16 12:00:00,12,16,12,13,2010,21.053972,39.519733,Copernicus,Copernicus,2025-12-16 09:00:00 UTC
8390,2026-12-16 13:00:00,12,16,13,14,2010,21.055372,39.519993,Copernicus,Copernicus,2025-12-16 10:00:00 UTC
8391,2026-12-16 14:00:00,12,16,14,15,2010,21.054951,39.520245,Copernicus,Copernicus,2025-12-16 11:00:00 UTC
8392,2026-12-16 15:00:00,12,16,15,16,2010,21.052126,39.520504,Copernicus,Copernicus,2025-12-16 12:00:00 UTC
8393,2026-12-16 16:00:00,12,16,16,17,2010,21.046755,39.520771,Copernicus,Copernicus,2025-12-16 13:00:00 UTC
8394,2026-12-16 17:00:00,12,16,17,18,2010,21.038340,39.521046,Copernicus,Copernicus,2025-12-16 14:00:00 UTC
8395,2026-12-16 18:00:00,12,16,18,19,2010,21.028093,39.521343,Copernicus,Copernicus,2025-12-16 15:00:00 UTC
8396,2026-12-16 19:00:00,12,16,19,20,2010,21.017069,39.521667,Copernicus,Copernicus,2025-12-16 16:00:00 UTC
8397,2026-12-16 20:00:00,12,16,20,21,2010,21.005131,39.522041,Copernicus,Copernicus,2025-12-16 17:00:00 UTC
8398,2026-12-16 21:00:00,12,16,21,22,2010,20.992401,39.522465,Copernicus,Copernicus,2025-12-16 18:00:00 UTC
8399,2026-12-16 22:00:00,12,16,22,23,2010,20.979515,39.522930,Copernicus,Copernicus,2025-12-16 19:00:00 UTC
8400,2026-12-16 23:00:00,12,16,23,24,2010,20.966887,39.523430,Copernicus,Copernicus,2025-12-16 20:00:00 UTC
8401,2026-12-17 00:00:00,12,17,0,1,2010,20.954895,39.523975,Copernicus,Copernicus,2025-12-16 21:00:00 UTC
8402,2026-12-17 01:00:00,12,17,1,2,2010,20.943752,39.524567,Copernicus,Copernicus,2025-12-16 22:00:00 UTC
8403,2026-12-17 02:00:00,12,17,2,3,2010,20.934120,39.525208,Copernicus,Copernicus,2025-12-16 23:00:00 UTC
8404,2026-12-17 03:00:00,12,17,3,4,2010,20.927197,39.527542,Copernicus,Copernicus,2025-12-17 00:00:00 UTC
8405,2026-12-17 04:00:00,12,17,4,5,2010,20.922325,39.528294,Copernicus,Copernicus,2025-12-17 01:00:00 UTC
8406,2026-12-17 05:00:00,12,17,5,6,2010,20.920288,39.529015,Copernicus,Copernicus,2025-12-17 02:00:00 UTC
8407,2026-12-17 06:00:00,12,17,6,7,2010,20.920153,39.529713,Copernicus,Copernicus,2025-12-17 03:00:00 UTC
8408,2026-12-17 07:00:00,12,17,7,8,2010,20.921501,39.530384,Copernicus,Copernicus,2025-12-17 04:00:00 UTC
8409,2026-12-17 08:00:00,12,17,8,9,2010,20.923693,39.531021,Copernicus,Copernicus,2025-12-17 05:00:00 UTC
8410,2026-12-17 09:00:00,12,17,9,10,2010,20.928850,39.531628,Copernicus,Copernicus,2025-12-17 06:00:00 UTC
8411,2026-12-17 10:00:00,12,17,10,11,2010,20.938673,39.532177,Copernicus,Copernicus,2025-12-17 07:00:00 UTC
8412,2026-12-17 11:00:00,12,17,11,12,2010,20.953037,39.532677,Copernicus,Copernicus,2025-12-17 08:00:00 UTC
8413,2026-12-17 12:00:00,12,17,12,13,2010,20.971653,39.533081,Copernicus,Copernicus,2025-12-17 09:00:00 UTC
8414,2026-12-17 13:00:00,12,17,13,14,2010,20.991903,39.533432,Copernicus,Copernicus,2025-12-17 10:00:00 UTC
8415,2026-12-17 14:00:00,12,17,14,15,2010,21.012089,39.533978,Copernicus,Copernicus,2025-12-17 11:00:00 UTC
8416,2026-12-17 15:00:00,12,17,15,16,2010,21.029839,39.534386,Copernicus,Copernicus,2025-12-17 12:00:00 UTC
8417,2026-12-17 16:00:00,12,17,16,17,2010,21.045012,39.534756,Copernicus,Copernicus,2025-12-17 13:00:00 UTC
8418,2026-12-17 17:00:00,12,17,17,18,2010,21.057312,39.535103,Copernicus,Copernicus,2025-12-17 14:00:00 UTC
8419,2026-12-17 18:00:00,12,17,18,19,2010,21.068785,39.535465,Copernicus,Copernicus,2025-12-17 15:00:00 UTC
8420,2026-12-17 19:00:00,12,17,19,20,2010,21.080780,39.535851,Copernicus,Copernicus,2025-12-17 16:00:00 UTC
8421,2026-12-17 20:00:00,12,17,20,21,2010,21.092474,39.536251,Copernicus,Copernicus,2025-12-17 17:00:00 UTC
8422,2026-12-17 21:00:00,12,17,21,22,2010,21.103302,39.536678,Copernicus,Copernicus,2025-12-17 18:00:00 UTC
8423,2026-12-17 22:00:00,12,17,22,23,2010,21.113264,39.537094,Copernicus,Copernicus,2025-12-17 19:00:00 UTC
8424,2026-12-17 23:00:00,12,17,23,24,2010,21.122665,39.537498,Copernicus,Copernicus,2025-12-17 20:00:00 UTC
8425,2026-12-18 00:00:00,12,18,0,1,2010,21.131689,39.537891,Copernicus,Copernicus,2025-12-17 21:00:00 UTC
8426,2026-12-18 01:00:00,12,18,1,2,2010,21.140436,39.538280,Copernicus,Copernicus,2025-12-17 22:00:00 UTC
8427,2026-12-18 02:00:00,12,18,2,3,2010,21.149767,39.538670,Copernicus,Copernicus,2025-12-17 23:00:00 UTC
8428,2026-12-18 03:00:00,12,18,3,4,2010,21.161499,39.541630,Copernicus,Copernicus,2025-12-18 00:00:00 UTC
8429,2026-12-18 04:00:00,12,18,4,5,2010,21.173222,39.542141,Copernicus,Copernicus,2025-12-18 01:00:00 UTC
8430,2026-12-18 05:00:00,12,18,5,6,2010,21.186508,39.542587,Copernicus,Copernicus,2025-12-18 02:00:00 UTC
8431,2026-12-18 06:00:00,12,18,6,7,2010,21.200651,39.542999,Copernicus,Copernicus,2025-12-18 03:00:00 UTC
8432,2026-12-18 07:00:00,12,18,7,8,2010,21.215103,39.543373,Copernicus,Copernicus,2025-12-18 04:00:00 UTC
8433,2026-12-18 08:00:00,12,18,8,9,2010,21.230057,39.543716,Copernicus,Copernicus,2025-12-18 05:00:00 UTC
8434,2026-12-18 09:00:00,12,18,9,10,2010,21.247845,39.544025,Copernicus,Copernicus,2025-12-18 06:00:00 UTC
8435,2026-12-18 10:00:00,12,18,10,11,2010,21.270269,39.544277,Copernicus,Copernicus,2025-12-18 07:00:00 UTC
8436,2026-12-18 11:00:00,12,18,11,12,2010,21.296423,39.544476,Copernicus,Copernicus,2025-12-18 08:00:00 UTC
8437,2026-12-18 12:00:00,12,18,12,13,2010,21.324333,39.544537,Copernicus,Copernicus,2025-12-18 09:00:00 UTC
8438,2026-12-18 13:00:00,12,18,13,14,2010,21.351910,39.544498,Copernicus,Copernicus,2025-12-18 10:00:00 UTC
8439,2026-12-18 14:00:00,12,18,14,15,2010,21.379293,39.544834,Copernicus,Copernicus,2025-12-18 11:00:00 UTC
8440,2026-12-18 15:00:00,12,18,15,16,2010,21.402533,39.544983,Copernicus,Copernicus,2025-12-18 12:00:00 UTC
8441,2026-12-18 16:00:00,12,18,16,17,2010,21.421604,39.545052,Copernicus,Copernicus,2025-12-18 13:00:00 UTC
8442,2026-12-18 17:00:00,12,18,17,18,2010,21.436823,39.545074,Copernicus,Copernicus,2025-12-18 14:00:00 UTC
8443,2026-12-18 18:00:00,12,18,18,19,2010,21.450062,39.545071,Copernicus,Copernicus,2025-12-18 15:00:00 UTC
8444,2026-12-18 19:00:00,12,18,19,20,2010,21.462872,39.545052,Copernicus,Copernicus,2025-12-18 16:00:00 UTC
8445,2026-12-18 20:00:00,12,18,20,21,2010,21.474550,39.545036,Copernicus,Copernicus,2025-12-18 17:00:00 UTC
8446,2026-12-18 21:00:00,12,18,21,22,2010,21.484762,39.545029,Copernicus,Copernicus,2025-12-18 18:00:00 UTC
8447,2026-12-18 22:00:00,12,18,22,23,2010,21.493214,39.545036,Copernicus,Copernicus,2025-12-18 19:00:00 UTC
8448,2026-12-18 23:00:00,12,18,23,24,2010,21.499441,39.545067,Copernicus,Copernicus,2025-12-18 20:00:00 UTC
8449,2026-12-19 00:00:00,12,19,0,1,2010,21.503859,39.545120,Copernicus,Copernicus,2025-12-18 21:00:00 UTC
8450,2026-12-19 01:00:00,12,19,1,2,2010,21.506657,39.545193,Copernicus,Copernicus,2025-12-18 22:00:00 UTC
8451,2026-12-19 02:00:00,12,19,2,3,2010,21.508068,39.545292,Copernicus,Copernicus,2025-12-18 23:00:00 UTC
8452,2026-12-19 03:00:00,12,19,3,4,2010,21.509880,39.548367,Copernicus,Copernicus,2025-12-19 00:00:00 UTC
8453,2026-12-19 04:00:00,12,19,4,5,2010,21.509470,39.548588,Copernicus,Copernicus,2025-12-19 01:00:00 UTC
8454,2026-12-19 05:00:00,12,19,5,6,2010,21.508745,39.548744,Copernicus,Copernicus,2025-12-19 02:00:00 UTC
8455,2026-12-19 06:00:00,12,19,6,7,2010,21.507656,39.548893,Copernicus,Copernicus,2025-12-19 03:00:00 UTC
8456,2026-12-19 07:00:00,12,19,7,8,2010,21.506107,39.549034,Copernicus,Copernicus,2025-12-19 04:00:00 UTC
8457,2026-12-19 08:00:00,12,19,8,9,2010,21.504835,39.549168,Copernicus,Copernicus,2025-12-19 05:00:00 UTC
8458,2026-12-19 09:00:00,12,19,9,10,2010,21.507145,39.549305,Copernicus,Copernicus,2025-12-19 06:00:00 UTC
8459,2026-12-19 10:00:00,12,19,10,11,2010,21.514835,39.549408,Copernicus,Copernicus,2025-12-19 07:00:00 UTC
8460,2026-12-19 11:00:00,12,19,11,12,2010,21.527128,39.549480,Copernicus,Copernicus,2025-12-19 08:00:00 UTC
8461,2026-12-19 12:00:00,12,19,12,13,2010,21.542423,39.549538,Copernicus,Copernicus,2025-12-19 09:00:00 UTC
8462,2026-12-19 13:00:00,12,19,13,14,2010,21.558424,39.549595,Copernicus,Copernicus,2025-12-19 10:00:00 UTC
8463,2026-12-19 14:00:00,12,19,14,15,2010,21.573278,39.549656,Copernicus,Copernicus,2025-12-19 11:00:00 UTC
8464,2026-12-19 15:00:00,12,19,15,16,2010,21.585190,39.549713,Copernicus,Copernicus,2025-12-19 12:00:00 UTC
8465,2026-12-19 16:00:00,12,19,16,17,2010,21.593454,39.549725,Copernicus,Copernicus,2025-12-19 13:00:00 UTC
8466,2026-12-19 17:00:00,12,19,17,18,2010,21.598030,39.549698,Copernicus,Copernicus,2025-12-19 14:00:00 UTC
8467,2026-12-19 18:00:00,12,19,18,19,2010,21.600964,39.549660,Copernicus,Copernicus,2025-12-19 15:00:00 UTC
8468,2026-12-19 19:00:00,12,19,19,20,2010,21.603245,39.549637,Copernicus,Copernicus,2025-12-19 16:00:00 UTC
8469,2026-12-19 20:00:00,12,19,20,21,2010,21.604349,39.549660,Copernicus,Copernicus,2025-12-19 17:00:00 UTC
8470,2026-12-19 21:00:00,12,19,21,22,2010,21.603895,39.549732,Copernicus,Copernicus,2025-12-19 18:00:00 UTC
8471,2026-12-19 22:00:00,12,19,22,23,2010,21.602261,39.549828,Copernicus,Copernicus,2025-12-19 19:00:00 UTC
8472,2026-12-19 23:00:00,12,19,23,24,2010,21.599554,39.549942,Copernicus,Copernicus,2025-12-19 20:00:00 UTC
8473,2026-12-20 00:00:00,12,20,0,1,2010,21.595739,39.550079,Copernicus,Copernicus,2025-12-19 21:00:00 UTC
8474,2026-12-20 01:00:00,12,20,1,2,2010,21.591152,39.550220,Copernicus,Copernicus,2025-12-19 22:00:00 UTC
8475,2026-12-20 02:00:00,12,20,2,3,2010,21.586151,39.550358,Copernicus,Copernicus,2025-12-19 23:00:00 UTC
8476,2026-12-20 03:00:00,12,20,3,4,2010,21.582455,39.553288,Copernicus,Copernicus,2025-12-20 00:00:00 UTC
8477,2026-12-20 04:00:00,12,20,4,5,2010,21.577320,39.553482,Copernicus,Copernicus,2025-12-20 01:00:00 UTC
8478,2026-12-20 05:00:00,12,20,5,6,2010,21.572388,39.553619,Copernicus,Copernicus,2025-12-20 02:00:00 UTC
8479,2026-12-20 06:00:00,12,20,6,7,2010,21.567974,39.553734,Copernicus,Copernicus,2025-12-20 03:00:00 UTC
8480,2026-12-20 07:00:00,12,20,7,8,2010,21.564140,39.553829,Copernicus,Copernicus,2025-12-20 04:00:00 UTC
8481,2026-12-20 08:00:00,12,20,8,9,2010,21.561235,39.553909,Copernicus,Copernicus,2025-12-20 05:00:00 UTC
8482,2026-12-20 09:00:00,12,20,9,10,2010,21.561592,39.553982,Copernicus,Copernicus,2025-12-20 06:00:00 UTC
8483,2026-12-20 10:00:00,12,20,10,11,2010,21.566214,39.554039,Copernicus,Copernicus,2025-12-20 07:00:00 UTC
8484,2026-12-20 11:00:00,12,20,11,12,2010,21.573851,39.554081,Copernicus,Copernicus,2025-12-20 08:00:00 UTC
8485,2026-12-20 12:00:00,12,20,12,13,2010,21.582695,39.554119,Copernicus,Copernicus,2025-12-20 09:00:00 UTC
8486,2026-12-20 13:00:00,12,20,13,14,2010,21.591228,39.554157,Copernicus,Copernicus,2025-12-20 10:00:00 UTC
8487,2026-12-20 14:00:00,12,20,14,15,2010,21.598511,39.554199,Copernicus,Copernicus,2025-12-20 11:00:00 UTC
8488,2026-12-20 15:00:00,12,20,15,16,2010,21.604031,39.554234,Copernicus,Copernicus,2025-12-20 12:00:00 UTC
8489,2026-12-20 16:00:00,12,20,16,17,2010,21.607693,39.554245,Copernicus,Copernicus,2025-12-20 13:00:00 UTC
8490,2026-12-20 17:00:00,12,20,17,18,2010,21.609098,39.554237,Copernicus,Copernicus,2025-12-20 14:00:00 UTC
8491,2026-12-20 18:00:00,12,20,18,19,2010,21.609369,39.554226,Copernicus,Copernicus,2025-12-20 15:00:00 UTC
8492,2026-12-20 19:00:00,12,20,19,20,2010,21.609194,39.554211,Copernicus,Copernicus,2025-12-20 16:00:00 UTC
8493,2026-12-20 20:00:00,12,20,20,21,2010,21.607981,39.554222,Copernicus,Copernicus,2025-12-20 17:00:00 UTC
8494,2026-12-20 21:00:00,12,20,21,22,2010,21.605459,39.554264,Copernicus,Copernicus,2025-12-20 18:00:00 UTC
8495,2026-12-20 22:00:00,12,20,22,23,2010,21.602118,39.554333,Copernicus,Copernicus,2025-12-20 19:00:00 UTC
8496,2026-12-20 23:00:00,12,20,23,24,2010,21.598160,39.554413,Copernicus,Copernicus,2025-12-20 20:00:00 UTC
8497,2026-12-21 00:00:00,12,21,0,1,2010,21.593451,39.554520,Copernicus,Copernicus,2025-12-20 21:00:00 UTC
8498,2026-12-21 01:00:00,12,21,1,2,2010,21.588034,39.554649,Copernicus,Copernicus,2025-12-20 22:00:00 UTC
8499,2026-12-21 02:00:00,12,21,2,3,2010,21.582169,39.554794,Copernicus,Copernicus,2025-12-20 23:00:00 UTC
8500,2026-12-21 03:00:00,12,21,3,4,2010,21.577423,39.557590,Copernicus,Copernicus,2025-12-21 00:00:00 UTC
8501,2026-12-21 04:00:00,12,21,4,5,2010,21.570711,39.557835,Copernicus,Copernicus,2025-12-21 01:00:00 UTC
8502,2026-12-21 05:00:00,12,21,5,6,2010,21.563425,39.558067,Copernicus,Copernicus,2025-12-21 02:00:00 UTC
8503,2026-12-21 06:00:00,12,21,6,7,2010,21.555513,39.558331,Copernicus,Copernicus,2025-12-21 03:00:00 UTC
8504,2026-12-21 07:00:00,12,21,7,8,2010,21.546993,39.558628,Copernicus,Copernicus,2025-12-21 04:00:00 UTC
8505,2026-12-21 08:00:00,12,21,8,9,2010,21.538052,39.558968,Copernicus,Copernicus,2025-12-21 05:00:00 UTC
8506,2026-12-21 09:00:00,12,21,9,10,2010,21.529980,39.559361,Copernicus,Copernicus,2025-12-21 06:00:00 UTC
8507,2026-12-21 10:00:00,12,21,10,11,2010,21.523430,39.559799,Copernicus,Copernicus,2025-12-21 07:00:00 UTC
8508,2026-12-21 11:00:00,12,21,11,12,2010,21.517605,39.560310,Copernicus,Copernicus,2025-12-21 08:00:00 UTC
8509,2026-12-21 12:00:00,12,21,12,13,2010,21.511707,39.560890,Copernicus,Copernicus,2025-12-21 09:00:00 UTC
8510,2026-12-21 13:00:00,12,21,13,14,2010,21.504534,39.561569,Copernicus,Copernicus,2025-12-21 10:00:00 UTC
8511,2026-12-21 14:00:00,12,21,14,15,2010,21.495897,39.562313,Copernicus,Copernicus,2025-12-21 11:00:00 UTC
8512,2026-12-21 15:00:00,12,21,15,16,2010,21.485437,39.563099,Copernicus,Copernicus,2025-12-21 12:00:00 UTC
8513,2026-12-21 16:00:00,12,21,16,17,2010,21.472589,39.563904,Copernicus,Copernicus,2025-12-21 13:00:00 UTC
8514,2026-12-21 17:00:00,12,21,17,18,2010,21.456608,39.564716,Copernicus,Copernicus,2025-12-21 14:00:00 UTC
8515,2026-12-21 18:00:00,12,21,18,19,2010,21.437597,39.565533,Copernicus,Copernicus,2025-12-21 15:00:00 UTC
8516,2026-12-21 19:00:00,12,21,19,20,2010,21.416018,39.566349,Copernicus,Copernicus,2025-12-21 16:00:00 UTC
8517,2026-12-21 20:00:00,12,21,20,21,2010,21.391817,39.567150,Copernicus,Copernicus,2025-12-21 17:00:00 UTC
8518,2026-12-21 21:00:00,12,21,21,22,2010,21.365023,39.567928,Copernicus,Copernicus,2025-12-21 18:00:00 UTC
8519,2026-12-21 22:00:00,12,21,22,23,2010,21.335491,39.568684,Copernicus,Copernicus,2025-12-21 19:00:00 UTC
8520,2026-12-21 23:00:00,12,21,23,24,2010,21.303164,39.569420,Copernicus,Copernicus,2025-12-21 20:00:00 UTC
8521,2026-12-22 00:00:00,12,22,0,1,2010,21.267962,39.570122,Copernicus,Copernicus,2025-12-21 21:00:00 UTC
8522,2026-12-22 01:00:00,12,22,1,2,2010,21.228561,39.570797,Copernicus,Copernicus,2025-12-21 22:00:00 UTC
8523,2026-12-22 02:00:00,12,22,2,3,2010,21.185301,39.571445,Copernicus,Copernicus,2025-12-21 23:00:00 UTC
8524,2026-12-22 03:00:00,12,22,3,4,2010,21.141308,39.574123,Copernicus,Copernicus,2025-12-22 00:00:00 UTC
8525,2026-12-22 04:00:00,12,22,4,5,2010,21.096869,39.574757,Copernicus,Copernicus,2025-12-22 01:00:00 UTC
8526,2026-12-22 05:00:00,12,22,5,6,2010,21.053629,39.575352,Copernicus,Copernicus,2025-12-22 02:00:00 UTC
8527,2026-12-22 06:00:00,12,22,6,7,2010,21.011848,39.575947,Copernicus,Copernicus,2025-12-22 03:00:00 UTC
8528,2026-12-22 07:00:00,12,22,7,8,2010,20.971588,39.576542,Copernicus,Copernicus,2025-12-22 04:00:00 UTC
8529,2026-12-22 08:00:00,12,22,8,9,2010,20.933159,39.577133,Copernicus,Copernicus,2025-12-22 05:00:00 UTC
8530,2026-12-22 09:00:00,12,22,9,10,2010,20.897842,39.577694,Copernicus,Copernicus,2025-12-22 06:00:00 UTC
8531,2026-12-22 10:00:00,12,22,10,11,2010,20.866270,39.578197,Copernicus,Copernicus,2025-12-22 07:00:00 UTC
8532,2026-12-22 11:00:00,12,22,11,12,2010,20.837749,39.578640,Copernicus,Copernicus,2025-12-22 08:00:00 UTC
8533,2026-12-22 12:00:00,12,22,12,13,2010,20.811172,39.579025,Copernicus,Copernicus,2025-12-22 09:00:00 UTC
8534,2026-12-22 13:00:00,12,22,13,14,2010,20.785547,39.579342,Copernicus,Copernicus,2025-12-22 10:00:00 UTC
8535,2026-12-22 14:00:00,12,22,14,15,2010,20.760035,39.579586,Copernicus,Copernicus,2025-12-22 11:00:00 UTC
8536,2026-12-22 15:00:00,12,22,15,16,2010,20.734280,39.579758,Copernicus,Copernicus,2025-12-22 12:00:00 UTC
8537,2026-12-22 16:00:00,12,22,16,17,2010,20.707701,39.579857,Copernicus,Copernicus,2025-12-22 13:00:00 UTC
8538,2026-12-22 17:00:00,12,22,17,18,2010,20.680357,39.579891,Copernicus,Copernicus,2025-12-22 14:00:00 UTC
8539,2026-12-22 18:00:00,12,22,18,19,2010,20.653749,39.579865,Copernicus,Copernicus,2025-12-22 15:00:00 UTC
8540,2026-12-22 19:00:00,12,22,19,20,2010,20.629061,39.579777,Copernicus,Copernicus,2025-12-22 16:00:00 UTC
8541,2026-12-22 20:00:00,12,22,20,21,2010,20.606483,39.579620,Copernicus,Copernicus,2025-12-22 17:00:00 UTC
8542,2026-12-22 21:00:00,12,22,21,22,2010,20.586229,39.579403,Copernicus,Copernicus,2025-12-22 18:00:00 UTC
8543,2026-12-22 22:00:00,12,22,22,23,2010,20.568604,39.579117,Copernicus,Copernicus,2025-12-22 19:00:00 UTC
8544,2026-12-22 23:00:00,12,22,23,24,2010,20.553247,39.578766,Copernicus,Copernicus,2025-12-22 20:00:00 UTC
8545,2026-12-23 00:00:00,12,23,0,1,2010,20.538355,39.578342,Copernicus,Copernicus,2025-12-22 21:00:00 UTC
8546,2026-12-23 01:00:00,12,23,1,2,2010,20.523624,39.577847,Copernicus,Copernicus,2025-12-22 22:00:00 UTC
8547,2026-12-23 02:00:00,12,23,2,3,2010,20.509081,39.577290,Copernicus,Copernicus,2025-12-22 23:00:00 UTC
8548,2026-12-23 03:00:00,12,23,3,4,2010,20.496088,39.579308,Copernicus,Copernicus,2025-12-23 00:00:00 UTC
8549,2026-12-23 04:00:00,12,23,4,5,2010,20.481894,39.578686,Copernicus,Copernicus,2025-12-23 01:00:00 UTC
8550,2026-12-23 05:00:00,12,23,5,6,2010,20.469490,39.578007,Copernicus,Copernicus,2025-12-23 02:00:00 UTC
8551,2026-12-23 06:00:00,12,23,6,7,2010,20.460501,39.577301,Copernicus,Copernicus,2025-12-23 03:00:00 UTC
8552,2026-12-23 07:00:00,12,23,7,8,2010,20.455101,39.576569,Copernicus,Copernicus,2025-12-23 04:00:00 UTC
8553,2026-12-23 08:00:00,12,23,8,9,2010,20.453852,39.575790,Copernicus,Copernicus,2025-12-23 05:00:00 UTC
8554,2026-12-23 09:00:00,12,23,9,10,2010,20.458286,39.574966,Copernicus,Copernicus,2025-12-23 06:00:00 UTC
8555,2026-12-23 10:00:00,12,23,10,11,2010,20.469574,39.574074,Copernicus,Copernicus,2025-12-23 07:00:00 UTC
8556,2026-12-23 11:00:00,12,23,11,12,2010,20.487307,39.573116,Copernicus,Copernicus,2025-12-23 08:00:00 UTC
8557,2026-12-23 12:00:00,12,23,12,13,2010,20.510046,39.572117,Copernicus,Copernicus,2025-12-23 09:00:00 UTC
8558,2026-12-23 13:00:00,12,23,13,14,2010,20.535965,39.571098,Copernicus,Copernicus,2025-12-23 10:00:00 UTC
8559,2026-12-23 14:00:00,12,23,14,15,2010,20.563328,39.570087,Copernicus,Copernicus,2025-12-23 11:00:00 UTC
8560,2026-12-23 15:00:00,12,23,15,16,2010,20.590401,39.569099,Copernicus,Copernicus,2025-12-23 12:00:00 UTC
8561,2026-12-23 16:00:00,12,23,16,17,2010,20.615618,39.568153,Copernicus,Copernicus,2025-12-23 13:00:00 UTC
8562,2026-12-23 17:00:00,12,23,17,18,2010,20.638355,39.567276,Copernicus,Copernicus,2025-12-23 14:00:00 UTC
8563,2026-12-23 18:00:00,12,23,18,19,2010,20.659603,39.566479,Copernicus,Copernicus,2025-12-23 15:00:00 UTC
8564,2026-12-23 19:00:00,12,23,19,20,2010,20.679985,39.565777,Copernicus,Copernicus,2025-12-23 16:00:00 UTC
8565,2026-12-23 20:00:00,12,23,20,21,2010,20.699545,39.565159,Copernicus,Copernicus,2025-12-23 17:00:00 UTC
8566,2026-12-23 21:00:00,12,23,21,22,2010,20.718184,39.564610,Copernicus,Copernicus,2025-12-23 18:00:00 UTC
8567,2026-12-23 22:00:00,12,23,22,23,2010,20.735313,39.564125,Copernicus,Copernicus,2025-12-23 19:00:00 UTC
8568,2026-12-23 23:00:00,12,23,23,24,2010,20.751036,39.563694,Copernicus,Copernicus,2025-12-23 20:00:00 UTC
8569,2026-12-24 00:00:00,12,24,0,1,2010,20.765507,39.563309,Copernicus,Copernicus,2025-12-23 21:00:00 UTC
8570,2026-12-24 01:00:00,12,24,1,2,2010,20.778868,39.562962,Copernicus,Copernicus,2025-12-23 22:00:00 UTC
8571,2026-12-24 02:00:00,12,24,2,3,2010,20.791042,39.562653,Copernicus,Copernicus,2025-12-23 23:00:00 UTC
8572,2026-12-24 03:00:00,12,24,3,4,2010,20.803793,39.565895,Copernicus,Copernicus,2025-12-24 00:00:00 UTC
8573,2026-12-24 04:00:00,12,24,4,5,2010,20.813391,39.565662,Copernicus,Copernicus,2025-12-24 01:00:00 UTC
8574,2026-12-24 05:00:00,12,24,5,6,2010,20.821665,39.565418,Copernicus,Copernicus,2025-12-24 02:00:00 UTC
8575,2026-12-24 06:00:00,12,24,6,7,2010,20.828739,39.565212,Copernicus,Copernicus,2025-12-24 03:00:00 UTC
8576,2026-12-24 07:00:00,12,24,7,8,2010,20.834766,39.565029,Copernicus,Copernicus,2025-12-24 04:00:00 UTC
8577,2026-12-24 08:00:00,12,24,8,9,2010,20.840914,39.564861,Copernicus,Copernicus,2025-12-24 05:00:00 UTC
8578,2026-12-24 09:00:00,12,24,9,10,2010,20.850695,39.564693,Copernicus,Copernicus,2025-12-24 06:00:00 UTC
8579,2026-12-24 10:00:00,12,24,10,11,2010,20.865997,39.564503,Copernicus,Copernicus,2025-12-24 07:00:00 UTC
8580,2026-12-24 11:00:00,12,24,11,12,2010,20.885941,39.564289,Copernicus,Copernicus,2025-12-24 08:00:00 UTC
8581,2026-12-24 12:00:00,12,24,12,13,2010,20.908684,39.564049,Copernicus,Copernicus,2025-12-24 09:00:00 UTC
8582,2026-12-24 13:00:00,12,24,13,14,2010,20.931299,39.563564,Copernicus,Copernicus,2025-12-24 10:00:00 UTC
8583,2026-12-24 14:00:00,12,24,14,15,2010,20.953484,39.563301,Copernicus,Copernicus,2025-12-24 11:00:00 UTC
8584,2026-12-24 15:00:00,12,24,15,16,2010,20.972208,39.563473,Copernicus,Copernicus,2025-12-24 12:00:00 UTC
8585,2026-12-24 16:00:00,12,24,16,17,2010,20.984854,39.563000,Copernicus,Copernicus,2025-12-24 13:00:00 UTC
8586,2026-12-24 17:00:00,12,24,17,18,2010,20.993425,39.562706,Copernicus,Copernicus,2025-12-24 14:00:00 UTC
8587,2026-12-24 18:00:00,12,24,18,19,2010,20.999598,39.562431,Copernicus,Copernicus,2025-12-24 15:00:00 UTC
8588,2026-12-24 19:00:00,12,24,19,20,2010,21.004921,39.562187,Copernicus,Copernicus,2025-12-24 16:00:00 UTC
8589,2026-12-24 20:00:00,12,24,20,21,2010,21.009432,39.561977,Copernicus,Copernicus,2025-12-24 17:00:00 UTC
8590,2026-12-24 21:00:00,12,24,21,22,2010,21.013182,39.561802,Copernicus,Copernicus,2025-12-24 18:00:00 UTC
8591,2026-12-24 22:00:00,12,24,22,23,2010,21.016701,39.561626,Copernicus,Copernicus,2025-12-24 19:00:00 UTC
8592,2026-12-24 23:00:00,12,24,23,24,2010,21.020037,39.561455,Copernicus,Copernicus,2025-12-24 20:00:00 UTC
8593,2026-12-25 00:00:00,12,25,0,1,2010,21.023262,39.561283,Copernicus,Copernicus,2025-12-24 21:00:00 UTC
8594,2026-12-25 01:00:00,12,25,1,2,2010,21.026352,39.561108,Copernicus,Copernicus,2025-12-24 22:00:00 UTC
8595,2026-12-25 02:00:00,12,25,2,3,2010,21.029196,39.560932,Copernicus,Copernicus,2025-12-24 23:00:00 UTC
8596,2026-12-25 03:00:00,12,25,3,4,2010,21.032131,39.561687,Copernicus,Copernicus,2025-12-25 00:00:00 UTC
8597,2026-12-25 04:00:00,12,25,4,5,2010,21.034058,39.561535,Copernicus,Copernicus,2025-12-25 01:00:00 UTC
8598,2026-12-25 05:00:00,12,25,5,6,2010,21.035479,39.561371,Copernicus,Copernicus,2025-12-25 02:00:00 UTC
8599,2026-12-25 06:00:00,12,25,6,7,2010,21.036337,39.561218,Copernicus,Copernicus,2025-12-25 03:00:00 UTC
8600,2026-12-25 07:00:00,12,25,7,8,2010,21.036524,39.561073,Copernicus,Copernicus,2025-12-25 04:00:00 UTC
8601,2026-12-25 08:00:00,12,25,8,9,2010,21.036518,39.560947,Copernicus,Copernicus,2025-12-25 05:00:00 UTC
8602,2026-12-25 09:00:00,12,25,9,10,2010,21.038502,39.560825,Copernicus,Copernicus,2025-12-25 06:00:00 UTC
8603,2026-12-25 10:00:00,12,25,10,11,2010,21.043692,39.560703,Copernicus,Copernicus,2025-12-25 07:00:00 UTC
8604,2026-12-25 11:00:00,12,25,11,12,2010,21.051544,39.560570,Copernicus,Copernicus,2025-12-25 08:00:00 UTC
8605,2026-12-25 12:00:00,12,25,12,13,2010,21.060972,39.560417,Copernicus,Copernicus,2025-12-25 09:00:00 UTC
8606,2026-12-25 13:00:00,12,25,13,14,2010,21.070787,39.560249,Copernicus,Copernicus,2025-12-25 10:00:00 UTC
8607,2026-12-25 14:00:00,12,25,14,15,2010,21.079748,39.560070,Copernicus,Copernicus,2025-12-25 11:00:00 UTC
8608,2026-12-25 15:00:00,12,25,15,16,2010,21.086937,39.559891,Copernicus,Copernicus,2025-12-25 12:00:00 UTC
8609,2026-12-25 16:00:00,12,25,16,17,2010,21.092300,39.559677,Copernicus,Copernicus,2025-12-25 13:00:00 UTC
8610,2026-12-25 17:00:00,12,25,17,18,2010,21.095552,39.559444,Copernicus,Copernicus,2025-12-25 14:00:00 UTC
8611,2026-12-25 18:00:00,12,25,18,19,2010,21.097311,39.559238,Copernicus,Copernicus,2025-12-25 15:00:00 UTC
8612,2026-12-25 19:00:00,12,25,19,20,2010,21.098301,39.559063,Copernicus,Copernicus,2025-12-25 16:00:00 UTC
8613,2026-12-25 20:00:00,12,25,20,21,2010,21.098381,39.558926,Copernicus,Copernicus,2025-12-25 17:00:00 UTC
8614,2026-12-25 21:00:00,12,25,21,22,2010,21.097389,39.558830,Copernicus,Copernicus,2025-12-25 18:00:00 UTC
8615,2026-12-25 22:00:00,12,25,22,23,2010,21.095583,39.558739,Copernicus,Copernicus,2025-12-25 19:00:00 UTC
8616,2026-12-25 23:00:00,12,25,23,24,2010,21.093147,39.558640,Copernicus,Copernicus,2025-12-25 20:00:00 UTC
8617,2026-12-26 00:00:00,12,26,0,1,2010,21.090193,39.558529,Copernicus,Copernicus,2025-12-25 21:00:00 UTC
8618,2026-12-26 01:00:00,12,26,1,2,2010,21.086910,39.558399,Copernicus,Copernicus,2025-12-25 22:00:00 UTC
8619,2026-12-26 02:00:00,12,26,2,3,2010,21.083370,39.558254,Copernicus,Copernicus,2025-12-25 23:00:00 UTC
8620,2026-12-26 03:00:00,12,26,3,4,2010,21.079935,39.558567,Copernicus,Copernicus,2025-12-26 00:00:00 UTC
8621,2026-12-26 04:00:00,12,26,4,5,2010,21.076172,39.558392,Copernicus,Copernicus,2025-12-26 01:00:00 UTC
8622,2026-12-26 05:00:00,12,26,5,6,2010,21.072264,39.558205,Copernicus,Copernicus,2025-12-26 02:00:00 UTC
8623,2026-12-26 06:00:00,12,26,6,7,2010,21.068144,39.558018,Copernicus,Copernicus,2025-12-26 03:00:00 UTC
8624,2026-12-26 07:00:00,12,26,7,8,2010,21.063671,39.557835,Copernicus,Copernicus,2025-12-26 04:00:00 UTC
8625,2026-12-26 08:00:00,12,26,8,9,2010,21.059334,39.557663,Copernicus,Copernicus,2025-12-26 05:00:00 UTC
8626,2026-12-26 09:00:00,12,26,9,10,2010,21.057758,39.557510,Copernicus,Copernicus,2025-12-26 06:00:00 UTC
8627,2026-12-26 10:00:00,12,26,10,11,2010,21.060987,39.557346,Copernicus,Copernicus,2025-12-26 07:00:00 UTC
8628,2026-12-26 11:00:00,12,26,11,12,2010,21.069807,39.557178,Copernicus,Copernicus,2025-12-26 08:00:00 UTC
8629,2026-12-26 12:00:00,12,26,12,13,2010,21.081974,39.556984,Copernicus,Copernicus,2025-12-26 09:00:00 UTC
8630,2026-12-26 13:00:00,12,26,13,14,2010,21.094456,39.556675,Copernicus,Copernicus,2025-12-26 10:00:00 UTC
8631,2026-12-26 14:00:00,12,26,14,15,2010,21.105925,39.556351,Copernicus,Copernicus,2025-12-26 11:00:00 UTC
8632,2026-12-26 15:00:00,12,26,15,16,2010,21.115728,39.556332,Copernicus,Copernicus,2025-12-26 12:00:00 UTC
8633,2026-12-26 16:00:00,12,26,16,17,2010,21.119583,39.556084,Copernicus,Copernicus,2025-12-26 13:00:00 UTC
8634,2026-12-26 17:00:00,12,26,17,18,2010,21.118141,39.555710,Copernicus,Copernicus,2025-12-26 14:00:00 UTC
8635,2026-12-26 18:00:00,12,26,18,19,2010,21.114275,39.555264,Copernicus,Copernicus,2025-12-26 15:00:00 UTC
8636,2026-12-26 19:00:00,12,26,19,20,2010,21.109884,39.554745,Copernicus,Copernicus,2025-12-26 16:00:00 UTC
8637,2026-12-26 20:00:00,12,26,20,21,2010,21.105047,39.554161,Copernicus,Copernicus,2025-12-26 17:00:00 UTC
8638,2026-12-26 21:00:00,12,26,21,22,2010,21.099796,39.553528,Copernicus,Copernicus,2025-12-26 18:00:00 UTC
8639,2026-12-26 22:00:00,12,26,22,23,2010,21.094389,39.552940,Copernicus,Copernicus,2025-12-26 19:00:00 UTC
8640,2026-12-26 23:00:00,12,26,23,24,2010,21.088980,39.552418,Copernicus,Copernicus,2025-12-26 20:00:00 UTC
8641,2026-12-27 00:00:00,12,27,0,1,2010,21.083555,39.551964,Copernicus,Copernicus,2025-12-26 21:00:00 UTC
8642,2026-12-27 01:00:00,12,27,1,2,2010,21.078133,39.551571,Copernicus,Copernicus,2025-12-26 22:00:00 UTC
8643,2026-12-27 02:00:00,12,27,2,3,2010,21.072670,39.551231,Copernicus,Copernicus,2025-12-26 23:00:00 UTC
8644,2026-12-27 03:00:00,12,27,3,4,2010,21.066362,39.549789,Copernicus,Copernicus,2025-12-27 00:00:00 UTC
8645,2026-12-27 04:00:00,12,27,4,5,2010,21.059986,39.549515,Copernicus,Copernicus,2025-12-27 01:00:00 UTC
8646,2026-12-27 05:00:00,12,27,5,6,2010,21.052738,39.549290,Copernicus,Copernicus,2025-12-27 02:00:00 UTC
8647,2026-12-27 06:00:00,12,27,6,7,2010,21.044596,39.549103,Copernicus,Copernicus,2025-12-27 03:00:00 UTC
8648,2026-12-27 07:00:00,12,27,7,8,2010,21.035597,39.548965,Copernicus,Copernicus,2025-12-27 04:00:00 UTC
8649,2026-12-27 08:00:00,12,27,8,9,2010,21.026442,39.548882,Copernicus,Copernicus,2025-12-27 05:00:00 UTC
8650,2026-12-27 09:00:00,12,27,9,10,2010,21.020620,39.548843,Copernicus,Copernicus,2025-12-27 06:00:00 UTC
8651,2026-12-27 10:00:00,12,27,10,11,2010,21.020607,39.548771,Copernicus,Copernicus,2025-12-27 07:00:00 UTC
8652,2026-12-27 11:00:00,12,27,11,12,2010,21.025715,39.548656,Copernicus,Copernicus,2025-12-27 08:00:00 UTC
8653,2026-12-27 12:00:00,12,27,12,13,2010,21.033922,39.548508,Copernicus,Copernicus,2025-12-27 09:00:00 UTC
8654,2026-12-27 13:00:00,12,27,13,14,2010,21.042873,39.548347,Copernicus,Copernicus,2025-12-27 10:00:00 UTC
8655,2026-12-27 14:00:00,12,27,14,15,2010,21.050205,39.548180,Copernicus,Copernicus,2025-12-27 11:00:00 UTC
8656,2026-12-27 15:00:00,12,27,15,16,2010,21.054033,39.547989,Copernicus,Copernicus,2025-12-27 12:00:00 UTC
8657,2026-12-27 16:00:00,12,27,16,17,2010,21.053970,39.547718,Copernicus,Copernicus,2025-12-27 13:00:00 UTC
8658,2026-12-27 17:00:00,12,27,17,18,2010,21.049835,39.547382,Copernicus,Copernicus,2025-12-27 14:00:00 UTC
8659,2026-12-27 18:00:00,12,27,18,19,2010,21.043470,39.547031,Copernicus,Copernicus,2025-12-27 15:00:00 UTC
8660,2026-12-27 19:00:00,12,27,19,20,2010,21.035940,39.546719,Copernicus,Copernicus,2025-12-27 16:00:00 UTC
8661,2026-12-27 20:00:00,12,27,20,21,2010,21.026325,39.546494,Copernicus,Copernicus,2025-12-27 17:00:00 UTC
8662,2026-12-27 21:00:00,12,27,21,22,2010,21.014313,39.546387,Copernicus,Copernicus,2025-12-27 18:00:00 UTC
8663,2026-12-27 22:00:00,12,27,22,23,2010,21.001343,39.546371,Copernicus,Copernicus,2025-12-27 19:00:00 UTC
8664,2026-12-27 23:00:00,12,27,23,24,2010,20.987942,39.546432,Copernicus,Copernicus,2025-12-27 20:00:00 UTC
8665,2026-12-28 00:00:00,12,28,0,1,2010,20.974133,39.546558,Copernicus,Copernicus,2025-12-27 21:00:00 UTC
8666,2026-12-28 01:00:00,12,28,1,2,2010,20.959940,39.546745,Copernicus,Copernicus,2025-12-27 22:00:00 UTC
8667,2026-12-28 02:00:00,12,28,2,3,2010,20.945272,39.546989,Copernicus,Copernicus,2025-12-27 23:00:00 UTC
8668,2026-12-28 03:00:00,12,28,3,4,2010,20.929602,39.546135,Copernicus,Copernicus,2025-12-28 00:00:00 UTC
8669,2026-12-28 04:00:00,12,28,4,5,2010,20.914356,39.546402,Copernicus,Copernicus,2025-12-28 01:00:00 UTC
8670,2026-12-28 05:00:00,12,28,5,6,2010,20.899080,39.546680,Copernicus,Copernicus,2025-12-28 02:00:00 UTC
8671,2026-12-28 06:00:00,12,28,6,7,2010,20.883814,39.546955,Copernicus,Copernicus,2025-12-28 03:00:00 UTC
8672,2026-12-28 07:00:00,12,28,7,8,2010,20.868414,39.547241,Copernicus,Copernicus,2025-12-28 04:00:00 UTC
8673,2026-12-28 08:00:00,12,28,8,9,2010,20.853571,39.547539,Copernicus,Copernicus,2025-12-28 05:00:00 UTC
8674,2026-12-28 09:00:00,12,28,9,10,2010,20.842012,39.547836,Copernicus,Copernicus,2025-12-28 06:00:00 UTC
8675,2026-12-28 10:00:00,12,28,10,11,2010,20.836451,39.548065,Copernicus,Copernicus,2025-12-28 07:00:00 UTC
8676,2026-12-28 11:00:00,12,28,11,12,2010,20.835548,39.548256,Copernicus,Copernicus,2025-12-28 08:00:00 UTC
8677,2026-12-28 12:00:00,12,28,12,13,2010,20.836761,39.548462,Copernicus,Copernicus,2025-12-28 09:00:00 UTC
8678,2026-12-28 13:00:00,12,28,13,14,2010,20.837162,39.548744,Copernicus,Copernicus,2025-12-28 10:00:00 UTC
8679,2026-12-28 14:00:00,12,28,14,15,2010,20.834074,39.549156,Copernicus,Copernicus,2025-12-28 11:00:00 UTC
8680,2026-12-28 15:00:00,12,28,15,16,2010,20.826550,39.549660,Copernicus,Copernicus,2025-12-28 12:00:00 UTC
8681,2026-12-28 16:00:00,12,28,16,17,2010,20.816698,39.550091,Copernicus,Copernicus,2025-12-28 13:00:00 UTC
8682,2026-12-28 17:00:00,12,28,17,18,2010,20.804638,39.550438,Copernicus,Copernicus,2025-12-28 14:00:00 UTC
8683,2026-12-28 18:00:00,12,28,18,19,2010,20.791405,39.550743,Copernicus,Copernicus,2025-12-28 15:00:00 UTC
8684,2026-12-28 19:00:00,12,28,19,20,2010,20.777472,39.551071,Copernicus,Copernicus,2025-12-28 16:00:00 UTC
8685,2026-12-28 20:00:00,12,28,20,21,2010,20.761950,39.551460,Copernicus,Copernicus,2025-12-28 17:00:00 UTC
8686,2026-12-28 21:00:00,12,28,21,22,2010,20.744890,39.551907,Copernicus,Copernicus,2025-12-28 18:00:00 UTC
8687,2026-12-28 22:00:00,12,28,22,23,2010,20.728094,39.552338,Copernicus,Copernicus,2025-12-28 19:00:00 UTC
8688,2026-12-28 23:00:00,12,28,23,24,2010,20.712053,39.552731,Copernicus,Copernicus,2025-12-28 20:00:00 UTC
8689,2026-12-29 00:00:00,12,29,0,1,2010,20.696815,39.553085,Copernicus,Copernicus,2025-12-28 21:00:00 UTC
8690,2026-12-29 01:00:00,12,29,1,2,2010,20.682156,39.553413,Copernicus,Copernicus,2025-12-28 22:00:00 UTC
8691,2026-12-29 02:00:00,12,29,2,3,2010,20.668068,39.553711,Copernicus,Copernicus,2025-12-28 23:00:00 UTC
8692,2026-12-29 03:00:00,12,29,3,4,2010,20.652874,39.551228,Copernicus,Copernicus,2025-12-29 00:00:00 UTC
8693,2026-12-29 04:00:00,12,29,4,5,2010,20.638210,39.551521,Copernicus,Copernicus,2025-12-29 01:00:00 UTC
8694,2026-12-29 05:00:00,12,29,5,6,2010,20.622192,39.551918,Copernicus,Copernicus,2025-12-29 02:00:00 UTC
8695,2026-12-29 06:00:00,12,29,6,7,2010,20.604719,39.552380,Copernicus,Copernicus,2025-12-29 03:00:00 UTC
8696,2026-12-29 07:00:00,12,29,7,8,2010,20.585938,39.552902,Copernicus,Copernicus,2025-12-29 04:00:00 UTC
8697,2026-12-29 08:00:00,12,29,8,9,2010,20.567587,39.553448,Copernicus,Copernicus,2025-12-29 05:00:00 UTC
8698,2026-12-29 09:00:00,12,29,9,10,2010,20.553858,39.553967,Copernicus,Copernicus,2025-12-29 06:00:00 UTC
8699,2026-12-29 10:00:00,12,29,10,11,2010,20.549541,39.554298,Copernicus,Copernicus,2025-12-29 07:00:00 UTC
8700,2026-12-29 11:00:00,12,29,11,12,2010,20.553482,39.554451,Copernicus,Copernicus,2025-12-29 08:00:00 UTC
8701,2026-12-29 12:00:00,12,29,12,13,2010,20.561043,39.554554,Copernicus,Copernicus,2025-12-29 09:00:00 UTC
8702,2026-12-29 13:00:00,12,29,13,14,2010,20.566843,39.554771,Copernicus,Copernicus,2025-12-29 10:00:00 UTC
8703,2026-12-29 14:00:00,12,29,14,15,2010,20.566559,39.555210,Copernicus,Copernicus,2025-12-29 11:00:00 UTC
8704,2026-12-29 15:00:00,12,29,15,16,2010,20.558964,39.555840,Copernicus,Copernicus,2025-12-29 12:00:00 UTC
8705,2026-12-29 16:00:00,12,29,16,17,2010,20.547455,39.556400,Copernicus,Copernicus,2025-12-29 13:00:00 UTC
8706,2026-12-29 17:00:00,12,29,17,18,2010,20.533691,39.556812,Copernicus,Copernicus,2025-12-29 14:00:00 UTC
8707,2026-12-29 18:00:00,12,29,18,19,2010,20.519892,39.557102,Copernicus,Copernicus,2025-12-29 15:00:00 UTC
8708,2026-12-29 19:00:00,12,29,19,20,2010,20.507292,39.557320,Copernicus,Copernicus,2025-12-29 16:00:00 UTC
8709,2026-12-29 20:00:00,12,29,20,21,2010,20.494318,39.557541,Copernicus,Copernicus,2025-12-29 17:00:00 UTC
8710,2026-12-29 21:00:00,12,29,21,22,2010,20.480204,39.557812,Copernicus,Copernicus,2025-12-29 18:00:00 UTC
8711,2026-12-29 22:00:00,12,29,22,23,2010,20.465864,39.558083,Copernicus,Copernicus,2025-12-29 19:00:00 UTC
8712,2026-12-29 23:00:00,12,29,23,24,2010,20.451517,39.558353,Copernicus,Copernicus,2025-12-29 20:00:00 UTC
8713,2026-12-30 00:00:00,12,30,0,1,2010,20.437565,39.558594,Copernicus,Copernicus,2025-12-29 21:00:00 UTC
8714,2026-12-30 01:00:00,12,30,1,2,2010,20.423826,39.558815,Copernicus,Copernicus,2025-12-29 22:00:00 UTC
8715,2026-12-30 02:00:00,12,30,2,3,2010,20.410372,39.559010,Copernicus,Copernicus,2025-12-29 23:00:00 UTC
8716,2026-12-30 03:00:00,12,30,3,4,2010,20.396849,39.558750,Copernicus,Copernicus,2025-12-30 00:00:00 UTC
8717,2026-12-30 04:00:00,12,30,4,5,2010,20.383051,39.558918,Copernicus,Copernicus,2025-12-30 01:00:00 UTC
8718,2026-12-30 05:00:00,12,30,5,6,2010,20.368425,39.559120,Copernicus,Copernicus,2025-12-30 02:00:00 UTC
8719,2026-12-30 06:00:00,12,30,6,7,2010,20.352917,39.559349,Copernicus,Copernicus,2025-12-30 03:00:00 UTC
8720,2026-12-30 07:00:00,12,30,7,8,2010,20.336227,39.559628,Copernicus,Copernicus,2025-12-30 04:00:00 UTC
8721,2026-12-30 08:00:00,12,30,8,9,2010,20.319130,39.559963,Copernicus,Copernicus,2025-12-30 05:00:00 UTC
8722,2026-12-30 09:00:00,12,30,9,10,2010,20.305323,39.560329,Copernicus,Copernicus,2025-12-30 06:00:00 UTC
8723,2026-12-30 10:00:00,12,30,10,11,2010,20.297863,39.560661,Copernicus,Copernicus,2025-12-30 07:00:00 UTC
8724,2026-12-30 11:00:00,12,30,11,12,2010,20.294964,39.560921,Copernicus,Copernicus,2025-12-30 08:00:00 UTC
8725,2026-12-30 12:00:00,12,30,12,13,2010,20.294626,39.561104,Copernicus,Copernicus,2025-12-30 09:00:00 UTC
8726,2026-12-30 13:00:00,12,30,13,14,2010,20.295427,39.561207,Copernicus,Copernicus,2025-12-30 10:00:00 UTC
8727,2026-12-30 14:00:00,12,30,14,15,2010,20.295979,39.561226,Copernicus,Copernicus,2025-12-30 11:00:00 UTC
8728,2026-12-30 15:00:00,12,30,15,16,2010,20.295128,39.561192,Copernicus,Copernicus,2025-12-30 12:00:00 UTC
8729,2026-12-30 16:00:00,12,30,16,17,2010,20.292200,39.561127,Copernicus,Copernicus,2025-12-30 13:00:00 UTC
8730,2026-12-30 17:00:00,12,30,17,18,2010,20.286764,39.561062,Copernicus,Copernicus,2025-12-30 14:00:00 UTC
8731,2026-12-30 18:00:00,12,30,18,19,2010,20.279421,39.561043,Copernicus,Copernicus,2025-12-30 15:00:00 UTC
8732,2026-12-30 19:00:00,12,30,19,20,2010,20.271067,39.561066,Copernicus,Copernicus,2025-12-30 16:00:00 UTC
8733,2026-12-30 20:00:00,12,30,20,21,2010,20.261419,39.561150,Copernicus,Copernicus,2025-12-30 17:00:00 UTC
8734,2026-12-30 21:00:00,12,30,21,22,2010,20.250452,39.561298,Copernicus,Copernicus,2025-12-30 18:00:00 UTC
8735,2026-12-30 22:00:00,12,30,22,23,2010,20.238766,39.561470,Copernicus,Copernicus,2025-12-30 19:00:00 UTC
8736,2026-12-30 23:00:00,12,30,23,24,2010,20.226557,39.561657,Copernicus,Copernicus,2025-12-30 20:00:00 UTC
8737,2026-12-31 00:00:00,12,31,0,1,2010,20.214167,39.561840,Copernicus,Copernicus,2025-12-30 21:00:00 UTC
8738,2026-12-31 01:00:00,12,31,1,2,2010,20.202143,39.562000,Copernicus,Copernicus,2025-12-30 22:00:00 UTC
8739,2026-12-31 02:00:00,12,31,2,3,2010,20.190760,39.562122,Copernicus,Copernicus,2025-12-30 23:00:00 UTC
8740,2026-12-31 03:00:00,12,31,3,4,2010,20.180334,39.562126,Copernicus,Copernicus,2025-12-31 00:00:00 UTC
8741,2026-12-31 04:00:00,12,31,4,5,2010,20.170681,39.561817,Copernicus,Copernicus,2025-12-31 01:00:00 UTC
8742,2026-12-31 05:00:00,12,31,5,6,2010,20.161448,39.561142,Copernicus,Copernicus,2025-12-31 02:00:00 UTC
8743,2026-12-31 06:00:00,12,31,6,7,2010,20.152241,39.560120,Copernicus,Copernicus,2025-12-31 03:00:00 UTC
8744,2026-12-31 07:00:00,12,31,7,8,2010,20.142483,39.558788,Copernicus,Copernicus,2025-12-31 04:00:00 UTC
8745,2026-12-31 08:00:00,12,31,8,9,2010,20.131653,39.557182,Copernicus,Copernicus,2025-12-31 05:00:00 UTC
8746,2026-12-31 09:00:00,12,31,9,10,2010,20.121256,39.555386,Copernicus,Copernicus,2025-12-31 06:00:00 UTC
8747,2026-12-31 10:00:00,12,31,10,11,2010,20.112408,39.553741,Copernicus,Copernicus,2025-12-31 07:00:00 UTC
8748,2026-12-31 11:00:00,12,31,11,12,2010,20.104727,39.552349,Copernicus,Copernicus,2025-12-31 08:00:00 UTC
8749,2026-12-31 12:00:00,12,31,12,13,2010,20.097704,39.551178,Copernicus,Copernicus,2025-12-31 09:00:00 UTC
8750,2026-12-31 13:00:00,12,31,13,14,2010,20.089912,39.550236,Copernicus,Copernicus,2025-12-31 10:00:00 UTC
8751,2026-12-31 14:00:00,12,31,14,15,2010,20.080933,39.549500,Copernicus,Copernicus,2025-12-31 11:00:00 UTC
8752,2026-12-31 15:00:00,12,31,15,16,2010,20.069838,39.548954,Copernicus,Copernicus,2025-12-31 12:00:00 UTC
8753,2026-12-31 16:00:00,12,31,16,17,2010,20.056021,39.548553,Copernicus,Copernicus,2025-12-31 13:00:00 UTC
8754,2026-12-31 17:00:00,12,31,17,18,2010,20.039286,39.548286,Copernicus,Copernicus,2025-12-31 14:00:00 UTC
8755,2026-12-31 18:00:00,12,31,18,19,2010,20.020632,39.548168,Copernicus,Copernicus,2025-12-31 15:00:00 UTC
8756,2026-12-31 19:00:00,12,31,19,20,2010,20.000652,39.548225,Copernicus,Copernicus,2025-12-31 16:00:00 UTC
8757,2026-12-31 20:00:00,12,31,20,21,2010,19.979549,39.548443,Copernicus,Copernicus,2025-12-31 17:00:00 UTC
8758,2026-12-31 21:00:00,12,31,21,22,2010,19.957287,39.548813,Copernicus,Copernicus,2025-12-31 18:00:00 UTC
8759,2026-12-31 22:00:00,12,31,22,23,2010,19.934832,39.549225,Copernicus,Copernicus,2025-12-31 19:00:00 UTC
8760,2026-12-31 23:00:00,12,31,23,24,2010,19.912319,39.549652,Copernicus,Copernicus,2025-12-31 20:00:00 UTC
